package	total
10x_bamtofastq	7646
2pg_cartesian	11422
3d-dna	3480
3seq	10434
a-liner	339
a3partitioner	919
a5-miseq	8499
aacon	1432
aakomp	481
aardvark	12554
aastk	309
abacas	5679
abacat	3271
abacus-str	161
abawaca	11588
abeona	90721
abismal	21130
abnumber	209216
abpoa	80389
abra2	21789
abricate	159690
abritamr	35430
abromics_galaxy_json_extractor	23040
abruijn	5980
absense	1019
abundancebin	229579
abyss	681308
abyss-k128	14975
ac	5763
ac-diamond	8269
accusnv	2963
acdc	1833
acedrg	15292
aci	3424
acidbase	89
acidgenomes	2225
acidplyr	88
acinetoscope	784
acms	1701
actc	7336
acvirus	45
adam	65265
adapt	17075
adapterremoval	196307
adapterremovalfixprefix	16945
adas	1355
addeam	533
addrg	24410
admixtools	32093
admixture	30160
adpred	19168
adtoolbox	61
advntr	71912
aegean	5517
aenum	18328
aeon	4564
afp	79
afpdb	3243
afplot	9122
afquery	4559
afragmenter	1388
afterqc	14637
afwdist	1119
agat	98843
agc	19088
age-metasv	19615
agfusion	30171
agg	13856
agora	96
agouti	7050
agpcorrect	68
agrvate	11101
agsyn	30
agtools	1733
airr	30637
akgwas	102
akt	22424
albatradis	42547
alcor	9272
alder	7996
ale	12368
ale-core	4246
alen	4225
alerax	353
aletsch	20920
alevin-fry	79127
alfa	3683
alfred	187745
aliceasm	5935
alientrimmer	640
align_it	22075
align_trim	2211
aligncov	1692
alignlib-lite	55381
alignment	3337
alignoth	98075
alignparse	91
alignstats	40415
aliview	3523
allegro	16762
allelecodes	179
alleleflux	325
allhic	2379
allo	5160
alloshp	1637
alnstats	450
alpaqa-bio	120
alphabase	4004
alphafetcher	169
alphafill	1389
alphagenome	3113
alpharaw	516
alphatims	400
altair-mf	2789
altamisa	67948
altex-be	1187
alv	14838
amalgkit	2379
amap	6032
amaranth-assembler	1506
amas	10126
ambidose	6912
amdirt	14586
amiga	3009
aminoextract	6231
amira	2342
amos	15282
ampcombi	17635
ampd-up	523
amplici	1612
ampliclip	87
amplicon_coverage_plot	15131
ampliconclassifier	7873
ampliconsplitter	685
ampliconsuite	22707
amplicontyper	2850
amplify	15964
ampligone	16544
amplirust	1419
amplisim	2521
amptk	59680
amrfior	810
amulet	57
amulety	2346
amused	6959
anadama2	8667
ananse	38235
anansescanpy	19922
anansnake	1888
anarci	372874
ancestry_hmm	3460
ancestry_hmm-s	5880
anchorwave	19454
andi	24157
anglerfish	11744
angsd	55801
aniclustermap	12071
anise_basil	18045
annapotater	719
anndata	100565
anndata2ri	62642
annembed	16193
annevo	67
annonars	97683
annorefine	2886
annoreport	313
annosine2	10046
annostat	76
annotsv	20265
annotwg	2050
anospp-analysis	4194
ansible	9789
ant	16472
antarna	6060
antismash	73098
antismash-lite	12327
anvio	84670
anvio-minimal	47841
any2fasta	115080
aodp	6510
aoptk	1105
aplanat	60144
apoc	8322
apollo	44324
appspam	13020
aprfinder	8873
apscale	8203
apt-probeset-summarize	7568
aptardi	3147
apu-label-propagation	2416
apybiomart	135
aquamis	20517
aquila	3375
aquila_stlfr	22329
aquila_sv	3076
aquila_umap	3392
aquilasv	12397
arachne	2255
aragorn	232022
arb-bio	13528
arb-bio-devel	10052
arb-bio-tools	72842
arborator	3642
arboreto	17364
arborist	147
arcade	1107
arcane	371
arcas-hla	26185
archer	3240
architeuthis	6031
arcs	40147
arcsv	1767
arem	7212
argh	25422
argnorm	4496
argo	6253
argparse	33344
argparse-tui	168
argparse2tool	3083
args_oap	11405
argutils	10606
aria2	549794
ariba	121173
array-as-vcf	8861
arriba	160323
arsc	37
art	153659
art_modern	23747
art_modern-openmpi	12072
artemis	36028
artex	616
artic	51662
artic-porechop	27838
artic-tools	56047
arvados-cli	5107
arvados-cwl-runner	193891
arvados-python-client	234620
ascat	29517
asciigenome	71399
asgal	2760
ashlar	7664
ashleys-qc	7142
askocli	44434
asn2gb	8122
aspera-cli	13281
asqcan	12204
assaycode	131
assemblerflow	19319
assembly-scan	23859
assembly-stats	40718
assembly_finder	20936
assembly_uploader	614
assemblycomparator2	16685
assemblytics	9037
assemblyutility	11220
astalavista	21435
aster	41830
astral-tree	6808
atac	20503
atactk	12839
ataqv	54771
athena_meta	10246
atlas	14662
atlas-data-import	21772
atlas-fastq-provider	16843
atlas-gene-annotation-manipulation	11097
atlas-metadata-validator	24159
atol-annotation-report	77
atol-bpa-datamapper	8938
atol-data-broker	964
atol-genome-launcher	7795
atol-qc-annotation	619
atol-qc-raw-ont	1366
atol-qc-raw-pacbio	413
atol-qc-raw-shortread	1203
atol-reference-data-lookups	2295
atropos	143178
attotree	8254
augur	325099
augustus	692867
auriclass	6733
auspice	159032
authentict	5093
autobarcoder	122
autobigs-cli	3904
autobigs-engine	2287
autocycler	11113
autodock	10145
autodock-vina	48309
autogenes	3117
autogrid	17400
autolog	10398
automappa	3223
autometa	19961
aviary	30235
avro	9768
avro-cwl	13179
avro-python2	31406
avro-python3	71180
awscli	34177
axe-demultiplexer	710
axiome	7173
azure-cli	9482
b2b-utils	6820
b2btools	20870
ba3	3368
babappalign	2408
bacgwasim	6705
back_to_sequences	354
backports.csv	11110
backports.unittest_mock	16477
backspinpy	8486
bacon-nanopore	12
bacpage	2837
bacphlip	4638
bacprune	784
bactopia	263666
bactopia-assembler	9325
bactopia-gather	12357
bactopia-py	27836
bactopia-qc	9092
bactopia-sketcher	7516
bactopia-teton	11249
bactopia-variants	5519
baczy	203
badread	14140
baitfisher	10874
bakdrive	2982
bakrep-cli	1057
bakta	124789
baktfold	1070
bali-phy	19610
balrog	19733
baltic	13951
bam-readcount	60803
bam-tide	649
bam2fasta	29338
bam2fastx	25130
bam2plot	1567
bamaddrg	5336
bamaligncleaner	6589
bambamc	17658
bamboozle	80
bamclipper	17430
bamcmp	8416
bamdam	913
bamdash	11406
bamhash	22233
bamkit	8458
bamm	16942
bammap2	4161
bammmotif2	307
bamr	3048
bamread	95870
bamrescue	972
bamscale	16294
bamslice	18076
bamsnap	9352
bamstats	2837
bamsurgeon	1693
bamtocov	34529
bamtools	730643
bamutil	57402
bandage	24069
bandage_ng	12846
bandwagon	607
banner	6555
baqlava	101
barbell	6090
barcode-validator	4712
barcode_demux	151
barcode_splitter	8129
barcodeforge	2048
baredsc	9043
barena	1031
barriers	18043
barrnap	235228
barrnap-python	8435
barseqcount	6096
bart	2424
basenji	10893
basevar	144
basic	48470
batch_brb	8825
bats	9485
batvi	8249
bax2bam	16010
bayesase	6684
bayescan	10214
bayescode	9698
bayestyper	5060
baypass	4655
baysor	1195
bazam	6267
bbknn	121730
bbmap	1953905
bbmapy	1021
bbmix	1184
bcalm	30531
bcbio-gff	313203
bcbio-nextgen	433142
bcbio-nextgen-vm	107067
bcbio-prioritize	49936
bcbio-rnaseq	40854
bcbio-variation	20210
bcbio-variation-recall	61986
bcbio_monitor	13753
bcbiogff	46410
bcbreport	77672
bcftools	4710366
bcftools-gtc2vcf-plugin	11775
bcftools-liftover-plugin	1274
bcftools-snvphyl-plugin	25324
bcgtree	644
bcl2fastq-nextseq	20684
bcool	6378
bcov	10713
bctools	13358
bd2k-python-lib	60639
beacon2-import	9768
beacon2-ri-tools	2273
beagle	48320
beagle-lib	66687
beamspy	5192
beast	48892
beast-pype	4159
beast2	45675
beast2-xml	555
beav	14394
beave	454
bed2gff	4632
bed2gtf	4221
bedgovcf	3447
bedops	257814
bedparse	4370
bedtk	8384
bedtools	4108354
beegees	128
beem-bio	400
behst	87266
bel-resources	8218
bellavista	819
bellerophon	3022
bellmans-gapc	37003
berokka	15846
besst	24167
bfc	24277
bftools	10031
bg	1846
bgc-prophet	97
bgen-cpp	1759
bgreat	7113
bgt	14953
bialign	8412
biasaway	38845
bibliospec	5743
bicseq2-norm	7396
bicseq2-seg	7430
bifidoannotator	517
bifrost	39372
bifrost_bridge	63
bigmag	198
bigmap	149
bigscape	15908
bigsdb-downloader	146
bigsi	2516
bigslice	1834
bigtools	14411
bigwig-nim	515
bin2cell	1182
binchicken	15331
bindash	14529
bindashtree	1089
binette	11627
binge	281
binlorry	3352
binning_refiner	4332
binny	1307
binsanity	62044
binspreader	2365
bio	33869
bio-ripser	699
bio-ting	7979
bio-unicorn	886
bio-vcf	27451
bio2zarr	1261
bio_assembly_refinement	26392
bio_hansel	93658
bioawk	171357
biobambam	123816
biobasehttptools	5829
biobb_adapters	20028
biobb_amber	29179
biobb_analysis	94683
biobb_chemistry	55695
biobb_cmip	33072
biobb_common	80829
biobb_cp2k	16727
biobb_dna	31518
biobb_flexdyn	20934
biobb_flexserv	19507
biobb_godmd	14594
biobb_gromacs	19425
biobb_haddock	4964
biobb_io	63987
biobb_md	44617
biobb_mem	14536
biobb_ml	29436
biobb_model	74341
biobb_morph	1376
biobb_pdb_tools	8846
biobb_pmx	41990
biobb_pytorch	3833
biobb_remote	3090
biobb_structure_checking	70806
biobb_structure_manager	19224
biobb_structure_utils	59811
biobb_vs	34313
biobb_wf_mutations	5403
bioblend	126037
biobloomtools	5532
biobox_add_taxid	5911
bioc	185
biocamlib	1422
biocantor	4050
biocframe	166
biocode	17702
biocommons.seqrepo	16592
bioconda-repodata-patches	371217
bioconda-utils	305579
bioconda2biocontainer	15476
bioconductor-a4	28207
bioconductor-a4base	39499
bioconductor-a4classif	25651
bioconductor-a4core	44220
bioconductor-a4preproc	42925
bioconductor-a4reporting	37989
bioconductor-abadata	30497
bioconductor-abaenrichment	40168
bioconductor-abarray	27940
bioconductor-abseqr	26489
bioconductor-absseq	46544
bioconductor-acde	48089
bioconductor-ace	28165
bioconductor-acgh	56064
bioconductor-acme	55635
bioconductor-adacgh2	31448
bioconductor-adam	33158
bioconductor-adamgui	25445
bioconductor-adapt	635
bioconductor-adaptest	9778
bioconductor-adductdata	24893
bioconductor-adductomicsr	22752
bioconductor-adimpute	14990
bioconductor-adme16cod.db	6549
bioconductor-adsplit	54370
bioconductor-adverscarial	2280
bioconductor-affixcan	27794
bioconductor-affxparser	68960
bioconductor-affy	133620
bioconductor-affycomp	45474
bioconductor-affycompatible	38701
bioconductor-affycompdata	28464
bioconductor-affycontam	41454
bioconductor-affycoretools	36081
bioconductor-affydata	49347
bioconductor-affyexpress	32535
bioconductor-affyhgu133a2expr	29623
bioconductor-affyhgu133aexpr	24912
bioconductor-affyhgu133plus2expr	31377
bioconductor-affyilm	41300
bioconductor-affyio	142021
bioconductor-affylmgui	24835
bioconductor-affymetrixdatatestfiles	32164
bioconductor-affymoe4302expr	31800
bioconductor-affypara	15592
bioconductor-affypdnn	28102
bioconductor-affyplm	51089
bioconductor-affyqcreport	16148
bioconductor-affyrnadegradation	45924
bioconductor-ag.db	8745
bioconductor-agcdf	6279
bioconductor-agdex	44850
bioconductor-aggregatebiovar	15491
bioconductor-agilp	42582
bioconductor-agimicrorna	26552
bioconductor-agprobe	6637
bioconductor-ahcytobands	8392
bioconductor-ahensdbs	22325
bioconductor-ahlrbasedbs	10053
bioconductor-ahmassbank	4011
bioconductor-ahmeshdbs	11969
bioconductor-ahpathbankdbs	4588
bioconductor-ahpubmeddbs	12476
bioconductor-ahwikipathwaysdbs	4586
bioconductor-aims	50357
bioconductor-airpart	12179
bioconductor-airway	31375
bioconductor-alabaster	4015
bioconductor-alabaster.base	12859
bioconductor-alabaster.bumpy	3252
bioconductor-alabaster.files	2252
bioconductor-alabaster.mae	4050
bioconductor-alabaster.matrix	12614
bioconductor-alabaster.ranges	9836
bioconductor-alabaster.sce	4990
bioconductor-alabaster.schemas	10048
bioconductor-alabaster.se	9700
bioconductor-alabaster.sfe	72
bioconductor-alabaster.spatial	3664
bioconductor-alabaster.string	4068
bioconductor-alabaster.vcf	4016
bioconductor-aldex2	53391
bioconductor-alevinqc	39091
bioconductor-all	64690
bioconductor-allelicimbalance	26122
bioconductor-allenpvc	6666
bioconductor-allmll	24803
bioconductor-alphabeta	22097
bioconductor-alphamissense.v2023.hg19	1538
bioconductor-alphamissense.v2023.hg38	1531
bioconductor-alphamissenser	826
bioconductor-alpine	50456
bioconductor-alpinedata	25011
bioconductor-alps	12908
bioconductor-alpsnmr	12264
bioconductor-alsace	22206
bioconductor-altcdfenvs	36354
bioconductor-alternativesplicingevents.hg19	8275
bioconductor-alternativesplicingevents.hg38	9399
bioconductor-amaretto	27452
bioconductor-amountain	57280
bioconductor-ampaffyexample	23859
bioconductor-amplican	35989
bioconductor-ampliqueso	3259
bioconductor-analysispageserver	18644
bioconductor-anamir	4946
bioconductor-anansi	92
bioconductor-anaquin	23354
bioconductor-ancombc	203154
bioconductor-aneufinder	35210
bioconductor-aneufinderdata	31619
bioconductor-anf	20482
bioconductor-anglemania	515
bioconductor-animalcules	22688
bioconductor-annaffy	47811
bioconductor-anndatar	5354
bioconductor-annmap	46270
bioconductor-annotate	631000
bioconductor-annotationdbi	1010934
bioconductor-annotationfilter	161070
bioconductor-annotationforge	76672
bioconductor-annotationfuncs	35505
bioconductor-annotationhub	157813
bioconductor-annotationhubdata	42503
bioconductor-annotationtools	45013
bioconductor-annotatr	35139
bioconductor-anopheles.db0	21661
bioconductor-anota	43434
bioconductor-anota2seq	27968
bioconductor-antiprofiles	45598
bioconductor-antiprofilesdata	30134
bioconductor-anvil	20878
bioconductor-anvilaz	830
bioconductor-anvilbase	616
bioconductor-anvilbilling	15197
bioconductor-anvilgcp	871
bioconductor-anvilpublish	14624
bioconductor-anvilworkflow	4410
bioconductor-apalyzer	17388
bioconductor-apcomplex	36788
bioconductor-apeglm	460690
bioconductor-apl	2822
bioconductor-appreci8r	20913
bioconductor-arabidopsis.db0	28881
bioconductor-aracne.networks	26563
bioconductor-aroma.light	102239
bioconductor-arrayexpress	41499
bioconductor-arrayexpresshts	23450
bioconductor-arraymvout	25941
bioconductor-arrayquality	48692
bioconductor-arrayqualitymetrics	38785
bioconductor-arraytools	33484
bioconductor-arraytv	12573
bioconductor-arrmdata	38648
bioconductor-arrmnormalization	38574
bioconductor-artms	33044
bioconductor-asafe	42506
bioconductor-aseb	57077
bioconductor-asgsca	45581
bioconductor-ashkenazimsonchr21	30381
bioconductor-asics	24784
bioconductor-asicsdata	23976
bioconductor-aspediafi	17066
bioconductor-aspli	40971
bioconductor-assessorf	27660
bioconductor-assessorfdata	23468
bioconductor-asset	26199
bioconductor-assign	24043
bioconductor-assorthead	46995
bioconductor-asurat	7329
bioconductor-ataccogaps	5127
bioconductor-atacseqqc	45059
bioconductor-atacseqtfea	6226
bioconductor-atena	9176
bioconductor-ath1121501.db	9194
bioconductor-ath1121501cdf	6563
bioconductor-ath1121501frmavecs	780
bioconductor-ath1121501probe	6448
bioconductor-atlasrdf	12697
bioconductor-atsnp	27644
bioconductor-attract	25605
bioconductor-aucell	39818
bioconductor-autonomics	10268
bioconductor-autotuner	15860
bioconductor-awaggregator	73
bioconductor-awaggregatordata	74
bioconductor-awfisher	26947
bioconductor-awst	11429
bioconductor-baalchip	40683
bioconductor-bac	49066
bioconductor-bacon	65690
bioconductor-bader	59964
bioconductor-badregionfinder	42437
bioconductor-bags	37752
bioconductor-ballgown	57183
bioconductor-bambu	42953
bioconductor-bamsignals	60902
bioconductor-bandits	32451
bioconductor-bandle	6891
bioconductor-banksy	345
bioconductor-banocc	44434
bioconductor-barbieq	80
bioconductor-barcodetrackr	12247
bioconductor-barley1cdf	6404
bioconductor-barley1probe	6082
bioconductor-basecallqc	37277
bioconductor-basespacer	44917
bioconductor-basic4cseq	51097
bioconductor-basics	40563
bioconductor-basicstan	7424
bioconductor-basicstarrseq	24768
bioconductor-basilisk	43845
bioconductor-basilisk.utils	38268
bioconductor-batchcorr	77
bioconductor-batchelor	62884
bioconductor-batchqc	36198
bioconductor-batchsvg	78
bioconductor-bayesknockdown	24589
bioconductor-bayespeak	37850
bioconductor-bayesspace	21146
bioconductor-baynorm	31445
bioconductor-bayseq	45293
bioconductor-bbcanalyzer	47054
bioconductor-bcellviper	28475
bioconductor-bcrank	55852
bioconductor-bcseq	38005
bioconductor-bdmmacorrect	33222
bioconductor-beachmat	603410
bioconductor-beachmat.hdf5	2019
bioconductor-beachmat.tiledb	476
bioconductor-beadarray	54243
bioconductor-beadarrayexampledata	23634
bioconductor-beadarraysnp	46046
bioconductor-beadarrayusecases	27353
bioconductor-beaddatapackr	58932
bioconductor-beadsorted.saliva.epic	8947
bioconductor-bearscc	26872
bioconductor-beat	48082
bioconductor-beclear	53011
bioconductor-bedbaser	170
bioconductor-beer	3170
bioconductor-benchdamic	6928
bioconductor-benchmarkfdrdata2019	21996
bioconductor-beta7	28587
bioconductor-betahmm	817
bioconductor-bettr	283
bioconductor-bg2	2280
bioconductor-bgafun	30970
bioconductor-bgeecall	21273
bioconductor-bgeedb	45400
bioconductor-bgmix	50826
bioconductor-bgx	25746
bioconductor-bhc	53097
bioconductor-bicare	55319
bioconductor-bifet	27926
bioconductor-biggr	11096
bioconductor-bigmelon	27103
bioconductor-bigmemoryextras	12409
bioconductor-bigpint	23005
bioconductor-bindingsitefinder	8533
bioconductor-bioassayr	33840
bioconductor-biobase	2161389
bioconductor-biobroom	23841
bioconductor-biobtreer	16874
bioconductor-bioc.gff	542
bioconductor-biocancer	24975
bioconductor-biocartaimage	990
bioconductor-biocbaseutils	209022
bioconductor-biocbook	1094
bioconductor-bioccasestudies	16413
bioconductor-bioccheck	31095
bioconductor-biocdockermanager	19430
bioconductor-biocfhir	6346
bioconductor-biocfilecache	380671
bioconductor-biocgenerics	2242606
bioconductor-biocgraph	38695
bioconductor-biochail	1469
bioconductor-biochubsshiny	4028
bioconductor-biocinstaller	92064
bioconductor-biocio	388446
bioconductor-biocmake	2815
bioconductor-biocneighbors	527180
bioconductor-bioconcotk	25492
bioconductor-biocor	25710
bioconductor-biocparallel	1919247
bioconductor-biocpkgtools	27632
bioconductor-biocroxytest	832
bioconductor-biocset	18930
bioconductor-biocsingular	526402
bioconductor-biocsklearn	39573
bioconductor-biocstyle	94374
bioconductor-biocthis	16571
bioconductor-biocversion	111659
bioconductor-biocviews	72856
bioconductor-biocworkflowtools	45431
bioconductor-biodb	17209
bioconductor-biodbchebi	9107
bioconductor-biodbexpasy	5527
bioconductor-biodbhmdb	13994
bioconductor-biodbkegg	6994
bioconductor-biodblipidmaps	5007
bioconductor-biodbmirbase	5657
bioconductor-biodbncbi	5846
bioconductor-biodbnci	6202
bioconductor-biodbuniprot	7225
bioconductor-biodist	45917
bioconductor-bioga	1455
bioconductor-bioimagedbs	13893
bioconductor-biomart	433208
bioconductor-biomartgogenesets	1642
bioconductor-biomformat	292972
bioconductor-biomm	22829
bioconductor-biomvcclass	36918
bioconductor-biomvrcns	33959
bioconductor-bionar	4554
bioconductor-bionero	10434
bioconductor-bionet	49488
bioconductor-bionetstat	27890
bioconductor-bioplex	9223
bioconductor-bioqc	50853
bioconductor-bioseqclass	10942
bioconductor-biosigner	66576
bioconductor-biostrings	1934040
bioconductor-biosvd	24668
bioconductor-biotip	19911
bioconductor-biotmle	27525
bioconductor-biotmledata	29986
bioconductor-biovizbase	141001
bioconductor-birewire	67526
bioconductor-birta	36530
bioconductor-birte	19415
bioconductor-biscuiteer	21741
bioconductor-biscuiteerdata	20245
bioconductor-biseq	44835
bioconductor-bitseq	43695
bioconductor-blacksheepr	20790
bioconductor-bladderbatch	40524
bioconductor-blase	79
bioconductor-blima	51181
bioconductor-blimatestingdata	29301
bioconductor-blma	22123
bioconductor-bloodcancermultiomics2017	23385
bioconductor-bloodgen3module	12179
bioconductor-bluster	327730
bioconductor-bnbc	38297
bioconductor-bnem	10656
bioconductor-bobafit	4679
bioconductor-bodymaprat	25272
bioconductor-borealis	4849
bioconductor-bovine.db	8599
bioconductor-bovine.db0	28235
bioconductor-bovinecdf	6496
bioconductor-bovineprobe	6516
bioconductor-bprmeth	35186
bioconductor-brain	40386
bioconductor-brainflowprobes	15630
bioconductor-brainimager	6116
bioconductor-brainimagerdata	21870
bioconductor-brainsaber	11529
bioconductor-brainstars	27184
bioconductor-branchpointer	28375
bioconductor-breakpointr	30504
bioconductor-breakpointrdata	33744
bioconductor-breastcancermainz	27044
bioconductor-breastcancernki	28873
bioconductor-breastcancertransbig	27981
bioconductor-breastcancerunt	28767
bioconductor-breastcancerupp	28732
bioconductor-breastcancervdx	29256
bioconductor-breastsubtyper	81
bioconductor-brendadb	25502
bioconductor-brew3r.r	799
bioconductor-brgedata	28045
bioconductor-brgenomics	17452
bioconductor-bridge	42999
bioconductor-bridgedbr	24401
bioconductor-broadseq	700
bioconductor-bronchialil13	25110
bioconductor-browserviz	36074
bioconductor-browservizdemo	11577
bioconductor-bsgenome	308191
bioconductor-bsgenome.alyrata.jgi.v1	8680
bioconductor-bsgenome.amellifera.beebase.assembly4	6466
bioconductor-bsgenome.amellifera.ncbi.amelhav3.1	4425
bioconductor-bsgenome.amellifera.ucsc.apimel2	5648
bioconductor-bsgenome.amellifera.ucsc.apimel2.masked	6470
bioconductor-bsgenome.aofficinalis.ncbi.v1	6169
bioconductor-bsgenome.athaliana.tair.04232008	6424
bioconductor-bsgenome.athaliana.tair.tair9	6731
bioconductor-bsgenome.btaurus.ucsc.bostau3	6465
bioconductor-bsgenome.btaurus.ucsc.bostau3.masked	6413
bioconductor-bsgenome.btaurus.ucsc.bostau4	6403
bioconductor-bsgenome.btaurus.ucsc.bostau4.masked	6370
bioconductor-bsgenome.btaurus.ucsc.bostau6	6568
bioconductor-bsgenome.btaurus.ucsc.bostau6.masked	5943
bioconductor-bsgenome.btaurus.ucsc.bostau8	6425
bioconductor-bsgenome.btaurus.ucsc.bostau9	5340
bioconductor-bsgenome.btaurus.ucsc.bostau9.masked	2027
bioconductor-bsgenome.carietinum.ncbi.v1	6402
bioconductor-bsgenome.celegans.ucsc.ce10	15777
bioconductor-bsgenome.celegans.ucsc.ce11	6619
bioconductor-bsgenome.celegans.ucsc.ce2	6620
bioconductor-bsgenome.celegans.ucsc.ce6	15733
bioconductor-bsgenome.cfamiliaris.ucsc.canfam2	6438
bioconductor-bsgenome.cfamiliaris.ucsc.canfam2.masked	6546
bioconductor-bsgenome.cfamiliaris.ucsc.canfam3	7608
bioconductor-bsgenome.cfamiliaris.ucsc.canfam3.masked	7017
bioconductor-bsgenome.cjacchus.ucsc.caljac3	5904
bioconductor-bsgenome.cjacchus.ucsc.caljac4	2897
bioconductor-bsgenome.cneoformansvargrubiikn99.ncbi.asm221672v1	2205
bioconductor-bsgenome.creinhardtii.jgi.v5.6	4408
bioconductor-bsgenome.dmelanogaster.ucsc.dm2	6441
bioconductor-bsgenome.dmelanogaster.ucsc.dm2.masked	6633
bioconductor-bsgenome.dmelanogaster.ucsc.dm3	16349
bioconductor-bsgenome.dmelanogaster.ucsc.dm3.masked	6577
bioconductor-bsgenome.dmelanogaster.ucsc.dm6	7850
bioconductor-bsgenome.drerio.ucsc.danrer10	7076
bioconductor-bsgenome.drerio.ucsc.danrer11	5503
bioconductor-bsgenome.drerio.ucsc.danrer5	6387
bioconductor-bsgenome.drerio.ucsc.danrer5.masked	6049
bioconductor-bsgenome.drerio.ucsc.danrer6	6545
bioconductor-bsgenome.drerio.ucsc.danrer6.masked	5763
bioconductor-bsgenome.drerio.ucsc.danrer7	10815
bioconductor-bsgenome.drerio.ucsc.danrer7.masked	5284
bioconductor-bsgenome.dvirilis.ensembl.dvircaf1	5300
bioconductor-bsgenome.ecoli.ncbi.20080805	19533
bioconductor-bsgenome.gaculeatus.ucsc.gasacu1	6291
bioconductor-bsgenome.gaculeatus.ucsc.gasacu1.masked	6884
bioconductor-bsgenome.ggallus.ucsc.galgal3	6540
bioconductor-bsgenome.ggallus.ucsc.galgal3.masked	6352
bioconductor-bsgenome.ggallus.ucsc.galgal4	6437
bioconductor-bsgenome.ggallus.ucsc.galgal4.masked	6428
bioconductor-bsgenome.ggallus.ucsc.galgal5	6437
bioconductor-bsgenome.ggallus.ucsc.galgal6	5331
bioconductor-bsgenome.gmax.ncbi.gmv40	2888
bioconductor-bsgenome.hsapiens.1000genomes.hs37d5	7845
bioconductor-bsgenome.hsapiens.ncbi.grch38	8678
bioconductor-bsgenome.hsapiens.ncbi.t2t.chm13v2.0	3087
bioconductor-bsgenome.hsapiens.ucsc.hg17	6594
bioconductor-bsgenome.hsapiens.ucsc.hg17.masked	6909
bioconductor-bsgenome.hsapiens.ucsc.hg18	10409
bioconductor-bsgenome.hsapiens.ucsc.hg18.masked	5330
bioconductor-bsgenome.hsapiens.ucsc.hg19	46862
bioconductor-bsgenome.hsapiens.ucsc.hg19.masked	9192
bioconductor-bsgenome.hsapiens.ucsc.hg38	58351
bioconductor-bsgenome.hsapiens.ucsc.hg38.dbsnp151.major	4009
bioconductor-bsgenome.hsapiens.ucsc.hg38.dbsnp151.minor	4030
bioconductor-bsgenome.hsapiens.ucsc.hg38.masked	13623
bioconductor-bsgenome.hsapiens.ucsc.hs1	1617
bioconductor-bsgenome.mdomestica.ucsc.mondom5	5994
bioconductor-bsgenome.mfascicularis.ncbi.5.0	5442
bioconductor-bsgenome.mfascicularis.ncbi.6.0	2387
bioconductor-bsgenome.mfuro.ucsc.musfur1	6481
bioconductor-bsgenome.mmulatta.ucsc.rhemac10	5379
bioconductor-bsgenome.mmulatta.ucsc.rhemac2	6501
bioconductor-bsgenome.mmulatta.ucsc.rhemac2.masked	6581
bioconductor-bsgenome.mmulatta.ucsc.rhemac3	6419
bioconductor-bsgenome.mmulatta.ucsc.rhemac3.masked	5963
bioconductor-bsgenome.mmulatta.ucsc.rhemac8	6507
bioconductor-bsgenome.mmusculus.ucsc.mm10	33683
bioconductor-bsgenome.mmusculus.ucsc.mm10.masked	9045
bioconductor-bsgenome.mmusculus.ucsc.mm39	11714
bioconductor-bsgenome.mmusculus.ucsc.mm8	6540
bioconductor-bsgenome.mmusculus.ucsc.mm8.masked	5712
bioconductor-bsgenome.mmusculus.ucsc.mm9	18435
bioconductor-bsgenome.mmusculus.ucsc.mm9.masked	6406
bioconductor-bsgenome.osativa.msu.msu7	8709
bioconductor-bsgenome.ppaniscus.ucsc.panpan1	4636
bioconductor-bsgenome.ppaniscus.ucsc.panpan2	4624
bioconductor-bsgenome.ptroglodytes.ucsc.pantro2	6462
bioconductor-bsgenome.ptroglodytes.ucsc.pantro2.masked	5679
bioconductor-bsgenome.ptroglodytes.ucsc.pantro3	6331
bioconductor-bsgenome.ptroglodytes.ucsc.pantro3.masked	6388
bioconductor-bsgenome.ptroglodytes.ucsc.pantro5	6394
bioconductor-bsgenome.ptroglodytes.ucsc.pantro6	6493
bioconductor-bsgenome.rnorvegicus.ucsc.rn4	6574
bioconductor-bsgenome.rnorvegicus.ucsc.rn4.masked	5463
bioconductor-bsgenome.rnorvegicus.ucsc.rn5	6838
bioconductor-bsgenome.rnorvegicus.ucsc.rn5.masked	5911
bioconductor-bsgenome.rnorvegicus.ucsc.rn6	13516
bioconductor-bsgenome.rnorvegicus.ucsc.rn7	4151
bioconductor-bsgenome.scerevisiae.ucsc.saccer1	5956
bioconductor-bsgenome.scerevisiae.ucsc.saccer2	5882
bioconductor-bsgenome.scerevisiae.ucsc.saccer3	7861
bioconductor-bsgenome.sscrofa.ucsc.susscr11	5855
bioconductor-bsgenome.sscrofa.ucsc.susscr3	7681
bioconductor-bsgenome.sscrofa.ucsc.susscr3.masked	6238
bioconductor-bsgenome.tgondii.toxodb.7.0	8107
bioconductor-bsgenome.tguttata.ucsc.taegut1	6432
bioconductor-bsgenome.tguttata.ucsc.taegut1.masked	6464
bioconductor-bsgenome.tguttata.ucsc.taegut2	6566
bioconductor-bsgenome.vvinifera.urgi.iggp12xv0	6352
bioconductor-bsgenome.vvinifera.urgi.iggp12xv2	6366
bioconductor-bsgenome.vvinifera.urgi.iggp8x	6415
bioconductor-bsgenomeforge	4206
bioconductor-bsseq	66550
bioconductor-bsseqdata	27926
bioconductor-bsubtiliscdf	6360
bioconductor-bsubtilisprobe	6878
bioconductor-bubbletree	70293
bioconductor-bufferedmatrix	48867
bioconductor-bufferedmatrixmethods	47789
bioconductor-bugphyzz	393
bioconductor-bugsigdbr	8844
bioconductor-bulksignalr	200
bioconductor-bumhmm	27283
bioconductor-bumphunter	85263
bioconductor-bumpymatrix	13337
bioconductor-bus	48323
bioconductor-buscorrect	35836
bioconductor-busparse	35674
bioconductor-busseq	10964
bioconductor-cadd.v1.6.hg19	1660
bioconductor-cadd.v1.6.hg38	1688
bioconductor-cadra	2031
bioconductor-caen	12061
bioconductor-cafe	23934
bioconductor-cagefightr	29012
bioconductor-cageminer	8653
bioconductor-cager	54185
bioconductor-calib	33285
bioconductor-calibracurve	72
bioconductor-calm	21244
bioconductor-camera	80489
bioconductor-camthc	9735
bioconductor-camutqc	778
bioconductor-cancer	3107
bioconductor-cancerclass	35802
bioconductor-cancerdata	28351
bioconductor-cancerinsilico	52997
bioconductor-cancermutationanalysis	40033
bioconductor-cancersubtypes	35966
bioconductor-cand	34750
bioconductor-canine.db	9057
bioconductor-canine.db0	28390
bioconductor-canine2.db	8706
bioconductor-canine2cdf	6503
bioconductor-canine2probe	6508
bioconductor-caninecdf	6408
bioconductor-canineprobe	7098
bioconductor-caomicsv	22738
bioconductor-cardelino	4551
bioconductor-cardinal	74970
bioconductor-cardinalio	2758
bioconductor-cardinalworkflows	27346
bioconductor-cardspa	538
bioconductor-carnival	18658
bioconductor-casper	56347
bioconductor-catalyst	27599
bioconductor-category	69050
bioconductor-categorycompare	26090
bioconductor-catscradle	825
bioconductor-causalr	47337
bioconductor-cbaf	24741
bioconductor-cbea	4317
bioconductor-cbioportaldata	24428
bioconductor-cbn2path	619
bioconductor-cbnplot	4033
bioconductor-cbpmanager	11909
bioconductor-ccafe	74
bioconductor-ccdata	27845
bioconductor-ccfindr	35378
bioconductor-ccimpute	5445
bioconductor-ccl4	31011
bioconductor-ccmap	27506
bioconductor-ccplotr	2855
bioconductor-ccpromise	23046
bioconductor-ccrepe	24153
bioconductor-cctutorial	24980
bioconductor-cdi	3385
bioconductor-celaref	24488
bioconductor-celarefdata	27892
bioconductor-celda	39753
bioconductor-celegans.db	9108
bioconductor-celeganscdf	6406
bioconductor-celegansprobe	6508
bioconductor-cellarepertorium	16528
bioconductor-cellbarcode	10437
bioconductor-cellbaser	27852
bioconductor-cellbench	22864
bioconductor-celldex	25832
bioconductor-cellgrowth	23998
bioconductor-cellhashr	1529
bioconductor-cellhts2	40847
bioconductor-cellid	17599
bioconductor-cellity	26128
bioconductor-cellmapper	46501
bioconductor-cellmapperdata	28351
bioconductor-cellmig	596
bioconductor-cellmigration	8087
bioconductor-cellmixs	25163
bioconductor-cellnoptr	60077
bioconductor-cellscape	27399
bioconductor-cellscore	28203
bioconductor-celltrails	26058
bioconductor-celltree	26648
bioconductor-cellxgenedp	6380
bioconductor-cemitool	30037
bioconductor-censcyt	11529
bioconductor-centreannotation	74
bioconductor-centreprecomputed	72
bioconductor-cepo	7879
bioconductor-cernanetsim	19416
bioconductor-cetf	24104
bioconductor-ceu1kg	12367
bioconductor-ceu1kgv	14580
bioconductor-ceuhm3	10837
bioconductor-cexor	47796
bioconductor-cfassay	45326
bioconductor-cfdnakit	1957
bioconductor-cfdnapro	10142
bioconductor-cftools	2656
bioconductor-cftoolsdata	2311
bioconductor-cgdv17	13619
bioconductor-cgen	31594
bioconductor-cghbase	58333
bioconductor-cghcall	63109
bioconductor-cghmcr	42096
bioconductor-cghnormaliter	37729
bioconductor-cghregions	44301
bioconductor-champ	21193
bioconductor-champdata	28034
bioconductor-charge	12918
bioconductor-charm	3068
bioconductor-charmdata	2819
bioconductor-chemminedrugs	6536
bioconductor-chemmineob	6243
bioconductor-chemminer	59058
bioconductor-chetah	24710
bioconductor-chevreulplot	74
bioconductor-chevreulprocess	82
bioconductor-chevreulshiny	70
bioconductor-chic	25380
bioconductor-chic.data	24834
bioconductor-chicago	53064
bioconductor-chicken.db	8664
bioconductor-chicken.db0	28402
bioconductor-chickencdf	6870
bioconductor-chickenprobe	6507
bioconductor-chihaya	4577
bioconductor-chimera	35741
bioconductor-chimeraviz	42039
bioconductor-chimp.db0	27413
bioconductor-chimphumanbraindata	24124
bioconductor-chipanalyser	26952
bioconductor-chipcomp	61899
bioconductor-chipdbdata	74
bioconductor-chipenrich	28237
bioconductor-chipenrich.data	23381
bioconductor-chipexoqual	26703
bioconductor-chipexoqualexample	27494
bioconductor-chippeakanno	48804
bioconductor-chipqc	53847
bioconductor-chipseeker	85907
bioconductor-chipseq	67079
bioconductor-chipseqdbdata	25206
bioconductor-chipseqr	37689
bioconductor-chipseqspike	16480
bioconductor-chipsim	39370
bioconductor-chipxpress	30209
bioconductor-chipxpressdata	34099
bioconductor-chopsticks	47814
bioconductor-chrogps	9369
bioconductor-chromatograms	95
bioconductor-chromdraw	54228
bioconductor-chromheatmap	36765
bioconductor-chromhmmdata	4117
bioconductor-chromplot	43998
bioconductor-chromscape	17363
bioconductor-chromstar	54642
bioconductor-chromstardata	44741
bioconductor-chromswitch	25384
bioconductor-chromvar	64112
bioconductor-chronos	46178
bioconductor-cicero	33521
bioconductor-cigarillo	76505
bioconductor-cimice	11313
bioconductor-cindex	44918
bioconductor-circrnaprofiler	21634
bioconductor-circseqaligntk	3166
bioconductor-cispath	48739
bioconductor-citefuse	20042
bioconductor-citruscdf	6462
bioconductor-citrusprobe	6678
bioconductor-clariomdhumanprobeset.db	9044
bioconductor-clariomdhumantranscriptcluster.db	9215
bioconductor-clariomshumanhttranscriptcluster.db	9055
bioconductor-clariomshumantranscriptcluster.db	8248
bioconductor-clariomsmousehttranscriptcluster.db	9080
bioconductor-clariomsmousetranscriptcluster.db	9117
bioconductor-clariomsrathttranscriptcluster.db	9016
bioconductor-clariomsrattranscriptcluster.db	9867
bioconductor-classifyr	41695
bioconductor-cleanupdtseq	37390
bioconductor-cleanuprnaseq	318
bioconductor-cleaver	42752
bioconductor-clevrvis	3574
bioconductor-clippda	27473
bioconductor-clipper	36398
bioconductor-cliprofiler	7909
bioconductor-cliquems	21295
bioconductor-cll	27502
bioconductor-cllmethylation	24251
bioconductor-clomial	43419
bioconductor-clonality	39911
bioconductor-clonotyper	31872
bioconductor-clst	37048
bioconductor-clstutils	37500
bioconductor-clumsid	21311
bioconductor-clumsiddata	22364
bioconductor-clustall	266
bioconductor-clustcomp	42838
bioconductor-clusterexperiment	42052
bioconductor-clusterfoldsimilarity	802
bioconductor-clusterjudge	30138
bioconductor-clusterprofiler	205700
bioconductor-clusterseq	25414
bioconductor-clustersignificance	36917
bioconductor-clusterstab	36474
bioconductor-clustifyr	15541
bioconductor-clustifyrdatahub	14678
bioconductor-clustirr	2016
bioconductor-clustsignal	102
bioconductor-cma	37876
bioconductor-cmap	11084
bioconductor-cmap2data	41109
bioconductor-cmapr	15722
bioconductor-cn.farms	48245
bioconductor-cn.mops	80994
bioconductor-cnanorm	57176
bioconductor-cner	86545
bioconductor-cnordt	39506
bioconductor-cnorfeeder	25232
bioconductor-cnorfuzzy	46510
bioconductor-cnorode	47263
bioconductor-cnpbayes	10048
bioconductor-cntools	57934
bioconductor-cnvfilter	24133
bioconductor-cnvgears	10044
bioconductor-cnvgsa	39461
bioconductor-cnvgsadata	23931
bioconductor-cnviz	8014
bioconductor-cnvmetrics	5834
bioconductor-cnvpanelizer	37241
bioconductor-cnvranger	27587
bioconductor-cnvrd2	23755
bioconductor-cnvtools	27953
bioconductor-cobindr	13032
bioconductor-cocitestats	25424
bioconductor-cocoa	26192
bioconductor-codelink	39077
bioconductor-codex	42705
bioconductor-coexnet	24069
bioconductor-cogaps	34727
bioconductor-cogena	39454
bioconductor-cogeqc	7790
bioconductor-cogito	5988
bioconductor-cogps	38410
bioconductor-cohcap	49097
bioconductor-cohcapanno	41161
bioconductor-cola	33335
bioconductor-colonca	24779
bioconductor-comapr	5478
bioconductor-combi	12710
bioconductor-comet	24609
bioconductor-comethdmr	6286
bioconductor-compartmap	23976
bioconductor-compass	61477
bioconductor-compcoder	30135
bioconductor-compepitools	44205
bioconductor-compgo	12657
bioconductor-complexheatmap	179512
bioconductor-compounddb	6545
bioconductor-compran	12371
bioconductor-compspot	2301
bioconductor-conclus	8301
bioconductor-concordexr	4029
bioconductor-condcomp	6869
bioconductor-condiments	10681
bioconductor-confess	28270
bioconductor-confessdata	28822
bioconductor-connectivitymap	25967
bioconductor-consensus	31846
bioconductor-consensusclusterplus	59464
bioconductor-consensusde	26309
bioconductor-consensusov	34210
bioconductor-consensusseeker	38705
bioconductor-consica	6287
bioconductor-constand	11622
bioconductor-contibait	46467
bioconductor-conumee	18505
bioconductor-convert	38294
bioconductor-copa	35954
bioconductor-copdsexualdimorphism.data	31242
bioconductor-copyhelper	43088
bioconductor-copyneutralima	28190
bioconductor-copynumber	53160
bioconductor-copynumberplots	24515
bioconductor-copywriter	30693
bioconductor-coralysis	94
bioconductor-cordon	27728
bioconductor-coregflux	11863
bioconductor-coregnet	39901
bioconductor-coregx	16166
bioconductor-cormotif	36044
bioconductor-cormut	12115
bioconductor-corral	15829
bioconductor-correp	36869
bioconductor-coseq	22149
bioconductor-cosia	4022
bioconductor-cosiadata	4092
bioconductor-cosmic.67	26353
bioconductor-cosmiq	43120
bioconductor-cosmosr	12190
bioconductor-cosnet	36817
bioconductor-cotan	3235
bioconductor-cottoncdf	6504
bioconductor-cottonprobe	5729
bioconductor-countclust	26990
bioconductor-countsimqc	31201
bioconductor-coveb	31529
bioconductor-coverageview	26858
bioconductor-covrna	35991
bioconductor-cpsm	71
bioconductor-cpvsnp	37219
bioconductor-cqn	48883
bioconductor-crcl18	30316
bioconductor-crimage	36253
bioconductor-crisprball	82
bioconductor-crisprbase	6626
bioconductor-crisprbowtie	3821
bioconductor-crisprbwa	5722
bioconductor-crisprdesign	6699
bioconductor-crisprscore	6829
bioconductor-crisprscoredata	6794
bioconductor-crisprseek	40031
bioconductor-crisprseekplus	33899
bioconductor-crisprshiny	700
bioconductor-crisprvariants	37030
bioconductor-crisprverse	4839
bioconductor-crisprviz	4794
bioconductor-crlmm	47450
bioconductor-crossicc	6406
bioconductor-crossmeta	26777
bioconductor-crumblr	135
bioconductor-crupr	72
bioconductor-csar	38874
bioconductor-csaw	90835
bioconductor-csdr	10715
bioconductor-csoa	70
bioconductor-cssp	34625
bioconductor-cssq	18588
bioconductor-ctc	66881
bioconductor-ctcf	6856
bioconductor-ctdata	4036
bioconductor-ctdquerier	20486
bioconductor-ctexplorer	798
bioconductor-ctggem	6846
bioconductor-ctrap	28250
bioconductor-ctsge	42974
bioconductor-ctsv	6279
bioconductor-cummerbund	86240
bioconductor-curatedadipoarray	18794
bioconductor-curatedadipochip	21347
bioconductor-curatedadiporna	24729
bioconductor-curatedatlasqueryr	1119
bioconductor-curatedbladderdata	24411
bioconductor-curatedbreastdata	28361
bioconductor-curatedcrcdata	28588
bioconductor-curatedmetagenomicdata	44941
bioconductor-curatedovariandata	60510
bioconductor-curatedpcadata	75
bioconductor-curatedtbdata	9376
bioconductor-curatedtcgadata	27369
bioconductor-customcmpdb	14540
bioconductor-customprodb	32869
bioconductor-cve	20892
bioconductor-cyanofilter	10980
bioconductor-cycle	27372
bioconductor-cydar	33633
bioconductor-cyp450cdf	6475
bioconductor-cypress	73
bioconductor-cytodx	28425
bioconductor-cytofast	12942
bioconductor-cytofpower	5865
bioconductor-cytofqc	3913
bioconductor-cytoglmm	12346
bioconductor-cytokernel	11055
bioconductor-cytolib	100708
bioconductor-cytomapper	20466
bioconductor-cytomds	780
bioconductor-cytomem	6294
bioconductor-cytomethic	274
bioconductor-cytoml	41445
bioconductor-cytopipeline	3866
bioconductor-cytopipelinegui	2333
bioconductor-cytotree	7681
bioconductor-cytoviewer	4071
bioconductor-dada2	724151
bioconductor-daglogo	30451
bioconductor-dama	35307
bioconductor-damefinder	18611
bioconductor-damirseq	24790
bioconductor-damsel	382
bioconductor-dandelionr	75
bioconductor-dapar	26285
bioconductor-dapardata	25476
bioconductor-dar	666
bioconductor-dart	26431
bioconductor-dasper	13575
bioconductor-data-packages	789032
bioconductor-davidtiling	26906
bioconductor-dbchip	21653
bioconductor-dcanr	25213
bioconductor-dcats	2313
bioconductor-dce	11191
bioconductor-dcgsa	43325
bioconductor-dchiprep	22536
bioconductor-ddct	38020
bioconductor-ddpcrclust	28039
bioconductor-dearseq	15520
bioconductor-debcam	18499
bioconductor-debrowser	27572
bioconductor-decipher	245594
bioconductor-deco	21333
bioconductor-decomplexdisease	29885
bioconductor-decomptumor2sig	24579
bioconductor-deconrnaseq	29538
bioconductor-decontam	228453
bioconductor-decontx	3779
bioconductor-deconvobuddies	80
bioconductor-deconvr	9314
bioconductor-decoupler	16860
bioconductor-deds	27026
bioconductor-deedeeexperiment	80
bioconductor-deepbluer	31820
bioconductor-deeppincs	11785
bioconductor-deepsnv	60956
bioconductor-deeptarget	434
bioconductor-deformats	36521
bioconductor-degcre	765
bioconductor-degnorm	16736
bioconductor-degraph	36075
bioconductor-degreport	74247
bioconductor-degseq	55753
bioconductor-delayedarray	1828075
bioconductor-delayeddataframe	24363
bioconductor-delayedmatrixstats	585027
bioconductor-delayedrandomarray	14031
bioconductor-delayedtensor	9017
bioconductor-delocal	3942
bioconductor-deltacapturec	19666
bioconductor-deltagseg	26264
bioconductor-demand	38241
bioconductor-demixt	31408
bioconductor-demuxmix	6289
bioconductor-demuxsnp	2227
bioconductor-densvis	26023
bioconductor-dep	29487
bioconductor-depecher	31337
bioconductor-depinfer	6397
bioconductor-depmap	24003
bioconductor-deqms	38289
bioconductor-derfinder	46423
bioconductor-derfinderdata	33659
bioconductor-derfinderhelper	53418
bioconductor-derfinderplot	36166
bioconductor-descan2	38282
bioconductor-deseq	67225
bioconductor-deseq2	776283
bioconductor-desingle	25427
bioconductor-desousa2013	27669
bioconductor-despace	4048
bioconductor-destiny	33720
bioconductor-desubs	24478
bioconductor-dewseq	23900
bioconductor-dexma	11761
bioconductor-dexmadata	12471
bioconductor-dexseq	123307
bioconductor-dexus	39808
bioconductor-dfp	35402
bioconductor-dfplyr	2704
bioconductor-dialignr	21985
bioconductor-diffbind	222422
bioconductor-diffcoexp	26976
bioconductor-diffcyt	26132
bioconductor-differentialregulation	6889
bioconductor-diffgeneanalysis	39763
bioconductor-diffhic	36605
bioconductor-difflogo	27956
bioconductor-diffloop	29015
bioconductor-diffloopdata	28044
bioconductor-diffustats	55180
bioconductor-diffutr	11894
bioconductor-diggit	25586
bioconductor-diggitdata	29267
bioconductor-dino	8234
bioconductor-dinor	666
bioconductor-dir.expiry	32115
bioconductor-director	38251
bioconductor-dirichletmultinomial	279116
bioconductor-discordant	37313
bioconductor-discorhythm	18204
bioconductor-distinct	21576
bioconductor-dittoseq	24015
bioconductor-divergence	25055
bioconductor-dks	26175
bioconductor-dlbcl	25435
bioconductor-dmcfb	18807
bioconductor-dmchmm	25906
bioconductor-dmelsgi	32784
bioconductor-dmgsea	74
bioconductor-dmrcaller	38556
bioconductor-dmrcate	32379
bioconductor-dmrcatedata	37636
bioconductor-dmrforpairs	25046
bioconductor-dmrscan	23162
bioconductor-dmrseq	32971
bioconductor-dnabarcodecompatibility	24828
bioconductor-dnabarcodes	50460
bioconductor-dnacopy	240843
bioconductor-dnacycp2	79
bioconductor-dnafusion	6336
bioconductor-dnashaper	53271
bioconductor-dnazoodata	4081
bioconductor-dnea	69
bioconductor-do.db	48210
bioconductor-dominoeffect	30252
bioconductor-dominosignal	2614
bioconductor-donapllp2013	25722
bioconductor-doppelgangr	48644
bioconductor-doqtl	22323
bioconductor-doremitra	67
bioconductor-dorothea	17718
bioconductor-doscheda	29031
bioconductor-dose	232260
bioconductor-doser	24353
bioconductor-dotools	1877
bioconductor-dotseq	366
bioconductor-doubletrouble	3797
bioconductor-dpeak	16401
bioconductor-drawproteins	28653
bioconductor-dream4	22279
bioconductor-dreamlet	1203
bioconductor-dresscheck	30129
bioconductor-drimseq	48842
bioconductor-drivernet	38528
bioconductor-droplettestfiles	15586
bioconductor-dropletutils	75836
bioconductor-drosgenome1.db	9121
bioconductor-drosgenome1cdf	6423
bioconductor-drosgenome1probe	6481
bioconductor-drosophila2.db	7900
bioconductor-drosophila2cdf	6099
bioconductor-drosophila2probe	6462
bioconductor-drugtargetinteractions	12143
bioconductor-drugvsdisease	37535
bioconductor-drugvsdiseasedata	38604
bioconductor-dsimer	15925
bioconductor-dspikein	80
bioconductor-dsqtl	15713
bioconductor-dss	55882
bioconductor-dstruct	8953
bioconductor-dta	39492
bioconductor-dualks	19641
bioconductor-dune	14959
bioconductor-duoclustering2018	25247
bioconductor-dupchecker	24132
bioconductor-duplexdiscoverer	824
bioconductor-dupradar	73056
bioconductor-dvddata	31435
bioconductor-dyebias	36642
bioconductor-dyebiasexamples	28402
bioconductor-dyndoc	40372
bioconductor-easier	8478
bioconductor-easierdata	9561
bioconductor-easycelltype	4625
bioconductor-easylift	2335
bioconductor-easyqpcr	12333
bioconductor-easyreporting	16459
bioconductor-easyrnaseq	32241
bioconductor-eatonetalchipseq	28256
bioconductor-ebarrays	55570
bioconductor-ebcoexpress	35365
bioconductor-ebimage	78643
bioconductor-ebsea	38798
bioconductor-ebseq	139786
bioconductor-ebseqhmm	31231
bioconductor-ecoli2.db	9169
bioconductor-ecoli2cdf	6428
bioconductor-ecoli2probe	6441
bioconductor-ecoliasv2cdf	6402
bioconductor-ecoliasv2probe	6466
bioconductor-ecolicdf	6366
bioconductor-ecolik12.db0	28004
bioconductor-ecolileucine	26834
bioconductor-ecoliprobe	6291
bioconductor-ecolisakai.db0	28316
bioconductor-ecolitk	28681
bioconductor-edaseq	91158
bioconductor-edda	29663
bioconductor-edge	37797
bioconductor-edger	757305
bioconductor-edirquery	4035
bioconductor-eds	8626
bioconductor-eegc	25889
bioconductor-egad	28581
bioconductor-egsea	36175
bioconductor-egseadata	43980
bioconductor-eir	29428
bioconductor-eisa	13969
bioconductor-eisar	19632
bioconductor-elbow	16352
bioconductor-elmer	36049
bioconductor-elmer.data	28770
bioconductor-emdomics	26771
bioconductor-empiricalbrownsmethod	38315
bioconductor-emtdata	12709
bioconductor-encodexplorer	26898
bioconductor-encodexplorerdata	11558
bioconductor-enhancedvolcano	49659
bioconductor-enhancerhomologsearch	11847
bioconductor-enmcb	19069
bioconductor-enmix	32909
bioconductor-enrichdo	664
bioconductor-enrichedheatmap	36722
bioconductor-enrichmentbrowser	32785
bioconductor-enrichplot	170254
bioconductor-enrichtf	24026
bioconductor-enrichviewnet	1492
bioconductor-ensdb.hsapiens.v75	15610
bioconductor-ensdb.hsapiens.v79	7227
bioconductor-ensdb.hsapiens.v86	19843
bioconductor-ensdb.mmusculus.v75	6441
bioconductor-ensdb.mmusculus.v79	10697
bioconductor-ensdb.rnorvegicus.v75	6366
bioconductor-ensdb.rnorvegicus.v79	6231
bioconductor-ensembldb	180112
bioconductor-ensemblvep	39614
bioconductor-envisionquery	13198
bioconductor-eopreddata	73
bioconductor-epialleler	13751
bioconductor-epicompare	4941
bioconductor-epicv2manifest	128
bioconductor-epidecoder	12364
bioconductor-epidish	30445
bioconductor-epigenomix	39196
bioconductor-epigrahmm	17909
bioconductor-epihet	22238
bioconductor-epimix	5496
bioconductor-epimix.data	4387
bioconductor-epimutacions	4385
bioconductor-epimutacionsdata	7949
bioconductor-epinem	13581
bioconductor-epipwr	75
bioconductor-epipwr.data	73
bioconductor-epiregulon	1223
bioconductor-epiregulon.extra	825
bioconductor-epistack	9362
bioconductor-epistasisga	7525
bioconductor-epitxdb	21446
bioconductor-epitxdb.hs.hg38	7281
bioconductor-epitxdb.mm.mm10	8152
bioconductor-epitxdb.sc.saccer3	8282
bioconductor-epivizr	37658
bioconductor-epivizrchart	25072
bioconductor-epivizrdata	36294
bioconductor-epivizrserver	37901
bioconductor-epivizrstandalone	37606
bioconductor-erccdashboard	27976
bioconductor-erma	133176
bioconductor-erssa	28009
bioconductor-esatac	37158
bioconductor-escape	16293
bioconductor-escher	3363
bioconductor-esetvis	37435
bioconductor-estrogen	28271
bioconductor-etec16s	26738
bioconductor-eudysbiome	36582
bioconductor-eupathdb	5964
bioconductor-evaluomer	26645
bioconductor-eventpointer	29801
bioconductor-ewce	14339
bioconductor-ewcedata	12789
bioconductor-excluderanges	3799
bioconductor-excluster	28580
bioconductor-eximir	39001
bioconductor-exomecopy	64173
bioconductor-exomepeak	18231
bioconductor-exomepeak2	15945
bioconductor-experimenthub	66310
bioconductor-experimenthubdata	28140
bioconductor-experimentsubset	13885
bioconductor-explorase	12950
bioconductor-exploremodelmatrix	18844
bioconductor-expressionatlas	26189
bioconductor-expressionnormalizationworkflow	3529
bioconductor-expressionview	23173
bioconductor-extrachips	6356
bioconductor-faahko	33081
bioconductor-fabia	48571
bioconductor-fabiadata	26964
bioconductor-facopy.annot	8427
bioconductor-facsdorit	11103
bioconductor-factdesign	28232
bioconductor-factr	6251
bioconductor-faers	116
bioconductor-famagg	30286
bioconductor-famat	14371
bioconductor-fantom3and4cage	27390
bioconductor-farms	42332
bioconductor-fastliquidassociation	28394
bioconductor-fastqcleaner	37130
bioconductor-fastreer	5797
bioconductor-fastseg	78028
bioconductor-fcbf	21514
bioconductor-fccac	39950
bioconductor-fci	27026
bioconductor-fcoex	15805
bioconductor-fcscan	20688
bioconductor-fdb.fantom4.promoters.hg19	5939
bioconductor-fdb.infiniummethylation.hg18	5838
bioconductor-fdb.infiniummethylation.hg19	17456
bioconductor-fdb.ucsc.snp135common.hg19	6380
bioconductor-fdb.ucsc.snp137common.hg19	6380
bioconductor-fdb.ucsc.trnas	6155
bioconductor-fdrame	39240
bioconductor-feast	14864
bioconductor-featseekr	2767
bioconductor-fedup	11870
bioconductor-fella	28912
bioconductor-fem	12709
bioconductor-fenr	3890
bioconductor-ffpe	36124
bioconductor-ffpeexampledata	27286
bioconductor-fgga	12163
bioconductor-fgnet	30631
bioconductor-fgsea	226436
bioconductor-fibroeset	30168
bioconductor-fieldeffectcrc	15906
bioconductor-filterffpe	15732
bioconductor-findips	72
bioconductor-findit2	9200
bioconductor-findmyfriends	39685
bioconductor-finfomds	74
bioconductor-fis	44844
bioconductor-fishalyser	47527
bioconductor-fishpond	33412
bioconductor-fission	26967
bioconductor-fitcons.ucsc.hg19	6318
bioconductor-fithic	54827
bioconductor-flagme	48469
bioconductor-flames	11803
bioconductor-fletcher2013a	29791
bioconductor-fletcher2013b	27108
bioconductor-flipflop	17253
bioconductor-flowai	70574
bioconductor-flowbeads	35873
bioconductor-flowbin	24298
bioconductor-flowcatchr	27768
bioconductor-flowchic	27706
bioconductor-flowcl	56254
bioconductor-flowclean	39124
bioconductor-flowclust	37925
bioconductor-flowcore	127521
bioconductor-flowcut	15979
bioconductor-flowcybar	28005
bioconductor-flowdensity	61169
bioconductor-flowfit	9535
bioconductor-flowfitexampledata	15695
bioconductor-flowfp	59329
bioconductor-flowgate	3991
bioconductor-flowgraph	11553
bioconductor-flowmap	36206
bioconductor-flowmatch	45602
bioconductor-flowmeans	27209
bioconductor-flowmerge	27406
bioconductor-flowpeaks	53925
bioconductor-flowploidy	39465
bioconductor-flowploidydata	27385
bioconductor-flowplots	27212
bioconductor-flowq	11326
bioconductor-flowqb	4213
bioconductor-flowqbdata	9275
bioconductor-flowrepositoryr	35624
bioconductor-flowsom	60896
bioconductor-flowsorted.blood.450k	34592
bioconductor-flowsorted.blood.epic	28649
bioconductor-flowsorted.cordblood.450k	23854
bioconductor-flowsorted.cordbloodcombined.450k	24310
bioconductor-flowsorted.cordbloodnorway.450k	21041
bioconductor-flowsorted.dlpfc.450k	27468
bioconductor-flowspecs	21920
bioconductor-flowspy	13310
bioconductor-flowstats	30098
bioconductor-flowtime	25986
bioconductor-flowtrans	25365
bioconductor-flowtype	15860
bioconductor-flowutils	41557
bioconductor-flowviz	55029
bioconductor-flowvs	22914
bioconductor-flowworkspace	66597
bioconductor-flowworkspacedata	31204
bioconductor-fly.db0	24301
bioconductor-fmcsr	34713
bioconductor-fmrs	19092
bioconductor-fobitools	10734
bioconductor-focalcall	21477
bioconductor-foldgo	28610
bioconductor-fourcseq	45329
bioconductor-fourdndata	3990
bioconductor-fraser	69771
bioconductor-frenchfish	17119
bioconductor-frgepistasis	26153
bioconductor-frma	35680
bioconductor-frmaexampledata	30408
bioconductor-frmatools	35352
bioconductor-fscanr	13452
bioconductor-funchip	49442
bioconductor-funcisnp	12604
bioconductor-funcisnp.data	12474
bioconductor-funomics	73
bioconductor-funtoonorm	22354
bioconductor-furrowseg	28298
bioconductor-fusesom	7506
bioconductor-g4snvhunter	549
bioconductor-ga4ghclient	26169
bioconductor-ga4ghshiny	26799
bioconductor-gaga	58335
bioconductor-gage	58085
bioconductor-gagedata	64258
bioconductor-gaggle	22576
bioconductor-gaia	18856
bioconductor-gapgom	18259
bioconductor-gaprediction	38953
bioconductor-garfield	38200
bioconductor-gars	25602
bioconductor-gaschyhs	31545
bioconductor-gatefinder	25741
bioconductor-gatingmldata	23464
bioconductor-gatom	431
bioconductor-gbscleanr	10835
bioconductor-gcapc	23083
bioconductor-gcatest	48022
bioconductor-gcmap	9934
bioconductor-gcmapweb	8749
bioconductor-gcptools	194
bioconductor-gcrisprtools	34921
bioconductor-gcrma	54667
bioconductor-gcsconnection	15368
bioconductor-gcsfilesystem	9298
bioconductor-gcspikelite	48354
bioconductor-gcsscore	15325
bioconductor-gdcrnatools	30578
bioconductor-gdnainrnaseqdata	4020
bioconductor-gdnax	1255
bioconductor-gdr	2267
bioconductor-gdrcore	2830
bioconductor-gdrimport	2270
bioconductor-gdrstyle	2083
bioconductor-gdrtestdata	2289
bioconductor-gdrutils	2312
bioconductor-gdsarray	24133
bioconductor-gdsfmt	63948
bioconductor-gedi	167
bioconductor-geecc	24247
bioconductor-gem	24522
bioconductor-gemini	21731
bioconductor-gemma.r	4449
bioconductor-genarise	28283
bioconductor-genbankr	38439
bioconductor-geneaccord	23377
bioconductor-geneanswers	16459
bioconductor-geneattribution	39099
bioconductor-genebreak	52232
bioconductor-geneclassifiers	28158
bioconductor-geneexpressionsignature	24071
bioconductor-genefilter	603226
bioconductor-genefu	40174
bioconductor-genega	34948
bioconductor-genegeneinter	30054
bioconductor-genelendatabase	91355
bioconductor-genemeta	39394
bioconductor-genenetworkbuilder	42363
bioconductor-geneoverlap	42146
bioconductor-geneplast	43840
bioconductor-geneplast.data	11890
bioconductor-geneplast.data.string.v91	5760
bioconductor-geneplotter	479350
bioconductor-generecommender	36784
bioconductor-generegionscan	38621
bioconductor-generxcluster	53930
bioconductor-geneselectmmd	38460
bioconductor-geneselector	16457
bioconductor-genesis	42386
bioconductor-genestructuretools	28104
bioconductor-genesummary	7354
bioconductor-genetclassifier	37002
bioconductor-geneticsdesign	23934
bioconductor-geneticsped	36068
bioconductor-genetonic	20425
bioconductor-genextender	47901
bioconductor-genie3	41811
bioconductor-genocn	40411
bioconductor-genogam	40502
bioconductor-genomation	78548
bioconductor-genomationdata	30317
bioconductor-genomautomorphism	5666
bioconductor-genomegraphs	27160
bioconductor-genomeinfodb	1928872
bioconductor-genomeinfodbdata	1706235
bioconductor-genomeintervals	38406
bioconductor-genomes	28913
bioconductor-genomewidesnp5crlmm	6813
bioconductor-genomewidesnp6crlmm	7040
bioconductor-genomicalignments	1290431
bioconductor-genomicdatacommons	47453
bioconductor-genomicdistributions	11709
bioconductor-genomicdistributionsdata	12719
bioconductor-genomicfeatures	431992
bioconductor-genomicfiles	45615
bioconductor-genomicinstability	8686
bioconductor-genomicinteractionnodes	6322
bioconductor-genomicinteractions	45864
bioconductor-genomicozone	21431
bioconductor-genomicplot	2280
bioconductor-genomicranges	1993568
bioconductor-genomicscores	53560
bioconductor-genomicstate	7603
bioconductor-genomicsupersignature	9669
bioconductor-genomictuples	53029
bioconductor-genominator	27491
bioconductor-genoset	31613
bioconductor-genotypeeval	23643
bioconductor-genphen	26328
bioconductor-genproseq	6455
bioconductor-genrank	24588
bioconductor-genvisr	52320
bioconductor-geodiff	11324
bioconductor-geoexplorer	8151
bioconductor-geofastq	10297
bioconductor-geometadb	40161
bioconductor-geometrid	73
bioconductor-geomxtools	13246
bioconductor-geoquery	106462
bioconductor-geosubmission	39330
bioconductor-geotcgadata	4044
bioconductor-gep2pep	27688
bioconductor-gesper	23528
bioconductor-getdee2	13356
bioconductor-geuvadistranscriptexpr	31323
bioconductor-geuvpack	15701
bioconductor-geuvstore2	12426
bioconductor-geva	12519
bioconductor-gewist	36896
bioconductor-geyser	72
bioconductor-gg4way	879
bioconductor-ggbase	27956
bioconductor-ggbio	82202
bioconductor-ggcyto	57269
bioconductor-ggdata	15792
bioconductor-gghumanmethcancerpanelv1.db	6490
bioconductor-ggkegg	1490
bioconductor-ggmanh	6720
bioconductor-ggmsa	7224
bioconductor-ggpa	19259
bioconductor-ggsc	2319
bioconductor-ggseqalign	462
bioconductor-ggspavis	9301
bioconductor-ggtools	21569
bioconductor-ggtree	235040
bioconductor-ggtreedendro	5724
bioconductor-ggtreeextra	15219
bioconductor-ggtreespace	75
bioconductor-gigsea	28573
bioconductor-gigseadata	28977
bioconductor-ginmapper	70
bioconductor-girafe	46257
bioconductor-gispa	27504
bioconductor-glad	31565
bioconductor-gladiatox	25035
bioconductor-glimma	40368
bioconductor-glmgampoi	273827
bioconductor-glmsparsenet	26506
bioconductor-globalancova	48998
bioconductor-globalseq	42632
bioconductor-globaltest	47649
bioconductor-gloscope	1209
bioconductor-gmapr	35979
bioconductor-gmicr	22033
bioconductor-gmoviz	14242
bioconductor-gmrp	35513
bioconductor-gnet2	29265
bioconductor-gnosis	2271
bioconductor-go.db	296926
bioconductor-goatea	69
bioconductor-goexpress	27801
bioconductor-gofuncr	38310
bioconductor-gofunction	20517
bioconductor-golubesets	40179
bioconductor-googlegenomics	4733
bioconductor-gopro	34476
bioconductor-goprofiles	25031
bioconductor-gosemsim	221856
bioconductor-goseq	93823
bioconductor-gosim	34849
bioconductor-gosorensen	6199
bioconductor-gostag	32683
bioconductor-gostats	67188
bioconductor-gosummaries	33602
bioconductor-gothic	52229
bioconductor-gotools	37570
bioconductor-gp53cdf	6608
bioconductor-gpa	23433
bioconductor-gpaexample	19511
bioconductor-gpart	28491
bioconductor-gpls	38134
bioconductor-gprege	22554
bioconductor-gpumagic	20955
bioconductor-gqtlbase	11743
bioconductor-gqtlstats	11543
bioconductor-grafgen	394
bioconductor-gramm4r	9653
bioconductor-granie	6130
bioconductor-granulator	11575
bioconductor-graper	23984
bioconductor-graph	219472
bioconductor-graphalignment	34349
bioconductor-graphat	39218
bioconductor-graphite	72230
bioconductor-graphpac	37617
bioconductor-grasp2db	6601
bioconductor-greengenes13.5mgdb	4812
bioconductor-grenits	36346
bioconductor-greylistchip	35814
bioconductor-grmetrics	42452
bioconductor-grndata	30981
bioconductor-grohmm	36156
bioconductor-grridge	24125
bioconductor-gsalightning	36326
bioconductor-gsar	25328
bioconductor-gsbenchmark	27672
bioconductor-gsca	40457
bioconductor-gscreend	19789
bioconductor-gse103322	9098
bioconductor-gse13015	9338
bioconductor-gse159526	9480
bioconductor-gse62944	27958
bioconductor-gseabase	113128
bioconductor-gseabenchmarker	30423
bioconductor-gsealm	35597
bioconductor-gseamining	14129
bioconductor-gsean	28657
bioconductor-gsgalgor	15184
bioconductor-gskb	18454
bioconductor-gsreg	47480
bioconductor-gsri	38050
bioconductor-gsva	98242
bioconductor-gsvadata	29902
bioconductor-gtrellis	39390
bioconductor-guideseq	35561
bioconductor-guitar	31414
bioconductor-gvenn	80
bioconductor-gviz	101051
bioconductor-gwas.bayes	18133
bioconductor-gwascat	30585
bioconductor-gwascatdata	4440
bioconductor-gwasdata	28837
bioconductor-gwastools	30662
bioconductor-gwasurvivr	26244
bioconductor-gwena	12789
bioconductor-gypsum	6358
bioconductor-h10kcod.db	6469
bioconductor-h20kcod.db	6315
bioconductor-h5mread	16218
bioconductor-h5vc	33922
bioconductor-h5vcdata	33206
bioconductor-hapfabia	47592
bioconductor-hapmap100khind	29505
bioconductor-hapmap100kxba	29176
bioconductor-hapmap370k	6758
bioconductor-hapmap500knsp	31166
bioconductor-hapmap500ksty	28012
bioconductor-hapmapsnp5	30419
bioconductor-hapmapsnp6	31590
bioconductor-harbchip	27515
bioconductor-harman	50393
bioconductor-harmandata	30521
bioconductor-harmonizedtcgadata	27110
bioconductor-harmonizr	2325
bioconductor-harshlight	44578
bioconductor-hca	12452
bioconductor-hcabrowser	13009
bioconductor-hcadata	23244
bioconductor-hcaexplorer	9722
bioconductor-hcamatrixbrowser	3417
bioconductor-hcatonsildata	2295
bioconductor-hcg110.db	8985
bioconductor-hcg110cdf	6547
bioconductor-hcg110probe	6395
bioconductor-hd2013sgi	24704
bioconductor-hdcytodata	28346
bioconductor-hdf5array	423246
bioconductor-hdo.db	74359
bioconductor-hdtd	35112
bioconductor-hdxmsqc	791
bioconductor-healthycontrolspresencechecker	5355
bioconductor-healthyflowdata	26721
bioconductor-heatmaps	43667
bioconductor-heatplus	51317
bioconductor-heebodata	31436
bioconductor-helloranges	37919
bioconductor-hellorangesdata	31173
bioconductor-help	37662
bioconductor-hem	45495
bioconductor-hermes	6279
bioconductor-heron	993
bioconductor-herper	18087
bioconductor-hgc	15359
bioconductor-hgfocus.db	8942
bioconductor-hgfocuscdf	6410
bioconductor-hgfocusprobe	5354
bioconductor-hgu133a.db	15971
bioconductor-hgu133a2.db	15146
bioconductor-hgu133a2cdf	6728
bioconductor-hgu133a2frmavecs	5707
bioconductor-hgu133a2probe	6865
bioconductor-hgu133abarcodevecs	28106
bioconductor-hgu133acdf	6939
bioconductor-hgu133afrmavecs	7491
bioconductor-hgu133aprobe	6701
bioconductor-hgu133atagcdf	6810
bioconductor-hgu133atagprobe	6428
bioconductor-hgu133b.db	7976
bioconductor-hgu133bcdf	5892
bioconductor-hgu133bprobe	6343
bioconductor-hgu133plus2.db	18243
bioconductor-hgu133plus2barcodevecs	24134
bioconductor-hgu133plus2cdf	7358
bioconductor-hgu133plus2cellscore	25998
bioconductor-hgu133plus2frmavecs	6150
bioconductor-hgu133plus2probe	6453
bioconductor-hgu219.db	6856
bioconductor-hgu219cdf	6442
bioconductor-hgu219probe	6312
bioconductor-hgu2beta7	32199
bioconductor-hgu95a.db	9595
bioconductor-hgu95acdf	5450
bioconductor-hgu95aprobe	6200
bioconductor-hgu95av2	7200
bioconductor-hgu95av2.db	13216
bioconductor-hgu95av2cdf	6723
bioconductor-hgu95av2probe	6342
bioconductor-hgu95b.db	10179
bioconductor-hgu95bcdf	6643
bioconductor-hgu95bprobe	6146
bioconductor-hgu95c.db	8144
bioconductor-hgu95ccdf	6365
bioconductor-hgu95cprobe	5526
bioconductor-hgu95d.db	8332
bioconductor-hgu95dcdf	5930
bioconductor-hgu95dprobe	6352
bioconductor-hgu95e.db	9119
bioconductor-hgu95ecdf	6970
bioconductor-hgu95eprobe	5879
bioconductor-hguatlas13k.db	6777
bioconductor-hgubeta7.db	6385
bioconductor-hgudkfz31.db	6493
bioconductor-hgug4100a.db	6317
bioconductor-hgug4101a.db	6425
bioconductor-hgug4110b.db	6342
bioconductor-hgug4111a.db	6391
bioconductor-hgug4112a.db	6397
bioconductor-hgug4845a.db	6445
bioconductor-hguqiagenv3.db	5547
bioconductor-hi16cod.db	6388
bioconductor-hiannotator	37008
bioconductor-hibag	56269
bioconductor-hibed	988
bioconductor-hicaggr	692
bioconductor-hicapture	71
bioconductor-hicbricks	26603
bioconductor-hiccompare	39667
bioconductor-hicdatahumanimr90	31714
bioconductor-hicdatalymphoblast	28092
bioconductor-hicdcplus	14762
bioconductor-hicdoc	6820
bioconductor-hicexperiment	3911
bioconductor-hicontacts	6452
bioconductor-hicontactsdata	6377
bioconductor-hicool	3971
bioconductor-hicparser	541
bioconductor-hicpotts	549
bioconductor-hicrep	29643
bioconductor-hicvenndiagram	2225
bioconductor-hiergwas	26449
bioconductor-hierinf	27794
bioconductor-highlyreplicatedrnaseq	18920
bioconductor-hiiragi2013	27058
bioconductor-hilbertcurve	26591
bioconductor-hilbertvis	62533
bioconductor-hilda	27816
bioconductor-hipathia	28587
bioconductor-hippo	16101
bioconductor-hireadsprocessor	24745
bioconductor-hireewas	36018
bioconductor-hitc	36059
bioconductor-hivcdnavantwout03	29367
bioconductor-hivprtplus2cdf	6913
bioconductor-hmdbquery	28506
bioconductor-hmmcopy	70923
bioconductor-hmp16sdata	26377
bioconductor-hmp2data	21485
bioconductor-hmyrib36	14324
bioconductor-holofoodr	536
bioconductor-hom.at.inp.db	6453
bioconductor-hom.ce.inp.db	7396
bioconductor-hom.dm.inp.db	7621
bioconductor-hom.dr.inp.db	7526
bioconductor-hom.hs.inp.db	16886
bioconductor-hom.mm.inp.db	7504
bioconductor-hom.rn.inp.db	7571
bioconductor-hom.sc.inp.db	7345
bioconductor-homo.sapiens	12925
bioconductor-homosapiendee2cellscore	76
bioconductor-hoodscanr	3077
bioconductor-hopach	49203
bioconductor-hpaanalyze	30606
bioconductor-hpannot	9124
bioconductor-hpar	72448
bioconductor-hpastainr	13867
bioconductor-hpip	9486
bioconductor-hpo.db	543
bioconductor-hs25kresogen.db	6399
bioconductor-hs6ug171.db	5953
bioconductor-hsagilentdesign026652.db	6361
bioconductor-hsmmsinglecell	64588
bioconductor-hspec	6350
bioconductor-hspeccdf	6288
bioconductor-hta20probeset.db	9154
bioconductor-hta20transcriptcluster.db	8906
bioconductor-hthgu133a.db	9114
bioconductor-hthgu133acdf	6331
bioconductor-hthgu133afrmavecs	6850
bioconductor-hthgu133aprobe	5950
bioconductor-hthgu133b.db	8463
bioconductor-hthgu133bcdf	5891
bioconductor-hthgu133bprobe	6608
bioconductor-hthgu133plusa.db	3855
bioconductor-hthgu133plusb.db	3944
bioconductor-hthgu133pluspm.db	3680
bioconductor-hthgu133pluspmcdf	6147
bioconductor-hthgu133pluspmprobe	5641
bioconductor-htmg430a.db	4018
bioconductor-htmg430acdf	6435
bioconductor-htmg430aprobe	6176
bioconductor-htmg430b.db	3464
bioconductor-htmg430bcdf	5804
bioconductor-htmg430bprobe	6045
bioconductor-htmg430pm.db	4025
bioconductor-htmg430pmcdf	6439
bioconductor-htmg430pmprobe	6630
bioconductor-htqpcr	39097
bioconductor-htrat230pm.db	3814
bioconductor-htrat230pmcdf	6133
bioconductor-htrat230pmprobe	6431
bioconductor-htratfocus.db	3985
bioconductor-htratfocuscdf	6343
bioconductor-htratfocusprobe	6463
bioconductor-htsanalyzer	9576
bioconductor-htseqgenie	25949
bioconductor-htseqtools	17504
bioconductor-htsfilter	38463
bioconductor-hu35ksuba.db	7757
bioconductor-hu35ksubacdf	5762
bioconductor-hu35ksubaprobe	6784
bioconductor-hu35ksubb.db	8988
bioconductor-hu35ksubbcdf	6378
bioconductor-hu35ksubbprobe	6413
bioconductor-hu35ksubc.db	8534
bioconductor-hu35ksubccdf	6394
bioconductor-hu35ksubcprobe	7085
bioconductor-hu35ksubd.db	8449
bioconductor-hu35ksubdcdf	5885
bioconductor-hu35ksubdprobe	6432
bioconductor-hu6800.db	8346
bioconductor-hu6800cdf	5979
bioconductor-hu6800probe	6528
bioconductor-hu6800subacdf	5521
bioconductor-hu6800subbcdf	6589
bioconductor-hu6800subccdf	6587
bioconductor-hu6800subdcdf	5415
bioconductor-hubmapr	261
bioconductor-hubpub	9280
bioconductor-huex.1.0.st.v2frmavecs	6739
bioconductor-huex10stprobeset.db	9365
bioconductor-huex10sttranscriptcluster.db	8967
bioconductor-huexexonprobesetlocation	6338
bioconductor-huexexonprobesetlocationhg18	6459
bioconductor-huexexonprobesetlocationhg19	6307
bioconductor-hugene.1.0.st.v1frmavecs	6136
bioconductor-hugene10stprobeset.db	7853
bioconductor-hugene10sttranscriptcluster.db	9513
bioconductor-hugene10stv1cdf	5776
bioconductor-hugene10stv1probe	6406
bioconductor-hugene11stprobeset.db	6755
bioconductor-hugene11sttranscriptcluster.db	9425
bioconductor-hugene20stprobeset.db	8867
bioconductor-hugene20sttranscriptcluster.db	8281
bioconductor-hugene21stprobeset.db	9197
bioconductor-hugene21sttranscriptcluster.db	9023
bioconductor-human.db0	28139
bioconductor-human1mduov3bcrlmm	6803
bioconductor-human1mv1ccrlmm	6795
bioconductor-human370quadv3ccrlmm	6773
bioconductor-human370v1ccrlmm	8367
bioconductor-human550v3bcrlmm	6591
bioconductor-human610quadv1bcrlmm	6702
bioconductor-human650v3acrlmm	6800
bioconductor-human660quadv1acrlmm	6710
bioconductor-humanaffydata	25722
bioconductor-humanchrloc	5852
bioconductor-humancytosnp12v2p1hcrlmm	6520
bioconductor-humanhippocampus2024	79
bioconductor-humanomni1quadv1bcrlmm	6712
bioconductor-humanomni25quadv1bcrlmm	6219
bioconductor-humanomni5quadv1bcrlmm	6823
bioconductor-humanomniexpress12v1bcrlmm	6888
bioconductor-humanstemcell	28228
bioconductor-humantranscriptomecompendium	24283
bioconductor-hummingbird	19901
bioconductor-huo22.db	6514
bioconductor-hvp	81
bioconductor-hwgcod.db	7052
bioconductor-hybridexpress	795
bioconductor-hybridmtest	36279
bioconductor-hyper	17621
bioconductor-hyperdraw	38304
bioconductor-hypergraph	39020
bioconductor-iaseq	35981
bioconductor-iasva	27315
bioconductor-ibbig	36870
bioconductor-ibh	38882
bioconductor-ibmq	39119
bioconductor-icare	39918
bioconductor-icens	40214
bioconductor-icetea	23747
bioconductor-icheck	24586
bioconductor-ichip	50406
bioconductor-iclusterplus	23319
bioconductor-icnv	23214
bioconductor-icobra	41643
bioconductor-ideal	34942
bioconductor-ideoviz	39450
bioconductor-idiogram	37063
bioconductor-idmappinganalysis	9506
bioconductor-idmappingretrieval	9476
bioconductor-idpr	18121
bioconductor-idr2d	21041
bioconductor-ifaa	3988
bioconductor-igblastr	2063
bioconductor-igc	25906
bioconductor-iggeneusage	27574
bioconductor-igvr	24499
bioconductor-igvshiny	87
bioconductor-ihw	57765
bioconductor-ihwpaper	30113
bioconductor-illumina450probevariants.db	34418
bioconductor-illuminadatatestfiles	29815
bioconductor-illuminahumanmethylation27k.db	7156
bioconductor-illuminahumanmethylation27kanno.ilmn12.hg19	6434
bioconductor-illuminahumanmethylation27kmanifest	6733
bioconductor-illuminahumanmethylation450kanno.ilmn12.hg19	25575
bioconductor-illuminahumanmethylation450kmanifest	17497
bioconductor-illuminahumanmethylation450kprobe	6188
bioconductor-illuminahumanmethylationepicanno.ilm10b2.hg19	10402
bioconductor-illuminahumanmethylationepicanno.ilm10b3.hg19	10248
bioconductor-illuminahumanmethylationepicanno.ilm10b4.hg19	14772
bioconductor-illuminahumanmethylationepicmanifest	15759
bioconductor-illuminahumanmethylationepicv2anno.20a1.hg38	1519
bioconductor-illuminahumanmethylationepicv2manifest	1652
bioconductor-illuminahumanmethylationmsaanno.ilm10a1.hg38	69
bioconductor-illuminahumanmethylationmsamanifest	76
bioconductor-illuminahumanv1.db	5812
bioconductor-illuminahumanv2.db	6481
bioconductor-illuminahumanv2beadid.db	6365
bioconductor-illuminahumanv3.db	6390
bioconductor-illuminahumanv4.db	6474
bioconductor-illuminahumanwgdaslv3.db	6404
bioconductor-illuminahumanwgdaslv4.db	6523
bioconductor-illuminaio	88468
bioconductor-illuminamousev1.db	6374
bioconductor-illuminamousev1p1.db	6561
bioconductor-illuminamousev2.db	14563
bioconductor-illuminaratv1.db	6328
bioconductor-iloreg	14069
bioconductor-imagehts	28868
bioconductor-imagetcga	87
bioconductor-imas	39384
bioconductor-imcdatasets	12819
bioconductor-imcrtools	9464
bioconductor-imetagene	12431
bioconductor-imman	27441
bioconductor-immapex	686
bioconductor-immunespacer	31995
bioconductor-immunoclust	36441
bioconductor-immunogenviewer	256
bioconductor-immunotation	10806
bioconductor-imodmix	99
bioconductor-imodmixdata	101
bioconductor-impcdata	28283
bioconductor-impulsede	23700
bioconductor-impulsede2	12748
bioconductor-impute	136169
bioconductor-indac.db	6319
bioconductor-indeed	25443
bioconductor-inetgrate	2192
bioconductor-infercnv	32475
bioconductor-infinityflow	11590
bioconductor-informeasure	13105
bioconductor-inpas	28058
bioconductor-inpower	39735
bioconductor-inspect	36589
bioconductor-intact	4358
bioconductor-intad	22854
bioconductor-intansv	26139
bioconductor-interaccircos	10732
bioconductor-interactionset	60341
bioconductor-interactivecomplexheatmap	10722
bioconductor-interactivedisplay	24270
bioconductor-interactivedisplaybase	123454
bioconductor-intercellar	11982
bioconductor-interest	31994
bioconductor-interminer	36991
bioconductor-intomics	3252
bioconductor-intramirexplorer	24204
bioconductor-inversion	41301
bioconductor-ioniser	37281
bioconductor-iontreedata	3173
bioconductor-ipac	36213
bioconductor-ipath	8155
bioconductor-ipddb	28265
bioconductor-ipo	43097
bioconductor-ippd	30105
bioconductor-iranges	2215266
bioconductor-irisfgm	9423
bioconductor-isanalytics	14504
bioconductor-iscream	665
bioconductor-isee	36324
bioconductor-iseede	2225
bioconductor-iseefier	249
bioconductor-iseehex	6376
bioconductor-iseehub	6300
bioconductor-iseeindex	2228
bioconductor-iseepathways	2226
bioconductor-iseetree	792
bioconductor-iseeu	18595
bioconductor-iseq	48861
bioconductor-islet	6234
bioconductor-islify	65
bioconductor-isobar	24215
bioconductor-isobayes	2936
bioconductor-isocorrector	30983
bioconductor-isocorrectorgui	23746
bioconductor-isoformswitchanalyzer	49299
bioconductor-isogenegui	24464
bioconductor-isolde	44964
bioconductor-isomirs	62589
bioconductor-italics	22876
bioconductor-italicsdata	30977
bioconductor-iterativebma	39595
bioconductor-iterativebmasurv	39392
bioconductor-iterclust	24797
bioconductor-iteremoval	19457
bioconductor-ivas	36424
bioconductor-ivygapse	26993
bioconductor-iwtomics	47098
bioconductor-iyer517	31439
bioconductor-jaspar2014	46343
bioconductor-jaspar2016	52467
bioconductor-jaspar2018	21129
bioconductor-jaspar2020	9690
bioconductor-jaspar2022	4120
bioconductor-jaspar2024	3276
bioconductor-jazaerimetadata.db	6267
bioconductor-jazzpanda	90
bioconductor-jctseqdata	19116
bioconductor-jmosaics	9605
bioconductor-joda	12503
bioconductor-johnsonkinasedata	69
bioconductor-junctionseq	28278
bioconductor-karyoploter	34714
bioconductor-katdetectr	4415
bioconductor-kboost	12099
bioconductor-kcsmart	50640
bioconductor-kebabs	51558
bioconductor-kegg.db	30682
bioconductor-keggandmetacoredzpathwaysgeo	31065
bioconductor-keggdzpathwaysgeo	38535
bioconductor-kegggraph	88556
bioconductor-kegglincs	35664
bioconductor-keggorthology	34325
bioconductor-keggprofile	14896
bioconductor-keggrest	760836
bioconductor-kidpack	29381
bioconductor-kimod	23295
bioconductor-kinswingr	24872
bioconductor-kissde	27172
bioconductor-kmcut	280
bioconductor-knowseq	21791
bioconductor-knowyourcg	1252
bioconductor-kodata	42509
bioconductor-koinar	827
bioconductor-lace	21253
bioconductor-lapmix	36735
bioconductor-lapointe.db	6314
bioconductor-lbe	40179
bioconductor-ldblock	26545
bioconductor-lea	38932
bioconductor-ledpred	27198
bioconductor-leebamviews	27030
bioconductor-lefser	15391
bioconductor-legato	72
bioconductor-lemur	3018
bioconductor-les	38741
bioconductor-leukemiaseset	23458
bioconductor-levi	37309
bioconductor-lfa	49907
bioconductor-lheuristic	71
bioconductor-liebermanaidenhic2009	27366
bioconductor-limma	951895
bioconductor-limmagui	28100
bioconductor-limpa	112
bioconductor-limpca	320
bioconductor-limrots	79
bioconductor-linc	30301
bioconductor-lineagepulse	24795
bioconductor-lineagespot	6317
bioconductor-linkhd	20251
bioconductor-linkset	69
bioconductor-linnorm	42968
bioconductor-lintind	6049
bioconductor-lionessr	57122
bioconductor-lipidr	18735
bioconductor-lipidtrend	71
bioconductor-liquidassociation	35203
bioconductor-lisaclust	11530
bioconductor-listeretalbsseq	25243
bioconductor-lmdme	40427
bioconductor-lmgene	24211
bioconductor-lobstahs	33369
bioconductor-loci2path	28265
bioconductor-logicfs	27086
bioconductor-logitt	44758
bioconductor-logolas	12534
bioconductor-lol	19101
bioconductor-lola	38504
bioconductor-looking4clusters	73
bioconductor-loomexperiment	35990
bioconductor-lowmaca	23910
bioconductor-lowmacaannotation	7056
bioconductor-lpe	40455
bioconductor-lpeadj	37168
bioconductor-lpnet	34205
bioconductor-lpsymphony	75443
bioconductor-lrbase.ath.eg.db	11070
bioconductor-lrbase.bta.eg.db	10697
bioconductor-lrbase.cel.eg.db	12965
bioconductor-lrbase.dme.eg.db	13263
bioconductor-lrbase.dre.eg.db	13187
bioconductor-lrbase.gga.eg.db	13002
bioconductor-lrbase.hsa.eg.db	12722
bioconductor-lrbase.mmu.eg.db	10186
bioconductor-lrbase.pab.eg.db	13105
bioconductor-lrbase.rno.eg.db	16468
bioconductor-lrbase.ssc.eg.db	13360
bioconductor-lrbase.xtr.eg.db	10757
bioconductor-lrbasedbi	26670
bioconductor-lrcell	11270
bioconductor-lrcelltypemarkers	12610
bioconductor-lumi	42699
bioconductor-lumibarnes	26284
bioconductor-lumihumanall.db	10197
bioconductor-lumihumanidmapping	6197
bioconductor-lumimouseall.db	6328
bioconductor-lumimouseidmapping	6420
bioconductor-lumiratall.db	6274
bioconductor-lumiratidmapping	6442
bioconductor-lungcanceracvssccgeo	45539
bioconductor-lungcancerlines	27660
bioconductor-lungexpression	28479
bioconductor-lute	738
bioconductor-lvsmirna	25352
bioconductor-lydata	30623
bioconductor-lymphoseq	25512
bioconductor-lymphoseqdb	6792
bioconductor-m10kcod.db	6401
bioconductor-m20kcod.db	6228
bioconductor-m3c	29472
bioconductor-m3d	30408
bioconductor-m3dexampledata	30117
bioconductor-m3drop	46718
bioconductor-m6aboost	8789
bioconductor-maanova	50738
bioconductor-maaslin2	19961
bioconductor-maaslin3	394
bioconductor-macarron	5464
bioconductor-macat	40427
bioconductor-macorrplot	45910
bioconductor-macpet	30326
bioconductor-macrophage	28717
bioconductor-macsdata	11543
bioconductor-macsquantifyr	20505
bioconductor-macsr	8193
bioconductor-made4	53807
bioconductor-madseq	34308
bioconductor-mafdb.1kgenomes.phase1.grch38	8707
bioconductor-mafdb.1kgenomes.phase1.hs37d5	7753
bioconductor-mafdb.1kgenomes.phase3.grch38	8552
bioconductor-mafdb.1kgenomes.phase3.hs37d5	8788
bioconductor-mafdb.esp6500si.v2.ssa137.grch38	6276
bioconductor-mafdb.esp6500si.v2.ssa137.hs37d5	5337
bioconductor-mafdb.exac.r1.0.grch38	9227
bioconductor-mafdb.exac.r1.0.hs37d5	9307
bioconductor-mafdb.exac.r1.0.nontcga.grch38	8780
bioconductor-mafdb.exac.r1.0.nontcga.hs37d5	8264
bioconductor-mafdb.gnomad.r2.0.1.grch38	6189
bioconductor-mafdb.gnomad.r2.0.1.hs37d5	3182
bioconductor-mafdb.gnomad.r2.1.grch38	7114
bioconductor-mafdb.gnomad.r2.1.hs37d5	7498
bioconductor-mafdb.gnomad.r3.0.grch38	5351
bioconductor-mafdb.gnomadex.r2.0.1.grch38	6271
bioconductor-mafdb.gnomadex.r2.0.1.hs37d5	2817
bioconductor-mafdb.gnomadex.r2.1.grch38	8733
bioconductor-mafdb.gnomadex.r2.1.hs37d5	10753
bioconductor-mafdb.topmed.freeze5.hg19	10490
bioconductor-mafdb.topmed.freeze5.hg38	10766
bioconductor-mafh5.gnomad.r3.0.grch38	5799
bioconductor-mafh5.gnomad.v3.1.1.grch38	5856
bioconductor-mafh5.gnomad.v3.1.2.grch38	3091
bioconductor-mafh5.gnomad.v4.0.grch38	69
bioconductor-maftools	57690
bioconductor-magar	12084
bioconductor-mageckflute	32857
bioconductor-magpie	3169
bioconductor-magrene	3981
bioconductor-mai	9182
bioconductor-maigespack	44942
bioconductor-mait	40922
bioconductor-maizecdf	6232
bioconductor-maizeprobe	5924
bioconductor-makecdfenv	54508
bioconductor-malaria.db0	23333
bioconductor-mammaprintdata	26422
bioconductor-manor	32156
bioconductor-manta	30044
bioconductor-mantelcorr	43609
bioconductor-mapkl	23788
bioconductor-mapkldata	29703
bioconductor-mapredictdsc	35192
bioconductor-mapscape	25774
bioconductor-maqcexpression4plex	31278
bioconductor-maqcsubset	25846
bioconductor-maqcsubsetafx	19887
bioconductor-maqcsubsetilm	26980
bioconductor-mariner	2601
bioconductor-marinerdata	3332
bioconductor-marker	76
bioconductor-marr	15866
bioconductor-marray	93768
bioconductor-martini	35955
bioconductor-maser	27744
bioconductor-masigpro	70766
bioconductor-maskbad	38379
bioconductor-massarray	44362
bioconductor-massir	42492
bioconductor-massspecwavelet	75102
bioconductor-mast	50883
bioconductor-mastr	3443
bioconductor-matchbox	28896
bioconductor-matrixgenerics	1496232
bioconductor-matrixqcvis	8758
bioconductor-matrixrider	36538
bioconductor-matter	62324
bioconductor-maxcontrastprojection	15815
bioconductor-mbamethyl	46379
bioconductor-mbased	42997
bioconductor-mbcb	25381
bioconductor-mbecs	6221
bioconductor-mbkmeans	33050
bioconductor-mbomic	3266
bioconductor-mbpcr	26891
bioconductor-mbqn	18774
bioconductor-mbqtl	2945
bioconductor-mbttest	44602
bioconductor-mcagui	12894
bioconductor-mcbiclust	25749
bioconductor-mcrestimate	20928
bioconductor-mcsea	26177
bioconductor-mcseadata	29232
bioconductor-mcsurvdata	26957
bioconductor-mdgsa	34158
bioconductor-mdp	28412
bioconductor-mdqc	47045
bioconductor-mdts	27887
bioconductor-meal	24073
bioconductor-measurementerror.cor	36289
bioconductor-meat	21398
bioconductor-meb	21487
bioconductor-medicagocdf	7457
bioconductor-medicagoprobe	6329
bioconductor-medips	52965
bioconductor-medipsdata	29487
bioconductor-medme	43929
bioconductor-meebodata	29981
bioconductor-megadepth	18840
bioconductor-meigor	37378
bioconductor-melissa	22527
bioconductor-memes	12765
bioconductor-merfishdata	4289
bioconductor-mergemaid	30154
bioconductor-mergeomics	46158
bioconductor-mesh.aca.eg.db	13590
bioconductor-mesh.aga.pest.eg.db	13340
bioconductor-mesh.ame.eg.db	11286
bioconductor-mesh.aml.eg.db	11076
bioconductor-mesh.ana.eg.db	13099
bioconductor-mesh.ani.fgsc.eg.db	12938
bioconductor-mesh.aor.db	13502
bioconductor-mesh.ath.eg.db	13335
bioconductor-mesh.bfl.eg.db	13189
bioconductor-mesh.bsu.168.eg.db	13336
bioconductor-mesh.bta.eg.db	11141
bioconductor-mesh.cal.sc5314.eg.db	13644
bioconductor-mesh.cbr.eg.db	13500
bioconductor-mesh.cel.eg.db	12668
bioconductor-mesh.cfa.eg.db	10333
bioconductor-mesh.cin.eg.db	10773
bioconductor-mesh.cja.eg.db	13102
bioconductor-mesh.cpo.eg.db	13499
bioconductor-mesh.cre.eg.db	11417
bioconductor-mesh.dan.eg.db	11578
bioconductor-mesh.db	23983
bioconductor-mesh.dda.3937.eg.db	8396
bioconductor-mesh.ddi.ax4.eg.db	13141
bioconductor-mesh.der.eg.db	13335
bioconductor-mesh.dgr.eg.db	13434
bioconductor-mesh.dme.eg.db	11010
bioconductor-mesh.dmo.eg.db	9133
bioconductor-mesh.dpe.eg.db	13219
bioconductor-mesh.dre.eg.db	10341
bioconductor-mesh.dse.eg.db	9211
bioconductor-mesh.dsi.eg.db	11121
bioconductor-mesh.dvi.eg.db	13337
bioconductor-mesh.dya.eg.db	13283
bioconductor-mesh.eca.eg.db	3077
bioconductor-mesh.eco.55989.eg.db	9023
bioconductor-mesh.eco.ed1a.eg.db	10191
bioconductor-mesh.eco.iai39.eg.db	9776
bioconductor-mesh.eco.k12.mg1655.eg.db	13195
bioconductor-mesh.eco.o157.h7.sakai.eg.db	12730
bioconductor-mesh.eco.umn026.eg.db	10054
bioconductor-mesh.eqc.eg.db	10180
bioconductor-mesh.gga.eg.db	13114
bioconductor-mesh.gma.eg.db	13223
bioconductor-mesh.hsa.eg.db	11788
bioconductor-mesh.laf.eg.db	13329
bioconductor-mesh.lma.eg.db	13801
bioconductor-mesh.mdo.eg.db	13881
bioconductor-mesh.mes.eg.db	13229
bioconductor-mesh.mga.eg.db	13365
bioconductor-mesh.miy.eg.db	13229
bioconductor-mesh.mml.eg.db	13503
bioconductor-mesh.mmu.eg.db	13371
bioconductor-mesh.mtr.eg.db	12588
bioconductor-mesh.nle.eg.db	11466
bioconductor-mesh.oan.eg.db	13235
bioconductor-mesh.ocu.eg.db	11390
bioconductor-mesh.oni.eg.db	13422
bioconductor-mesh.osa.eg.db	13672
bioconductor-mesh.pab.eg.db	11679
bioconductor-mesh.pae.pao1.eg.db	12419
bioconductor-mesh.pcr.db	13454
bioconductor-mesh.pfa.3d7.eg.db	13259
bioconductor-mesh.pto.eg.db	13641
bioconductor-mesh.ptr.eg.db	13932
bioconductor-mesh.rno.eg.db	12605
bioconductor-mesh.sce.s288c.eg.db	13411
bioconductor-mesh.sco.a32.eg.db	13265
bioconductor-mesh.sil.eg.db	13863
bioconductor-mesh.spu.eg.db	13554
bioconductor-mesh.ssc.eg.db	13418
bioconductor-mesh.syn.eg.db	13582
bioconductor-mesh.tbr.9274.eg.db	13290
bioconductor-mesh.tgo.me49.eg.db	10249
bioconductor-mesh.tgu.eg.db	12980
bioconductor-mesh.vvi.eg.db	13547
bioconductor-mesh.xla.eg.db	13429
bioconductor-mesh.xtr.eg.db	10518
bioconductor-mesh.zma.eg.db	13305
bioconductor-meshdbi	45699
bioconductor-meshes	38604
bioconductor-meshr	28522
bioconductor-meshsim	6792
bioconductor-meskit	20765
bioconductor-messina	54941
bioconductor-metaarray	35697
bioconductor-metab	29816
bioconductor-metabcombiner	20912
bioconductor-metabinr	6283
bioconductor-metaboannotation	6591
bioconductor-metabocoreutils	16464
bioconductor-metabodynamics	587
bioconductor-metaboliteidmapping	7300
bioconductor-metabolomicsworkbenchr	14564
bioconductor-metabomxtr	28831
bioconductor-metabosignal	36274
bioconductor-metacca	45048
bioconductor-metacyto	30617
bioconductor-metadict	76
bioconductor-metagene	21304
bioconductor-metagene2	21314
bioconductor-metagenomefeatures	15953
bioconductor-metagenomeseq	63242
bioconductor-metagxbreast	23572
bioconductor-metagxovarian	26854
bioconductor-metagxpancreas	20990
bioconductor-metahdep	53115
bioconductor-metams	52024
bioconductor-metamsdata	30144
bioconductor-metaneighbor	30071
bioconductor-metaphor	4484
bioconductor-metapod	270515
bioconductor-metapone	7362
bioconductor-metascope	3303
bioconductor-metaseq	54500
bioconductor-metaseqr	15681
bioconductor-metaseqr2	26738
bioconductor-metavizr	27034
bioconductor-metavolcanor	19416
bioconductor-metcirc	44678
bioconductor-methcp	16793
bioconductor-methimpute	40780
bioconductor-methinheritsim	25898
bioconductor-methodical	76
bioconductor-methped	47682
bioconductor-methreg	14169
bioconductor-methrix	25049
bioconductor-methtargetedngs	45923
bioconductor-methvisual	13062
bioconductor-methyanalysis	26252
bioconductor-methylaid	27257
bioconductor-methylaiddata	26101
bioconductor-methylcc	17646
bioconductor-methylclock	13925
bioconductor-methylclockdata	11574
bioconductor-methylgsa	19875
bioconductor-methylimp2	760
bioconductor-methylinheritance	26340
bioconductor-methylkit	82742
bioconductor-methylmix	27085
bioconductor-methylmnm	55026
bioconductor-methylpipe	56264
bioconductor-methylscaper	11733
bioconductor-methylseekr	47096
bioconductor-methylseqdata	14193
bioconductor-methylsig	17711
bioconductor-methylumi	52500
bioconductor-methyvim	15210
bioconductor-methyvimdata	13422
bioconductor-metid	27756
bioconductor-metmashr	507
bioconductor-metnet	22803
bioconductor-mfa	40751
bioconductor-mfuzz	30633
bioconductor-mgfm	40592
bioconductor-mgfr	42413
bioconductor-mgnifyr	318
bioconductor-mgsa	57951
bioconductor-mgu74a.db	7433
bioconductor-mgu74acdf	5439
bioconductor-mgu74aprobe	6423
bioconductor-mgu74av2.db	8086
bioconductor-mgu74av2cdf	5860
bioconductor-mgu74av2probe	6454
bioconductor-mgu74b.db	8771
bioconductor-mgu74bcdf	6249
bioconductor-mgu74bprobe	6274
bioconductor-mgu74bv2.db	7810
bioconductor-mgu74bv2cdf	6422
bioconductor-mgu74bv2probe	6174
bioconductor-mgu74c.db	8934
bioconductor-mgu74ccdf	6353
bioconductor-mgu74cprobe	6682
bioconductor-mgu74cv2.db	9031
bioconductor-mgu74cv2cdf	6306
bioconductor-mgu74cv2probe	5963
bioconductor-mguatlas5k.db	6378
bioconductor-mgug4104a.db	6733
bioconductor-mgug4120a.db	5970
bioconductor-mgug4121a.db	5675
bioconductor-mgug4122a.db	17101
bioconductor-mi16cod.db	6253
bioconductor-mia	194331
bioconductor-miadash	60
bioconductor-miasim	8057
bioconductor-miatime	85
bioconductor-miaviz	10342
bioconductor-michip	42796
bioconductor-microbiome	89409
bioconductor-microbiomebenchmarkdata	6170
bioconductor-microbiomedasim	16364
bioconductor-microbiomedatasets	12481
bioconductor-microbiomeexplorer	14633
bioconductor-microbiomemarker	6576
bioconductor-microbiomeprofiler	9154
bioconductor-microbiotaprocess	20186
bioconductor-microrna	54664
bioconductor-micrornaome	27428
bioconductor-microstasis	3855
bioconductor-micsqtl	490
bioconductor-midashla	12298
bioconductor-migsa	19292
bioconductor-migsadata	23762
bioconductor-milor	15833
bioconductor-mimager	24804
bioconductor-mimosa	41018
bioconductor-mina	14316
bioconductor-mineica	33307
bioconductor-minet	51055
bioconductor-minfi	76417
bioconductor-minfidata	27331
bioconductor-minfidataepic	24494
bioconductor-minimumdistance	39139
bioconductor-minionsummarydata	32128
bioconductor-mipp	41431
bioconductor-miqc	12994
bioconductor-mira	28640
bioconductor-mirage	48398
bioconductor-mirbase.db	6924
bioconductor-mirbaseconverter	25908
bioconductor-mirbaseversions.db	14635
bioconductor-mircomp	26281
bioconductor-mircompdata	32257
bioconductor-mirintegrator	37061
bioconductor-mirit	3835
bioconductor-mirlab	10208
bioconductor-mirmine	24839
bioconductor-mirna102xgaincdf	6553
bioconductor-mirna10cdf	6380
bioconductor-mirna10probe	6931
bioconductor-mirna20cdf	5974
bioconductor-mirnameconverter	34426
bioconductor-mirnapath	43927
bioconductor-mirnatap	47764
bioconductor-mirnatap.db	11041
bioconductor-mirnatarget	27986
bioconductor-mirsm	28138
bioconductor-mirsponge	9991
bioconductor-mirsponger	34023
bioconductor-mirsynergy	27375
bioconductor-mirtarrnaseq	11666
bioconductor-missmethyl	35735
bioconductor-missrows	28246
bioconductor-mist	1929
bioconductor-mistyr	11856
bioconductor-mitch	20442
bioconductor-mitoclone2	7956
bioconductor-mitology	69
bioconductor-mitoode	25736
bioconductor-mitoodedata	16840
bioconductor-mixomics	32864
bioconductor-mlinterfaces	41350
bioconductor-mlm4omics	5011
bioconductor-mlp	46849
bioconductor-mlseq	36177
bioconductor-mm24kresogen.db	5941
bioconductor-mmagilentdesign026655.db	6016
bioconductor-mmappr2	20481
bioconductor-mmappr2data	22722
bioconductor-mmdiff	7242
bioconductor-mmdiff2	37990
bioconductor-mmdiffbamsubset	26752
bioconductor-mmnet	6798
bioconductor-mmpalatemirna	11452
bioconductor-mmuphin	19512
bioconductor-mnem	26173
bioconductor-moanin	11878
bioconductor-mobilerna	1955
bioconductor-mobilitytransformr	5448
bioconductor-moda	24767
bioconductor-modcon	11446
bioconductor-modstrings	24774
bioconductor-moe430a.db	8892
bioconductor-moe430acdf	6746
bioconductor-moe430aprobe	6384
bioconductor-moe430b.db	9085
bioconductor-moe430bcdf	6371
bioconductor-moe430bprobe	6736
bioconductor-moex10stprobeset.db	9165
bioconductor-moex10sttranscriptcluster.db	8076
bioconductor-moexexonprobesetlocation	6336
bioconductor-mofa	10888
bioconductor-mofa2	23258
bioconductor-mofadata	25536
bioconductor-mogamun	18372
bioconductor-mogene.1.0.st.v1frmavecs	6579
bioconductor-mogene10stprobeset.db	8789
bioconductor-mogene10sttranscriptcluster.db	9036
bioconductor-mogene10stv1cdf	6348
bioconductor-mogene10stv1probe	6349
bioconductor-mogene11stprobeset.db	8968
bioconductor-mogene11sttranscriptcluster.db	8994
bioconductor-mogene20stprobeset.db	6770
bioconductor-mogene20sttranscriptcluster.db	8741
bioconductor-mogene21stprobeset.db	8971
bioconductor-mogene21sttranscriptcluster.db	9118
bioconductor-mogsa	27134
bioconductor-moleculeexperiment	3962
bioconductor-moma	14920
bioconductor-monalisa	9133
bioconductor-monocle	71510
bioconductor-moonlight2r	1914
bioconductor-moonlightr	25632
bioconductor-mops	27466
bioconductor-mosaics	64247
bioconductor-mosaicsexample	27936
bioconductor-mosbi	13752
bioconductor-mosdef	1682
bioconductor-mosim	28264
bioconductor-motif2site	4547
bioconductor-motifbreakr	52629
bioconductor-motifcounter	48711
bioconductor-motifdb	52673
bioconductor-motifmatchr	50904
bioconductor-motifpeeker	94
bioconductor-motifrg	43899
bioconductor-motifstack	62737
bioconductor-motiftestr	795
bioconductor-motiv	45436
bioconductor-mouse.db0	28713
bioconductor-mouse4302.db	12958
bioconductor-mouse4302barcodevecs	28900
bioconductor-mouse4302cdf	11304
bioconductor-mouse4302frmavecs	6929
bioconductor-mouse4302probe	6691
bioconductor-mouse430a2.db	9043
bioconductor-mouse430a2cdf	6409
bioconductor-mouse430a2frmavecs	6830
bioconductor-mouse430a2probe	6532
bioconductor-mouseagingdata	71
bioconductor-mousechrloc	6212
bioconductor-mousefm	11503
bioconductor-mousegastrulationdata	18863
bioconductor-mousethymusageing	10708
bioconductor-mpac	267
bioconductor-mpedbarray.db	6910
bioconductor-mpfe	44546
bioconductor-mpo.db	2270
bioconductor-mpra	31481
bioconductor-mpranalyze	27322
bioconductor-mqmetrics	10674
bioconductor-mqtl.nmr	11246
bioconductor-msa	41496
bioconductor-msa2dist	8263
bioconductor-msbackendmassbank	12392
bioconductor-msbackendmetabolights	550
bioconductor-msbackendmgf	11745
bioconductor-msbackendmsp	5104
bioconductor-msbackendrawfilereader	8500
bioconductor-msbackendsql	4077
bioconductor-mscoreutils	37980
bioconductor-msd16s	25370
bioconductor-msdata	33740
bioconductor-msdatahub	2415
bioconductor-mseadbi	6529
bioconductor-msexperiment	8849
bioconductor-msfeatures	15982
bioconductor-msgbsr	24346
bioconductor-msgfgui	11687
bioconductor-msgfplus	12928
bioconductor-msigdb	13396
bioconductor-msimpute	14384
bioconductor-mslp	6246
bioconductor-msmb	27878
bioconductor-msmseda	31238
bioconductor-msmstests	26410
bioconductor-msnbase	76567
bioconductor-msnid	46683
bioconductor-mspms	67
bioconductor-msprep	15596
bioconductor-mspurity	167111
bioconductor-mspuritydata	37918
bioconductor-msqc1	26197
bioconductor-msqrob2	11628
bioconductor-msquality	4011
bioconductor-msstats	64966
bioconductor-msstatsbig	1758
bioconductor-msstatsbiodata	18091
bioconductor-msstatsbionet	68
bioconductor-msstatsconvert	35564
bioconductor-msstatslip	10169
bioconductor-msstatslobd	13610
bioconductor-msstatsptm	14902
bioconductor-msstatsqc	28142
bioconductor-msstatsqcgui	27510
bioconductor-msstatsresponse	79
bioconductor-msstatssamplesize	19749
bioconductor-msstatsshiny	3429
bioconductor-msstatstmt	52008
bioconductor-msstatstmtptm	10644
bioconductor-mta10probeset.db	8995
bioconductor-mta10transcriptcluster.db	9122
bioconductor-mtbls2	30184
bioconductor-mtseeker	9415
bioconductor-mtseekerdata	9269
bioconductor-mu11ksuba.db	9068
bioconductor-mu11ksubacdf	6507
bioconductor-mu11ksubaprobe	6499
bioconductor-mu11ksubb.db	8955
bioconductor-mu11ksubbcdf	5812
bioconductor-mu11ksubbprobe	6272
bioconductor-mu15v1.db	6193
bioconductor-mu19ksuba.db	8989
bioconductor-mu19ksubacdf	6314
bioconductor-mu19ksubb.db	8359
bioconductor-mu19ksubbcdf	5835
bioconductor-mu19ksubc.db	7961
bioconductor-mu19ksubccdf	6425
bioconductor-mu22v3.db	6345
bioconductor-mu6500subacdf	6399
bioconductor-mu6500subbcdf	6453
bioconductor-mu6500subccdf	5939
bioconductor-mu6500subdcdf	6369
bioconductor-mudata	6049
bioconductor-mugaexampledata	28973
bioconductor-mulcom	51166
bioconductor-mulder2012	9487
bioconductor-muleadata	67
bioconductor-multiassayexperiment	233994
bioconductor-multibac	15800
bioconductor-multiclust	36066
bioconductor-multicrispr	14085
bioconductor-multidataset	51242
bioconductor-multigsea	19324
bioconductor-multihiccompare	26150
bioconductor-multimed	45174
bioconductor-multimir	27597
bioconductor-multimodalexperiment	2666
bioconductor-multiomicsviz	41836
bioconductor-multirnaflow	305
bioconductor-multiscan	51827
bioconductor-multisight	10044
bioconductor-multistateqtl	801
bioconductor-multiwgcna	1352
bioconductor-multiwgcnadata	74
bioconductor-multtest	351636
bioconductor-mumosa	11052
bioconductor-mungesumstats	15234
bioconductor-mus.musculus	6783
bioconductor-muscat	23810
bioconductor-muscdata	22078
bioconductor-muscle	36565
bioconductor-musicatk	14332
bioconductor-muspadata	70
bioconductor-mutationalpatterns	56143
bioconductor-mutscan	531
bioconductor-mvcclass	48262
bioconductor-mvgst	12440
bioconductor-mvoutdata	26282
bioconductor-mwastools	37310
bioconductor-mwgcod.db	5678
bioconductor-mygene	40753
bioconductor-myvariant	46207
bioconductor-mzid	60764
bioconductor-mzr	133076
bioconductor-nadfinder	39448
bioconductor-nanomethviz	18444
bioconductor-nanoporernaseq	15074
bioconductor-nanostringdiff	32974
bioconductor-nanostringnctools	12067
bioconductor-nanostringqcpro	25223
bioconductor-nanotator	20552
bioconductor-nanotube	9244
bioconductor-nanotubes	25148
bioconductor-narrowpeaks	16746
bioconductor-nbamseq	24495
bioconductor-nbsplice	30066
bioconductor-ncdfflow	72714
bioconductor-ncgtw	21559
bioconductor-ncigraph	43696
bioconductor-ncigraphdata	31583
bioconductor-ncrnatools	14349
bioconductor-ndexr	36868
bioconductor-nearbynding	15783
bioconductor-nebulosa	22379
bioconductor-neighbornet	26544
bioconductor-nem	30105
bioconductor-nempi	12211
bioconductor-nestlink	23752
bioconductor-netactivity	6315
bioconductor-netactivitydata	6082
bioconductor-netbenchmark	19513
bioconductor-netbiov	38948
bioconductor-netboost	18552
bioconductor-netboxr	12556
bioconductor-netdx	20890
bioconductor-netdx.examples	1989
bioconductor-nethet	36904
bioconductor-netomics	8432
bioconductor-netpathminer	54597
bioconductor-netprior	28624
bioconductor-netreg	34918
bioconductor-netresponse	35590
bioconductor-netsam	23806
bioconductor-netsmooth	26382
bioconductor-networkbma	40604
bioconductor-netzoor	7499
bioconductor-neuca	6959
bioconductor-neve2006	23269
bioconductor-newwave	15786
bioconductor-ngscopy	6237
bioconductor-ngscopydata	29559
bioconductor-ngsreports	28438
bioconductor-nipalsmcia	1781
bioconductor-nmrdata	72
bioconductor-nnnorm	45935
bioconductor-nnsvg	5766
bioconductor-noiseq	167275
bioconductor-nondetects	34741
bioconductor-norce	18900
bioconductor-normalize450k	24594
bioconductor-normalyzerde	26751
bioconductor-normqpcr	27718
bioconductor-normr	37223
bioconductor-norway981.db	6393
bioconductor-notame	96
bioconductor-notamestats	73
bioconductor-notameviz	63
bioconductor-nparc	18880
bioconductor-npgsea	45281
bioconductor-ntw	45242
bioconductor-nucleosim	44397
bioconductor-nucler	42180
bioconductor-nucpos	39342
bioconductor-nudge	17150
bioconductor-nugohs1a520180.db	6273
bioconductor-nugohs1a520180cdf	6015
bioconductor-nugohs1a520180probe	6403
bioconductor-nugomm1a520177.db	6353
bioconductor-nugomm1a520177cdf	5546
bioconductor-nugomm1a520177probe	6258
bioconductor-nullranges	9068
bioconductor-nullrangesdata	8583
bioconductor-nupop	37140
bioconductor-nxtirfcore	7601
bioconductor-nxtirfdata	9754
bioconductor-obmiti	11746
bioconductor-occugene	45557
bioconductor-ocplus	26786
bioconductor-oct4	23865
bioconductor-octad	6248
bioconductor-octad.db	5727
bioconductor-oder	4010
bioconductor-odseq	24184
bioconductor-ogre	6248
bioconductor-ogsa	30703
bioconductor-oligo	74423
bioconductor-oligoclasses	61846
bioconductor-oligodata	6176
bioconductor-olin	45882
bioconductor-olingui	25806
bioconductor-omada	6702
bioconductor-omadb	32231
bioconductor-omicade4	48360
bioconductor-omiccircos	47122
bioconductor-omicplotr	27253
bioconductor-omicrexposome	28105
bioconductor-omicsgmf	74
bioconductor-omicslonda	20276
bioconductor-omicsmarker	11165
bioconductor-omicsmlrepor	275
bioconductor-omicspca	20482
bioconductor-omicspcadata	25630
bioconductor-omicsprint	29130
bioconductor-omicsviewer	4964
bioconductor-omixer	18628
bioconductor-omnipathr	24984
bioconductor-ompbam	7588
bioconductor-omxplore	312
bioconductor-onassis	10982
bioconductor-onassisjavalibs	28645
bioconductor-oncomix	26106
bioconductor-oncoscanr	6304
bioconductor-oncoscore	25877
bioconductor-oncosimulr	47889
bioconductor-onesense	23715
bioconductor-onlinefdr	27098
bioconductor-ontoproc	25316
bioconductor-ontoprocdata	6076
bioconductor-opencyto	36289
bioconductor-openprimer	30119
bioconductor-openprimerui	23421
bioconductor-openstats	16792
bioconductor-operonhumanv3.db	8352
bioconductor-opossom	35869
bioconductor-oppar	57034
bioconductor-oppti	21714
bioconductor-optimalflow	18958
bioconductor-optimalflowdata	23530
bioconductor-opweight	31843
bioconductor-orderedlist	38512
bioconductor-orfhunter	14423
bioconductor-orfik	39434
bioconductor-org.ag.eg.db	28752
bioconductor-org.at.tair.db	29221
bioconductor-org.bt.eg.db	57225
bioconductor-org.ce.eg.db	119064
bioconductor-org.cf.eg.db	55002
bioconductor-org.dm.eg.db	80012
bioconductor-org.dr.eg.db	61877
bioconductor-org.eck12.eg.db	22232
bioconductor-org.ecsakai.eg.db	24504
bioconductor-org.gg.eg.db	51719
bioconductor-org.hbacteriophora.eg.db	71
bioconductor-org.hs.eg.db	226599
bioconductor-org.mm.eg.db	170953
bioconductor-org.mmu.eg.db	30926
bioconductor-org.mxanthus.db	9019
bioconductor-org.pf.plasmo.db	23329
bioconductor-org.pt.eg.db	25302
bioconductor-org.rn.eg.db	65975
bioconductor-org.sc.sgd.db	39695
bioconductor-org.ss.eg.db	57616
bioconductor-org.xl.eg.db	29217
bioconductor-organism.dplyr	28261
bioconductor-organismdbi	70384
bioconductor-orthogene	9716
bioconductor-orthology.eg.db	9187
bioconductor-orthos	2217
bioconductor-orthosdata	2267
bioconductor-osat	45234
bioconductor-oscope	46697
bioconductor-osta.data	93
bioconductor-otubase	44348
bioconductor-outlierd	34288
bioconductor-outrider	51126
bioconductor-outsplice	3980
bioconductor-oveseg	32276
bioconductor-paa	38376
bioconductor-packfinder	17572
bioconductor-padma	15741
bioconductor-padog	38701
bioconductor-paeg1acdf	6376
bioconductor-paeg1aprobe	6666
bioconductor-pagerank	15552
bioconductor-pairadise	25117
bioconductor-paircompviz	43264
bioconductor-pairedgsea	3965
bioconductor-pairkat	9207
bioconductor-pandar	35375
bioconductor-panelcn.mops	26609
bioconductor-pannbuilder	18266
bioconductor-panomir	4717
bioconductor-panp	42697
bioconductor-panr	43016
bioconductor-panther.db	20068
bioconductor-panviz	5568
bioconductor-panvizgenerator	20364
bioconductor-papi	26400
bioconductor-parathyroidse	25095
bioconductor-pareg	3753
bioconductor-parglms	27114
bioconductor-parody	45330
bioconductor-partcnv	2266
bioconductor-partheenmetadata.db	6331
bioconductor-pasilla	34183
bioconductor-pasillabamsubset	30098
bioconductor-pasillatranscriptexpr	27837
bioconductor-past	18368
bioconductor-path2ppi	49113
bioconductor-pathifier	37533
bioconductor-pathlinkr	68
bioconductor-pathmed	71
bioconductor-pathnet	42343
bioconductor-pathnetdata	27085
bioconductor-pathostat	35940
bioconductor-pathprint	21171
bioconductor-pathprintgeodata	18523
bioconductor-pathrender	36557
bioconductor-pathvar	39328
bioconductor-pathview	80434
bioconductor-pathwaypca	25930
bioconductor-pathwaysplice	9481
bioconductor-paxtoolsr	24780
bioconductor-pbase	25131
bioconductor-pbcmc	11561
bioconductor-pcaexplorer	53862
bioconductor-pcagopromoter	20091
bioconductor-pcagopromoter.hs.hg19	18746
bioconductor-pcagopromoter.mm.mm9	19138
bioconductor-pcagopromoter.rn.rn4	19104
bioconductor-pcamethods	96792
bioconductor-pcan	48402
bioconductor-pcatools	39622
bioconductor-pchicdata	55664
bioconductor-pcot2	31977
bioconductor-pcpheno	24390
bioconductor-pcxn	25830
bioconductor-pcxndata	30117
bioconductor-pd.081229.hg18.promoter.medip.hx1	6433
bioconductor-pd.2006.07.18.hg18.refseq.promoter	6522
bioconductor-pd.2006.07.18.mm8.refseq.promoter	6389
bioconductor-pd.2006.10.31.rn34.refseq.promoter	6382
bioconductor-pd.ag	5971
bioconductor-pd.aragene.1.0.st	6455
bioconductor-pd.aragene.1.1.st	6363
bioconductor-pd.atdschip.tiling	24756
bioconductor-pd.ath1.121501	6360
bioconductor-pd.barley1	6462
bioconductor-pd.bovgene.1.0.st	6726
bioconductor-pd.bovgene.1.1.st	5231
bioconductor-pd.bovine	6387
bioconductor-pd.bsubtilis	6545
bioconductor-pd.cangene.1.0.st	6453
bioconductor-pd.cangene.1.1.st	6395
bioconductor-pd.canine	6311
bioconductor-pd.canine.2	6368
bioconductor-pd.celegans	6133
bioconductor-pd.charm.hg18.example	5615
bioconductor-pd.chicken	6288
bioconductor-pd.chigene.1.0.st	6539
bioconductor-pd.chigene.1.1.st	6310
bioconductor-pd.chogene.2.0.st	5494
bioconductor-pd.chogene.2.1.st	7015
bioconductor-pd.citrus	6049
bioconductor-pd.clariom.d.human	6023
bioconductor-pd.clariom.s.human	5713
bioconductor-pd.clariom.s.human.ht	6284
bioconductor-pd.clariom.s.mouse	6448
bioconductor-pd.clariom.s.mouse.ht	6832
bioconductor-pd.clariom.s.rat	6474
bioconductor-pd.clariom.s.rat.ht	6356
bioconductor-pd.cotton	6378
bioconductor-pd.cyngene.1.0.st	5635
bioconductor-pd.cyngene.1.1.st	6433
bioconductor-pd.cyrgene.1.0.st	7635
bioconductor-pd.cyrgene.1.1.st	5626
bioconductor-pd.cytogenetics.array	6305
bioconductor-pd.drogene.1.0.st	8383
bioconductor-pd.drogene.1.1.st	5420
bioconductor-pd.drosgenome1	5717
bioconductor-pd.drosophila.2	5933
bioconductor-pd.e.coli.2	6759
bioconductor-pd.ecoli	6361
bioconductor-pd.ecoli.asv2	5786
bioconductor-pd.elegene.1.0.st	6372
bioconductor-pd.elegene.1.1.st	6360
bioconductor-pd.equgene.1.0.st	7396
bioconductor-pd.equgene.1.1.st	6509
bioconductor-pd.feinberg.hg18.me.hx1	6352
bioconductor-pd.feinberg.mm8.me.hx1	6303
bioconductor-pd.felgene.1.0.st	5439
bioconductor-pd.felgene.1.1.st	6393
bioconductor-pd.fingene.1.0.st	6110
bioconductor-pd.fingene.1.1.st	6372
bioconductor-pd.genomewidesnp.5	6244
bioconductor-pd.genomewidesnp.6	6272
bioconductor-pd.guigene.1.0.st	5864
bioconductor-pd.guigene.1.1.st	6421
bioconductor-pd.hc.g110	6391
bioconductor-pd.hg.focus	6419
bioconductor-pd.hg.u133.plus.2	6591
bioconductor-pd.hg.u133a	5558
bioconductor-pd.hg.u133a.2	6477
bioconductor-pd.hg.u133a.tag	6297
bioconductor-pd.hg.u133b	5621
bioconductor-pd.hg.u219	6516
bioconductor-pd.hg.u95a	6450
bioconductor-pd.hg.u95av2	5927
bioconductor-pd.hg.u95b	6520
bioconductor-pd.hg.u95c	6440
bioconductor-pd.hg.u95d	6434
bioconductor-pd.hg.u95e	6481
bioconductor-pd.hg18.60mer.expr	6294
bioconductor-pd.ht.hg.u133.plus.pm	6385
bioconductor-pd.ht.hg.u133a	6471
bioconductor-pd.ht.mg.430a	5518
bioconductor-pd.hta.2.0	6642
bioconductor-pd.hu6800	6456
bioconductor-pd.huex.1.0.st.v2	6704
bioconductor-pd.hugene.1.0.st.v1	6960
bioconductor-pd.hugene.1.1.st.v1	6782
bioconductor-pd.hugene.2.0.st	6566
bioconductor-pd.hugene.2.1.st	6443
bioconductor-pd.maize	6408
bioconductor-pd.mapping250k.nsp	6094
bioconductor-pd.mapping250k.sty	6373
bioconductor-pd.mapping50k.hind240	6489
bioconductor-pd.mapping50k.xba240	6158
bioconductor-pd.margene.1.0.st	6373
bioconductor-pd.margene.1.1.st	6444
bioconductor-pd.medgene.1.0.st	6324
bioconductor-pd.medgene.1.1.st	5702
bioconductor-pd.medicago	6979
bioconductor-pd.mg.u74a	5741
bioconductor-pd.mg.u74av2	6513
bioconductor-pd.mg.u74b	5763
bioconductor-pd.mg.u74bv2	6561
bioconductor-pd.mg.u74c	5703
bioconductor-pd.mg.u74cv2	6450
bioconductor-pd.mirna.1.0	6017
bioconductor-pd.mirna.2.0	5929
bioconductor-pd.mirna.3.0	5709
bioconductor-pd.mirna.3.1	6424
bioconductor-pd.mirna.4.0	6570
bioconductor-pd.moe430a	6261
bioconductor-pd.moe430b	7306
bioconductor-pd.moex.1.0.st.v1	6451
bioconductor-pd.mogene.1.0.st.v1	5843
bioconductor-pd.mogene.1.1.st.v1	6356
bioconductor-pd.mogene.2.0.st	6448
bioconductor-pd.mogene.2.1.st	6425
bioconductor-pd.mouse430.2	6645
bioconductor-pd.mouse430a.2	6419
bioconductor-pd.mta.1.0	6515
bioconductor-pd.mu11ksuba	6397
bioconductor-pd.mu11ksubb	6385
bioconductor-pd.nugo.hs1a520180	6663
bioconductor-pd.nugo.mm1a520177	6354
bioconductor-pd.ovigene.1.0.st	6425
bioconductor-pd.ovigene.1.1.st	5922
bioconductor-pd.pae.g1a	6414
bioconductor-pd.plasmodium.anopheles	6304
bioconductor-pd.poplar	6486
bioconductor-pd.porcine	6362
bioconductor-pd.porgene.1.0.st	6328
bioconductor-pd.porgene.1.1.st	6449
bioconductor-pd.rabgene.1.0.st	6358
bioconductor-pd.rabgene.1.1.st	6319
bioconductor-pd.rae230a	6057
bioconductor-pd.rae230b	6016
bioconductor-pd.raex.1.0.st.v1	6377
bioconductor-pd.ragene.1.0.st.v1	6382
bioconductor-pd.ragene.1.1.st.v1	6879
bioconductor-pd.ragene.2.0.st	5866
bioconductor-pd.ragene.2.1.st	6417
bioconductor-pd.rat230.2	6443
bioconductor-pd.rcngene.1.0.st	6789
bioconductor-pd.rcngene.1.1.st	6726
bioconductor-pd.rg.u34a	6460
bioconductor-pd.rg.u34b	6472
bioconductor-pd.rg.u34c	6591
bioconductor-pd.rhegene.1.0.st	6568
bioconductor-pd.rhegene.1.1.st	5249
bioconductor-pd.rhesus	6357
bioconductor-pd.rice	6344
bioconductor-pd.rjpgene.1.0.st	6763
bioconductor-pd.rjpgene.1.1.st	6299
bioconductor-pd.rn.u34	5399
bioconductor-pd.rta.1.0	6636
bioconductor-pd.rusgene.1.0.st	6196
bioconductor-pd.rusgene.1.1.st	6325
bioconductor-pd.s.aureus	6355
bioconductor-pd.soybean	6412
bioconductor-pd.soygene.1.0.st	6335
bioconductor-pd.soygene.1.1.st	6406
bioconductor-pd.sugar.cane	6709
bioconductor-pd.tomato	6440
bioconductor-pd.u133.x3p	6724
bioconductor-pd.vitis.vinifera	6392
bioconductor-pd.wheat	6305
bioconductor-pd.x.laevis.2	6302
bioconductor-pd.x.tropicalis	6348
bioconductor-pd.xenopus.laevis	6332
bioconductor-pd.yeast.2	6998
bioconductor-pd.yg.s98	6345
bioconductor-pd.zebgene.1.0.st	5886
bioconductor-pd.zebgene.1.1.st	6746
bioconductor-pd.zebrafish	5748
bioconductor-pdatk	9794
bioconductor-pdinfobuilder	46907
bioconductor-peacoqc	15482
bioconductor-peakcombiner	71
bioconductor-peakpanther	21720
bioconductor-peca	43732
bioconductor-peco	18655
bioconductor-pedbarrayv10.db	6384
bioconductor-pedbarrayv9.db	5985
bioconductor-pedixplorer	408
bioconductor-pengls	5703
bioconductor-pepdat	28034
bioconductor-pepsettest	787
bioconductor-pepsnmr	33778
bioconductor-pepsnmrdata	26136
bioconductor-pepstat	45591
bioconductor-pepxmltab	46870
bioconductor-perfect	17756
bioconductor-periodicdna	11309
bioconductor-perturbatr	21503
bioconductor-pfam.db	39596
bioconductor-pfamanalyzer	3319
bioconductor-pfp	6686
bioconductor-pga	9278
bioconductor-pgca	25664
bioconductor-pgsea	34575
bioconductor-pgxrpi	849
bioconductor-phantasus	26028
bioconductor-phantasuslite	1307
bioconductor-pharmacogx	29682
bioconductor-phastcons100way.ucsc.hg19	15179
bioconductor-phastcons100way.ucsc.hg38	6623
bioconductor-phastcons30way.ucsc.hg38	6577
bioconductor-phastcons35way.ucsc.mm39	2915
bioconductor-phastcons7way.ucsc.hg38	6078
bioconductor-phemd	12519
bioconductor-phenodist	11165
bioconductor-phenogeneranker	12361
bioconductor-phenomis	5714
bioconductor-phenopath	36168
bioconductor-phenotest	25263
bioconductor-phenstat	33958
bioconductor-philr	39396
bioconductor-phipdata	11922
bioconductor-phosphonormalizer	36614
bioconductor-phosr	15817
bioconductor-phylop35way.ucsc.mm39	2871
bioconductor-phyloprofile	35921
bioconductor-phyloprofiledata	21872
bioconductor-phyloseq	307486
bioconductor-pi	26005
bioconductor-piano	50396
bioconductor-picb	79
bioconductor-pickgene	45532
bioconductor-pics	53335
bioconductor-pig.db0	28579
bioconductor-pigengene	24598
bioconductor-ping	51056
bioconductor-pint	20950
bioconductor-pipecomp	13731
bioconductor-pipeframe	25151
bioconductor-pipets	813
bioconductor-pirat	2281
bioconductor-piuma	897
bioconductor-pkgdeptools	42177
bioconductor-planet	10740
bioconductor-planttfhunter	4022
bioconductor-plasfia	24037
bioconductor-plasmodiumanophelescdf	6338
bioconductor-plasmodiumanophelesprobe	6646
bioconductor-plasmut	2291
bioconductor-platecore	3242
bioconductor-plethy	38761
bioconductor-plgem	47972
bioconductor-plier	51417
bioconductor-plogo2	17865
bioconductor-plotgardener	19070
bioconductor-plotgardenerdata	9595
bioconductor-plotgrouper	26799
bioconductor-plpe	39156
bioconductor-plrs	12030
bioconductor-plsdabatch	661
bioconductor-plw	35345
bioconductor-plyinteractions	3270
bioconductor-plyranges	48206
bioconductor-plyxp	731
bioconductor-pmm	36829
bioconductor-pmp	16485
bioconductor-pmscanr	67
bioconductor-pocrcannotation.db	6329
bioconductor-podcall	12490
bioconductor-podkat	54703
bioconductor-poem	215
bioconductor-pogos	27396
bioconductor-polyester	23218
bioconductor-polyfit	33749
bioconductor-polyphen.hsapiens.dbsnp131	6621
bioconductor-polystest	69
bioconductor-polytect	75
bioconductor-poma	12878
bioconductor-poplarcdf	6297
bioconductor-poplarprobe	5781
bioconductor-porcine.db	9325
bioconductor-porcinecdf	6477
bioconductor-porcineprobe	6398
bioconductor-post	13480
bioconductor-potra	20837
bioconductor-powerexplorer	12563
bioconductor-powertcr	32593
bioconductor-powsc	12174
bioconductor-ppcseq	14546
bioconductor-ppidata	28951
bioconductor-ppinfer	38184
bioconductor-ppistats	33770
bioconductor-pqsfinder	48414
bioconductor-prada	41164
bioconductor-pram	23917
bioconductor-prebs	38317
bioconductor-prebsdata	25456
bioconductor-precisetad	15611
bioconductor-precisetadhub	12644
bioconductor-precisiontrialdrawer	18588
bioconductor-preda	37621
bioconductor-predasampledata	25758
bioconductor-predictionet	30104
bioconductor-preprocesscore	221867
bioconductor-primeviewcdf	6480
bioconductor-primeviewprobe	5989
bioconductor-primirtss	25253
bioconductor-prince	24500
bioconductor-prize	22818
bioconductor-proactiv	16140
bioconductor-probamr	47969
bioconductor-probatch	20776
bioconductor-process	34884
bioconductor-procoil	37855
bioconductor-proda	22081
bioconductor-prodata	28247
bioconductor-profia	53813
bioconductor-profileplyr	23957
bioconductor-profilescoredist	36512
bioconductor-progeny	29097
bioconductor-projectr	24321
bioconductor-proloc	44932
bioconductor-prolocdata	26830
bioconductor-prolocgui	29033
bioconductor-promise	41428
bioconductor-prone	2660
bioconductor-proper	44478
bioconductor-props	26646
bioconductor-prostar	27081
bioconductor-prostatecancercamcap	27242
bioconductor-prostatecancergrasso	26747
bioconductor-prostatecancerstockholm	30886
bioconductor-prostatecancertaylor	25999
bioconductor-prostatecancervarambally	29510
bioconductor-prot2d	14704
bioconductor-proteasy	3742
bioconductor-proteingymr	66
bioconductor-proteinprofiles	23882
bioconductor-proteodisco	9161
bioconductor-proteomicsannotationhubdata	26866
bioconductor-proteomm	25706
bioconductor-proteoqc	9994
bioconductor-protgear	6113
bioconductor-protgenerics	193635
bioconductor-psea	44385
bioconductor-psichomics	41705
bioconductor-psicquic	38822
bioconductor-psmatch	9786
bioconductor-psygenet2r	37578
bioconductor-ptairdata	12974
bioconductor-ptairms	11056
bioconductor-pth2o2lipids	25918
bioconductor-pubscore	16017
bioconductor-pulsedsilac	15973
bioconductor-puma	42518
bioconductor-pumadata	26176
bioconductor-purecn	71970
bioconductor-pvac	43408
bioconductor-pvca	36493
bioconductor-pviz	43752
bioconductor-pwalign	54083
bioconductor-pwmenrich	36703
bioconductor-pwmenrich.dmelanogaster.background	27832
bioconductor-pwmenrich.hsapiens.background	27042
bioconductor-pwmenrich.mmusculus.background	27508
bioconductor-pwomics	33060
bioconductor-pwrewas	17612
bioconductor-pwrewas.data	17806
bioconductor-qckitfastq	33959
bioconductor-qcmetrics	40058
bioconductor-qdnaseq	61966
bioconductor-qdnaseq.hg19	27488
bioconductor-qdnaseq.mm10	49878
bioconductor-qfeatures	20991
bioconductor-qmtools	4987
bioconductor-qpcrnorm	44732
bioconductor-qpgraph	52837
bioconductor-qplexanalyzer	29651
bioconductor-qplexdata	27105
bioconductor-qrqc	51435
bioconductor-qrscore	65
bioconductor-qsea	46173
bioconductor-qsmooth	25072
bioconductor-qsutils	26194
bioconductor-qsvar	6236
bioconductor-qtlexperiment	1882
bioconductor-qtlizer	21427
bioconductor-qualifier	21608
bioconductor-quantiseqr	15053
bioconductor-quantro	45025
bioconductor-quantsmooth	48098
bioconductor-quartpac	34726
bioconductor-quasr	47688
bioconductor-quaternaryprod	46937
bioconductor-qubic	35960
bioconductor-qubicdata	31125
bioconductor-qusage	51302
bioconductor-qvalue	310529
bioconductor-r10kcod.db	6351
bioconductor-r3cpet	38107
bioconductor-r3cseq	41878
bioconductor-r453plus1toolbox	36611
bioconductor-r4rna	43157
bioconductor-radiogx	15345
bioconductor-rae230a.db	9097
bioconductor-rae230acdf	6764
bioconductor-rae230aprobe	6834
bioconductor-rae230b.db	9020
bioconductor-rae230bcdf	6398
bioconductor-rae230bprobe	6833
bioconductor-raer	3187
bioconductor-raerdata	2214
bioconductor-raex10stprobeset.db	8882
bioconductor-raex10sttranscriptcluster.db	9073
bioconductor-raexexonprobesetlocation	6769
bioconductor-ragene10stprobeset.db	8893
bioconductor-ragene10sttranscriptcluster.db	9090
bioconductor-ragene10stv1cdf	7538
bioconductor-ragene10stv1probe	6302
bioconductor-ragene11stprobeset.db	8782
bioconductor-ragene11sttranscriptcluster.db	9255
bioconductor-ragene20stprobeset.db	8972
bioconductor-ragene20sttranscriptcluster.db	8643
bioconductor-ragene21stprobeset.db	8935
bioconductor-ragene21sttranscriptcluster.db	9086
bioconductor-raggedexperiment	38468
bioconductor-raids	1357
bioconductor-rain	42617
bioconductor-rama	50846
bioconductor-ramigo	18180
bioconductor-ramr	12543
bioconductor-ramwas	37767
bioconductor-randomwalkrestartmh	25556
bioconductor-randpack	41061
bioconductor-randrotation	21711
bioconductor-rankprod	37768
bioconductor-raresim	6377
bioconductor-rarevariantvis	38828
bioconductor-rariant	26809
bioconductor-rarr	8301
bioconductor-rat.db0	28072
bioconductor-rat2302.db	7815
bioconductor-rat2302cdf	6229
bioconductor-rat2302frmavecs	6021
bioconductor-rat2302probe	6147
bioconductor-ratchrloc	6950
bioconductor-rattoxfxcdf	6328
bioconductor-rattoxfxprobe	6936
bioconductor-rattus.norvegicus	6764
bioconductor-rawdiag	77
bioconductor-rawrr	6890
bioconductor-rbcbook1	45001
bioconductor-rbec	14522
bioconductor-rbgl	134744
bioconductor-rbioformats	4233
bioconductor-rbioinf	55190
bioconductor-rbiopaxparser	44138
bioconductor-rblast	788
bioconductor-rbm	45786
bioconductor-rbowtie	59633
bioconductor-rbowtie2	39424
bioconductor-rbsurv	42790
bioconductor-rbwa	7586
bioconductor-rcade	20197
bioconductor-rcas	81333
bioconductor-rcaspar	46982
bioconductor-rcellminer	28371
bioconductor-rcellminerdata	31317
bioconductor-rcgh	33603
bioconductor-rchemcpp	30795
bioconductor-rchyoptimyx	18063
bioconductor-rcistarget	31759
bioconductor-rcistarget.hg19.motifdbs.cisbponly.500bp	27578
bioconductor-rcm	24322
bioconductor-rcollectl	2679
bioconductor-rcpi	25334
bioconductor-rcsl	8916
bioconductor-rcwl	15205
bioconductor-rcwlpipelines	20007
bioconductor-rcx	8008
bioconductor-rcy3	42958
bioconductor-rcyjs	23733
bioconductor-rcytoscape	20191
bioconductor-rdavidwebservice	13727
bioconductor-rdgidb	46285
bioconductor-rdisop	40431
bioconductor-rdrtoolbox	27918
bioconductor-reactome.db	50299
bioconductor-reactomecontentservice4r	11706
bioconductor-reactomegraph4r	10173
bioconductor-reactomegsa	21927
bioconductor-reactomegsa.data	20298
bioconductor-reactomepa	49061
bioconductor-readat	9509
bioconductor-readqpcr	41640
bioconductor-reb	18674
bioconductor-rebet	37894
bioconductor-rebook	12721
bioconductor-receptloss	14737
bioconductor-reconsi	15975
bioconductor-recount	51706
bioconductor-recount3	16890
bioconductor-recountmethylation	13840
bioconductor-recoup	44631
bioconductor-reder	41228
bioconductor-redisparam	6305
bioconductor-redseq	24835
bioconductor-reducedexperiment	65
bioconductor-refnet	28488
bioconductor-refplus	34105
bioconductor-regenrich	14834
bioconductor-regionalpcs	2246
bioconductor-regionalst	1530
bioconductor-regioner	79167
bioconductor-regionereloaded	4905
bioconductor-regionreport	30931
bioconductor-regparallel	29721
bioconductor-regsplice	35412
bioconductor-regutools	20907
bioconductor-remp	25290
bioconductor-repitools	64180
bioconductor-reportingtools	45131
bioconductor-repviz	24198
bioconductor-reqon	21342
bioconductor-residualmatrix	44296
bioconductor-resolve	6196
bioconductor-restfulse	24958
bioconductor-restfulsedata	26402
bioconductor-retrofit	4058
bioconductor-reusedata	2457
bioconductor-rexposome	29989
bioconductor-rfarm	20759
bioconductor-rfastp	22788
bioconductor-rflomics	100
bioconductor-rforproteomics	27241
bioconductor-rfpred	56493
bioconductor-rgadem	58922
bioconductor-rgalaxy	46970
bioconductor-rgenometracks	7122
bioconductor-rgenometracksdata	4055
bioconductor-rgin	30110
bioconductor-rgmql	23958
bioconductor-rgmqllib	34261
bioconductor-rgntx	6270
bioconductor-rgoslin	7574
bioconductor-rgraph2js	42628
bioconductor-rgraphviz	139068
bioconductor-rgreat	47463
bioconductor-rgsea	46733
bioconductor-rgsepd	45985
bioconductor-rgu34a.db	7575
bioconductor-rgu34acdf	5968
bioconductor-rgu34aprobe	5896
bioconductor-rgu34b.db	8948
bioconductor-rgu34bcdf	6455
bioconductor-rgu34bprobe	6406
bioconductor-rgu34c.db	8977
bioconductor-rgu34ccdf	6371
bioconductor-rgu34cprobe	6478
bioconductor-rguatlas4k.db	6768
bioconductor-rgug4105a.db	6274
bioconductor-rgug4130a.db	6306
bioconductor-rgug4131a.db	6878
bioconductor-rhdf5	804624
bioconductor-rhdf5client	42895
bioconductor-rhdf5filters	645255
bioconductor-rhdf5lib	780552
bioconductor-rhesus.db0	27760
bioconductor-rhesuscdf	6339
bioconductor-rhesusprobe	6038
bioconductor-rheumaticconditionwollbold	30302
bioconductor-rhinotyper	792
bioconductor-rhisat2	29568
bioconductor-rhtslib	1115535
bioconductor-rhvdm	6201
bioconductor-ri16cod.db	6472
bioconductor-ribocrypt	5156
bioconductor-ribodipa	14175
bioconductor-riboprofiling	44761
bioconductor-ribor	18799
bioconductor-riboseqr	44629
bioconductor-ribosomaldatabaseproject11.5mgdb	4663
bioconductor-ribosomeprofilingqc	28965
bioconductor-ricecdf	6673
bioconductor-riceprobe	6292
bioconductor-rifi	6305
bioconductor-rificomparative	3930
bioconductor-rigraphlib	979
bioconductor-rigvf	64
bioconductor-rimmport	44468
bioconductor-ringo	60906
bioconductor-ripat	13417
bioconductor-ripseeker	24164
bioconductor-ripseekerdata	9369
bioconductor-risa	45820
bioconductor-ritan	27541
bioconductor-ritandata	35787
bioconductor-river	27678
bioconductor-rjmcmcnucleosomes	35106
bioconductor-rlassocox	12345
bioconductor-rlhub	7252
bioconductor-rlmm	41584
bioconductor-rlseq	5076
bioconductor-rmagpie	27377
bioconductor-rmassbank	30035
bioconductor-rmassbankdata	30920
bioconductor-rmat	27932
bioconductor-rmelting	23177
bioconductor-rmir	29940
bioconductor-rmir.hs.mirna	10749
bioconductor-rmir.hsa	5591
bioconductor-rmmquant	39083
bioconductor-rmspc	8507
bioconductor-rnaagecalc	13568
bioconductor-rnadecay	41504
bioconductor-rnaeditr	12415
bioconductor-rnagilentdesign028282.db	5580
bioconductor-rnainteract	34141
bioconductor-rnainteractmapk	23152
bioconductor-rnaither	22937
bioconductor-rnamodr	22150
bioconductor-rnamodr.alkanilineseq	20627
bioconductor-rnamodr.data	20333
bioconductor-rnamodr.ml	22080
bioconductor-rnamodr.ribomethseq	20194
bioconductor-rnaprobr	32764
bioconductor-rnasense	20590
bioconductor-rnaseqcomp	45764
bioconductor-rnaseqcovarimpute	2272
bioconductor-rnaseqdata.hnrnpc.bam.chr14	26180
bioconductor-rnaseqmap	36528
bioconductor-rnaseqpower	50098
bioconductor-rnaseqr	23135
bioconductor-rnaseqrdata	27646
bioconductor-rnaseqsamplesize	41231
bioconductor-rnaseqsamplesizedata	36483
bioconductor-rnbeads	39248
bioconductor-rnbeads.hg19	38105
bioconductor-rnbeads.hg38	26548
bioconductor-rnbeads.mm10	33514
bioconductor-rnbeads.mm9	37235
bioconductor-rnbeads.rn5	39025
bioconductor-rnits	47080
bioconductor-rnu34.db	9461
bioconductor-rnu34cdf	6464
bioconductor-rnu34probe	5545
bioconductor-roar	50219
bioconductor-roastgsa	1571
bioconductor-roberts2005annotation.db	6302
bioconductor-roc	59102
bioconductor-rocpai	18176
bioconductor-rolde	3711
bioconductor-roleswitch	30383
bioconductor-rols	48815
bioconductor-rontotools	43528
bioconductor-ropls	83138
bioconductor-roseq	16356
bioconductor-rots	66327
bioconductor-rpa	41560
bioconductor-rprimer	5893
bioconductor-rprotobuflib	108088
bioconductor-rpsixml	30329
bioconductor-rpx	52329
bioconductor-rqc	37519
bioconductor-rqt	28213
bioconductor-rqubic	36941
bioconductor-rrbsdata	27244
bioconductor-rrdp	44385
bioconductor-rrdpdata	28465
bioconductor-rrho	46214
bioconductor-rrvgo	20544
bioconductor-rsamtools	1318844
bioconductor-rsbml	16470
bioconductor-rscudo	23900
bioconductor-rsemmed	15753
bioconductor-rseqan	34738
bioconductor-rsffreader	10071
bioconductor-rsubread	144842
bioconductor-rsvsim	42527
bioconductor-rsweep	18600
bioconductor-rta10probeset.db	8156
bioconductor-rta10transcriptcluster.db	9144
bioconductor-rtandem	24490
bioconductor-rtca	47853
bioconductor-rtcga	40530
bioconductor-rtcga.clinical	26610
bioconductor-rtcga.cnv	27703
bioconductor-rtcga.methylation	28422
bioconductor-rtcga.mirnaseq	31055
bioconductor-rtcga.mrna	42443
bioconductor-rtcga.mutations	28040
bioconductor-rtcga.pancan12	30003
bioconductor-rtcga.rnaseq	30631
bioconductor-rtcga.rppa	25029
bioconductor-rtcgatoolbox	45734
bioconductor-rtn	32758
bioconductor-rtnduals	27042
bioconductor-rtnsurvival	31671
bioconductor-rtopper	45357
bioconductor-rtpca	12476
bioconductor-rtracklayer	656574
bioconductor-rtreemix	52895
bioconductor-rtrm	45532
bioconductor-rtrmui	44888
bioconductor-rtu34.db	9034
bioconductor-rtu34cdf	6413
bioconductor-rtu34probe	6423
bioconductor-rucova	72
bioconductor-runibic	33343
bioconductor-ruvcorr	25875
bioconductor-ruvnormalize	38841
bioconductor-ruvnormalizedata	39217
bioconductor-ruvseq	76600
bioconductor-rvisdiff	2248
bioconductor-rvs	28374
bioconductor-rwgcod.db	6320
bioconductor-rwikipathways	31473
bioconductor-s4arrays	606204
bioconductor-s4vectors	2252015
bioconductor-safe	45109
bioconductor-sagenhaft	44614
bioconductor-sagx	37056
bioconductor-saigegds	34253
bioconductor-samexplorer	19465
bioconductor-sampleclassifier	22048
bioconductor-sampleclassifierdata	27875
bioconductor-samspectral	43045
bioconductor-sangeranalyser	13093
bioconductor-sangerseqr	43314
bioconductor-sanityr	519
bioconductor-santa	48658
bioconductor-sapfinder	24498
bioconductor-sarc	1303
bioconductor-sarks	15371
bioconductor-saser	787
bioconductor-saturn	14076
bioconductor-saureuscdf	6395
bioconductor-saureusprobe	6334
bioconductor-savr	42954
bioconductor-sbgnview	24971
bioconductor-sbgnview.data	27221
bioconductor-sbmlr	27941
bioconductor-sc3	50759
bioconductor-sc3-scripts	10426
bioconductor-scaedata	73
bioconductor-scafari	67
bioconductor-scale4c	28168
bioconductor-scaledmatrix	483487
bioconductor-scalign	11251
bioconductor-scan.upc	42395
bioconductor-scanmir	8410
bioconductor-scanmirapp	10963
bioconductor-scanmirdata	8888
bioconductor-scannotatr	9397
bioconductor-scannotatr.models	3964
bioconductor-scanvis	21622
bioconductor-scarray	12724
bioconductor-scarray.sat	5835
bioconductor-scatac.explorer	11061
bioconductor-scate	13334
bioconductor-scatedata	15566
bioconductor-scater	306726
bioconductor-scater-scripts	153
bioconductor-scatterhatch	8667
bioconductor-scbfa	21542
bioconductor-scbn	29078
bioconductor-scbubbletree	4491
bioconductor-sccb2	15598
bioconductor-scclassifr	4796
bioconductor-scclassify	12709
bioconductor-sccomp	4830
bioconductor-scdataviz	13179
bioconductor-scdblfinder	43558
bioconductor-scdd	28506
bioconductor-scddboost	4006
bioconductor-scde	48423
bioconductor-scdesign3	2371
bioconductor-scdiagnostics	776
bioconductor-scdotplot	555
bioconductor-scds	30874
bioconductor-scfa	15716
bioconductor-scfeaturefilter	28471
bioconductor-scfeatures	3512
bioconductor-scfind	18300
bioconductor-scgps	23145
bioconductor-scgraphverse	355
bioconductor-schex	22157
bioconductor-schiccompare	64
bioconductor-schot	19479
bioconductor-scider	1157
bioconductor-scifer	6302
bioconductor-scisi	32142
bioconductor-sclane	4093
bioconductor-sclcbam	28206
bioconductor-scmageck	14868
bioconductor-scmap	37528
bioconductor-scmerge	30501
bioconductor-scmet	6999
bioconductor-scmeth	24614
bioconductor-scmitomut	1327
bioconductor-scmultiome	4041
bioconductor-scmultisim	488
bioconductor-scnorm	37915
bioconductor-scone	31004
bioconductor-sconify	25947
bioconductor-scope	18798
bioconductor-scoreinvhap	28212
bioconductor-scoup	802
bioconductor-scp	16315
bioconductor-scpca	21566
bioconductor-scpdata	12363
bioconductor-scpipe	51629
bioconductor-scqtltools	71
bioconductor-scran	331049
bioconductor-scrapper	1811
bioconductor-screclassify	9209
bioconductor-screcover	25689
bioconductor-screencounter	4575
bioconductor-screenr	3736
bioconductor-screpertoire	15670
bioconductor-scrnaseq	39173
bioconductor-scrnaseqapp	3956
bioconductor-scruff	30612
bioconductor-scry	22246
bioconductor-scshapes	8119
bioconductor-scsr	12551
bioconductor-sctensor	24341
bioconductor-sctgif	23963
bioconductor-scthi	16954
bioconductor-scthi.data	16761
bioconductor-sctreeviz	6528
bioconductor-scuttle	506208
bioconductor-scvir	3996
bioconductor-sdams	25487
bioconductor-seahtrue	389
bioconductor-sechm	12345
bioconductor-segmenter	7269
bioconductor-segmentseq	43239
bioconductor-selectksigs	19765
bioconductor-selex	21673
bioconductor-semdist	43537
bioconductor-semisup	42712
bioconductor-sepa	23950
bioconductor-sepira	27352
bioconductor-seq.hotspot	4119
bioconductor-seq2pathway	38169
bioconductor-seq2pathway.data	42366
bioconductor-seqarchr	5438
bioconductor-seqarchrplus	3231
bioconductor-seqarray	44086
bioconductor-seqbias	35931
bioconductor-seqc	26075
bioconductor-seqcat	36140
bioconductor-seqcna	31331
bioconductor-seqcna.annot	29227
bioconductor-seqcombo	27147
bioconductor-seqgate	14334
bioconductor-seqgsea	39994
bioconductor-seqinfo	181141
bioconductor-seqlogo	119240
bioconductor-seqpattern	67150
bioconductor-seqplots	15216
bioconductor-seqsetvis	28522
bioconductor-seqsqc	25513
bioconductor-seqtools	56373
bioconductor-seqvartools	29084
bioconductor-seraster	70
bioconductor-serumstimulation	31138
bioconductor-sesame	31331
bioconductor-sesamedata	32435
bioconductor-seta	69
bioconductor-setools	21251
bioconductor-sevenbridges	32575
bioconductor-sevenc	26738
bioconductor-seventygenedata	29069
bioconductor-sfedata	5543
bioconductor-sgcp	3943
bioconductor-sgseq	46691
bioconductor-sharedobject	25367
bioconductor-shdz.db	6507
bioconductor-shiny.gosling	187
bioconductor-shinybiocloader	80
bioconductor-shinydsp	67
bioconductor-shinyepico	12040
bioconductor-shinymethyl	35546
bioconductor-shinymethyldata	28565
bioconductor-shinytandem	12481
bioconductor-shortread	767887
bioconductor-siamcat	27569
bioconductor-sictools	33278
bioconductor-sift.hsapiens.dbsnp132	6434
bioconductor-sift.hsapiens.dbsnp137	6547
bioconductor-sigar	24002
bioconductor-sigcheck	24751
bioconductor-sigfeature	25528
bioconductor-sigfuge	37502
bioconductor-siggenes	76818
bioconductor-sights	48771
bioconductor-signaturesearch	32146
bioconductor-signaturesearchdata	23620
bioconductor-signer	53737
bioconductor-signet	8739
bioconductor-signifinder	5593
bioconductor-sigpathway	50102
bioconductor-sigspack	20994
bioconductor-sigsquared	26324
bioconductor-silva128.1mgdb	4998
bioconductor-sim	48585
bioconductor-simat	38996
bioconductor-simbenchdata	11315
bioconductor-simbindprofiles	44344
bioconductor-simbu	4608
bioconductor-simd	32749
bioconductor-simffpe	17798
bioconductor-similarpeak	42821
bioconductor-simlr	53378
bioconductor-simona	2630
bioconductor-simpic	801
bioconductor-simpintlists	39513
bioconductor-simpleaffy	40270
bioconductor-simpleseg	4482
bioconductor-simplifyenrichment	16292
bioconductor-simulatorz	23029
bioconductor-sincell	55462
bioconductor-single	5513
bioconductor-single.mtec.transcriptomes	28971
bioconductor-singlecellalleleexperiment	430
bioconductor-singlecellexperiment	629183
bioconductor-singlecellexperiment-scripts	10480
bioconductor-singlecellmultimodal	20346
bioconductor-singlecellsignalr	16609
bioconductor-singlecelltk	28613
bioconductor-singlemoleculefootprinting	11679
bioconductor-singlemoleculefootprintingdata	11310
bioconductor-singler	52276
bioconductor-singscore	28258
bioconductor-sipsic	3951
bioconductor-sispa	40672
bioconductor-sitadela	13950
bioconductor-site2target	71
bioconductor-sitepath	37388
bioconductor-sizepower	44601
bioconductor-sketchr	801
bioconductor-skewr	24918
bioconductor-slalom	38894
bioconductor-slgi	32180
bioconductor-slingshot	41162
bioconductor-slinky	22016
bioconductor-slqpcr	45364
bioconductor-smad	32498
bioconductor-smap	55676
bioconductor-smartid	2660
bioconductor-smartphos	64
bioconductor-smite	36143
bioconductor-smokingmouse	2280
bioconductor-smoothclust	350
bioconductor-smoppix	4277
bioconductor-snadata	28002
bioconductor-snagee	38500
bioconductor-snageedata	42286
bioconductor-snapcgh	29400
bioconductor-snapcount	18214
bioconductor-snifter	15683
bioconductor-snm	36294
bioconductor-snpchip	25025
bioconductor-snpediar	43877
bioconductor-snphood	45691
bioconductor-snphooddata	27601
bioconductor-snplocs.hsapiens.dbsnp.20101109	5045
bioconductor-snplocs.hsapiens.dbsnp.20120608	6410
bioconductor-snplocs.hsapiens.dbsnp141.grch38	4567
bioconductor-snplocs.hsapiens.dbsnp142.grch37	4788
bioconductor-snplocs.hsapiens.dbsnp144.grch37	8262
bioconductor-snplocs.hsapiens.dbsnp144.grch38	11431
bioconductor-snplocs.hsapiens.dbsnp149.grch38	6255
bioconductor-snplocs.hsapiens.dbsnp150.grch38	6257
bioconductor-snplocs.hsapiens.dbsnp151.grch38	5029
bioconductor-snprelate	57552
bioconductor-snpstats	70204
bioconductor-soggi	49077
bioconductor-sojourner	21743
bioconductor-somascan.db	2259
bioconductor-somaticadata	30088
bioconductor-somaticcanceralterations	28239
bioconductor-somaticsignatures	41742
bioconductor-somnibus	11367
bioconductor-sosta	128
bioconductor-soybeancdf	6340
bioconductor-soybeanprobe	6349
bioconductor-spacemarkers	812
bioconductor-spacepac	39115
bioconductor-spacetrooper	78
bioconductor-spacexr	200
bioconductor-spaniel	21914
bioconductor-spanorm	703
bioconductor-spari	549
bioconductor-sparrow	8802
bioconductor-sparsearray	581615
bioconductor-sparsedossa	24899
bioconductor-sparsematrixstats	576986
bioconductor-sparsenetgls	28586
bioconductor-sparsesignatures	27395
bioconductor-spasim	3370
bioconductor-spatialcpie	22993
bioconductor-spatialdatasets	2268
bioconductor-spatialde	7095
bioconductor-spatialdecon	16520
bioconductor-spatialdmelxsim	9172
bioconductor-spatialexperiment	31429
bioconductor-spatialexperimentio	96
bioconductor-spatialfda	1992
bioconductor-spatialfeatureexperiment	6665
bioconductor-spatialheatmap	15514
bioconductor-spatiallibd	18304
bioconductor-spatialomicsoverlay	2333
bioconductor-spatialsimgp	797
bioconductor-spatzie	7846
bioconductor-speckle	4003
bioconductor-specl	40108
bioconductor-specond	42980
bioconductor-spectra	21402
bioconductor-spectraltad	22028
bioconductor-spectraql	797
bioconductor-spem	44732
bioconductor-spia	47160
bioconductor-spiat	6384
bioconductor-spicey	68
bioconductor-spicyr	21615
bioconductor-spidermir	38930
bioconductor-spikein	27694
bioconductor-spikeinsubset	28175
bioconductor-spikeli	41731
bioconductor-spiky	8998
bioconductor-spillr	791
bioconductor-spktools	43199
bioconductor-splatter	42559
bioconductor-splicegear	26208
bioconductor-splicer	18235
bioconductor-splicesites	9193
bioconductor-splicewiz	7645
bioconductor-splicingfactory	11730
bioconductor-splicinggraphs	40228
bioconductor-splinedv	71
bioconductor-splinetimer	38691
bioconductor-splinter	43483
bioconductor-splots	46886
bioconductor-sponge	26434
bioconductor-spoon	792
bioconductor-spotclean	6623
bioconductor-spotlight	7232
bioconductor-spotsegmentation	23504
bioconductor-spotsweeper	196
bioconductor-spqn	12025
bioconductor-spqndata	16886
bioconductor-spsimseq	14331
bioconductor-sqldataframe	20353
bioconductor-squadd	44348
bioconductor-squallms	65
bioconductor-sracipe	31820
bioconductor-sradb	58835
bioconductor-srap	24418
bioconductor-srgnet	15039
bioconductor-srnadiff	38730
bioconductor-sscore	41175
bioconductor-sscu	42511
bioconductor-sseq	47519
bioconductor-ssize	44926
bioconductor-ssnappy	6723
bioconductor-sspa	43450
bioconductor-sspaths	21439
bioconductor-ssrch	18667
bioconductor-ssviz	43577
bioconductor-stabmap	306
bioconductor-stadyum	548
bioconductor-stager	34948
bioconductor-stan	42226
bioconductor-standr	5520
bioconductor-starank	40821
bioconductor-starbiotrek	34383
bioconductor-starr	38155
bioconductor-stategra	44511
bioconductor-statial	4813
bioconductor-stattarget	27940
bioconductor-stdeconvolve	2429
bioconductor-stemhypoxia	45166
bioconductor-stepnorm	44922
bioconductor-stexampledata	12653
bioconductor-stjoincount	6308
bioconductor-stjudem	27511
bioconductor-stpipe	386
bioconductor-strandcheckr	27288
bioconductor-streamer	51015
bioconductor-stringdb	52749
bioconductor-stroma4	25386
bioconductor-struct	17701
bioconductor-structstrings	33744
bioconductor-structtoolbox	37031
bioconductor-structuralvariantannotation	46151
bioconductor-subcellbarcode	24875
bioconductor-subcellularspatialdata	77
bioconductor-subseq	46406
bioconductor-sugarcanecdf	6422
bioconductor-sugarcaneprobe	6731
bioconductor-suitor	5023
bioconductor-summarizedbenchmark	26165
bioconductor-summarizedexperiment	1867543
bioconductor-summix	11718
bioconductor-supercellcyto	72
bioconductor-supersigs	11947
bioconductor-suprahex	50540
bioconductor-surfaltr	9620
bioconductor-surfr	66
bioconductor-survclust	882
bioconductor-survcomp	58386
bioconductor-survtype	21920
bioconductor-sushi	38560
bioconductor-sva	151595
bioconductor-svanumt	8239
bioconductor-svaplsseq	27669
bioconductor-svaretro	11041
bioconductor-svm2crm	21501
bioconductor-svm2crmdata	31591
bioconductor-svmdo	3351
bioconductor-svp	471
bioconductor-swath2stats	44395
bioconductor-swathxtend	44735
bioconductor-swfdr	27139
bioconductor-swimr	29031
bioconductor-switchbox	54364
bioconductor-switchde	43568
bioconductor-synapsis	9357
bioconductor-synapter	27811
bioconductor-synapterdata	20739
bioconductor-synaptome.data	3898
bioconductor-synaptome.db	7884
bioconductor-synergyfinder	58168
bioconductor-synextend	16238
bioconductor-synlet	40260
bioconductor-synmut	24792
bioconductor-syntenet	7803
bioconductor-systempiper	76803
bioconductor-systempiperdata	29534
bioconductor-systempipeshiny	15352
bioconductor-systempipetools	11534
bioconductor-tabulamurisdata	24543
bioconductor-tabulamurissenisdata	8757
bioconductor-tadar	1488
bioconductor-tadcompare	14149
bioconductor-tanggle	9446
bioconductor-tapseq	18247
bioconductor-target	21319
bioconductor-targetdecoy	8601
bioconductor-targetscan.hs.eg.db	10386
bioconductor-targetscan.mm.eg.db	5730
bioconductor-targetscore	45721
bioconductor-targetscoredata	27855
bioconductor-targetsearch	45016
bioconductor-targetsearchdata	31805
bioconductor-tarseqqc	46546
bioconductor-tartare	21343
bioconductor-taxsea	80
bioconductor-tbsignatureprofiler	11164
bioconductor-tbx20bamsubset	27822
bioconductor-tcc	33901
bioconductor-tcgabiolinks	47206
bioconductor-tcgabiolinksgui	24733
bioconductor-tcgabiolinksgui.data	42436
bioconductor-tcgacrcmirna	30990
bioconductor-tcgacrcmrna	31174
bioconductor-tcgamethylation450k	29563
bioconductor-tcgautils	28507
bioconductor-tcgawgbsdata.hg19	21997
bioconductor-tcgaworkflowdata	25105
bioconductor-tcseq	24225
bioconductor-tdaracne	34763
bioconductor-tdbasedufe	4091
bioconductor-tdbasedufeadv	2425
bioconductor-tekrabber	7283
bioconductor-tenet	63
bioconductor-tenet.annotationhub	65
bioconductor-tenet.experimenthub	69
bioconductor-tenxbraindata	26532
bioconductor-tenxbusdata	21965
bioconductor-tenxio	6428
bioconductor-tenxpbmcdata	26307
bioconductor-tenxplore	27463
bioconductor-tenxvisiumdata	11617
bioconductor-tenxxeniumdata	65
bioconductor-teqc	43464
bioconductor-terapadog	64
bioconductor-ternarynet	54932
bioconductor-terratcgadata	5841
bioconductor-test1cdf	6372
bioconductor-test2cdf	6389
bioconductor-test3cdf	6377
bioconductor-test3probe	6386
bioconductor-tfarm	28276
bioconductor-tfbstools	94190
bioconductor-tfea.chip	27280
bioconductor-tfhaz	28276
bioconductor-tfutils	28154
bioconductor-tidybulk	19048
bioconductor-tidycoverage	805
bioconductor-tidyflowcore	638
bioconductor-tidyomics	822
bioconductor-tidysbml	820
bioconductor-tidysinglecellexperiment	14857
bioconductor-tidyspatialexperiment	807
bioconductor-tidysummarizedexperiment	16271
bioconductor-tidytof	860
bioconductor-tigre	51650
bioconductor-tiledbarray	16663
bioconductor-tilingarray	37591
bioconductor-timecourse	46192
bioconductor-timecoursedata	15904
bioconductor-timeomics	18984
bioconductor-timerquant	31978
bioconductor-timescape	25528
bioconductor-timeseriesexperiment	21052
bioconductor-timirgen	14094
bioconductor-tin	36120
bioconductor-tinesath1cdf	36445
bioconductor-tinesath1probe	25783
bioconductor-tissueenrich	33381
bioconductor-tissuetreg	29593
bioconductor-titancna	82266
bioconductor-tkwidgets	31345
bioconductor-tloh	11849
bioconductor-tmexplorer	18750
bioconductor-tmixclust	26945
bioconductor-tmsig	351
bioconductor-tnbc.cms	24695
bioconductor-tnt	28161
bioconductor-toast	22138
bioconductor-tofsims	35774
bioconductor-tofsimsdata	30474
bioconductor-tomatocdf	6750
bioconductor-tomatoprobe	6116
bioconductor-tomoda	15524
bioconductor-tomoseqr	5942
bioconductor-top	3995
bioconductor-topaseq	20950
bioconductor-topconfects	24661
bioconductor-topdownr	28150
bioconductor-topdownrdata	27964
bioconductor-topgo	81194
bioconductor-toxicogx	18022
bioconductor-tpp	30925
bioconductor-tpp2d	25235
bioconductor-tpsvg	316
bioconductor-tracktables	39825
bioconductor-trackviewer	42165
bioconductor-tradeseq	27608
bioconductor-trajectorygeometry	8912
bioconductor-trajectoryutils	22374
bioconductor-transcriptogramer	26042
bioconductor-transcriptr	37424
bioconductor-transformgampoi	10172
bioconductor-transite	39117
bioconductor-translatome	31770
bioconductor-transmogr	1279
bioconductor-transomics2cytoscape	15493
bioconductor-transomicsdata	75
bioconductor-transview	49715
bioconductor-trare	7900
bioconductor-traser	45782
bioconductor-traviz	6997
bioconductor-treeandleaf	18548
bioconductor-treeclimbr	792
bioconductor-treeio	397407
bioconductor-treekor	11521
bioconductor-treesummarizedexperiment	211526
bioconductor-treg	6278
bioconductor-trena	20136
bioconductor-trendy	25244
bioconductor-tress	9294
bioconductor-tricycle	13174
bioconductor-trident	97
bioconductor-triform	28527
bioconductor-trigger	48495
bioconductor-trio	45052
bioconductor-triplex	52375
bioconductor-tripr	9345
bioconductor-trna	27842
bioconductor-trnadbimport	24344
bioconductor-trnascanimport	27068
bioconductor-tronco	27894
bioconductor-tsar	2319
bioconductor-tscan	46646
bioconductor-tscr	21793
bioconductor-tspair	43561
bioconductor-tsrchitect	19572
bioconductor-tssi	24204
bioconductor-ttgsea	12245
bioconductor-ttmap	27870
bioconductor-tuberculosis	7781
bioconductor-tumourmethdata	2153
bioconductor-turbonorm	47417
bioconductor-tvtb	38026
bioconductor-tweedeseq	62205
bioconductor-tweedeseqcountdata	21213
bioconductor-twilight	51968
bioconductor-twoddpcr	24621
bioconductor-txcutr	5999
bioconductor-txdb.athaliana.biomart.plantsmart22	6584
bioconductor-txdb.athaliana.biomart.plantsmart25	6474
bioconductor-txdb.athaliana.biomart.plantsmart28	6502
bioconductor-txdb.athaliana.biomart.plantsmart51	4021
bioconductor-txdb.btaurus.ucsc.bostau8.refgene	17532
bioconductor-txdb.btaurus.ucsc.bostau9.refgene	6355
bioconductor-txdb.celegans.ucsc.ce11.ensgene	10402
bioconductor-txdb.celegans.ucsc.ce11.refgene	34135
bioconductor-txdb.celegans.ucsc.ce6.ensgene	15116
bioconductor-txdb.cfamiliaris.ucsc.canfam3.refgene	14846
bioconductor-txdb.cfamiliaris.ucsc.canfam4.refgene	3986
bioconductor-txdb.cfamiliaris.ucsc.canfam5.refgene	3424
bioconductor-txdb.cfamiliaris.ucsc.canfam6.refgene	1211
bioconductor-txdb.dmelanogaster.ucsc.dm3.ensgene	16935
bioconductor-txdb.dmelanogaster.ucsc.dm6.ensgene	28907
bioconductor-txdb.drerio.ucsc.danrer10.refgene	27753
bioconductor-txdb.drerio.ucsc.danrer11.refgene	7371
bioconductor-txdb.ggallus.ucsc.galgal4.refgene	18616
bioconductor-txdb.ggallus.ucsc.galgal5.refgene	14836
bioconductor-txdb.ggallus.ucsc.galgal6.refgene	5615
bioconductor-txdb.hsapiens.biomart.igis	6514
bioconductor-txdb.hsapiens.ucsc.hg18.knowngene	21433
bioconductor-txdb.hsapiens.ucsc.hg19.knowngene	50150
bioconductor-txdb.hsapiens.ucsc.hg19.lincrnastranscripts	11804
bioconductor-txdb.hsapiens.ucsc.hg19.refgene	133
bioconductor-txdb.hsapiens.ucsc.hg38.knowngene	51083
bioconductor-txdb.hsapiens.ucsc.hg38.refgene	7121
bioconductor-txdb.mmulatta.ucsc.rhemac10.refgene	8010
bioconductor-txdb.mmulatta.ucsc.rhemac3.refgene	15166
bioconductor-txdb.mmulatta.ucsc.rhemac8.refgene	17585
bioconductor-txdb.mmusculus.ucsc.mm10.ensgene	19829
bioconductor-txdb.mmusculus.ucsc.mm10.knowngene	30109
bioconductor-txdb.mmusculus.ucsc.mm39.knowngene	4423
bioconductor-txdb.mmusculus.ucsc.mm39.refgene	7270
bioconductor-txdb.mmusculus.ucsc.mm9.knowngene	16180
bioconductor-txdb.ptroglodytes.ucsc.pantro4.refgene	17882
bioconductor-txdb.ptroglodytes.ucsc.pantro5.refgene	17451
bioconductor-txdb.ptroglodytes.ucsc.pantro6.refgene	5975
bioconductor-txdb.rnorvegicus.biomart.igis	6360
bioconductor-txdb.rnorvegicus.ucsc.rn4.ensgene	15031
bioconductor-txdb.rnorvegicus.ucsc.rn5.refgene	39352
bioconductor-txdb.rnorvegicus.ucsc.rn6.ncbirefseq	4873
bioconductor-txdb.rnorvegicus.ucsc.rn6.refgene	26368
bioconductor-txdb.rnorvegicus.ucsc.rn7.refgene	6002
bioconductor-txdb.scerevisiae.ucsc.saccer2.sgdgene	12069
bioconductor-txdb.scerevisiae.ucsc.saccer3.sgdgene	22422
bioconductor-txdb.sscrofa.ucsc.susscr11.refgene	17393
bioconductor-txdb.sscrofa.ucsc.susscr3.refgene	16026
bioconductor-txdbmaker	25699
bioconductor-tximeta	73881
bioconductor-tximport	213400
bioconductor-tximportdata	32532
bioconductor-txreginfra	15750
bioconductor-typeinfo	27741
bioconductor-u133aaofav2cdf	6372
bioconductor-u133x3p.db	6233
bioconductor-u133x3pcdf	6059
bioconductor-u133x3pprobe	6315
bioconductor-ucell	12459
bioconductor-ucsc.utils	195250
bioconductor-ucscrepeatmasker	2602
bioconductor-ularcirc	26027
bioconductor-umi4cats	16995
bioconductor-uncoverapplib	15136
bioconductor-undo	36352
bioconductor-unifiedwmwqpcr	35501
bioconductor-uniprot.ws	49193
bioconductor-uniprotkeywords	2237
bioconductor-uniquorn	37023
bioconductor-universalmotif	41750
bioconductor-updateobject	6276
bioconductor-updhmm	216
bioconductor-usort	28060
bioconductor-vaexprs	8577
bioconductor-vanillaice	50089
bioconductor-varcon	12256
bioconductor-variancepartition	51106
bioconductor-variantannotation	226536
bioconductor-variantexperiment	22424
bioconductor-variantfiltering	48080
bioconductor-varianttools	44370
bioconductor-varianttoolsdata	25409
bioconductor-vasp	17231
bioconductor-vbmp	44239
bioconductor-vcfarray	24065
bioconductor-vdjdive	5082
bioconductor-vectrapolarisdata	3983
bioconductor-vega	36051
bioconductor-vegamc	46632
bioconductor-velociraptor	14920
bioconductor-veloviz	8037
bioconductor-venndetail	26373
bioconductor-verso	14746
bioconductor-vidger	26746
bioconductor-viper	46858
bioconductor-viseago	20779
bioconductor-visiumio	868
bioconductor-visiumstitched	67
bioconductor-visse	12341
bioconductor-vitisviniferacdf	5614
bioconductor-vitisviniferaprobe	5774
bioconductor-vmrseq	67
bioconductor-voyager	5240
bioconductor-vplotr	15018
bioconductor-vsclust	7412
bioconductor-vsn	107832
bioconductor-vtpnet	24226
bioconductor-vulcan	22722
bioconductor-vulcandata	25379
bioconductor-waddr	26435
bioconductor-watermelon	38514
bioconductor-wavcluster	38077
bioconductor-wavetiling	25260
bioconductor-wavetilingdata	19492
bioconductor-weaver	41432
bioconductor-webbioc	37535
bioconductor-weberdivechalcdata	6280
bioconductor-weitrix	18745
bioconductor-wes.1kg.wugsc	31203
bioconductor-wgsmapp	18213
bioconductor-wheatcdf	5436
bioconductor-wheatprobe	6591
bioconductor-widgettools	26983
bioconductor-wiggleplotr	47619
bioconductor-worm.db0	28273
bioconductor-wpm	10478
bioconductor-wppi	10785
bioconductor-wrench	34918
bioconductor-xaitest	1914
bioconductor-xbseq	29409
bioconductor-xcell2	95
bioconductor-xcir	15590
bioconductor-xcms	122626
bioconductor-xcore	6272
bioconductor-xcoredata	6256
bioconductor-xde	50164
bioconductor-xeniumio	71
bioconductor-xenlite	695
bioconductor-xenopus.db0	20504
bioconductor-xenopuslaeviscdf	6616
bioconductor-xenopuslaevisprobe	6460
bioconductor-xeva	22695
bioconductor-xhybcasneuf	28046
bioconductor-xina	31019
bioconductor-xlaevis.db	6467
bioconductor-xlaevis2cdf	6369
bioconductor-xlaevis2probe	5707
bioconductor-xmapbridge	44179
bioconductor-xnastring	14110
bioconductor-xtrasnplocs.hsapiens.dbsnp141.grch38	5110
bioconductor-xtrasnplocs.hsapiens.dbsnp144.grch37	6763
bioconductor-xtrasnplocs.hsapiens.dbsnp144.grch38	6312
bioconductor-xtropicaliscdf	7271
bioconductor-xtropicalisprobe	5737
bioconductor-xvector	2047033
bioconductor-yamss	30042
bioconductor-yapsa	38504
bioconductor-yaqcaffy	23616
bioconductor-yarn	35484
bioconductor-ye6100subacdf	6367
bioconductor-ye6100subbcdf	6452
bioconductor-ye6100subccdf	6258
bioconductor-ye6100subdcdf	6351
bioconductor-yeast.db0	28125
bioconductor-yeast2.db	9950
bioconductor-yeast2cdf	6453
bioconductor-yeast2probe	6810
bioconductor-yeastcc	41433
bioconductor-yeastexpdata	45380
bioconductor-yeastgsdata	30842
bioconductor-yeastnagalakshmi	30776
bioconductor-yeastrnaseq	30959
bioconductor-ygs98.db	9125
bioconductor-ygs98cdf	6476
bioconductor-ygs98frmavecs	6742
bioconductor-ygs98probe	6403
bioconductor-yri1kgv	15386
bioconductor-yrimulti	12529
bioconductor-zebrafish.db	8575
bioconductor-zebrafish.db0	28145
bioconductor-zebrafishcdf	6474
bioconductor-zebrafishprobe	7316
bioconductor-zebrafishrnaseq	31590
bioconductor-zellkonverter	29670
bioconductor-zenith	6915
bioconductor-zfpkm	38168
bioconductor-zinbwave	44105
bioconductor-zitools	778
bioconductor-zlibbioc	1864332
bioconductor-zygositypredictor	3656
bioconvert	53953
biocutils	408
biodiff	8023
biodigest	1690
bioemu	896
bioepic	15018
bioexcel_seqqc	6507
biofastq-a	1254
bioflowkit	36
biofluff	62392
bioformats	8216
bioformats2raw	109
bioframe	67357
biogridpy	9996
bioinfokit	76307
biokit	60733
bioleads	536
biolib	44578
biolite	11531
biolite-tools	9419
biom-format	205720
biomaj	9352
bionetcomp	3136
bionumpy	44836
biopet	54733
biopet-bamstats	7200
biopet-basecounter	3921
biopet-extractadaptersfastqc	17616
biopet-fastqsplitter	4498
biopet-sampleconfig	14174
biopet-scatterregions	7769
biopet-seattleseqkit	5780
biopet-seqstat	15110
biopet-validateannotation	3870
biopet-validatefastq	9706
biopet-validatevcf	3497
biopet-vcffilter	4633
biopet-vcfstats	19773
biophi	24618
bioprov	9321
biopython	444571
biopython.convert	28735
bioservices	84526
biosniff	7514
biotdg	3195
biothings_client	52326
biotradis	17126
biotransformer	8884
bioutils	12719
biovalid	626
biowdl-input-converter	9517
biox	2067
bipangolin	183
bipode-httr	121
bird_tool_utils_python	22438
bis-snp	24330
bis-snp-utils	7250
biscot	2311
biscuit	40941
biskit	8607
bismark	127488
bistreroc	1736
bitmapperbs	25496
bitstring	14954
blacksheep-outliers	5025
blasr	43536
blasr_libcpp	32848
blast	3408213
blast-legacy	272595
blast2galaxy	1914
blastalign	16682
blastbesties	9873
blastdbbuilder	1602
blastmining	7076
blastn2dotplots	686
blat	64997
blaze2	2728
bleach	91060
blend-bio	2942
bleties	6151
blksheep	15535
blobtk	6784
blobtoolkit	1979
blobtools	13867
blockbuster	10358
blockclust	25260
bloocoo	8630
bloomfiltertrie	11369
blosum	15451
blue-crab	508
bmfilter	40579
bmge	6706
bmtagger	40147
bmtool	48505
bofasa	3071
bohra	95281
bold-identification	6279
bolt	16099
bolt-lmm	4771
boltons	13978
boms	4716
booster	7474
boquila	3253
borf	3201
botocore	11925
boutroslabplottinggeneral	8363
bowtie	810510
bowtie2	3907152
bpipe	134567
bpp-core	15060
bpp-phyl	15700
bpp-popgen	7222
bpp-seq	17150
bppsuite	156
bqc	5957
bqtools	2460
bracken	128352
braid	161
braid-mrf	2455
braker	11438
braker2	42050
braker3	10869
bramble	1565
branchsnv	42
brass	6781
brawn	12324
break-point-inspector	13280
breakdancer	11840
breakfast	16669
breakinator	1938
breakseq2	7017
breaktracer	1836
breseq	98005
broccoli	1111
brockman-pipeline	7253
bronko	6512
brooklyn_plot	3509
bs-seeker2	10285
bs_call	9533
bsaseq	85
bsmap	11211
bte	25765
btllib	68273
btrim	11955
bttcmp	9391
bttoxin_digger	27988
bttoxin_scanner	3215
btyper3	14353
bubblefinder	2058
bubblegun	918
bubblotter	47
bucketcache	9474
bufet	5626
bugseq-porechop	7355
buildh	11790
bullseye	191
bumbershoot	80881
burrito	47425
burrito-fillings	44635
burst	6113
busco	458637
busco_phylogenomics	2160
buscolite	3701
bustools	43846
bwa	2297358
bwa-aln-interactive	4100
bwa-fastalign	1200
bwa-mem2	147666
bwa-mem3	16021
bwa-mem4	190
bwa-meme	18842
bwakit	34974
bwameth	59449
bwapy	31050
bwise	5694
bwread	20622
bwtk	1871
bx-python	784452
bxtools	12912
bygul	2328
byobu	12815
c-ares	156399
c4counter	2429
caalm	77
cactus	34609
cactus-gfa-tools	695
cadd-scripts	9650
cadd-threshold-app	1220
caddsv	2041
cafe	35543
cage	26867
cagecleaner	4054
cagee	4962
calcs	2695
calib	17247
calisp	7369
calitas	4034
callerpp	5959
callingcardstools	14121
callstate	3884
calour	8492
cameo	14827
cami-amber	14130
cami-opal	22411
camisim2	890
camlhmp	8034
campyagainst	1486
campygstyper	651
cancerit-allelecount	39992
cannoli	40940
canopy	1421
cansam	11334
cansnper	9813
cansnper2	3303
canu	118325
canvas	11568
cap-mirseq	10802
cap3	17789
capc-map	15281
capcruncher	19813
capcruncher-tools	260
caper	58633
captus	50466
card_trick	15504
carna	44017
carnac-lr	6684
carp	3906
carpedeam	2268
cartools	2271
carveme	5582
cas-offinder	12588
cascade-config	2626
cascade-reg	129
caspeak	4282
cassiopee	12872
cassiopeia	5718
cassis	2714
cat	64748
catch	28375
catch_chimera	3049
catfasta2phyml	3111
cath-tools	14888
catnip-seq	391
cats-rb	1273
cats-rf	1392
cawlign	6463
cayman	893
cazy_webscraper	22478
cblaster	20182
ccat	8910
ccfind	100
ccmetagen	9217
ccne	5433
ccp4srs	846
ccphylo	6170
ccsmeth	11764
cctk	10084
cctyper	3065
cd-hit	248396
cd-hit-auxtools	23410
cdbtools	179858
cdhit-reader	9036
cdk-inchi-to-svg	3558
cdna_cupcake	103522
cdskit	7165
cdst	127
ceas	7373
cell-types-analysis	40182
cell2cell	7128
cellbender	3612
cellitac	264
cellosaurus	43
cellprofiler	20053
cellprofiler-core	29200
cellpyability	146
cellqc	10306
cellrank	57921
cellrank-krylov	48694
cellsnake	6074
cellsnp-lite	36738
celltypist	95285
celltypist-so	67
cellxgene	34185
cenmap	3743
cenote-taker3	8149
cenplot	935
censtats	1047
centreseq	7957
centrifuge	63265
centrifuge-core	12124
centrifuger	23201
centroid_rna_package	10954
centrosome	56555
cerberus-mg	110
cerberus-x	503
cesar	3908
cesm	21361
cfdna-biomarkersearch	165
cfm	8179
cfm-id	156
cfoldseeker	221
cgat-apps	44351
cgat-daisy	27327
cgat-pipelines-nosetests	6192
cgat-report	36959
cgat-scripts	34146
cgat-scripts-nosetests	6260
cgatcore	93999
cgcloud-lib	20285
cgecore	47309
cgelib	6782
cgmlst-dists	11977
cgmlst-dists-py	252
cgpbigwig	49444
cgranges	34375
cgt	1702
cgview	10472
chado-tools	26665
chain2paf	1119
chainc	231
chainmap	9758
chaintools	1491
chamois	1027
changeo	38323
chanjo	15149
chap	4497
chap_mddb	319
check-sort-order	23889
checkatlas	6363
checkm-genome	128147
checkm2	26349
checkqc	19623
checkv	59836
chelae	4214
chemap	1945
chemembed	41
chemfp	36629
chemproflow	159
cherri	6704
chewbbaca	109865
chewiesnake	4279
chexalign	6683
chexmix	14283
chia-rep	20604
chicagotools	16247
chip-r	3572
chipmunk	36
chips	9637
chipseq-greylist	16772
chira	61606
chiron	64101
chisel	17724
chiton	4364
chopper	60666
chorus2	19567
chromap	94103
chromatiblock	19129
chromeister	27461
chromhmm	40922
chromimpute	3042
chromograph	2853
chromoplot	79
chromosight	91754
chromosomer	6841
chromsize	5032
chronaeon	1003
chronumental	10981
chum	1422
chunked-scatter	9325
cialign	6659
cif-tools	1081
cifi	55321
cigar	14474
cima	29
circexplorer	39115
circexplorer2	116123
circlator	62821
circle-map	17109
circle-map-cpp	3880
circleseeker	2223
circmimi	48
circminer	7921
circos	279373
circos-tools	9835
circrna_finder	2571
circtools	9121
circularmapper	17008
circulocov	1313
ciri-as	365
ciri-full	1332
ciri2	327
ciriquant	2294
cirtap	8881
ciso8601	18040
cistrome-ceas	6825
cistrome_beta	9787
cite-seq-count	3910
citeable	531
cityhash	16986
civicpy	6944
cladebreaker	13078
cladeomatic	1928
clair	29764
clair3	87537
clair3-illumina	17128
clair3-trio	13632
clairvoyante	16831
clam	10284
clame	5817
clan	5518
clark	53848
classpro	977
clawbio	153
cleanifier	4518
clearcnv	5758
clearcut	9968
cleaverna	700
clermontyping	3007
clever-toolkit	55311
cligv	152
clincnv	733
clinker	7149
clinker-py	38625
clinod	10297
clinvar-this	38400
clinvar-tsv	19544
clipandmerge	8685
clipcontext	12817
clipkit	54125
clipper	2639
clippy	13382
cliquesnv	16046
cloci	2717
clonalframeml	154973
cloudspades	2202
clove	7527
clsify	2720
clumppling	1855
clust	42359
clustalo	368604
clustalw	547026
cluster-picker	6451
cluster_vcf_records	13046
clusterfunk	2860
clustergrammer	15584
clusterone	5356
clusterpicker	5970
clustrx	57
clusty	5531
cmaple	2324
cmappy	126739
cmash	13279
cmat	11382
cmfinder	20829
cmip	28916
cmph	8270
cmsearch_tblout_deoverlap	1425
cmseq	51202
cmsip	42071
cmv	29155
cnasim	1725
cnmf	9052
cnv_facets	46791
cnvetti	9874
cnvkit	268110
cnvnator	12067
cnvpytor	20063
coast	9396
coatran	4050
cobra	54336
cobra-meta	3233
cobs	15510
coconet-binning	12478
cocoscore	8662
codan	6894
codingorf	5077
codingquarry	36716
codoff	6977
codon-bias	387
codonw	10688
cofold	9797
cogclassifier	10152
cogent	58456
cogent3	28718
cogtriangles	4656
coidb	14793
coils	5861
coinfinder	59562
cojac	11986
colabfold	9273
collect-columns	9864
collect_mgf	8343
collectl	39296
colombo	25020
colorbrewer	12241
colord	6692
colorid_bv	1639
colormap	13253
coltron	35
combined-pvalues	23882
comebin	7177
comet-ms	391591
commec	4559
commet	13479
compalignp	7167
comparative-annotation-toolkit	6471
compare-reads	12704
comparem	7664
comparem2	18485
comparems2	8885
compleasm	12416
complexcgr	1422
compressed-lists	91
comseg	515
comut	3221
concoct	116204
concoord	4052
condiga	2001
conduit-assembler	4056
confindr	62504
conga	569
conifer	4826
conipher	3944
connectome-workbench	9940
connor	18731
conpair	6136
consan	142056
consel	7744
consensify	2387
consensusfixer	11886
consent	17565
conservation	155
consplice	2551
constava	1171
constax	48999
constellations	125053
constrain	165
contammix	6928
contatester	11728
conterminator	5180
contignet	2046
contigtax	6506
contrafold	10898
control-freec	38527
conus	7718
convert_zero_one_based	3746
coolbox	32538
cooler	325779
coolpuppy	5163
cooltools	367405
coot-headless	54899
coprarna	34356
coptr	1391
copybara-cf	85
coral	4897
core-snp-filter	4677
corekaburra	7222
coreprofiler	2416
coreutils	241619
corgi	2666
corneto	10664
corona_lineage_dynamics	2176
correlationplus	13036
corset	18922
corsid	8198
cortex_con	5948
cortexpy	36105
cosap	1161
cosg	2808
cosi2	54752
cosigt	6855
cospar	2735
count_constant_sites	4889
count_logan_tig_coverage	682
counterr	3008
cov-lineages	3766
covar	5030
coverageanomalyscanner	4212
coverm	64101
covid-spike-classification	36348
covsnap	543
covsonar	4707
covtobed	50793
cpat	45262
cpc2	2977
cpgeneprofiler	4178
cphasing-rs	8219
cpinsim	7792
cpstools	10081
cpt_gffparser	6005
cptac	31429
crabs	8256
cram-archiver	787
cramino	23588
cramtools	29633
craq	1697
crass	6668
crazydoc	580
crb-blast	9389
cressent	620
crimson	38327
crispector	14004
crispector2	9181
crisper_recognition_tool	12361
crispr_studio	4248
crisprbact	23578
crispresso	30848
crispresso2	189165
crispressosea	71
crisprhawk	221
crispritz	197845
crisprlungo	1522
crisprme	465242
crnsimulator	6269
crocodeel	4495
cromshell	54866
cromwell	120726
cromwell-tools	23850
croo	27913
crossfilt	2663
crossmap	110604
crumble	24453
crunchstat-summary	280
crussmap	3998
crux-toolkit	38046
cryfa	10250
cryptkeeper	508
crypto_typer	2235
cryptogenotyper	4807
cs-tagger	56
csb	8352
csblast	8582
csem	557
csi-ssu	298
cstag	33264
cstag-cli	5261
csubst	48305
csuite	156
csvtk	233802
ctat-lncrna	11390
ctat-metagenomics	6618
ctat-mutations	19079
ctc-scite	878
cthreepo	11601
ctseq	2386
ctxcore	5714
ctyper	1490
cufflinks	85484
cuna	1156
curare	12595
cured	1161
curesim	7251
curlywhirly	6669
curve-curator	102
curves	18245
customtkinter	7804
cutadapt	1589192
cutefc	1662
cutehap	1873
cutesv	60736
cutesv-ol	1432
cutqc	5572
cuttlefish	19836
cvanmf	708
cvbio	26625
cvlr	3800
cwl2wdl	20575
cwltest	50406
cwltool	164601
cycle_finder	2499
cycsim	314
cyntenator	4048
cyordereddict	14697
cyrcular	1023
cyto	122
cytocad	12201
cytome	86
cytoscape	130806
cytosnake	1524
cytotrace2-python	1700
cytozip	1197
cyushuffle	15888
cyvcf	6680
cyvcf2	1210060
czlab_perl_lib	1966
d4binding	5140
d4tools	27598
dadaist2	54938
dadaist2-full	11464
dadi	18018
dagchainer	6733
daisyblast	96
daisysuite	79294
dajin2	29063
daligner	28310
damageprofiler	47399
damasker	8427
damidseq_pipeline	13265
dammet	9300
dammit	39357
dampa	36366
danbing-tk	552
danpos	4036
danpos3	263
dapcy	2989
dark-matter	1532
darkprofiler	234
dart	35106
dart-adna	1348
dartunifrac	9618
dartunifrac-gpu	1784
das_tool	37631
dascrubber	14071
dashing	37023
dashing2	317
dastk	2792
data_hacks	7114
datafunk	9861
datamash	25263
datma	5500
dawg	9712
dazz_db	22267
dbcan	31269
dbcanlight	6207
dbg2olc	18101
dbghaplo	1235
dbgraph	9899
dca	47592
dcc	2336
dcmtk	23889
dcplib	40723
ddipy	9064
ddocent	122285
ddprimer	138
ddqc	374
ddquint	126
ddrage	61755
deacon	28495
deap	14862
debarcer	9584
deblur	553233
debreak	5639
debwt	9130
decenttree	559
dechat	3060
decifer	69109
decodiphy	425
decom	2018
deconveil	185
decoupler	6340
decoypyrat	3086
dedup	31429
deepac	48086
deepaccess	12184
deepaclive	11503
deepacstrain	9595
deepacvir	12951
deeparg	6281
deepbgc	76618
deepbinner	12607
deepblast	1122
deepchopper	13593
deepchopper-cli	15040
deepdetails	3142
deepdirect	3183
deepfplearn	2316
deeplc	123969
deeplcretrainer	13012
deeplift	19575
deepmased	6086
deepmedic	15933
deepmei	2775
deepmicro	6182
deepmicroclass	1382
deepmod	3705
deepnog	6904
deepsig	13446
deepsignal-plant	14460
deepstats	13114
deepsvr	3314
deeptaxa-rrna	674
deeptools	1235704
deeptoolsintervals	191775
deepvariant	88430
defense-finder	13427
defiant	7385
degenotate	21656
dehomopolymerate	10767
delegation	3596
delfies	371
delly	169427
delphy	4294
deltabs	6647
deltamsi	1068
deltapd	12595
delve-bio	1596
demultiplex	2127
demultiplexer	5990
demultiplexer2	888
demuxem	12934
demuxlet	7963
dendropy	981711
denovogear	6794
density-fitness	1402
deploid	11661
derip2	909
derna	4394
desalt	51203
desman	14930
detonate	8684
devider	7939
dextractor	14823
dfam	11953
dfast	67161
dfast_qc	33726
dgenies	20233
dia_umpire	20925
dialign-tx	142662
dialign2	11074
diamond	3084037
diamond_add_taxonomy	10717
diamondonpy	121
diapysef	7224
diatracer	1572
dice	2191
diced	20240
dicey	25458
diego	3155
difcover	1542
diffacto	3488
dig2	8102
digest	3038
digestiflow-cli	67882
digestiflow-demux	33265
dimet	12186
dimspy	27832
dinamo	12977
dinf	8831
dingii	1817
dinopy	69323
dinosaur	7115
dipcall	7611
dipgenie	74
diphase	2299
dipper	4512
directclean	84
dirseq	2465
discasm	11407
disco	118633
discosnp	42134
discount	288
discovar	6506
discovardenovo	7408
discovir	57
dist2mst	61
dist2mst-rs	479
dist_est	4237
distle	3076
distree	425
disty	9308
ditasic	6670
diting	243
dive-mri	30
divvier	11315
djcounter	66
djinn	2644
dkfz-bias-filter	17209
dlcpar	10246
dligand2	4707
dmbiolib	10796
dmox	3366
dms	3688
dmtools	836
dna-nn	3199
dna_features_viewer	42527
dnaapler	43897
dnacauldron	7726
dnachisel	56756
dnadotplot	361
dnaio	1263564
dnakit	2346
dnamarkmaker	1462
dnapi	29492
dnarrange	17740
dnaweaver	2993
dnaweaver_synbiocad	6005
dnmtools	16726
dnoise	3377
dnp-binstrings	8968
dnp-corrprofile	7768
dnp-diprofile	9438
dnp-fourier	7591
dnp-mapping	4561
docking_py	3242
dockq	1996
dodge	3884
doit	6053
domainator	179
domclust	12448
dominate	10965
domino	8007
dosage_score	1309
dot-explorer	35839
dotmatch	33449
doubletd	3075
doubletdetection	1820
downpore	22892
dpcstruct	826
dr-disco	102482
dragmap	17954
dragonflye	55105
dram	56571
drax	7484
dream-stellar	263
dreamtools	16430
drep	112431
drevalpy	258
drhip	645
drive	10691
drop	66623
dropbox	61053
dropest	12750
dropkick	1941
dropletutils-scripts	13955
dropseq_tools	31244
drprg	2250
drtransformer	2158
drug2cell	910
dscr	6315
dsh-bio	174049
dsk	27052
dsrc	47939
dudes	25908
duet	8499
dunovo	76618
dupblaster	4429
duphist	4591
duphold	65651
duplex-tools	18153
duplomap	13240
dupre	7544
dupsifter	4807
dvorfs	6187
dwgsim	21617
dx-cwl	70097
dxpy	979472
dxua	16700
dysgu	59442
e-pcr	5656
ea-utils	16203
eagle	21429
eagle2	1144
earlgrey	42433
earlgrey-partea	1739
easel	79709
eastr	6941
eastr-cpp	808
easy45	273
easy_vitessce	391
easypqp	80385
ebcsgen	16264
ebfilter	9672
ebi-eva-common-pyutils	14395
ebisearch	10448
ebolaseq	2541
echidna	401
echtvar	1730
ecmsd	1029
ecmwfapi	11990
ecolityper	528
ecopcr	7453
ecoprimers	9116
ecopy	17812
ectyper	32449
edd	12288
eden	31489
edena	9667
edentity	1649
edittag	10578
edlib	62889
edta	45087
eefinder	3382
effectivet3	8387
efishent	10401
ega-cryptor	456
ega2	3569
egap	5490
egglib	32585
eggnog-mapper	131100
eggs	529
egt	127
eider	649
eigen	42286
eigensoft	26965
eigenstratdatabasetools	11708
eklipse	2719
el_gato	9637
elastic-blast	45557
elasticluster	8998
elector	23530
elprep	68888
ema	24010
embassy-phylip	8475
embl-api-validator	15681
emblmygff3	15618
emboss	282685
emerald	6433
emeraldbgc	8260
emirge	12214
emits	385
emmix	7096
emmtyper	8445
emperor	44509
emptydrops	9182
emu	51408
emu-pca	22997
emuse	150
emvc-2	2531
ena-dl	3911
ena-upload-cli	71308
ena-webin-cli	154289
enabrowsertools	6467
enano	5876
enasearch	31998
enaswan	50
encode-blacklist	8758
encyclopedia	15748
endorspy	15482
enhancedsppider	167
enhjoerning	6469
enrichm	11230
ensembl-genomio	481
ensembl-py	826
ensembl-utils	9756
ensembl-vep	465904
ensemblcov	575
enteromark	175
enteroscope	394
entrez-direct	1969208
entrezpy	78260
enviroampdesigner	1129
enzbert	173
enzymm	469
enzywizard-aaprops	90
enzywizard-batch	266
enzywizard-clean	91
enzywizard-conservation	87
enzywizard-disorder	101
enzywizard-dock	353
enzywizard-embedding	90
enzywizard-energy	91
enzywizard-flexibility	89
enzywizard-hydrocluster	90
enzywizard-integrate	129
enzywizard-interaction	125
enzywizard-mut-batch	274
enzywizard-mut-clean	96
enzywizard-mut-integrate	117
enzywizard-pocket	354
enzywizard-substrate	90
eoulsan	23491
epa-ng	85831
ephemeris	65998
epic	126142
epic2	105788
epicore	2700
epicseg	9706
epik	2490
epimetheus-py	37312
epimuller	8987
episcanpy	6651
epiweeks	84212
eplacer	349
epydoc	6617
epytope	12258
eqtlbma	15846
equirep	1017
erds	5561
ericscript	15879
erne	8257
ervdetective	1719
ervmancer	3367
escher	3736
esimsa	5820
eskaks	59
eskrim	1199
esme_esmf_mpich_4_2_3	725
esme_esmf_mpich_4_3_1	564
esme_esmf_mvapich_4_0	723
esme_esmf_mvapich_4_0_ofi	397
esme_esmf_mvapich_4_0_ucx	574
esme_esmf_openmpi_4_1_6	643
esme_esmf_openmpi_5_0_6	674
esme_esmf_openmpi_5_0_7	678
esme_esmf_psmpi_4_3_2	762
esme_esmf_psmpi_5_10_0	549
esme_esmf_psmpi_5_12_1	210
esme_hdf5_mpich_4_2_3	732
esme_hdf5_mpich_4_3_1	199
esme_hdf5_mvapich_4_0	383
esme_hdf5_mvapich_4_0_ofi	386
esme_hdf5_mvapich_4_0_ucx	213
esme_hdf5_openmpi_4_1_6	718
esme_hdf5_openmpi_5_0_6	290
esme_hdf5_openmpi_5_0_7	307
esme_hdf5_psmpi_4_3_2	768
esme_hdf5_psmpi_5_10_0	176
esme_hdf5_psmpi_5_12_1	208
esme_mpich_4_2_3	572
esme_mpich_4_3_1	569
esme_mvapich_4_0	1139
esme_mvapich_4_0_ofi	385
esme_mvapich_4_0_ucx	190
esme_netcdf-c_mpich_4_2_3	722
esme_netcdf-c_mpich_4_3_1	62
esme_netcdf-c_mvapich_4_0	1138
esme_netcdf-c_mvapich_4_0_ofi	380
esme_netcdf-c_mvapich_4_0_ucx	215
esme_netcdf-c_openmpi_4_1_6	705
esme_netcdf-c_openmpi_5_0_6	299
esme_netcdf-c_openmpi_5_0_7	305
esme_netcdf-c_psmpi_4_3_2	734
esme_netcdf-c_psmpi_5_10_0	227
esme_netcdf-c_psmpi_5_12_1	195
esme_netcdf-fortran_mpich_4_2_3	357
esme_netcdf-fortran_mpich_4_3_1	572
esme_netcdf-fortran_mvapich_4_0	1150
esme_netcdf-fortran_mvapich_4_0_ofi	381
esme_netcdf-fortran_mvapich_4_0_ucx	72
esme_netcdf-fortran_openmpi_4_1_6	709
esme_netcdf-fortran_openmpi_5_0_6	663
esme_netcdf-fortran_openmpi_5_0_7	676
esme_netcdf-fortran_psmpi_4_3_2	388
esme_netcdf-fortran_psmpi_5_10_0	558
esme_netcdf-fortran_psmpi_5_12_1	200
esme_omb_mpich_4_2_3	349
esme_omb_mpich_4_3_1	189
esme_omb_mvapich_4_0	547
esme_omb_openmpi_4_1_6	243
esme_omb_openmpi_5_0_6	674
esme_omb_openmpi_5_0_7	671
esme_omb_psmpi_4_3_2	760
esme_omb_psmpi_5_10_0	545
esme_omb_psmpi_5_12_1	204
esme_openmpi_4_1_6	699
esme_openmpi_5_0_6	668
esme_openmpi_5_0_7	666
esme_pio_mpich_4_2_3	364
esme_pio_mpich_4_3_1	346
esme_pio_mvapich_4_0	1145
esme_pio_mvapich_4_0_ofi	379
esme_pio_mvapich_4_0_ucx	207
esme_pio_openmpi_4_1_6	361
esme_pio_openmpi_5_0_6	674
esme_pio_openmpi_5_0_7	668
esme_pio_psmpi_4_3_2	744
esme_pio_psmpi_5_10_0	178
esme_pio_psmpi_5_12_1	197
esme_pnetcdf_mpich_4_2_3	755
esme_pnetcdf_mpich_4_3_1	567
esme_pnetcdf_mvapich_4_0	762
esme_pnetcdf_mvapich_4_0_ofi	379
esme_pnetcdf_mvapich_4_0_ucx	571
esme_pnetcdf_openmpi_4_1_6	715
esme_pnetcdf_openmpi_5_0_6	242
esme_pnetcdf_openmpi_5_0_7	242
esme_pnetcdf_psmpi_4_3_2	767
esme_pnetcdf_psmpi_5_10_0	364
esme_pnetcdf_psmpi_5_12_1	191
esme_psmpi_4_3_2	776
esme_psmpi_5_10_0	550
esme_psmpi_5_12_1	187
esmre	7817
espresso	9058
est-sfs	2339
estmapper	18187
estscan	8762
esviritu	7039
eta	11525
ete2	28706
ete3	38424
eternafold	8498
etoki	2666
eukbin	81
eukcc	19631
eukdetect	400
eukfinder	1136
eukrep	6764
euktect	135
eukulele	25524
eutils	332
eva-sub-cli	235599
eval	4498
evehap	116
eviann	5484
evidencemodeler	33931
evigene	1758
evofold2	6302
evofr	67248
examine	2956
excludonfinder	3513
exomiser-rest-prioritiser	12131
exonerate	104097
expam	34301
expansionhunter	50677
expansionhunterdenovo	7539
exparna	8750
export2graphlan	19928
express	59452
expressbetadiversity	13161
extern	6573
extract-codon-alignment	3087
extract-sv-reads	31704
extract_fasta_seq	3615
extract_fullseq	40779
extract_genome_region	10300
extract_vcf	3511
extracthifi	4281
ezaai	6150
ezcharts	2436
ezclermont	17386
ezfastq	1343
ezomero	6204
f5c	302059
fa-lint	2269
fadapa	31687
fade	9338
fairease-source	2986
fairy	8073
falco	47889
falcoamadeus	107
falcon2	255
famdb	5608
famsa	198192
famseq	10438
famus	383
fanc	7039
fann	8315
faqcs	18602
fargene	6553
fast-beagle	102
fast-edit-distance	8537
fast-fasta-compressor	2323
fast2q	1279
fast5	248970
fast5-research	34925
fast5seek	13414
fasta-splitter	10473
fasta3	47933
fasta_ushuffle	9852
fasta_windows	10717
fastafunk	15557
fastagap	2691
fastaguard	1601
fastahack	43054
fastaindex	7179
fastalite	12267
fastan	1933
fastani	186103
fastaptamer	3257
fastcov	305
fastdtw	425402
fastdup	1871
fasten	31098
fastg2protlib	6285
fastga	3397
fastindep	8126
fastk	10200
fastkit	8149
fastlin	9718
fastlmm	13888
fastmd5	1756
fastme	69385
fastml	9282
fastmlst	33387
fastobo	91700
fastoma	1680
fastool	41898
fastools	2041
fastp	830626
fastphylo	8233
fastplong	15812
fastpmr	3847
fastppm	8850
fastq	10045
fastq-and-furious	36112
fastq-anonymous	7290
fastq-count	7061
fastq-dl	47000
fastq-dupaway	293
fastq-filter	31457
fastq-fix-i5	750
fastq-groupmerge	190
fastq-join	13629
fastq-multx	26072
fastq-pair	11590
fastq-scan	51049
fastq-screen	87383
fastq-tools	23114
fastq_utils	58610
fastqc	1514908
fastqc-rs	27667
fastqe	14471
fastqmetrics	8071
fastqoptifilter	1096
fastqpacker	983
fastqpuri	23383
fastqsplitter	28271
fastqtk	11852
fastquast	2070
fastreer	2189
fastremap-bio	2987
fastsimbac	7868
fastsimcoal2	3004
fastspar	27296
faststructure	14825
fasttree	1650651
fastuniq	12952
fastutils	15728
fastv	8172
fastx_toolkit	83147
fatslim_biobb	9060
favites_lite	2626
fba	10595
fc	1185
fcp	5474
fcsparser	40265
fdedup	2344
feature_merge	11846
fec	4869
feelnc	12741
feems	2616
fegenie	11526
feht	12607
fermi	10375
fermi-lite	11392
fermi2	194620
fermikit	6951
ferro-hgvs	6017
fetchmgs	578
ffgc	4102
ffindex	7354
ffindex-dbkit	6738
ffq	15681
fg-mako	2055
fg-sra	1456
fg-stitch	552
fgap	6648
fgbio	443654
fgbio-minimal	105887
fglatch	1917
fgmp	11869
fgpyo	26157
fgsmk	1868
fgsv	12999
fgumi	8548
fgwas	8506
fibertools-rs	68393
ficus	15638
fido	30642
figaro	3740
figtree	13676
fiji	40525
fiji-max_inscribed_circles	5485
fiji-morpholibj	9930
fiji-omero_ij	5660
fiji-simple_omero_client	3821
filechunkio	119264
filt3r	138
filtlong	59377
finaletoolkit	1404
find_circ	2449
find_differential_primers	16486
finemap	4362
fineradstructure	7001
finestructure	10276
fingerprintscan	4826
fings	9374
firecloud	41773
fisher	12493
fishplotpy	550
fishtaco	8360
fit_nbinom	29151
fithic	13119
fitter	38337
fjord	71
flagx	247
flaimapper	37521
flair	21887
flams	12246
flanker	10635
flapjack	22056
flash	42172
flash2	13527
flashalign	2082
flashlfq	81228
flashpca2	61
flask-admin	9677
flask-bootstrap	10351
flask-bower	13776
flask-markdown	9047
flask-nav	7405
flask-potion	8179
flavotyper	153
flexbar	26301
flexi-formatter	3611
flexidot	510
flexiformatter	1620
flexiplex	35980
flexserv	9173
flexsweep	1113
flextaxd	42992
flexynesis	8518
flight-genome	51829
flippyr	6625
flock	11319
floco	283
flopp	2260
floria	1573
flowcraft	45846
flumut	6518
flumutdb	5225
flux-simulator	7879
flye	275543
fmh-funprofiler	597
fmlrc	13382
fmlrc2	13268
fmsi	4910
foci-3d	70
focus	17085
foldcomp	8262
folddisco	2230
foldmason	8011
foldseek	621820
foldtree	2574
footprint	11299
forceatlas2-python	6404
forgi	31332
forked-path	7315
formulaic-contrasts	31464
forwardgenomics	1550
fpa	64755
fpocketr	284
fq	22303
fqfa	61
fqgrep	12741
fqtk	15727
fqtools	16111
fqtrim	7622
fqxv	2231
fqzcomp	6740
fracsim	71
frag_gene_scan_rs	810
fragbuilder	3487
fraggenescan	74245
fragpipe	2820
fraposa-pgsc	4464
frc	6695
fred2	22169
freddie	2330
freebayes	937827
freqsap	228
freyja	66641
frogs	39824
fsa	7090
fseq	6732
fsm-lite	8889
fsnviz	70960
fstic	457
ftputil	126884
fuc	88229
fufihla	655
fulgor	3241
fuma	21948
funannotate	55316
funannotate2	435
funcannot	5700
fungar	304
fungtion	171
funnel	9926
funtaxfinder	238
fununifrac	1907
fur	314
fusepy	8900
fusion-filter	8514
fusion-inspector	26054
fusion-report	25838
fusioncatcher	23696
fusioncatcher-seqtk	9885
fwdpp	44546
fwdpy	7389
fwdpy11	289013
fxsplit	990
fxtract	3196
ga4gh-happy-report	1228
ga4gh.cat_vrs	174
ga4gh.va_spec	310
ga4gh.vrs	326
ga4ghmongo	8165
gaas	8512
gadem	18240
gadma	27993
gafpack	1954
gaftools	1056
gait-gm	5969
galah	26952
galaxy-containers	25586
galaxy-data	10467
galaxy-files	19658
galaxy-files-full	2041
galaxy-ie-helpers	20755
galaxy-job-config-init	1258
galaxy-job-execution	1470
galaxy-lib	298599
galaxy-ml	78789
galaxy-objectstore	29319
galaxy-ops	16796
galaxy-parsec	23912
galaxy-schema	7536
galaxy-tool-util	39355
galaxy-upload	4529
galaxy-util	79755
galaxy-workflow-executor	11347
galaxy_sequence_utils	99388
galaxyxml	23929
galitime	6036
galru	6579
gambit	21229
gambitcore	712
gametes	1534
gamma	11814
gangstr	86888
ganon	138536
gap2seq	69602
gapfiller	11210
gapless	2683
gapmm2	3481
gappa	103017
gapseq	6130
gargammel	8004
gargammel-slim	5878
garnet	27878
garnett-cli	19909
gassst	3553
gat	39365
gatb	11158
gather	355
gatk	201285
gatk-framework	28568
gatk4	1242135
gatk4-lite	1342
gatk4-main	1111
gatk4-spark	340298
gatktool	6906
gb-io	30006
gb_taxonomy_tools	12877
gbdraw	4411
gbintk	1602
gbkviz	5009
gblocks	20730
gbmunge	7149
gbsx	3701
gc-meox-tms	3891
gcen	19991
gci	719
gclib	15887
gcluster	76254
gcnvkernel	17211
gcs-oauth2-boto-plugin	10764
gcta	122635
gctb	3701
gdal	21749
gdc	7420
gdc-client	26338
gdk-pixbuf	180051
gdmicro	6654
gdsctools	16546
gecco	47195
gecko	19331
geco2	5710
geco3	5268
gecode	213571
gedi	360
gefast	8878
gem2	4199
gem3-mapper	14427
gembs	31931
gemf_favites	1337
gemini	150129
gemma	24993
gemoma	33449
gempipe	19901
genbank	27490
genbank_to	8699
genblasta	11385
genblastg	14197
genclust	6520
gencore	16043
gencove	39785
gencube	1132
gene-fetch	2263
gene-tidy	2150
gene-trajectory-python	862
genecircuitry	134
genedom	828
genefior	902
genefuse	10455
geneimpacts	144655
genenotebook	939321
genepender	6069
genepop	91273
genera	450
generax	46613
genericrepeatfinder	21411
genescanner	71
genescopefk	1709
genesis	589
genesplicer	25774
genewalk	13136
genform	6749
genie	21045
genin2	1950
genion	16622
genmap	36936
genmod	10555
geno2phenotb	3622
genoboo	713958
genochar	62
genodsp	2282
genoflu	10664
genologics	10373
genomad	169608
genome-dl	144
genome-uploader	1107
genome2tree	283
genome_profiler	505
genome_updater	46806
genomebaser	5995
genomeconstellation	8334
genomedata	69531
genomelake	32719
genomemanagement	78
genomemask	802
genomepy	136940
genomescope2	30091
genomestrip	7335
genomesyn2	306
genometester4	7754
genomethreader	39673
genometools	9400
genometools-genometools	596096
genometreetk	3928
genomextract	290
genomic_address_service	6136
genomic_regions	5658
genomicassertions	9489
genomicconsensus	19589
genomicranges	137
genomics-data-index	2273
genonets	16955
genotopep	73
genotyphi	15414
genotypy	1056
genrich	27693
gentle	1960
genview	8354
geodl	15963
geofetch	49038
geomloss	766
geosketch	29899
gepard	7646
gerp	6105
get_fasta_info	3239
get_homologues	11907
get_mnv	3741
get_orfs	2497
get_pangenes	466
getitd	144
getorganelle	57725
gevent	33529
gfa1	3497
gfaffix	33812
gfaidx	4741
gfainject	1552
gfapy	40057
gfastats	38072
gfatk	771
gfatools	33403
gff2bed	6162
gff3sort	10408
gff3toddbj	15333
gff3toembl	8403
gffcompare	46054
gfflu	3594
gffmunger	11467
gffpandas	1855
gffread	201473
gfftk	7180
gffutils	288963
gfinisher	7622
gfmix	3661
gfold	8679
gfviewer	1576
ggcaller	36841
ggcat	2479
ggd	27508
gget	54572
ggplot	16926
ghc	5997
ghm	15028
ghmm	7713
ghost-tree	3845
ghostscript	131386
ghostx	9825
ghostz	13053
gia	2316
giatools	9283
gifrop	15857
gigatyper	81
gimbleprep	7387
gimmemotifs	175785
gimmemotifs-minimal	32982
ginpipepy	1869
ginpiper	3553
glean-gene	260
glimmer	19264
glimmerhmm	248068
glimpse-bio	16577
glnexus	7181
glob2	34664
gloome	3353
glpk	31604
glyco-csdb2snfg	34
gmap	592619
gmap-fusion	11975
gmcloser	4148
gmgc-mapper	6506
gmm-demux	932
gmove	1530
gmsc-mapper	734
gmtk	13345
gmwi2	2221
gnali	27510
gndiff	5160
gneiss	442416
gnk_fastasort	162
gnomic	4011
gnparser	31577
gnu-getopt	7436
gnu-wget	20590
gnuplot	161044
gnuplot-py	7149
gnuvid	14893
go-figure	1192
goalie	111
goalign	41740
goat	16488
goatools	104640
goblin	1578
gocr	9666
godmd	14553
goenrichment	4686
goetia	9708
gofasta	210880
gogstools	3042
goldrush	25378
goleft	120647
google-api-python-client	15058
google-cloud-sdk	22516
google-sparsehash	27045
gopeaks	3896
gor_pyspark	2256
gorpipe	2283
goslimmer	3986
gothresher	14495
gotohscan	8008
gotree	36583
gottcha	6187
gottcha2	6552
gpatch	2740
gpid	56
gplas	6741
gprofiler-official	46562
gpsw	2308
gqlib	814
gqt	6722
grabix	52666
grafimo	20724
graftm	31844
grampa	7958
grapetree	5117
graph-boink	17690
graph2pro-var	4999
graph_embed	10034
graphaligner	90720
graphanalyzer	14373
graphbin	7832
graphbin2	3005
graphclust-wrappers	84705
graphembed	4100
graphicsmagick	28306
graphlan	20264
graphlite	11076
graphmap	48256
graphmb	3889
graphprot	12677
graphtyper	26357
gravlax	13022
greenhill	6228
grenedalf	5809
grep	71987
grepq	5616
gretel	21579
gretl	1599
grfmite-rs	1374
grid	22651
gridss	183599
grimer	3891
grit-genomics	569
gromacs	293981
gromacs_mddb	2408
gromacs_mpi	9024
gromacs_py	11672
gromacswrapper	7277
groopm	5303
groot	93399
group_humann2_uniref_abundances_to_go	16900
grz-check	3233
grz-check-python	1225
grz-cli	7832
grz-common	5246
grz-db	4132
grz-pydantic-models	9647
grzctl	2988
gs-tama	12867
gsalign	93394
gsea	3853
gseapy	303569
gsearch	26522
gsmap	4364
gsort	54483
gtdb-genomes	278
gtdb-gtranslate	1218
gtdb_to_taxdump	1163
gtdbtk	287677
gtf_to_genes	6290
gtfparse	49138
gtfreader	3986
gtfsort	3040
gtftools	6518
gtotree	30479
guacamole-bio	141
gubbins	112580
guessmylt	3266
guide-counter	10602
guidemaker	12793
guidescan	31272
gum	5492
gunc	22904
gustaf	8552
gvcf-regions	41760
gvcf2bed	3161
gvcf2coverage	7851
gvcfgenotyper	17788
gvcftools	10447
gw	66024
gwama	6331
gwaslab	1113
gwiscan	188
gxf2bed	12809
gxf2chrom	1648
gxfkit	479
gxformat2	83986
gzrt	2799
h5max	85
h5sparse	3185
hackgap	1339
haddock_biobb	10439
hafez	6647
hail	15641
hairsplitter	6680
hal2vg	502
halfdeep	983
hall-lab-svtools	7456
halla	6097
hamip	3158
hamroaster	5034
hamronization	12296
handyreadgenotyper	8970
hanselx	10264
hap-ibd	4792
hap.py	48259
hapbin	12877
hapcut2	25272
hapflk	8114
hapfold	322
haphpipe	13351
haplink	2900
haplocheck	4980
haploclique	8288
haploconduct	5518
haplodon	11356
haploflow	8861
haplogrep	31218
haplogrep3	8908
haplomap	6496
haplophaser	59
haplotaglr	7023
haplotype-lso	32235
haploview	4077
hapog	22522
hapolish	30
happer	3406
happy-python	1322
haproh	24836
hapsolo	2153
haptools	17781
hardklor	15765
harmony-pytorch	14343
harmonypy	73110
harpy	1945909
harvest-variants	14249
harvesttools	14907
haslr	12230
hat-phasing	10253
hatchet	115660
haystac	24307
haystack_bio	32663
hca	18692
hca-matrix-downloader	9510
hclust2	39956
hcluster_sg	9617
hdmi	107
heasoft	50235
heatcluster	90
hecatomb	23880
heinz	12365
heliano	3906
helitronscanner	6759
helperlibs	31167
hera	26543
hesslab-gambit	25198
hg-color	11892
hgtools	15832
hgvs	11175
hhsuite	533049
hi-corrector	5351
hic-straw	14579
hic2cool	58978
hicap	15135
hicberg	377
hicbrowser	6518
hicexplorer	225095
hichipper	8227
hicmatrix	78312
hicona	2248
hicstuff	45473
hictk	29197
hictkpy	29149
hicup	38326
hiddendomains	9422
hifi_trimmer	2024
hifiadapterfilt	1382
hifiasm	134705
hifiasm_meta	23520
hificnv	6687
hifieval	1671
hifihla	6190
hifive	48311
hiline	48095
hilinetojuicer	5561
hilive2	9235
hillrep	104
hint	19924
hiphase	18702
hippunfold	463
hippunfold-dev	588
hipstr	740
hisat-3n	993
hisat2	460805
hisat2-pipeline	4323
hitac	61164
hitea	5173
hits	40363
hivtrace	17694
hla-asm	1910
hla-la	28428
hlafreq	5194
hlama	18865
hlaprofiler	31966
hmftools-amber	36547
hmftools-bam-tools	6311
hmftools-bwa-plus	620
hmftools-chord	2681
hmftools-cider	560
hmftools-cobalt	32716
hmftools-cuppa	6203
hmftools-esvee	5140
hmftools-fastq-tools	61
hmftools-gene-utils	19540
hmftools-gripss	47103
hmftools-isofox	14023
hmftools-lilac	5895
hmftools-linx	55747
hmftools-mark-dups	4870
hmftools-neo	3760
hmftools-orange	11895
hmftools-pave	5250
hmftools-peach	1141
hmftools-protect	1540
hmftools-purple	105874
hmftools-qsee	91
hmftools-redux	4301
hmftools-rose	1847
hmftools-sage	43398
hmftools-sigs	2729
hmftools-sv-prep	6947
hmftools-teal	1829
hmftools-virus-interpreter	2789
hmftools-wisp	675
hmmcopy	24633
hmmer	2622010
hmmer2	45218
hmmibd	113
hmmlearn	22803
hmmploidy	369
hmmratac	25729
hmnfusion	8454
hmnillumina	6840
hmnqc	2097
hmnrandomread	6955
hmntrimmer	2752
hmtnote	2982
hocort	16733
holodeck	1479
homer	125694
homerun-csrna	37
homoeditdistance	3204
homopolish	13333
hopla	51853
hops	21151
hormon	2665
hostile	19306
hotspot3d	11873
how_are_we_stranded_here	3343
howdesbt	25155
hpcblast	1522
hpsuissero	6079
hr2	7250
hs-blastn	11231
hsdecipher	2844
hsdfinder	2683
hts-nim-tools	19972
htsbox	68417
htseq	1125102
htseq-clip	6251
htseqqc	3148
htsinfer	5002
htslib	9205404
htsqualc	2601
htstream	28082
httpretty	10184
hubward	14905
hubward-all	7157
hulk	24253
humanfilt	276
humann	196355
humann2	143507
humid	8000
hurry.filesize	9613
hybkit	6052
hybpiper	17429
hybracter	23756
hybran	11563
hydra-amr	42
hydra-multi	4780
hylight	539
hymet	465
hymet2	382
hypercluster	24942
hyperloglog	920
hyphaeon	3507
hyphaeon-core	1016
hyphlow	2160
hyphy	1333202
hyplas	15469
hypo	20521
hypro	2074
ibdmix	3323
ibdne	7011
ibdseq	6094
ibridges	3011
ice-cream	2439
iced	65062
icescreen	23037
icfree-ml	7258
iclipro	6377
icount	5879
icount-mini	6357
icqsol	12213
idba	66284
idba_subasm	21259
ideas	7965
idemux	9758
idemuxcpp	6752
idr	57477
idr-py	27711
ifcnv	2780
ifeature	2371
ifnepitope2	54
ig-checkfcs	5557
ig-checkflowtypes	6797
ig-flowtools	64079
igblast	117846
igblast-parser	16499
igda-script	2498
igdiscover	82097
igdtools	4706
igfinder	1233
igor_vdj	7551
igphyml	24620
igua	3936
igv	200727
igv-notebook	2140
igv-reports	199858
igvtools	68555
ilesta	1960
illumina-cleanup	5829
illumina-interop	219242
illumina-utils	34608
illuminate	8599
illumiprocessor	10997
im-pipelines	18879
im2deep	57565
ima3	6570
imctools	26429
imfusion	15359
immuneml	76650
immunotype	163
imods	3557
impaqt	293
impg	10103
impute2	19593
imseq	7684
imsindel	6624
indelfixer	6776
infernal	442401
infinity	16538
influx-si-data-manager	3679
influx_si	48358
inforna	7150
inheritance	74633
inmoose	13866
inquistr	533
insilicoseq	132274
insilicosv	4393
inspector	5348
instanexus	88
instanovo	1255
instrain	104697
insurveyor	8834
intarna	245805
integron_finder	19280
intemap	6397
interleafq	9844
intermine	44077
interproscan	25682
interval-binning	2298
intervals	8511
intervalstats	7104
intervaltree_bio	9082
intervene	43055
intron-prospector	1057
involucro	131927
iobrpy	2009
ionquant	3874
iow	311241
ipapy2	1804
ipcr	10245
iphop	21209
ipk	5915
iprophit	171
iptkl	7760
ipyrad	216779
ipyrad2	73
ipython-cluster-helper	120888
iqkm	3121
iqtree	1147906
ir	7325
iranges	514
irep	7546
irescue	10714
irf	10820
irfinder	42652
irida-linker	18710
irida-sistr-results	25182
irida-staramr-results	11483
irida-uploader	53049
irissv	8467
irma	6979
is6110	332
isa-rwval	4285
isaac4	3808
isafe	8756
isatools	44111
iscc-sum	1089
iseq	12598
isescan	36498
isiteuk	246
islandpath	18339
ismapper	10896
isocall	39
isocor	21468
isodesign	1128
isoformcheck	102
isonclust	6828
isonclust2	5238
isonclust3	1018
isoncorrect	17196
isonform	1071
isopedia	304
isoplot	23173
isoquant	65701
isorefiner	812
isoseq	11555
isoseq3	64104
isospecpy	5951
isotools	1405
isovar	10454
ispcr	18087
itbins	153
itero	30857
itk	20744
itol-config	5853
itolapi	16404
itolparser	5904
itsx	23681
itsxpress	205501
itsxrust	2138
iucn_sim	28057
iva	26488
ivar	124482
jacusa2	999
jaeger-bio	2124
jaffa	23258
jali	5576
jalview	127973
jamm	28565
jannovar-cli	65186
janook	37
janusx	4649
jarvis	5879
jarvis3	1628
jasmine	4314
jasminesv	49466
jass	10394
jass_preprocessing	15140
java-jdk	375142
jbrowse	91367
jbrowse2	281944
jcast	23508
jccirc	1231
jclusterfunk	2042
jcvi	246657
je-suite	15391
jellyfish	187184
jemalloc	76603
jgoslin	7367
jms-metabolite-services	2625
jmztab-m	6679
jobtree	7409
joltax	266
jolytree	4551
jorg	110
jpredapi	3217
jq	148861
jronn	1528
json_collect_data_source	15358
juicebox_scripts	647
juicertools	1875
julia-divand	1357
junit-xml	17843
jupiterplot	1211
jupyterngsplugin	9635
justbackoff	7768
jvarkit	6484
jvarkit-bam2svg	5466
jvarkit-bam2wig	4855
jvarkit-bamstats04	2596
jvarkit-msa2vcf	4077
jvarkit-wgscoverageplotter	4387
k-slam	5503
k2tools	3765
k8	1193658
kaiju	151708
kakscalculator2	8389
kalamari	11969
kalign2	429164
kalign3	44865
kallisto	313065
kamino	15450
kanpig	3154
kaptive	64077
karect	8430
kart	24443
karyopype	3143
kat	56311
kb-python	46248
kbo-cli	756
kcalign	67792
kcftools	803
kcounter	42589
kegalign-full	3491
kegg-pathways-completeness	6184
kegg_pull	226
keggcharter	56849
kernel_density_plots	522
kerneltree	6897
kestrel	278
kf2vec	258
kfb2zarr	1522
kfilt	1304
kfoots	12882
kggseq	2700
kgwasflow	6431
khipu-metabolomics	4115
khmer	120206
kid	6593
kin	1032
kinamine_y_shaker	3156
kinex	4295
king	16786
kingfisher	18113
kinship-read	2898
kinsimriboswitch	6515
kipoi	90838
kipoi-conda	9206
kipoi-utils	37274
kipoi_veff	14798
kipoiseq	47224
kissplice	18392
kitsune	3136
kivvi	113
kiwidist	19508
kleborate	47779
kleboscope	536
kled	1718
kma	303939
kmask	1433
kmasker	18724
kmate	565
kmc	139494
kmcp	25514
kmd_hmdb_api_client	1738
kmer-counter	1493
kmer-db	17989
kmer-jellyfish	139598
kmer2stats	640
kmercamel	6060
kmerfinder	3142
kmergenie	32649
kmerinshort	7443
kmerstream	6062
kmertools	20056
kmetashot	240
kmindex	6674
kmtricks	5770
kneaddata	54436
knock-knock	4996
knot	4683
knot-asm-analysis	3102
knotannotsv	335
knotinframe	10862
kobas	18783
kodoja	32475
koeken	6323
kofamscan	25995
koinapy	56
komb	10556
kompot	499
konezumiaid	4188
kopt	35786
kosudoku	1635
kounta	7164
koverage	9129
kpal	13708
kpop	1601
kractor	5539
krak	1052
kraken	90153
kraken-all	16987
kraken-biom	16095
kraken-ea	8380
kraken2	229034
krakenhll	28337
krakentools	31796
krakenuniq	62320
krakmeopen	9439
kraut	1917
krbalancing	55440
krepp	4678
krocus	25459
krona	153689
kronik	9461
kronos	2832
kseqpp	4750
ksnp	2485
kssd	12561
ksw	27581
kwip	8186
kyber	998
kyototycoon	11219
labrat	6396
labretriever	45
lace	25833
lamassemble	17457
lambda	102160
lamps	459
lanceotron	134
lap	5570
lapack	13312
lassaseq	1794
lassensus	1120
last	3792189
lastz	154487
latch	12569
latentstrainanalysis	7261
lca	26883
lcfit	8859
ldblockshow	45693
lddt	6935
ldhelmet	7960
ldpop	63
ldsc	4093
leafcutter	392
learnmsa	19168
leehom	6531
lefse	39248
legsta	10346
lemur	2648
leptonica	8686
lepwrap	6058
leviathan	11607
leviosam	19902
leviosam2	21399
lexicmap	9478
lexmapr	55536
liana	5183
lib-pod5	229252
libarbdb	69876
libbambamc	7978
libbigwig	78381
libcarna	1438
libcarna-python	3302
libccp4	2899
libcifpp	521258
libdb	137252
libdeflate	1841144
libdivsufsort	22689
libffi	75798
libgab	12205
libgenome	16001
libgff	33250
libgtextutils	71628
libidn	12188
libis	56065
libis_moabs	2758
libmaus2	23489
libmems	17000
libmuscle	14945
libopenms	69540
libpdb-redo	2493
libsbml	15557
libsequence	274979
libshorah	4156
libssw	7223
libstatgen	15437
libsvm	17023
liftoff	39678
liftofftools	7072
lifton	254
liftover	68964
ligand-validation	322
lightassembler	7968
lighter	44700
lightning	10217
lightpanda	151
lightstringgraph	5992
lima	144455
limix	4848
linearfold	13764
linearpartition	10981
linezolid-amr	208
linkage2allegro	21110
linkedsv	351
links	36232
linkstats	8900
liqa	1133
liquorice	11012
lirtmats	88
lisa2	6437
lissero	10543
litlog	41
liv_utils	2338
livekraken	12257
lja	2712
lmas	20216
local-cd-search	502
localhgt	1318
locarna	161090
locidex	3419
locityper	40321
locus_processing	2943
lodei	1158
lodestar	230
lofreq	107033
log4cpp	5668
logan_blaster	238
logbook	50358
logol	6080
logomaker	62271
lohhla	7449
lollipop	10937
longairr	70
longbarcodeqc	38
longbow	1241
longcalld	8273
longcallr	3781
longcallr_nn	1744
longdust	3452
longestrunsubsequence	12270
longgf	9810
longhap	1851
longphase	6603
longqc	4573
longreadsum	14353
longshot	80394
longstitch	14768
longtr	3230
longtrack	151
look4ltrs	141
loompy	42637
loomxpy	324
lorax	9251
lordec	17312
lordfast	13509
lorikeet	14595
lorikeet-genome	42522
lorma	6988
losat	2790
lotus2	69925
lotus3	939
lovis4u	1580
lr_gapcloser	168
lra	34463
lrez	39989
lrge	14314
lrphase	20323
lrsaga	53
lrsim	1502
lrtk	20380
lrzip	27602
ls-gkm	13214
lsabgc	13320
lsc	5023
lsd	7511
ltr_finder	23949
ltr_finder_parallel	8617
ltr_harvest_parallel	7296
ltr_retriever	61648
luciphor2	33104
lukasa	31955
lumpy-sv	73968
lumpy-sv-minimal	11165
lusstr	19886
lyner	6001
lz-ani	2416
lz4-bin	15866
m-party	2281
m6anet	3989
ma	26527
maaslin	17204
maaslin2	14151
maaslin3	553
maast	9130
macaron	6649
mace	6183
mach2	654
machina	6979
macrel	50391
macs	2915
macs2	227049
macs3	39319
macse	13318
macsyfinder	16958
macsylib	2580
madre	618
maegatk	1792
maelstrom-core	2394
maf2synteny	15009
mafft	1509474
magcluster	13878
mage-tab-merger	1993
magebin	28
mageck	162304
mageck-vispr	53270
magetab-curation-scripts	5933
magic-impute	2566
magicblast	19926
magmax	3994
magneto	2115
magphi	10701
magpurify	23154
mags-visualization	769
magus-msa	6765
majec	263
make_prg	7581
makehub	41728
maker	101345
malder	7806
malt	27847
malva	31674
mameshiba	3042
mammal	3455
mamotif	13583
manc_cojo	374
mango	3913
manorm	28944
manormfast	11502
manta	118862
mantis	5959
mantis-msi	3435
mantis-msi2	2472
mantis_pfa	43039
map4	85
mapad	6685
mapcaller	117004
mapdamage2	33617
mapdia	15009
mapgl	18791
mapping-iterative-assembler	7902
mappy	297143
mapsembler2	6900
mapseq	10601
mapsplice	22212
mapula	13473
marbel	1017
marge	7445
mark-nonconverted-reads	9197
markadoros	211
marker-magu	1070
markermag	7341
markerrepo	132
markinp	357
markov_clustering	6002
markov_genome	290
mars	13219
marti	7637
marvd2	7790
marvel	4475
mash	331005
mashid	29
mashmap	36825
mashpit	6915
mashtree	104632
maskrc-svg	3490
mason	32603
mass2chem	4176
massdash	3703
massiveqc	10307
mastrspy	55
masurca	87517
matam	8965
matchms	116490
matchmsextras	5723
matchtigs	26976
mathstats	20528
matlock	8787
mauve	21241
mauvealigner	16169
mavenn	27080
maverick	704
mavis	3678
mavis-config	1609
mawk	110137
maxalign-rs	2589
maxbin2	61021
maxentpy	43038
maxentscan	15307
maxit	11239
maxquant	144186
mbcgmlst	82
mbg	47521
mbgc	13007
mbuffer	19061
mccortex	12676
mcl	165136
mcroni	5894
mcross	1723
mcscanx	5408
md-cogent	4833
mdasim	26575
mddb_workflow	128
mdl-repeat	350
mdmcleaner	6610
mdust	19857
me-pcr	1360
mea	9018
medaka	352331
medicc2	47364
medpy	15124
medusa	4692
medusa-data-fusion	7018
megadepth	22707
megagta	5702
megahit	357961
megalodon	111227
megan	21509
megapath	6444
megapath-nano	5727
megatron	3427
mehari	74763
mehari-python	6532
melon	7935
melt	50892
meme	3521423
memopair	1612
memote	2143
mendelscan	10039
meneco	6028
menetools	10777
meningotype	7942
mentalist	174803
meraculous	26156
mercat	15915
mercat2	10906
merfin	5071
merfishtools	50566
merge-gbk-records	1323
mergenotcombined	5699
mergevcf	7148
merlin	16754
merqury	32428
merquryfk	9420
meryl	49421
mess	12733
met4j	101334
meta-apo	7410
meta-neuro	10838
meta-sparse	18442
meta_eukaryome_detect	871
metaamrplus	438
metabat2	90657
metabinkit	27315
metabinner	9274
metabintools	1120
metabolabpy	40582
metabolights-utils	11673
metabolishmm	491
metabuli	15660
metacache	37581
metacarp	67
metacat	4783
metacerberus	17066
metacerberus-lite	3179
metacherchant	6576
metachip	31270
metaclassifier	4972
metaclock	3103
metacluster	8018
metacoag	12484
metacompass	627
metacontam	759
metacontextify	110
metacooc	960
metacortex	3178
metadmg	7721
metaeuk	136808
metafun	1880
metafx	656
metagem	2632
metagene_annotator	13469
metagenome-atlas	137085
metagenomescope	234
metagraph	29453
metahict	75
metalcoordanalysis	157
metalign	9851
metamaps	6347
metamate	1828
metamdbg	169564
metameta	27749
metametamerge	15294
metamlst	5355
metamobilepicker	1859
metanovo	6478
metaomestats	2716
metaphlan	451829
metaphlan2	199235
metaphor	29463
metaphyler	8430
metapi	39450
metaplatanus	6356
metaplex	9363
metapointfinder	96
metapop	3316
metaprob	6470
metaprokka	5738
metapub	1151
metaquant	6384
metaquantome	32405
metasbt	1065
metaseq	13717
metaseq-all	7898
metasmash	1383
metasnek	11721
metasnv	53272
metaspace2020	251
metastrand	65
metasv	22053
metator	3439
metatracer	117
metatrawl	3544
metatree	3130
metav	2099
metavelvet	13381
metavelvet-annois	7684
metavelvet-sl	6929
metavelvet-sl-feature-extraction	8253
metavelvet-sl-pipeline	5436
metawatt	7887
metawepp	2537
metawrap	15193
metawrap-annotate-bins	95
metawrap-assembly	103
metawrap-binning	170
metawrap-blobology	92
metawrap-classify-bins	96
metawrap-kraken	93
metawrap-mg	4462
metawrap-quant-bins	100
metawrap-read-qc	96
metawrap-reassemble-bins	96
metawrap-refinement	124
metaxa	10748
metaxaqr	229
metdatamodel	4200
meteor	7628
metfrag	20386
methbat	6184
methphaser	2162
methpipe	4587
methplotlib	46799
methurator	850
methylartist	23673
methyldackel	70060
methylextract	5598
methylmap	15937
methylpy	18372
methylsieve	945
metilene	26879
mfold	3885
mfqe	24447
mft-tools	366
mg-toolkit	8538
mgatk	2084
mgca	2647
mgcod	6137
mgcplotter	3789
mge-cluster	4414
mgems	5274
mgf-formatter	11694
mgikit	6829
mgkit	81995
mglex	10823
mgltools	60124
mgnifam	2017
mgnify-genome-search	134
mgnify-pipelines-toolkit	26369
mgs-canopy	8628
mhap	16442
mhc-annotation	2067
mhcflurry	46986
mhcgnomes	18128
mhcnames	5111
mhcnuggets	17273
mhctools	7222
mhg	16797
mi-pimento	3670
micall-lite	30811
mice	897
micom	42531
micomplete	1326
micro_razers	8105
microbeannotator	3947
microbecensus	12794
microhapdb	24178
microhapulator	23413
microphaser	21511
micropita	5723
microscape	74
microview	2299
midas	35736
midsv	37014
mifaser	292
miga	2003
migmap	21140
migraine	15679
migrate-n	8002
miidl	8654
mikado	124789
mikrokondo-tools	843
milonga	5776
mim	506
mimeo	9847
mimi	588
mimick	5411
mimodd	22269
mimseq	100247
mimsi	7008
minced	201261
mindagap	2413
mindthegap	25073
minepy	30087
mini3di	359
minia	26903
minialign	49660
miniasm	131191
minibusco	3825
minibwa	4070
minigraph	20014
minimac4	3834
minimap	19453
minimap2	1550588
minimap2-coverage	6042
minimizers	488
minimock	8915
minimod	1183
minipileup	674
minipolish	12073
miniprot	122681
miniprot-boundary-scorer	1505
minirmd	5362
minisplice	774
minkemap	137
minnow	16668
minorseq	10645
mintie	8510
mintmap	11033
minute	9037
minvar	182703
minys	8914
mir-prefer	10896
mira	31804
mira-moods	4300
mira-multiome	3196
miranda	17932
mirdeep-p2	2633
mirdeep2	47690
mirfix	12462
mirge	30588
mirge-build	3099
mirge3	28588
mirmachine	24626
mirnature	7187
mirscore	2690
mirtop	88851
mirtrace	9862
miru-hero	3134
misopy	10723
mist	1007
mist-cf	1805
mist_typing	1730
mitgard	4756
mitobim	3850
mitofinder	7573
mitogeneextractor	215
mitorsaw	5484
mitos	144299
mitosalt	1114
mitoz	19516
mity	1012
mixem	3113
mkdesigner	14160
mlgenotype	1919
mlpy	6811
mlrho	8801
mlst	355104
mlst-cge	1859
mlstdb	2171
mlstudio	115
mm2plus	3567
mmannot	4520
mmaseq	2173
mmcif	18396
mmdb2	2854
mmft	1837
mmlong2	1443
mmlong2-lite	1275
mmpdb	679
mmquant	9783
mmseqs2	680509
mmseqs2-server	1809
mmtf-python	129059
mmult	2869
mmvc	5908
mnbc-me	61
mnnpy	15111
moabs	97851
mob_suite	90481
mobidic-mpa	27157
mobiorigin	1387
mobivision-m	89
mobster	32334
moca	27214
mockinbird	13588
moddotplot	63
modeltest-ng	23128
modifi	8185
modlamp	7651
modle	4894
mofaflex	178
mofapy	7054
mofapy2	6230
moff	34507
mogaaap	1503
mogs	1101
mokapot	45797
molamola	822
molemap	458
molnetpack	39
molpacd	337
molpopgen-analysis	9192
moments	256895
moni	2274
monocle3-cli	29327
monopogen	4143
monovar	10353
monsda	15194
moods	61292
moreutils	15735
morpheus	18192
mosaic	2266
mosaicatcher	8391
mosaik	10142
mosca	37937
mosdepth	291944
moss	7906
mostar	215
mothur	206767
motif-bridge	684
motifraptor	16741
motifscan	36389
motulizer	18913
motus	65493
mozaiko	467
mp-est	4570
mp3treesim	6244
mpa-portable	16317
mpa-server	111392
mpboot	736
mpra-data-access-portal	9458
mpralib	4263
mqc	56613
mquad	579
mrbayes	34565
mrbayes_volpiano	1696
mreps	21876
mrpast	6554
mrsfast	11003
mrtrix3	4074
ms	6242
ms-entropy	26012
ms2deepscore	20610
ms2pip	26782
ms2query	11715
ms2rescore	11495
ms2rescore-rs	15571
msa4u	595
msaboot	20204
msaconverter	8613
msalign2	6721
msamtools	17853
msaprobs	6517
msbuddy	41
mseqtools	7054
msfiddle	41
msfragger	6344
msgf_plus	115301
msi	15736
msisensor	28575
msisensor-pro	133806
msisensor-rna	1821
msisensor2	5029
msmc2	2844
msmetaenhancer	28288
msms	20444
msoma	1692
msp2db	10263
msprime	80300
msproteomicstools	17306
msstitch	133590
mstmap	4434
msweep	10328
mtb-snp-it	6477
mtbseq	14344
mtglink	39533
mtgrasp	109976
mtm-align	2514
mtnucratio	18302
mtsv	25012
mtsv-tools	20924
muat	13286
mudas	2350
mudskipper	2836
mugsy	69853
multi-omics-classification	1202
multigps	30606
multiqc	936496
multiqc-bcbio	172020
multiqc-xenium-extra	186
multiqc_sav	9244
multirnafold	1711
multisub	2319
multitax	18475
multivcfanalyzer	10903
multivelo	4568
multixrank	2781
multiz	7756
mumemto	42696
mummer	167671
mummer2circos	2746
mummer4	83522
mumu	117
munkres	496130
mupbwt	3316
muscle	738257
muse	13194
muset	303
music	6876
music-deconvolution	3263
musicc	23299
mustang	144934
mutalyzer_hgvs_parser	1456
mutamr	1316
mutmap	45745
mutopia	319
mutscan	5972
mutserve	1701
mutyper	6353
mvicuna	26312
mview	2074
mvip	5823
mvirs	2051
mvp	13184
mwga-utils	21290
mycotools	20451
mydbfinder	1803
myers-batch	20111
mygene	112444
mykatlas	15819
mykrobe	89509
myloasm	12135
myloasm-kmc	6984
mylotools	595
mypmfs_py	268
myriad	11972
mysql-connector-c	167064
mysqlclient	66105
mysterymaster	1277
mytaxa	449
mzmine	43781
mzml2isa	47938
mzpaf	1578
mzspeclib	2472
mztosqlite	124432
n50	112411
naf	4001
nafcodec	4956
naibr-plus	7664
nail	3626
naltorfs	6498
namfinder	5595
nano16s	32
nanoblaster	9142
nanocall	37390
nanocaller	30323
nanocomp	152233
nanocompore	13242
nanocount	1212
nanofilt	97174
nanoget	207562
nanoinsight	1322
nanolyse	48581
nanomath	135230
nanometa-live	11339
nanomod	2069
nanomonsv	5666
nanomotif	28132
nanonet	7310
nanopack	1320
nanoplexer	14348
nanoplot	248493
nanoplotter	97591
nanopolish	162414
nanopolishcomp	6349
nanopore_simulation	7836
nanoq	32551
nanoqc	50211
nanoraw	30812
nanosim	63188
nanosim-h	24096
nanosimh	7763
nanosplit	6550
nanospring	4947
nanostat	63356
nanosv	33824
nanovar	62902
narfmap	4422
nasm	5785
nasp	34403
nbitk	10925
ncbi-acc-download	14354
ncbi-amr	5083
ncbi-amrfinderplus	214933
ncbi-datasets-pyclient	28526
ncbi-datasets-pylib	138421
ncbi-fcs-gx	27216
ncbi-genome-download	126081
ncbi-ngs-sdk	216468
ncbi-stxtyper	7881
ncbi-util-legacy	6408
ncbi-vdb	1263524
ncbi-vdb-py	18968
ncbimeta	25303
ncbitax2lin	2556
ncbitk	3220
ncfp	13586
ncls	315515
ncrf	17257
nda-tools	10983
ndex-python	6101
ndex2	7280
neat	9040
neatms	9184
nebulizer	11337
necat	10362
nedbit-features-calculator	2029
nedrex	2273
needle	7821
needletail	24809
needlr	752
neffy	2699
neffy-cli	895
negative_training_sampler	10417
negspy	304
nemo	6607
nemo-age	8543
neodisambiguate	2119
neofox	3056
neoloop	1608
neptune	18564
neptune-signature	986
nerpa	11462
nest	20306
netcdf-metadata-info	7844
netifaces	29050
netmd	489
netreg	26862
netsyn	4502
networkxgmml	8598
neurodocker	19335
newick_utils	27701
newmap	2039
newt	8412
nexcision	87
nextalign	168197
nextclade	236068
nextclade2	44537
nextclade_js	10899
nextdenovo	19436
nextflow	649960
nextgenmap	57470
nextpolish	12892
nextpolish2	9190
nextstrain	4262
nextstrain-cli	119130
nf-core	155925
nf-docs	281
nf-metro	3647
nf-test	77649
nfixplanet	285
ngless	119551
nglview	123752
ngmaster	7377
ngmerge	10541
ngmlr	223029
ngs-bits	114583
ngs-chew	7093
ngs-disambiguate	40342
ngs-sdk	5791
ngs-smap	16814
ngs-tools	131237
ngs45	1244
ngs_te_mapper2	3219
ngscheckmate	8353
ngsderive	34115
ngsep	3341
ngseqbasic	6873
ngsfetch	245
ngshmmalign	10341
ngsindex	2025
ngslca	7024
ngsngs	4380
ngspeciesid	1478
ngsplotdb-ngsplotdb-hg19	5609
ngsrelate	1022
ngsutils	9603
niemads	7909
niemagraphgen	1642
nifflr	1181
nii2dcm	1420
nim-abif	668
nim-falcon	68227
nimnexus	10828
ninja-nj	26413
nirvana	187
nlstradamus	5687
nmrglue	42704
nmrml2isa	11149
nmrpro	8838
nmslib-metabrainz	941
noah-cli	1687
nohuman	6363
noise2read	3126
nolb	2642
nomadic	2022
nomnom	171
nonpareil	62735
nopilesum	6567
nordic	15230
noresm	5520
norns	34958
nose-capturestderr	11833
notramp	2587
novae	4180
novasplice	6533
novoalign	124855
novobreak	9018
novoloci	484
novoplasty	29277
np-likeness-scorer	7907
npinv	5309
npstructures	16599
npyscreen	6691
nrpys	15658
nseg	38615
nspdk	7406
ntcard	29164
ntedit	39643
nthits	12004
ntjoin	53505
ntlink	63664
ntm-profiler	25904
ntroot	3965
ntsm	1594
ntstat	10889
ntsynt	32887
ntsynt-viz	1677
nucamino	5665
nucdiff	16851
nucflag	762
nuclease	600
nucleoatac	14110
nucleosome_prediction	7509
nudup	21715
nullarbor	16252
numkit	7491
nvc	11094
nwalign3	39010
nwkit	1215
nxtrim	6486
oakvar	111955
oarfish	22411
oases	12759
oatk	2489
oauth2client	25974
obitools	27979
obitools4	2388
obonet	21387
occultercut	1602
ococo	28438
ocrad	6653
octopus	50495
octopusv	6264
odamnet	1861
oddsnp	48
odgi	81105
odose	5695
ogdf	10569
ogmapper	1571
ogtfinder	1069
ohe-rs	2148
olga	1099
oligoarrayaux	26002
oligomap	2939
oligon-design	393
oligotyping	11379
olivar	21286
omamer	9355
omark	3832
omero-annotate-ai	343
omero-py	34072
omssa	27160
oncocnv	2295
oncofuse	25125
oncogemini	6307
oncopipe	10722
oncotator	5034
onebam	1479
onehot2seq	3367
ont-end-reason	95
ont-fast5-api	191645
ont-modkit	37948
ont-tombo	78671
ont_vbz_hdf_plugin	18548
ontime	10865
onto2nx	12759
onyx	150
ope	6621
open-cravat	34328
openbabel	13733
opencontactcli	13348
openduck	6338
openmg	8674
openms	119872
openms-thirdparty	45227
openms-tools	4534
openomicsbench	1384
openpyxl	52072
openslide	16276
openslide-python	11061
openspliceai	244
openstructure	117177
opentargets	3537
opentargets-urlzsource	3148
opentargets-validator	8195
opfi	5868
opsin	32693
opt	82
optbuild	13959
opticlust	2880
optilcms	756
optimir	9476
optitype	62334
optplus	10458
orfanage	4929
orfedit	946
orfipy	31368
orfm	28645
orforise	289
orfquant	4653
orientagraph	5322
orientationpy	1280
orna	5052
orographer	319
orsum	12711
orthanq	117848
orthodb	2042
orthofinder	154756
orthofisher	2754
orthoflow	5691
orthologer	9707
orthomcl	10355
orthosynassign	1869
osra	19358
ostir	16208
ourotools	1520
outrigger	8452
ovrlpy	2155
owl	843
oxbow	64236
oxbreaker	333
oxo-call	3429
oxo-flow-cli	15487
p7zip	31446
pacbio_falcon	7129
pacini_typing	3262
pacu_snp	4797
padloc	1608
paf2chain	1358
pafpy	12753
paidiverpy	510
pairassembler	235
pairix	212738
pairsnp	13893
pairtools	69803
pal2nal	20407
pal_finder	6912
paladin	27021
palantir	7536
palikiss	1121
palmscan	87
pam_scanning	35
paml	422013
pan-plaster	15464
pan_te	37
panacota	14957
panacus	23725
panaln	194
panaroo	66336
pancake	8474
panchip	93
pandamap	206
pandaseq	232228
pandepth	323
pandora	5008
panfeed	8082
pangbank-api	334
pangbank-cli	266
pangene	459
pangenie	878
pangenomerge	222
pango-collapse	734
pango-designation	334705
pango_aliasor	54436
pangolearn	120059
pangolin	173286
pangolin-data	80724
pangu	10985
pangwas	137
pangwes	2755
panisa	3981
panisoguard	741
panman	985
panmap	7264
panoct	6486
panoptes-ui	7658
panorama	442
panpasco	6160
panphlan	33745
panplexity	1547
panqc	97
panta	656
pantax	1991
pantax-dbg	69
pantools	40147
panx	10689
panxpress	186
papa2	2815
papaa	41792
paplot	2441
paraclu	10708
parafly	41584
paragone	6419
paragraph	14338
parallel	195685
parallel-fastq-dump	121660
parallel-meta-suite	3569
parallel-virfinder	9633
paralyzer	9109
paraphase	21312
parasail	59020
parasail-python	489026
parascopy	97722
paraview	6888
paraviewer	263
pardre	4054
parebrick	5395
parent-map	16681
pargenes	4828
parm	5470
parnas	1117
parse-vcf	2697
parse_mito_blast	9656
parsnp	75418
pasa	30104
pash	5668
pass	1105
pasta	308064
paste-bio	24869
pastml	15002
pastrami	2917
pasty	14781
patchify	612
pathofetch	47
pathogen-embed	42892
pathogen-profiler	70358
pathogentrack	2112
pathogist	24889
patholive	3514
pathoscope	11963
pathotypr	668
pathphynder	5298
pathracer	5880
pathview-plus	66
pathwaymatcher	17324
pauda	6218
pauvre	44385
pavfinder	2437
pb-assembly	52897
pb-cpg-tools	1608
pb-dazzler	16873
pb-falcon	114021
pb-falcon-phase	7053
pb-falconc	26510
pbaa	22142
pbalign	15084
pbbam	84796
pbccs	70461
pbcommand	28032
pbcopper	65880
pbcore	44280
pbcoretools	13367
pbdagcon	7306
pbfusion	11170
pbgcpp	25320
pbgzip	97969
pbh5tools	9237
pbhoover	14686
pbiotools	12554
pbipa	41752
pbjasmine	3985
pblaa	6785
pblat	29903
pbmarkdup	19901
pbmm2	126574
pbpigeon	18356
pbptyper	13366
pbsim	11087
pbsim2	4808
pbsim3	6169
pbskera	18505
pbstarphase	28457
pbsv	69491
pbtk	117412
pbwt	12740
pcangsd	5080
pcaone	33111
pcasuite	5053
pcdl	3892
pcne	2316
pcst-fast	10380
pdb2fasta	1054
pdbecif	401
pdbx	12084
pdfkit	17029
pdivas	2302
peakachu	19152
peakhood	8971
peakqc	1000
peakranger	11902
peaks2utr	11480
peaksql	6664
peakzilla	10518
pear	41760
pecat	7956
ped_parser	16140
pedagree	13872
peddy	110667
pedesigner	1802
peek-bio	119
peekseq	1734
peer	2075
peewee	11040
pegas	5787
pegas-lite	261
pegas-snakemake	86
pegasusio	113443
pegasuspy	30590
peglit	4016
pegs	15581
peka	15919
pepgenome	5835
pepnovo	30463
pepquery	16776
pepr	24345
pepsirf	2996
peptdeep	326
peptide-shaker	1427412
peptides	5300
perbase	55034
percolator	52182
peregrine-2021	8999
perl-aceperl	196892
perl-acme-damn	18532
perl-algorithm-cluster	34996
perl-algorithm-dependency	12900
perl-algorithm-diff	236710
perl-algorithm-munkres	192222
perl-aliased	6086
perl-alien-build	435939
perl-alien-build-plugin-download-gitlab	76285
perl-alien-libxml2	432655
perl-apache-test	288431
perl-app-cpanminus	503465
perl-appconfig	194534
perl-archive-extract	46670
perl-archive-tar	1830339
perl-archive-tar-wrapper	5283
perl-archive-zip	58573
perl-array-compare	203098
perl-array-intspan	205
perl-array-set	7388
perl-array-utils	39077
perl-atlas-modules	16461
perl-attribute-handlers	15563
perl-authen-sasl-saslprep	12325
perl-autodie	13227
perl-autoloader	236164
perl-b	30121
perl-b-debug	5619
perl-b-hooks-endofscope	36018
perl-base	520217
perl-bignum	13258
perl-bio-asn1-entrezgene	413296
perl-bio-automatedannotation	8018
perl-bio-bigfile	55408
perl-bio-bpwrapper	1890
perl-bio-cigar	8732
perl-bio-coordinate	364657
perl-bio-das	3559
perl-bio-db-embl	45254
perl-bio-db-hts	192942
perl-bio-db-refseq	44553
perl-bio-db-sam	17525
perl-bio-db-swissprot	44271
perl-bio-easel	14031
perl-bio-eutilities	10946
perl-bio-featureio	396610
perl-bio-gff3	12290
perl-bio-kmer	828
perl-bio-mlst-check	7087
perl-bio-monophylizer	127
perl-bio-phylo	200974
perl-bio-phylo-cipres	3623
perl-bio-phylo-forest-dbtree	2483
perl-bio-procedural	44564
perl-bio-rna-barmap	2226
perl-bio-rna-barriers	2206
perl-bio-rna-rnaalisplit	22784
perl-bio-rna-treekin	2074
perl-bio-samtools	419503
perl-bio-searchio-hmmer	211898
perl-bio-tools-phylo-paml	366308
perl-bio-tools-run-alignment-clustalw	362953
perl-bio-tools-run-alignment-tcoffee	359350
perl-bio-tools-run-remoteblast	43986
perl-bio-trace-abif	3752
perl-bio-viennangs	26441
perl-bioperl	518240
perl-bioperl-core	488253
perl-bioperl-run	420857
perl-biosails	6087
perl-biox-seq	63918
perl-biox-workflow	17735
perl-biox-workflow-command	27979
perl-biox-workflow-plugin-filedetails	10670
perl-biox-workflow-plugin-fileexists	10787
perl-bit-vector	16324
perl-blib	6499
perl-bloom-faster	9259
perl-border-style	6101
perl-btlib	6946
perl-bundle-bioperl	5596
perl-business-isbn	575463
perl-business-isbn-data	571037
perl-cache-cache	163605
perl-cairo	9782
perl-canary-stability	21198
perl-capture-tiny	356479
perl-carp	1106623
perl-carp-clan	17518
perl-cg-pipeline	3622
perl-cgi	374952
perl-class-accessor	12450
perl-class-data-inheritable	283374
perl-class-inspector	252385
perl-class-load	273731
perl-class-load-xs	277534
perl-class-method-modifiers	304270
perl-class-methodmaker	40804
perl-class-singleton	8900
perl-class-std	9343
perl-class-std-fast	7228
perl-class-trigger	2884
perl-class-xsaccessor	9250
perl-clone	398265
perl-clone-choose	41692
perl-clone-pp	14224
perl-color-theme	11320
perl-common-sense	1066730
perl-compress-bgzf	7193
perl-compress-raw-bzip2	1003524
perl-compress-raw-zlib	1051704
perl-config-any	21110
perl-config-autoconf	14728
perl-config-general	307033
perl-config-simple	14462
perl-config-tiny	12264
perl-const-fast	7506
perl-constant	685470
perl-convert-binary-c	203826
perl-convert-binhex	200276
perl-cpan-meta	152367
perl-cpan-meta-check	84919
perl-cpan-meta-requirements	202442
perl-cpan-meta-validator	6526
perl-cpan-meta-yaml	137347
perl-cpan-shell	7450
perl-crypt-openssl-bignum	489
perl-crypt-openssl-guess	5689
perl-crypt-openssl-random	8273
perl-crypt-openssl-rsa	17369
perl-crypt-rc4	192833
perl-data-compare	11510
perl-data-dump	173775
perl-data-dumper	692510
perl-data-lock	3452
perl-data-match	10150
perl-data-munge	6213
perl-data-optlist	236508
perl-data-predicate	3761
perl-data-stag	195539
perl-data-utilities	6394
perl-data-uuid	28348
perl-data-visitor	7164
perl-data-walk	6175
perl-date-format	165287
perl-date-manip	34065
perl-datetime	40247
perl-datetime-format-strptime	14665
perl-datetime-locale	49450
perl-datetime-timezone	42117
perl-db-file	258643
perl-dbd-mysql	208933
perl-dbd-pg	47994
perl-dbd-sqlite	322155
perl-dbi	438789
perl-dbm-deep	10663
perl-devel-assert	6637
perl-devel-checkbin	7486
perl-devel-checkcompiler	84
perl-devel-checklib	83935
perl-devel-checkos	5521
perl-devel-cover	5607
perl-devel-cycle	5752
perl-devel-globaldestruction	311267
perl-devel-overloadinfo	268861
perl-devel-size	48684
perl-devel-stacktrace	357404
perl-devel-symdump	25943
perl-digest-crc	4615
perl-digest-crc32	10999
perl-digest-hmac	599778
perl-digest-md5	428337
perl-digest-md5-file	31607
perl-digest-perl-md5	386173
perl-digest-sha	6397
perl-digest-sha1	168055
perl-dist-checkconflicts	284428
perl-dumbbench	5197
perl-dynaloader	235515
perl-email-date-format	195616
perl-email-simple	6027
perl-encode	1042775
perl-encode-locale	671018
perl-ensembl-api	3903
perl-ensembl-compara	3986
perl-ensembl-core	5064
perl-ensembl-funcgen	4116
perl-ensembl-genomes	3709
perl-ensembl-io	4199
perl-ensembl-variation	4106
perl-env	7935
perl-env-path	17572
perl-error	203242
perl-escape-houdini	6200
perl-estscan1	5315
perl-estscan2	6298
perl-eval-closure	283782
perl-excel-writer-xlsx	27289
perl-exception-class	314295
perl-experimental	15952
perl-exporter	1107100
perl-exporter-tidy	6887
perl-exporter-tiny	1124002
perl-extutils-cbuilder	199600
perl-extutils-config	12300
perl-extutils-constant	11032
perl-extutils-cppguess	100370
perl-extutils-depends	15525
perl-extutils-helpers	22082
perl-extutils-installpaths	17347
perl-extutils-makemaker	870081
perl-extutils-manifest	215535
perl-extutils-parsexs	211530
perl-extutils-pkgconfig	6902
perl-fast	4015
perl-fastx-abi	12592
perl-fastx-reader	59336
perl-ffi-checklib	417403
perl-file-chdir	119775
perl-file-compare	6994
perl-file-copy-link	7631
perl-file-copy-recursive	59238
perl-file-copy-recursive-reduced	5685
perl-file-details	6810
perl-file-fetch	43564
perl-file-find	6976
perl-file-find-rule	51015
perl-file-grep	34358
perl-file-homedir	37892
perl-file-listing	596667
perl-file-next	11468
perl-file-path	434504
perl-file-pushd	6770
perl-file-readbackwards	11782
perl-file-remove	6714
perl-file-share	37919
perl-file-sharedir	91632
perl-file-sharedir-install	100476
perl-file-slurp	54810
perl-file-slurp-tiny	284551
perl-file-slurper	172331
perl-file-sort	394560
perl-file-spec	422582
perl-file-tee	7544
perl-file-temp	400925
perl-file-touch	8889
perl-file-util	39389
perl-file-which	270137
perl-filedirutil	11766
perl-filesys-df	52957
perl-filter-simple	6100
perl-findbin	60699
perl-findbin-libs	9013
perl-findbin-real	5652
perl-font-afm	195464
perl-font-ttf	381234
perl-forks	19299
perl-gd	523300
perl-gd-svg	4462
perl-gdgraph	97960
perl-gdgraph-histogram	44250
perl-gdtextutil	93590
perl-getopt-argvfile	7285
perl-getopt-long	607159
perl-getopt-long-descriptive	10269
perl-gfacs	3325
perl-git-wrapper	12330
perl-git-wrapper-plus	11953
perl-go-perl	8429
perl-graph	236909
perl-graph-readwrite	36402
perl-graphics-colornames	8023
perl-graphics-colorobject	8270
perl-graphviz	205120
perl-grass	5783
perl-gtdbtk	11647
perl-hash-merge	52609
perl-hash-util-fieldhash-compat	7813
perl-heap	33095
perl-heap-simple	10957
perl-heap-simple-perl	10963
perl-heap-simple-xs	13642
perl-hook-lexwrap	6794
perl-hpc-runner	10579
perl-hpc-runner-command	78266
perl-hpc-runner-command-plugin-logger-sqlite	7108
perl-hpc-runner-mce	5309
perl-hpc-runner-pbs	5003
perl-hpc-runner-scheduler	10670
perl-hpc-runner-slurm	17527
perl-html-element-extended	192465
perl-html-entities-numbered	194811
perl-html-form	14171
perl-html-formatter	201115
perl-html-parser	734177
perl-html-tableextract	192803
perl-html-tagset	690119
perl-html-template	125992
perl-html-tidy	202690
perl-html-tree	403336
perl-html-treebuilder-xpath	192934
perl-http-cookiejar-lwp	134578
perl-http-cookies	607059
perl-http-daemon	610521
perl-http-date	680741
perl-http-message	691920
perl-http-negotiate	588312
perl-http-server-simple	7310
perl-http-tiny	3913
perl-if	3618
perl-image-exiftool	34929
perl-image-info	196950
perl-image-size	193921
perl-import-into	4866
perl-importer	152781
perl-indirect	11014
perl-inline	34656
perl-inline-c	31616
perl-integer	6227
perl-io-all	23255
perl-io-compress	2031356
perl-io-compress-deflate	5486
perl-io-gzip	21162
perl-io-handle	15994
perl-io-html	664816
perl-io-interactive	19481
perl-io-null	3686
perl-io-pager	2519
perl-io-prompt	15956
perl-io-scalar	8517
perl-io-sessiondata	199961
perl-io-socket-inet6	9757
perl-io-socket-ssl	437794
perl-io-string	566176
perl-io-stringy	192259
perl-io-tty	278213
perl-io-uncompress-bunzip2	6099
perl-io-uncompress-gunzip	9902
perl-io-uncompress-rawinflate	6402
perl-io-zlib	1782329
perl-ipc-cmd	228221
perl-ipc-run	440340
perl-ipc-run3	6774
perl-ipc-sharelite	170150
perl-ipc-system-simple	39752
perl-jcode	192422
perl-json	2002297
perl-json-create	11491
perl-json-maybexs	16024
perl-json-parse	22432
perl-json-pp	166698
perl-json-validator	2307
perl-json-xs	2141928
perl-lib	178354
perl-libwww-perl	652755
perl-libxml-perl	409366
perl-list-compare	7705
perl-list-moreutils	1994923
perl-list-moreutils-xs	1894176
perl-list-someutils	16785
perl-list-uniq	10074
perl-list-util	45592
perl-local-lib	22026
perl-locale	6526
perl-locale-maketext-simple	225820
perl-lockfile-simple	3794
perl-log-any	9531
perl-log-log4perl	119690
perl-logger-simple	41447
perl-lwp-mediatypes	668151
perl-lwp-protocol-https	520925
perl-lwp-simple	264408
perl-lyve-set	3477
perl-mac-propertylist	13374
perl-mac-systemdirectory	3998
perl-mailtools	207579
perl-math-base-convert	7864
perl-math-bezier	225815
perl-math-bigint	43526
perl-math-bigrat	16405
perl-math-cdf	296612
perl-math-combinatorics	5857
perl-math-complex	6135
perl-math-derivative	197830
perl-math-matrix	13972
perl-math-matrixreal	3046
perl-math-random	198539
perl-math-random-mt-auto	12071
perl-math-round	138073
perl-math-spline	192573
perl-math-utils	44262
perl-math-vecstat	224979
perl-mce	127714
perl-mce-shared	27743
perl-memoize	16775
perl-metabolomics-fragment-annotation	20349
perl-mime-base64	584461
perl-mime-lite	200628
perl-mime-quotedprint	6398
perl-mime-tools	209562
perl-mime-types	210731
perl-minion	9583
perl-minion-backend-sqlite	1625
perl-mixin-linewise	15192
perl-mldbm	195739
perl-mldbm-sync	7079
perl-module-build	184444
perl-module-build-tiny	13262
perl-module-corelist	290560
perl-module-extract-use	5646
perl-module-fromperlver	9137
perl-module-implementation	378904
perl-module-list	5847
perl-module-load	339191
perl-module-load-conditional	232766
perl-module-loaded	8339
perl-module-metadata	294608
perl-module-pluggable	24201
perl-module-runtime	440724
perl-module-runtime-conflicts	266156
perl-module-scandeps	29485
perl-module-util	5922
perl-mojo-pg	1983
perl-mojo-sqlite	1650
perl-moo	312411
perl-moose	305149
perl-moosex-app	26178
perl-moosex-app-role-log4perl	6230
perl-moosex-clone	6934
perl-moosex-fileattribute	12541
perl-moosex-getopt	21721
perl-moosex-nonmoose	7312
perl-moosex-object-pluggable	5813
perl-moosex-role-parameterized	8495
perl-moosex-role-withoverloading	6534
perl-moosex-singleton	6290
perl-moosex-strictconstructor	3275
perl-moosex-types	17131
perl-moosex-types-path-class	10290
perl-moosex-types-path-tiny	6989
perl-moosex-types-stringlike	5757
perl-mozilla-ca	486604
perl-mro-compat	270161
perl-ms	16032
perl-namespace-autoclean	34961
perl-namespace-clean	30471
perl-net-ftp	6736
perl-net-ftp-recursive	5847
perl-net-http	604486
perl-net-netrc	6627
perl-net-ssleay	407936
perl-ntlm	586944
perl-number-compare	46903
perl-number-format	192917
perl-number-misc	7286
perl-number-range	7084
perl-number-witherror	5262
perl-object-insideout	48099
perl-obogaf-parser	13223
perl-ole-storage_lite	198060
perl-onto-perl	7289
perl-package-deprecationmanager	264276
perl-package-stash	295764
perl-package-stash-xs	227929
perl-padwalker	11107
perl-par	6554
perl-par-dist	6935
perl-par-packer	8201
perl-parallel-forkmanager	207627
perl-parallel-iterator	6028
perl-parallel-loops	10333
perl-params-check	229089
perl-params-coerce	7439
perl-params-util	291289
perl-params-validate	294923
perl-params-validationcompiler	31837
perl-parent	800849
perl-parse-recdescent	208367
perl-parse-yapp	39192
perl-path-class	21494
perl-path-tiny	163254
perl-pathtools	1150100
perl-pbkdf2-tiny	5909
perl-pcap	20964
perl-pdf-api2	243544
perl-pdf-table	13593
perl-pegex	20793
perl-perl-osnames	10015
perl-perl-ostype	152945
perl-perl-unsafe-signals	18755
perl-perl-version	10827
perl-perl4-corelibs	6990
perl-perldoc	1478
perl-perlio	12636
perl-perlio-encoding	6772
perl-perlio-gzip	226110
perl-perlio-utf8_strict	46139
perl-pod-checker	6608
perl-pod-coverage	8771
perl-pod-coverage-trustpod	10992
perl-pod-elemental	17063
perl-pod-escapes	193532
perl-pod-eventual	3917
perl-pod-parser	7957
perl-pod-plaintext	6416
perl-pod-simple	6803
perl-pod-simple-text	6107
perl-pod-usage	176218
perl-posix	43466
perl-postscript	192947
perl-postscript-simple	323
perl-ppi	6415
perl-prefork	5307
perl-probe-perl	5639
perl-proc-fork	12337
perl-readonly	143186
perl-regexp-common	144889
perl-rest-client	5488
perl-retroseq	2420
perl-return-multilevel	6272
perl-role-tiny	310308
perl-role-tiny-with	5643
perl-safe	34920
perl-sanger-allelecount	5601
perl-sanger-cgp-allelecount	31976
perl-sanger-cgp-battenberg	18686
perl-sanger-cgp-vagrent	29374
perl-sanger-cgp-vcf	24780
perl-scalar-list-utils	1169748
perl-scalar-util-numeric	51510
perl-scope-guard	136901
perl-sereal	169120
perl-sereal-decoder	183882
perl-sereal-encoder	181589
perl-set-intervaltree	205764
perl-set-intspan	226747
perl-set-object	32865
perl-set-scalar	192006
perl-slurp	5804
perl-snap	4583
perl-soap-lite	204402
perl-socket	578227
perl-socket6	14407
perl-sort-key	5065
perl-sort-mergesort	3610
perl-sort-naturally	219158
perl-sort-versions	7820
perl-specio	18191
perl-specio-exporter	26382
perl-spiffy	9145
perl-spreadsheet-parseexcel	194699
perl-spreadsheet-writeexcel	197248
perl-sql-abstract	1826
perl-sql-abstract-pg	1812
perl-sql-statement	13445
perl-statistics-basic	234132
perl-statistics-caseresampling	6085
perl-statistics-descriptive	229370
perl-statistics-distributions	15473
perl-statistics-frequency	6922
perl-statistics-lite	7519
perl-statistics-r	34175
perl-statistics-ttest	10036
perl-storable	401643
perl-string-approx	10296
perl-string-diff	4929
perl-string-escape	10240
perl-string-random	6129
perl-string-rewriteprefix	13065
perl-string-truncate	10311
perl-string-util	6471
perl-sub-attribute	10746
perl-sub-exporter	280979
perl-sub-exporter-formethods	13002
perl-sub-exporter-progressive	318763
perl-sub-identify	285448
perl-sub-info	136972
perl-sub-install	284928
perl-sub-name	268291
perl-sub-quote	268589
perl-sub-uplevel	250094
perl-super	8340
perl-svg	291805
perl-svg-graph	195648
perl-symbol	6644
perl-symbol-util	6653
perl-sys-info	83569
perl-sys-info-base	83646
perl-sys-info-driver-linux	89773
perl-sys-info-driver-osx	12821
perl-sys-sigaction	15188
perl-tap-harness-env	6472
perl-task-weaken	205628
perl-template-toolkit	205209
perl-term-app-roles	17875
perl-term-detect-software	9186
perl-term-encoding	12157
perl-term-progressbar	41845
perl-term-table	451998
perl-termreadkey	31942
perl-test	179233
perl-test-base	12267
perl-test-builder-tester	17550
perl-test-class-moose	21322
perl-test-classapi	12650
perl-test-cleannamespaces	12687
perl-test-cpan-meta	26644
perl-test-deep	235926
perl-test-differences	246010
perl-test-eol	14048
perl-test-exception	243112
perl-test-exec	6191
perl-test-fatal	213334
perl-test-file	14236
perl-test-file-contents	6985
perl-test-files	18920
perl-test-fork	5845
perl-test-harness	280898
perl-test-inter	20717
perl-test-leaktrace	202563
perl-test-lectrotest	5230
perl-test-longstring	7216
perl-test-memory-cycle	6267
perl-test-mockmodule	6855
perl-test-more	133181
perl-test-most	396080
perl-test-needs	93125
perl-test-notabs	12697
perl-test-nowarnings	77151
perl-test-object	6840
perl-test-output	20874
perl-test-pod	111128
perl-test-pod-coverage	8098
perl-test-prereq	5480
perl-test-requires	11308
perl-test-requiresinternet	454665
perl-test-script	8672
perl-test-simple	75067
perl-test-subcalls	6664
perl-test-sys-info	10932
perl-test-taint	921
perl-test-toolbox	7202
perl-test-trap	12580
perl-test-unit-lite	6550
perl-test-utf8	4583
perl-test-warn	243799
perl-test-warnings	84652
perl-test-without-module	6097
perl-test-xml	6650
perl-test-yaml	13003
perl-test2	21282
perl-test2-plugin-nowarnings	4037
perl-test2-suite	480599
perl-text-abbrev	136537
perl-text-ansitable	6506
perl-text-asciitable	9072
perl-text-balanced	40136
perl-text-csv	133929
perl-text-csv_xs	16839
perl-text-diff	245592
perl-text-format	229218
perl-text-glob	59741
perl-text-levenshtein	6970
perl-text-levenshteinxs	5764
perl-text-nsp	8320
perl-text-parsewords	163516
perl-text-tabs	6511
perl-text-tabs-wrap	11010
perl-text-template	5981
perl-text-template-simple	79544
perl-text-wrap	21985
perl-threaded	588414
perl-tie-cache	7382
perl-tie-cacher	7545
perl-tie-hash	6589
perl-tie-hash-indexed	10996
perl-tie-ixhash	198511
perl-tie-log4perl	6887
perl-tie-refhash	9367
perl-tie-refhash-weak	6072
perl-tie-toobject	7449
perl-time-hires	520946
perl-time-local	628134
perl-time-piece	22546
perl-timedate	543253
perl-tree-dag_node	426427
perl-try-tiny	555249
perl-try-tiny-retry	12970
perl-type-tiny	226226
perl-types-serialiser	1827055
perl-types-standard	8589
perl-unicode-map	199972
perl-unicode-normalize	16242
perl-unicode-stringprep	7539
perl-unicode-utf8	9139
perl-uri	724756
perl-uri-db	4142
perl-uri-nested	1809
perl-url-encode	349810
perl-util-properties	3303
perl-variable-magic	33341
perl-vars	26569
perl-vcftools-vcf	64617
perl-velvetoptimiser	15438
perl-version	222740
perl-version-next	9998
perl-want	17742
perl-warnings-register	26412
perl-www-mechanize	5922
perl-www-robotrules	594241
perl-xml-dom	410056
perl-xml-dom-xpath	403653
perl-xml-entities	5989
perl-xml-filter-buffertext	191383
perl-xml-libxml	747869
perl-xml-libxslt	210732
perl-xml-namespacesupport	616792
perl-xml-parser	243523
perl-xml-parser-lite	12857
perl-xml-regexp	403870
perl-xml-sax	622254
perl-xml-sax-base	616735
perl-xml-sax-expat	416877
perl-xml-sax-writer	197232
perl-xml-semanticdiff	12076
perl-xml-simple	499431
perl-xml-twig	207254
perl-xml-writer	197021
perl-xml-xpath	199781
perl-xml-xpathengine	406967
perl-xsloader	652325
perl-xxx	6566
perl-yaml	589570
perl-yaml-libyaml	26769
perl-yaml-pp	7237
perl-yaml-tiny	13335
permucn	153
permutect	450
perseus	3134
pfam_scan	17301
pfp	13187
pftools	29173
pgap2	2322
pgcgap	93706
pgdspider	4501
pgenlib	19884
pggb	35138
pgma-simple	10278
pgr-tk	9698
pgrc	3076
pgsa	7070
pgscatalog-utils	7395
pgscatalog.calc	5143
pgscatalog.core	7871
pgscatalog.match	9659
pgx-pipe-helper	3431
pgx-variant-tools	13009
phables	23854
phabox	11422
phageflow	150
phagemine	1526
phamb	2142
phame	26763
phanotate	51765
phanotate-rs	251
phantasm	1253
phantasm-xenogi	1638
phantompeakqualtools	20808
pharmcat3	1179
pharokka	59698
phaser	2263
phasius	6347
phast	13115
phastaf	3773
phate	25235
phava	869
phcue-ck	6532
pheniqs	37709
phenix	6021
phenograph	1488
phertilizer	2191
phiercc	1991
phigaro	6995
philosopher	2438
phip-stat	2376
phipack	21426
phirbo	3418
phispy	86395
phist	4693
phizz	11802
phlame	333
phold	9160
pholdlib	617
phonenumbers	8295
phu	1050
phyclone	998
phykit	51522
phylics	24223
phyling	672
phylip	168069
phyloacc	47623
phyloaln	947
phylobayes-mpi	13920
phyloblitz	143
phylocsf	5575
phylocsfpp	15455
phylodeep	2811
phylodeep_data_bd	854
phylodeep_data_bdei	302
phylodeep_data_bdss	2043
phylodm	69120
phylofisher	25358
phyloflash	36885
phylogenetics	3175
phylogenize	2902
phylommand	7038
phylonium	369
phylopandas	31191
phylophlan	73271
phylopypruner	810
phylorank	30539
phylornn	2631
phylotoast	16000
phylovega	9505
phylowgs	27000
phyluce	38858
phyml	122540
phynder	3284
phynteny	3148
phynteny_transformer	2454
phyphy	2392
physher	4160
physiofit	7223
physiofit4galaxy	5417
physiofit_data_manager	2551
physlr	7795
phytest	3210
phytop	319
phyx	6404
pia	12360
piaso	887
piawka	8071
picard	2988080
picard-slim	222367
picopore	46155
picrust	37959
picrust2	70822
pictrust	4657
pie	10964
piemmer	8565
pifcosm	2249
pigpen	4353
pilea	47507
pileometh	6524
piler	7177
piler-cr	41370
pileuppy	13739
pilon	144034
pin_hic	5287
pindel	67271
pipelign	7182
piper	80170
pipette	111
pipits	53714
pipmir	7702
piranha	12473
piranha-polio	21319
pirate	16545
piret	5552
pirs	7228
pisad	2925
piscem	49415
piscem-infer	3365
pisces	16911
pispino	15133
pixel-patrol-base	31
pixelator	13713
pizzly	22621
pkiss	16372
planemo	163924
plannotate	115022
plant_tribes_assembly_post_processor	27344
plant_tribes_gene_family_aligner	22061
plant_tribes_gene_family_classifier	41131
plant_tribes_gene_family_integrator	22628
plant_tribes_gene_family_phylogeny_builder	23150
plant_tribes_kaks_analysis	21769
plantcv	41778
plasann	2343
plasclass	6582
plascope	12534
plasflow	8466
plasmar	244
plasmidcommunity	653
plasmidfinder	20028
plasmidhawk	6427
plasmidid	15557
plasmidtron	19903
plasnet	1897
plasrisk	31
plass	21133
plassembler	31110
plast	274
plastanno	3627
plastedma	3935
plastid	42555
plateo	589
platon	34269
platonyzer	574
platypus-conquistador	6797
platypus-variant	35345
plek	21852
plinder	2395
pling	2467
plink	193057
plink2	122169
plinkio	3737
plmc	3583
plncpro	13962
ploidypatch	78
plotcritic	4441
plothic	2229
plotnado	139
plotsr	27503
pm4ngs	55750
pmdtools	10728
pmga	5575
pmidcite	1948
pmlst	2900
pmlst_ssi	98
pmmrcalculator	10122
pmotools	167
pmultiqc	51871
pmx_biobb	21935
pneumo-typer	84081
pneumocat	15866
poa	209624
pod5	14837
polap	10341
polars-bio	10223
poly-qtlseq	2738
polyat	139
polymutt	5614
polypolish	22710
polystest	14525
pomegranate	15347
pomoxis	57391
poolsnp	2536
popdel	94108
popera	3187
popgen-entropy	10116
popins2	884
poplddecay	4088
popoolation2	1229
poppunk	83878
popqc	416
popscle	9016
popt	88024
pore-c	6460
porechop	75567
porechop_abi	21452
poretools	50198
porfast	3899
portcullis	256836
portello	928
poseidon-trident	33389
poseidon-xerxes	11024
postmaster	952
potrace	14512
pourrna	17126
pout2mzid	5095
pp	45188
pp-sketchlib	18315
ppanggolin	130734
ppanini	15975
pplacer	174562
pprodigal	4004
ppx	34957
pqlseqpy	131
prank	286091
predex	9199
predicthaplo	5891
predictosaurus	41343
preface	3131
prefersim	6966
prequal	6273
preseq	63542
president	38109
presto	44814
prestor	6635
pretext-suite	6061
pretext-to-asm	701
pretextannotate	238
pretextgraph	21651
pretextmap	30264
pretextsnapshot	18605
prform	195
price2	1273
pridepy	383
prim	70
primalbedtools	3314
primalscheme	7709
primedrpa	8564
primer3	457770
primer3-py	210401
primerclip	5174
primerforge	7178
primerprospector	5355
primers	1791
prince	28006
prinseq	44014
prinseq-plus-plus	15208
prinseq-rust	113
priorcons	170
privateer	4076
proact	66
probabilistic2020	8712
probamconvert	18102
probcons	148719
probconsrna	141385
probe	577
probeit	18355
probord	173
proda	100307
prodigal	578959
prodigal-gv	37481
profile_dists	2462
progenomes	239
progressivemauve	12221
prokanota	64
prokaryote	12951
prokbert	3998
prokka	264554
proksee	15110
promis-msi	43
promod3	5544
promotercalculator	566
pronto	99753
proot	6244
prooverlap	444
proovframe	4096
prophane	25696
prophasm	12447
prophex	14086
prophyle	550278
propy3	8771
prosampler	14319
prosic	23758
prosolo	36849
prot-scriber	19447
protal	1446
protein-mosaic-q	56
proteinortho	202757
proteinview	250
proteomes2structs	37
proteomiqon-alignmentbasedquantification	2222
proteomiqon-alignmentbasedquantstatistics	4305
proteomiqon-joinquantpepionswithproteins	5370
proteomiqon-labeledproteinquantification	5343
proteomiqon-labelfreeproteinquantification	5304
proteomiqon-mzmltomzlite	8792
proteomiqon-mzmltomzliteionmobility	33
proteomiqon-peptidedb	12634
proteomiqon-peptidespectrummatching	15547
proteomiqon-proteininference	12592
proteomiqon-psmbasedquantification	13863
proteomiqon-psmbasedquantificationtims	119
proteomiqon-psmstatistics	18008
proteomiqon-quantbasedalignment	1835
proteowizard	12909
protgraph	27032
protk	6006
protmapper	24866
protrac	18134
provean	2900
prscs	4173
prsedm	69
prseq	10815
prymer	4987
psap	5706
psaps	102
psascan	6261
psass	9782
psauron	4036
psdm	10855
pseqsid	1907
pseudo-it	6600
pseudoscope	565
psiclass	11017
psims	37855
psipred	1124
psirc	1556
psm-utils	23773
psm_fragments	12097
psmc	5877
psortem	97
psosp	1747
psqtl	312
psspd	29
pstools	3926
pstrain	2315
psytrans	2939
ptgaul	4989
ptools_bin	11201
ptrimmer	16141
pubchempy	168519
pubgator	184
pubmlst_client	6194
pulchra	6021
pullseq	22678
pupmapper	863
pureclip	47866
purge-dups-runner	6154
purge_dups	19399
purge_haplotigs	29157
purple-bio	6318
pvacseq	13710
pvactools	1864
pvga	1096
pxblat	37055
py-graphviz	18277
py2bit	241091
py_fasta_validator	19365
py_nucflag	12073
pyaavf	4394
pyabpoa	80031
pyalveo	36266
pyamilyseq	312
pyani	49707
pyani-plus	1448
pyaragorn	28403
pyasn1-modules	84171
pyasp	9256
pyasr	3171
pybamparser	6501
pybamtools	12674
pybarrnap	4983
pybascule	511
pybbi	30331
pybda	6532
pybdei	3484
pybedgraph	37322
pybedlite	52236
pybedtools	1588364
pybel	28553
pybigtools	29780
pybigwig	1100273
pybiolib	269851
pybiomart	22297
pybmtools	4144
pybwa	35340
pychopper	41571
pycistarget	488
pycistopic	312
pycli	13678
pyclone	4239
pyclone-vi	10593
pycluster	26916
pycomo	7521
pycoqc	34122
pycov3	2402
pycoverm	4689
pycrac	5300
pycsg	8769
pyctv_taxonomy	1976
pydamage	21302
pydbsnp	1163
pydemult	12581
pydeseq2	65256
pydmtools	7450
pydna	24969
pydna_repeatfinder	7213
pydnase	20892
pydownsampler	3102
pydp	5317
pydpi	3353
pydustmasker	14015
pyeasyfuse	1713
pyega3	53111
pyensembl	73436
pyeuk	66
pyexcelerator	8695
pyfaidx	985246
pyfamsa	36585
pyfasta	22991
pyfastani	22747
pyfastaq	49745
pyfastg	2952
pyfastx	257000
pyfba	19038
pyfish	7831
pygage	71
pygcap	8754
pygenetic_code	1499
pygenometracks	93803
pygenomeviz	29811
pygmes	16368
pygoslin	187
pygraphviz	82862
pygresql	10593
pygrgl	12793
pygtftk	102988
pygvcf2coverage	3125
pyhalcyon	2540
pyham	2007
pyhashxx	11555
pyhmmer	382890
pyhmmsearch	1582
pyhoward	85
pyideogram	145
pyimagingmspec	6726
pyimzml	21093
pyjaspar	36891
pyjess	40056
pykofamsearch	1394
pylca	2983
pylibseq	49609
pyliftover	170285
pylipid	703
pylocuszoom	4929
pyloh	21041
pylprotpredictor	3269
pymethylation_utils	692
pymisc-utils	17632
pymix	6733
pymlst	12241
pymmseqs	348
pymochi	4053
pymot	6681
pymsaviz	17509
pymummer	70681
pymvpa	32001
pymzml	117464
pymzqc	1254
pynacl	11172
pynast	41125
pyngost	508
pynnotator	22595
pynteny	4248
pyomero-upload	20301
pyomo	19470
pyonsite	290
pyopal	28045
pyopenms	67957
pyopt	6117
pypairs	26965
pypeflow	49485
pypgatk	45143
pypgx	58951
pypints	22429
pypiper	13732
pyplink	1770
pypolca	11425
pypore	22891
pyprimer-ilps	98
pyprophet	96453
pyqi	61329
pyquant-ms	28356
pyquery	7747
pyrad	10700
pyranges	355878
pyranges1	3944
pyrho	78
pyrle	177560
pyrodigal	310879
pyrodigal-gv	29606
pyrodigal-rv	4074
pyroe	41829
pyrovelocity	2563
pyrpipe	6722
pysais	6217
pysam	12448327
pysamstats	121458
pyscaf	6582
pyscenic	5290
pysctransform	595
pyseer	70483
pyseq-align	22860
pysftp	135809
pyskani	3376
pyslim	9326
pyslow5	55119
pysnptools	13373
pyspoa	144112
pyspoars	2369
pysradb	99058
pysvg	7868
pysvmlight	7354
pytabix	126000
pytantan	5284
pytaxonkit	23194
pyteomics	194457
pytest-marks	10568
pytest-timeout	23115
pytest-workflow	12416
pythomics	21631
python-bioext	70828
python-bioformats	21025
python-chado	76555
python-cluster	20830
python-codon-tables	6753
python-consensuscore	39119
python-consensuscore2	15058
python-crypt4gh	9436
python-edlib	359772
python-eel	5471
python-fakemp	10789
python-ferro-hgvs	14561
python-goenrichment	9173
python-hivclustering	46129
python-hppy	25711
python-htsget	11639
python-hyphy-python	48150
python-intervaltree	16634
python-levenshtein	21021
python-libsbml	28960
python-mailund-newick	5580
python-minibwa	5071
python-monovar	1361
python-msgpack	56530
python-newick	43144
python-nextflow	14012
python-omero	99351
python-rnacentral	3239
python-sortedcontainers	25011
python-tripal	56494
python-weblogo	18756
python_circos	3971
pythoncyc	655
pythonnet	7096
pythonpy	22804
pytransaln	1421
pytrf	26271
pytriangle	28785
pytrimal	36670
pytwobit	6762
pytximport	14248
pyutilib	13911
pyvcf	116423
pyvcf3	486907
pyvolve	19592
pywdl	9214
pywfa	25929
pywgsim	8025
pyx	15029
qax	24187
qcat	17245
qcatch	5477
qcli	47435
qcumber	5844
qfilt	8657
qglmm	231
qgrs-cpp	11207
qhery	2373
qiime	136682
qiime-default-reference	45343
qiimetomaaslin	5426
qimba	667
qiskit-xyz2pdb	3682
qorts	20858
qpx	2094
qsignature	19408
qtip	8763
qtlseq	35043
quake	7808
qualifilter	92
qualimap	244413
qualrepair	197
quantiprot	3134
quantms-rescoring	6107
quantms-utils	18635
quantpi	3121
quantwiz-iq	4058
quaqc	7457
quartet-bio	611
quasildr	5182
quasirecomb	3653
quasitools	87307
quast	403542
quatradis	60409
query_phenomizer	13403
querynator	20122
quick-variants	181
quickbam	1934
quickdeconvolution	5029
quickmerge	8766
quickmirseq	424
quicksect	51104
quicksnp	2209
quicktree	31950
quip	4196
quorum	7664
quota_anchor	5138
r-abdiv	142764
r-abind	8230
r-acidbase	138000
r-acidcli	27716
r-acidexperiment	37785
r-acidgenerics	69390
r-acidgenomes	65161
r-acidgsea	18152
r-acidmarkdown	24406
r-acidplots	95725
r-acidplyr	56327
r-acidroxygen	34
r-acidsinglecell	29241
r-acidtest	36
r-ada	7495
r-ade4	11699
r-adegenet	12426
r-adephylo	7100
r-agricolae	6650
r-ahocorasicktrie	7404
r-airr	4081
r-alakazam	23915
r-algdesign	6301
r-amap	8712
r-amlmapr	159
r-ampliconduo	5077
r-ampvis	9861
r-ampvis2	28431
r-anndata	15529
r-annotables	15706
r-aod	6819
r-aptreeshape	7545
r-archr	4620
r-argparse	13814
r-argparser	6042
r-argumentcheck	5748
r-aroma.affymetrix	30721
r-aroma.apd	6535
r-aroma.core	36890
r-ash	44975
r-asics	5732
r-autospill	7086
r-azimuth	4842
r-bascule	1020
r-base64	8234
r-basejump	191297
r-batch	11010
r-batchjobs	7820
r-bayesprism	3227
r-bbmisc	14902
r-bbmle	6167
r-bc3net	3529
r-bcalm	179
r-bcbiobase	74165
r-bcbiornaseq	105671
r-bcbiosinglecell	44386
r-beanplot	7246
r-bedr	6504
r-bedtoolsr	8712
r-beyondcell	3230
r-bh	42164
r-biasedurn	9205
r-biganalytics	5591
r-biglm	6457
r-bigmemory	7318
r-bigmemory.sri	6892
r-bio3d	14638
r-biodb	61914
r-biom	9098
r-biomark	5767
r-biomartr	16829
r-bioregion	71
r-bioverbs	64484
r-bipartite	6869
r-bisquerna	17554
r-bit	11411
r-bit64	12612
r-blockfest	7385
r-blockmodeling	11170
r-bma	15393
r-bmix	1491
r-boutroslabplottinggeneral	348
r-bpcells	6503
r-bread	106
r-breakaway	8097
r-brio	81081
r-bseqsc	4188
r-bsicons	264
r-buencolors	1272
r-bulkanalyser	5181
r-calder2	11952
r-calibrate	7637
r-canopy	12582
r-car	13201
r-caroline	6621
r-cate	13223
r-catools	71652
r-ccqtl	2567
r-ccube	5187
r-cdseq	4478
r-cellassign	19250
r-cellosaurus	25704
r-cghflasso	50433
r-cghseg	2980
r-changepoint	12708
r-chbutils	22770
r-checkmate	16916
r-checkpoint	6657
r-chord	2035
r-chromium	4273
r-chromvarmotifs	4311
r-cimpl	9987
r-cin-signature-quantification	117
r-circlize	14410
r-circrnafull	520
r-classdiscovery	26661
r-cleangeostreamr	741
r-clinfun	4125
r-clustermole	59
r-clvalid	3523
r-cnaqc	1494
r-cnogpro	6729
r-cobrar	11202
r-codedepends	5765
r-coenocliner	7200
r-coloc	36537
r-combinat	7840
r-compquadform	6332
r-compute.es	7412
r-conos	17281
r-consensustme	5982
r-corbi	4665
r-corncob	12262
r-corpcor	9404
r-corrplot	13483
r-cp4p	8710
r-crbhits	4596
r-crisprcleanr	109624
r-crmn	6570
r-cssam	8391
r-ctree	1042
r-d3heatmap	6755
r-dartr	33038
r-data.table	75751
r-dbchip	8783
r-ddir	4666
r-ddrtree	6522
r-deconcell	1527
r-deconstructsigs	24043
r-deepkin	59
r-delaporte	6424
r-deldir	7914
r-dendextend	9324
r-densityclust	6491
r-deoptimr	28705
r-deseqanalysis	90165
r-devemf	753
r-dgeclustering	7246
r-diagram	7584
r-diffcorr	11582
r-digest	74514
r-dimsum	30021
r-dinamic.duo	5370
r-diptest	8792
r-disco	2921
r-discriminer	7724
r-disprose	2376
r-dndscv	1584
r-dnet	15561
r-docopt	7370
r-dorng	8436
r-doubletfinder	309
r-downloader	5239
r-dowser	9376
r-dpeak	11396
r-dplyr	22563
r-drc	7815
r-dsb	3438
r-dt	11731
r-dunn.test	7034
r-dwls	4976
r-dynamictreecut	10662
r-e1071	6094
r-eacon	10515
r-easydifferentialgenecoexpression	3542
r-easylift	1191
r-easypar	2045
r-ebimetagenomics	5722
r-ecodist	7003
r-efglmh	175
r-eggnog	4035
r-ellipse	9682
r-emdbook	6558
r-empiricalfdr.deseq2	11887
r-enchantr	19773
r-enrichr	3302
r-epic	16495
r-epitrace	1040
r-erah	5599
r-exactranktests	5841
r-exomedepth	28793
r-extrafont	5846
r-extrafontdb	5552
r-eztune	1934
r-facets	19907
r-factominer	11496
r-fail	7884
r-fastbaps	23977
r-fastcluster	11652
r-fastica	6261
r-fastmatch	7583
r-fastqcr	11767
r-fateid	16183
r-fda	7816
r-ff	7088
r-fftwtools	7006
r-fgwas	15717
r-fields	14397
r-findpython	9016
r-firebrowser	4586
r-fitdistrplus	8394
r-flanders	630
r-flashclust	6608
r-flexclust	5804
r-flexmix	6964
r-floral	447
r-flowr	13303
r-fmsb	7251
r-fnn	8113
r-fpc	5943
r-freerange	28690
r-freqestimationmodel	562
r-funr	7658
r-funrar	7188
r-futile.logger	91921
r-futile.options	92749
r-future	121685
r-gam	15424
r-gamlss	5825
r-gamlss.data	6780
r-gamlss.dist	6479
r-gap	10751
r-garnett	8531
r-gbm	13402
r-gchromvar	1172
r-gdtools	6932
r-geiger	17657
r-genabel	6025
r-genabel.data	6753
r-geneexpressionfromgeo	3759
r-genekitr	79
r-genemodel	5007
r-genenet	8477
r-genometricorr	5461
r-genomictools	6711
r-genomictools.filehandler	3509
r-geoaxe	7164
r-geomap	6934
r-george	7830
r-getoptlong	9292
r-ggally	101077
r-ggalt	13204
r-gganatogram	3381
r-ggbiplot	12201
r-ggcoverage	4269
r-ggdendro	45136
r-ggmsa	4623
r-ggplot2	82560
r-ggrasp	7635
r-ggrepel	14758
r-ggsignif	6544
r-giant	8633
r-gkmsvm	25982
r-globaloptions	9007
r-globals	120670
r-gmd	8599
r-gmodels	5648
r-gmwt	8206
r-goalie	179838
r-goeveg	10543
r-googlevis	7708
r-gpca	6286
r-gplots	19634
r-gprofiler	7986
r-gpseq	6414
r-grain	26737
r-graphstatsr	76
r-grbase	31718
r-grimport	7383
r-gsalib	51730
r-gsmoothr	7878
r-gsubfn	8707
r-guilds	5865
r-gwasexacthw	5629
r-gwpcr	30192
r-hahmmr	1330
r-haplo.stats	5881
r-hardyweinberg	14901
r-harmony	19388
r-hdrcde	46273
r-heattree	219
r-hemdag	61033
r-hexdensity	378
r-hgvsparser	1266
r-hierfstat	4072
r-histonehmm	28402
r-hmm	226
r-htmltools	20277
r-htmlwidgets	13567
r-htscluster	9273
r-htssip	13670
r-hwriter	22273
r-ic10	20112
r-ic10trainingdata	5872
r-ichorcna	33088
r-icluster	5704
r-idpmisc	7508
r-idr	8981
r-immucellaimouse	1405
r-immunedeconv	29258
r-imp4p	5333
r-imputelcmd	9993
r-inline	10473
r-inlinedocs	7719
r-instantiate	751
r-intego	8064
r-interpretmsspectrum	5650
r-intlim	7336
r-ipo	6640
r-isogene	5622
r-isva	6753
r-itertools	7216
r-jackstraw	13528
r-jetset	3064
r-jpeg	5348
r-jsonlite	26575
r-kaos	4873
r-kernlab	7135
r-kinship2	7173
r-klar	6228
r-km.ci	6703
r-kmsurv	6749
r-knitr	15522
r-knitrbootstrap	7351
r-kriging	7420
r-ks	60262
r-lambda.r	92209
r-ldrtools	4737
r-ldsr	68
r-ldweaver	7476
r-leapp	10319
r-leaps	12981
r-learnbayes	6693
r-leidenbase	38740
r-liger	26914
r-linxreport	2112
r-lipidomer	2925
r-lisi	5653
r-listenv	120884
r-lme4qtl	6813
r-lncpipereporter	9544
r-locfdr	5484
r-locfit	64539
r-locom2	60
r-locuszoomr	1721
r-logging	5962
r-longitudinal	8069
r-loom	12196
r-loomr	5993
r-loose.rock	10112
r-lsd	43094
r-lymphclon	3693
r-magrittr	32204
r-maldiquant	24418
r-maldiquantforeign	21528
r-maldirppa	7466
r-mams	1142
r-matlab	5838
r-matrixeqtl	6944
r-matrixstats	66668
r-maxlik	6284
r-mba	7663
r-mclust	21792
r-mcpcounter	14958
r-merge-kallisto	3925
r-mess	10183
r-metablastr	1771
r-metaboanalyst	4007
r-metacoder	20621
r-metadig	1937
r-metalonda	12980
r-metama	12143
r-metamapwidget	60
r-metap	4994
r-metarnaseq	5788
r-metstat	10086
r-mfassignr	1995
r-mgsz	3817
r-micropan	12778
r-microseq	6893
r-millefy	2532
r-minems2	20484
r-minionqc	9102
r-minpack.lm	6382
r-misc3d	45005
r-misctools	5800
r-misha	34129
r-missforest	6195
r-mitools	6413
r-mixedcca	2152
r-mixkernel	19831
r-mixomics	26467
r-mixtools	6804
r-mkmisc	6831
r-mlgt	6716
r-mmcpcounter	6373
r-mmgenome	15443
r-mmod	4888
r-mobster	990
r-mocha	50
r-momf	5427
r-momr	4401
r-monocle3	47411
r-motifbinner	7357
r-mpath	85
r-mqtl	5834
r-msm	14522
r-mspbwt	3452
r-msqrob	15525
r-multicool	51439
r-multitaper	9099
r-music	4197
r-mutationalpatterns	8328
r-mutoss	20029
r-mutsigextractor	2569
r-mvr	6271
r-mytai	4251
r-nabor	9059
r-nam	5330
r-nanopore	17724
r-nanostringnorm	21233
r-nastiseq	9353
r-nbpseq	18789
r-ncbit	6269
r-netcomi	4647
r-netgsa	422
r-ngsplot	8889
r-ngsplotdb-hg19	6119
r-ngsplotdb-hg38	6847
r-ngsplotdb-mm10	7887
r-nhmmfdr	5598
r-nleqslv	6951
r-nodiv	13506
r-noisyr	2217
r-nor1mix	7845
r-nozzle.r1	47187
r-numbat	2872
r-oai	7248
r-oncopharmadb	13492
r-ontologyplot	6508
r-openebgm	123
r-openxlsx	8337
r-optparse	25088
r-orca	511
r-ore	6451
r-orqa	9317
r-outliers	6462
r-pack	6614
r-pairadise	1657
r-pamr	5970
r-panther	4004
r-params	7540
r-pathfindr	11266
r-pathosurveilr	1069
r-pathwaytmb	5479
r-patpro	7042
r-pcalg	7356
r-pcapp	51890
r-pctgcdata	16280
r-peakpick	1346
r-peer	9814
r-pegas	13120
r-penalized	6453
r-perfmeas	12516
r-permute	11900
r-pgecore	5074
r-phangorn	12043
r-pheatmap	47729
r-phewas	10541
r-phonr	7019
r-phyext2	9600
r-phylobase	14294
r-phylomeasures	10166
r-phylosignal	12568
r-phytools	16485
r-pinfsc50	6102
r-pio	1711
r-pipette	105080
r-plasmidprofiler	15676
r-plotly	24092
r-plotrix	14074
r-plsgenomics	3569
r-pma	23335
r-pmcmr	7538
r-png	11308
r-pointillism	69
r-polynom	7523
r-polysat	11638
r-popgenome	15674
r-popgenreport	6378
r-pophelper	13922
r-poppr	27325
r-pore	15324
r-prabclus	5590
r-pracma	9756
r-precrec	5501
r-preseqr	7302
r-presto	15589
r-prestor	3414
r-prettyunits	8425
r-probmetab	32853
r-progress	7181
r-proj4	7977
r-propcis	5428
r-proteus-bartongroup	1913
r-proxy	6732
r-prroc	30019
r-pscbs	98997
r-pscl	6657
r-psminer	606
r-pspecterlib	1374
r-psych	14652
r-ptw	6562
r-purbayes	5817
r-qiime2r	3180
r-qiimer	7314
r-qlcmatrix	5910
r-qorts	10296
r-qpcr	5637
r-qqman	28126
r-qtl	5879
r-qtl2	8208
r-qtlseqr	5371
r-quilt	18747
r-quorts	5996
r-r.cache	48208
r-r.devices	6823
r-r.filesets	6637
r-r.huge	6819
r-r.methodss3	87758
r-r.oo	89736
r-r.rsp	6630
r-r.utils	89946
r-r0	3628
r-r2html	5648
r-r4cker	7082
r-raceid	8976
r-rainbow	45660
r-ramclustr	18694
r-rann	6864
r-rapidr	8907
r-rappdirs	8779
r-rbamtools	4890
r-rbison	7143
r-rblast	12719
r-rcircos	15478
r-rcppgsl	4707
r-rcppparallel	20809
r-rcpptoml	5793
r-readbrukerflexdata	13102
r-readmzxmldata	8644
r-readr	13833
r-rebird	17474
r-recetox-aplcms	29513
r-recetox-waveica	5777
r-recetox-xmsannotator	5326
r-redeemr	1120
r-relaimpo	6274
r-relations	6386
r-remapenrich	822
r-rematch2	8319
r-rentrez	6344
r-reshape	9492
r-restfulr	387366
r-rfoc	7824
r-rgbif	28662
r-rgraphics	7234
r-riborex	7128
r-ridigbio	7062
r-rismed	3959
r-rjson	10056
r-rldne	239
r-rlist	6151
r-rmarkdown	9091
r-rmysql	6123
r-rnexml	24122
r-rniftyreg	7310
r-robustrankaggreg	9786
r-rocr	6053
r-roll	930
r-rphast	10690
r-rphylip	9139
r-rpmg	7963
r-rrbgen	13833
r-rrcov	15910
r-rseis	9148
r-rsm	7829
r-rsnps	3902
r-rsolnp	6697
r-rspectral	6094
r-rtassel	4850
r-rtfbs	12535
r-rtsne	6478
r-rttf2pt1	5735
r-rubic	18113
r-runit	8287
r-rvertnet	7027
r-rwave	7852
r-saccharis	528
r-sads	6035
r-saige	628976
r-samr	20847
r-sartools	72137
r-sbpiper	13990
r-scales	39769
r-scarhrd	400
r-scatterplot3d	7812
r-scavenge	1219
r-scbio	3828
r-scdc	6814
r-sceasy	21596
r-scevan	810
r-sched	135
r-scimpute	14345
r-scistreer	1627
r-scoper	7157
r-scopfunctions	3933
r-scpred	12598
r-scrm	19949
r-scroshi	2572
r-seamless	2930
r-segmented	6436
r-sendmailr	8929
r-seqinr	16714
r-seqmagick	10287
r-seqminer	17803
r-sequenza	16468
r-sets	6539
r-seurat	99789
r-seurat-data	4720
r-seurat-disk	4332
r-seurat-scripts	15379
r-sew	9666
r-sgtr	26896
r-shaman	6503
r-shape	9338
r-shazam	35154
r-shinyace	6613
r-shinyngs	68050
r-sigminer	69311
r-signac	232461
r-signal	8119
r-sigqc	14755
r-sigtree	11589
r-singlecellnet	5734
r-skellam	6516
r-sleuth	49545
r-smartsva	9476
r-smvar	5970
r-snow	82020
r-snowfall	12778
r-snpassoc	5901
r-soap-nmr	9943
r-solarius	8484
r-som	5690
r-spacexr	106877
r-spam	15381
r-sparql	7392
r-spdep	6775
r-speaq	38202
r-speedglm	6496
r-spieceasi	23190
r-splancs	7788
r-splitstackshape	6930
r-spocc	19212
r-spp	56597
r-spring	3619
r-sqldf	5919
r-stampp	7761
r-statmod	55587
r-statvisual	10478
r-stitch	52990
r-strainspy	1929
r-stringr	19839
r-structssi	10281
r-survey	7220
r-svdialogs	7490
r-svgui	7773
r-swamp	20342
r-syntactic	107086
r-tailfindr	12761
r-taxa	15631
r-taxonomizr	19661
r-tcga2stat	9950
r-tcr	21757
r-teddy	1007
r-testthat	13093
r-tfmpvalue	7497
r-tftargets	4769
r-tibble	40508
r-tidygenomics	14686
r-tidygwas	47
r-tidyheatmap	4102
r-tidytacos	123
r-tiff	7979
r-tigger	7492
r-tinc	621
r-tinyarray	13930
r-tmae	19035
r-traminer	12405
r-transformer	68198
r-transphylo	12316
r-treesim	10791
r-trimcluster	5960
r-truncnorm	6830
r-tsenat	851
r-tsne	6781
r-tximport	6078
r-txrevise	6911
r-ukbrapr	5873
r-umi4c	10170
r-umianalyzer	2846
r-upsetr	9455
r-variantstring	176
r-vcfr	13808
r-vegan	86179
r-velocyto.r	9496
r-venn	7538
r-venndiagram	8301
r-viber	939
r-virfinder	9952
r-viridis	15774
r-viscorvar	14184
r-vision	7603
r-wasabi	47507
r-waveslim	6892
r-wgcna	80345
r-whopgenome	9487
r-wicket	6887
r-workflowscriptscommon	26962
r-wormbase	5284
r-wrassp	6751
r-writexls	49547
r-xcell	15990
r-xgr	14960
r-xmlrpc	10876
r-xnomial	9905
r-yaml	22064
r-zerone	6169
r2r	16761
ra	70192
ra-integrate	5604
raaqa	98
rabbitqcplus	3396
rabbitsketch	635
rabbittclust	1212
rabies	3330
rabix-bunny	46206
raccoon	227
racon	273679
rad	944
rad_haplotyper	19512
radiant	1328
radiantkit	470
radsex	25890
radte	230
radtk	1145
ragout	39585
ragtag	38570
rainbow	16934
raiss	12175
rambo-k	7274
rammap	6560
rammappy	1225
randfold	20631
rapclust	17624
rapgreen	1439
rapid	53148
rapidnj	33582
rapidshapes	1501
rapifilt	5878
rapmap	41468
rappas	11787
rapsearch	15269
raptor	20216
rasbhari	360
rascaf	9079
rastair	4039
rastqc	6031
rastqc-nanopore	30695
rasusa	59375
ratatosk	6174
ratatoskr	490
ratt	4062
rattle	1510
raven-assembler	88625
rawtools	16139
raxml	1563696
raxml-ng	121223
raxtax	1356
ray	15054
razers3	58635
rbpbench	19203
rcorrector	34682
rcsbsearch	2245
rcx-tk	1036
rd-analyzer	2056
rdeval	8344
rdfextras	7032
rdflib	12533
rdflib-jsonld	23746
rdkit	24403
rdock	10020
rdp-readseq	6228
rdp_classifier	16308
rdptools	21019
rdrpcatch	4059
reactome-cli	1075
read-it-and-keep	15599
read2tree	2765
readfq	8588
reads2graph	1339
readseq	11055
readucks	9590
readzor	2478
reago	6561
real	5845
realignpro	312
realphy	6990
reaper	7623
reaper-trim	444
rearr	3464
rebaler	22543
rebar	1001
recalladapters	9008
recentrifuge	101781
recgraph	2196
recmpox	386
recode-h5ad	1620
recognizer	122760
recombass	65
recon	43673
recon-para	487
recontig	14682
rectanglepy	103
rectify-rna	192
recur	645
recycler	21648
red	10498
reditools3	537
redskull	1614
reduce	26347
redundans	2319
ref-solver	2550
referee	1770
referenceseeker	37334
reffinder	3315
refgenconf	80220
refgendetector	119
refgenie	74187
refgenieserver	21018
refinegems	58
refinem	16767
reframed	9825
refseq-plasmid-dl	111
refseq2cds	97
refseq_masher	17060
regain-cli	391
regenie	88583
regex	31698
regional	6595
reglscatterpy	595
regtools	36896
relecov-tools	4797
relion	19210
relocate2	14090
remag	7112
remeta	137
remurna	5800
rename	28476
renano	11802
reneo	5736
renet2	2342
repaq	9190
reparation_blast	49727
repdenovo	6553
repeatafterme	14779
repeatmasker	151059
repeatmodeler	65882
repeatscout	46027
repenrich	6996
repermulize	455
repic	7456
replidec	5090
reportfunk	3050
represent	12246
req	7429
requests-cache	17362
requests-mock	19088
requests-toolbelt	21972
rerconverge	3395
reseek	4069
reseq	11180
reseq2	622
resfinder	14362
resistify	76789
resistogrid	460
resmico	11060
respro	2927
restrander	182
retry_decorator	17286
revbayes	13537
reveal	9246
reveal-tools	82
reviewer	1630
revoluzer	5581
revtag	7697
revtrans	5817
rfmix	10939
rfplasmid	13107
rgccacmd	7865
rgi	224249
rgt	28846
rhinotype	171
rhocall	11873
rhotermpredict	1173
riassigner	11794
riblast	2373
ribocode	47970
ribocutter	9143
ribodetector	20528
ribodiff	7556
ribolands	3102
riboloco	3341
ribominer	6276
riboplot	7134
riboraptor	6428
riborex	8579
riboseed	67013
riboseek	234
riboseq-rust	5150
riboseqc	2854
ribotaper	14872
ribotin	6736
ribotish	28597
ribotools	1395
ribotricer	34247
ribowaltz	5665
rich-msa	1670
rigel	2453
riker	5997
rikin	9140
rilseq	33895
ripcal	1209
ripser	6453
ristretto-ms	816
rjchallis-assembly-stats	3110
rkp	3061
rlpipes	9193
rmap	6495
rmath4	6551
rmats	95290
rmats-long	3956
rmats2sashimiplot	27499
rmblast	129923
rmetl	2396
rmlst-cli	54
rmlst_api	5512
rna-cd	6239
rna-seqc	36685
rnaalishapes	1287
rnabloom	23170
rnablueprint	41872
rnabob	8993
rnabridge-align	7911
rnabridge-denovo	3655
rnachipintegrator	17808
rnaclust	5588
rnacode	10811
rnaframework	316
rnahybrid	5593
rnalien	50728
rnalyze	1428
rnamining	1229
rnanorm	38368
rnaprot	8873
rnaquast	32013
rnaredprint	9057
rnasamba	46757
rnashapes	107205
rnasketch	11009
rnasnp	11149
rnastructure	153031
rnavigate	220
rnavirhost	396
rnaz	24973
rneat	1113
rnftools	117039
roadies	2749
roary	68842
roary2fripan.py	6205
robust-bias-aware	576
rock	3140
rodeo	3516
roguenarok	4465
rolypoly-tk	3491
rop	10066
ropebwt2	19187
ropebwt3	10494
roprofile	5666
roprofile.py	5158
rosella	33578
rotate	1259
roundabout	81
rpbp	20892
rpf-count-cds	3597
rpfa	5457
rpfbagr	9474
rpkmforgenes	7089
rpsbproc	378963
rpy2	39310
rrikindp	7021
rrmscorer	4016
rs3	314
rsa	120028
rsat-core	17806
rscape	157928
rseg	6294
rsem	251041
rseqc	189683
rsidx	9689
rsrq	1960
rsv-typer	3757
rtg-core	2845
rtg-tools	198451
rtk	12378
rtk2	5073
ruby	64750
ruby-dna-tools	7583
rucs	4461
ruffus	73820
rukki	1696
run-dbcan	3947
runjob	9421
ruranges	13240
rust-bio-tools	335607
rust-gtars	17318
rust-mdbg	6687
rust-ncbitaxonomy	35158
rust-overlaps	8959
rust-proseg	3909
rustqc	2072
rustybam	36468
rustynuc	12436
rustyread	17914
rvtests	11064
rxdock	22679
ryuto	12675
s3gof3r	15949
s4pred	1585
sabre	8667
saccharis	10503
sadie-antibody	596
safesim	5454
saffrontree	5786
sage-proteomics	49954
sailfish	37339
sainsc	11794
saintbioutils	6815
sak	7434
salmid	13191
salmon	853881
salsa2	9605
salti	1576
salty	7971
sam	7439
sam-algorithm	26256
sam-formatter	283
sam-subsampler	253
sam-tagger	49
sam2lca	13988
sam2pairwise	3247
samap	54233
sambamba	499728
samblaster	295608
samclip	61248
samcut	4136
samestr	4482
samhaplotag	14859
sampei	12035
sample-sheet	64684
sample_grouping	93
samplesheet-parser	1096
samplot	73149
samrefiner	8687
samshee	5613
samsift	264025
samsifter	9387
samstats	9129
samstrip	985
samsum	30103
samtools	9781730
samwell	38383
sanitizeme	6803
sankoff	6360
sanntis	17154
sansa	21478
sap	141274
sapling	95
sar11-genome-atlas-tools	116
sarscov2formatter	11851
sarscov2summary	3508
sashimi-py	2655
saspector	8731
sassy	3121
sat-bsa	4833
sativa	3469
sativa-epang	5406
satrap	7288
satsuma2	7154
savage	29981
savana	113410
savont	6489
savvy	47333
sawfish	15614
sbg-cwl-runner	5317
sbol-utilities	4413
sbpipe	12877
sbt	8068
sc-musketeers	2158
sc3-scripts	9780
scaden	15721
scaffold_builder	9028
scagaire	3497
scala	8158
scallop	18822
scallop-lr	8334
scallop-umi	6540
scallop2	10657
scalop	2978
scalpel	58572
scanexitron	169
scanindel	5993
scanitd	82
scanmst	37
scanorama	36823
scanpro	133
scanpy	149183
scanpy-cli	1628
scanpy-scripts	236448
scapp	5994
scar	25652
scarap	1214
scarches	1360
scatac-fragment-tools	3083
scater-scripts	3636
scatrans	2826
sccaf	28475
sccaller	15175
sccellfie	240
sccmec	3906
scelestial	3294
scelvis	65899
scenicplus	397
scepia	9393
scexecute	6997
scfair	2463
scg	6785
scgbinner	82
scglue	14969
schavott	29676
schema	19647
schema-salad	108326
schemarefinery	773
schiccorr	98
schicexplorer	22238
schpl	959
scib	8748
scicone	226
scikit-allel	9142
scikit-bio	61438
scikit-fingerprints	121
scikits-datasmooth	12606
scinexus	2779
sciphi	15723
sciphin	3492
scirpy	81478
scispacy	538
scitrack	4599
scmap-cli	24196
scmidas	4044
scnic	19742
scoary	17747
scoop	19256
scop3p	83
scoring-matrices	30392
scorpio	67950
scpred-cli	28744
scprep	73456
scramble	8547
scran-cli	6320
scrappie	26050
screadcounts	9327
screamingbackpack	12339
screed	42161
scripps-msms	462
scriptmanager	68
scrm	29114
scrnasim-toolz	3162
scrubby	806
scrublet	68445
scspectra	986
scsplit	1339
scssim	6097
scstem	90
sctagger	5482
scte	2608
sctools	6027
sctriangulate	1346
scvelo	37905
scvi	74807
scvi-tools	56190
scvis	2327
scvis_galaxy	3181
scxa-plots	3471
scxmatch	1795
sdeper	13615
sdm	77050
sdrf-pipelines	71596
sdust	3183
seabreeze-genomics	289
seacells	1277
seacr	10275
search_ncbi	613
searchgui	759148
secapr	89811
secedo	15913
secimtools	16738
seedme	12820
seeker	60
seer	5772
seg-suite	4235
segalign-full	8551
segalign-galaxy	778
segemehl	232611
segmentation-fold	13832
segmetrics	14420
segtools	20033
segul	4200
segway	54750
segzoo	4400
seidr	4109
seismic-rna	12914
selam	4135
selectfasta	10242
selectsequencesfrommsa	13240
selene-sdk	86420
selenzy_wrapper	9519
selexprep	801
selscan	19774
sem	5660
semeta	5755
semibin	52888
semidbm	12689
sensv	13287
sentieon	327483
sepp	1307768
sepp-refgg138	9982
sepp-refsilva128	5823
seq-gen	13843
seq-hasher	3050
seq-seq-pan	52547
seq-to-first-iso	12544
seq2c	38932
seq2hla	13958
seq2onehot	2899
seq2science	128085
seq2squiggle	2336
seqan	60423
seqan3	22332
seqan_tcoffee	11925
seqbuster	52226
seqcal	51
seqchromloader	25253
seqcluster	129023
seqcomplexity	9130
seqera	967
seqerakit	15901
seqfold	2990
seqforge	538
seqfu	195605
seqgain	565
seqhax	8781
seqiolib	16490
seqkit	922840
seqlib	25348
seqlike	2879
seqlogo	50661
seqmagick	33564
seqmap	6968
seqnado	17393
seqprep	23606
seqproc	70
seqscreen	116058
seqsero2	30721
seqsero2s	18908
seqsizzle	5463
seqspec	1890
seqstats	7111
seqstr	1598
seqtk	867679
seqtui	537
sequali	40923
sequana	108858
sequana_pipetools	18645
sequencetools	29977
sequenoscope	1806
sequenticon	1931
sequenza-utils	27262
sequip	8717
sequnwinder	5678
seqverify	7935
seqwin	8767
seqwish	48045
seqyclean	13533
sercol	5015
seroba	16875
serotypefinder	6088
serovar_detector	215
seshat	745
sesimcmc	6438
setuptools_cython	10458
seurat-scripts	23166
sevenbridges-python	231954
severus	7184
sexdeterrmine	16070
sff2fastq	6550
sfld	16848
sfold	1753
sfs	1788
sfs_code	7752
sga	20706
sga_ice	2213
sgcocaller	15595
sgdemux	13101
sglearn	170
shannon	3641
shannon_cpp	9286
shape_it	9849
shapeit4	25533
shapeit5	8282
shapemapper	6174
shapeshifter	6139
shapeshifter-cli	4504
sharedmem	15443
sharg	3615
shark	14971
sharkmer	3163
shasta	14952
shellescape	16996
shellinford	988
sherpas	9336
shiba	2195
shiba2sashimi	3729
shigapass	1602
shigatyper	22643
shigeifinder	17978
shiptv	5368
shiver	32461
shmlast	23134
shorah	91080
short-read-connector	3970
shortcut	587
shortreadconnector	7018
shortseq	958
shortstack	40211
shorttracks	6462
shovill	65741
shovill-se	8586
showali	497
showit	7207
shredtools	82
shustring	14052
siann	12207
sibelia	15865
sibeliaz	17853
sicer	10961
sicer2	21934
sickle	32794
sickle-trim	47976
sideretro	614
sidr	2334
sierra-local	448
sierrapy	11669
sift4g	10140
sigmut	3275
sigprofilerassignment	7969
sigprofilerextractor	1507
sigprofilermatrixgenerator	9290
sigprofilerplotting	6389
sim4db	8045
simba	10788
simba_pbg	19598
simbac	6599
simka	24210
simlord	37573
simo-omics	203
simphyni	340
simple_sv_annotation	79914
simpleaf	67759
simplejson	139304
simplesam	12176
simscsntree	5200
simug	4473
simwalk2	7514
sina	121410
sincei	4715
singlecell-barcodes	19423
singlecellnet-cli	1942
singlem	21782
singularity	24996
sinto	29099
sipros	3057
siren-rnai	104
sirius-csifingerid	52683
sis	14769
sistem	696
sistr_cmd	73356
sixgill	17891
sizemeup	6330
ska	12562
ska2	47789
skani	82054
skc	2157
skder	48074
skesa	56943
sketchlib	1694
sketchy	20237
skewer	28734
skiver	436
skmer	42646
skope	5476
skyline2isocor	3401
slacken	81
slamdunk	33470
slamem	12977
slang	6578
slclust	51595
slicedimage	50859
slimfastq	5776
slimm	7224
slivar	94181
slncky	10208
sloika	5512
slow5curl	2127
slow5tools	413941
smaca	36147
smafa	21549
smakcr	304
smallgenomeutilities	48963
smalt	12563
smartdenovo	11011
smartmap	4714
smashbenchmarking	5731
smashpp	13514
smcounter2	10422
smcpp	1664
smeg	34735
smetana	2817
smhasher	21060
smina	12436
smithwaterman	738
smncopynumbercaller	2394
smof	28886
smoothxg	32533
smoove	55969
smudgeplot	46856
smudgeplot_rn	9802
snakealtpromoter	173
snakeatac_env	453
snakebids	2298
snakedeploy	71468
snakefmt	120806
snakehichiptf	63
snakelines	15428
snakemake	1964354
snakemake-executor-plugin-aws-batch	1159
snakemake-executor-plugin-azure-batch	1098
snakemake-executor-plugin-cannon	3514
snakemake-executor-plugin-cluster-generic	78835
snakemake-executor-plugin-cluster-sync	3689
snakemake-executor-plugin-drmaa	4619
snakemake-executor-plugin-googlebatch	13654
snakemake-executor-plugin-htcondor	1569
snakemake-executor-plugin-kubernetes	10625
snakemake-executor-plugin-lsf	9883
snakemake-executor-plugin-lsf-jobstep	3178
snakemake-executor-plugin-slurm	127321
snakemake-executor-plugin-slurm-jobstep	92502
snakemake-executor-plugin-tes	1373
snakemake-interface-common	592217
snakemake-interface-executor-plugins	589400
snakemake-interface-logger-plugins	352659
snakemake-interface-report-plugins	532292
snakemake-interface-scheduler-plugins	266329
snakemake-interface-storage-plugins	565768
snakemake-logger-plugin-panoptes	376
snakemake-logger-plugin-prometheus	314
snakemake-logger-plugin-pypsa	36144
snakemake-logger-plugin-snkmt	26489
snakemake-minimal	2041266
snakemake-scheduler-plugin-firstfit	532
snakemake-scheduler-plugin-greedy	206
snakemake-scheduler-plugin-milp	210
snakemake-storage-plugin-azure	13949
snakemake-storage-plugin-cached-http	43721
snakemake-storage-plugin-fs	23291
snakemake-storage-plugin-ftp	4321
snakemake-storage-plugin-gcs	14887
snakemake-storage-plugin-http	104570
snakemake-storage-plugin-irods	2216
snakemake-storage-plugin-rucio	363
snakemake-storage-plugin-s3	43036
snakemake-storage-plugin-sftp	2502
snakemake-storage-plugin-sharepoint	501
snakemake-storage-plugin-xrootd	1681
snakemake-storage-plugin-zenodo	4639
snakemake-wrapper-utils	164234
snakemk_util	55
snakeobjects	33179
snakeparse	10919
snakesee	825
snakesv	119573
snaketool-utils	10512
snap	31673
snap-aligner	176515
snapatac2	24368
snapgene-reader	5552
snaptools	3997
sneakernet-qc	4262
sneep	18789
sniffcell	35
sniffcell-lite	33
sniffles	95125
sniffles2-plot	66
snikt	8247
snipe	2300
snipit	16800
snippy	152126
snk	1269
snk-cli	5153
snkmt	26615
snmf	6608
snns	6698
snoopy	72
snoscan	28067
snostrip	5891
snp-dists	83068
snp-mutator	7367
snp-pileup	32028
snp-pipeline	35068
snp-sites	79830
snp2cell	2573
snpeff	660306
snpgenie	3674
snpick	1706
snpiphy	19353
snpomatic	6383
snpsift	430677
snpsplit	24850
snputils	54677
snver	3752
snvphyl-tools	13431
soapaligner	6665
soapcoverage	5836
soapdenovo-trans	58013
soapdenovo2	14958
soapdenovo2-errorcorrection	7910
soapdenovo2-gapcloser	10045
soapdenovo2-prepare	8962
soapec	7932
soapsplice	6071
socksipy-branch	13092
socru	58883
soda-gallery	20924
sodar-cli	3052
softsv	1041
soi	1023
solexaqa	7359
solote	1719
solvebio	93846
somalier	17339
somatem	368
somatic-sniper	7925
somaticseq	49620
sompy	6350
sonicparanoid	48410
sonlib	10546
sonneityping	5259
sopa	4774
sorted_nearest	227776
sortmerna	614633
souporcell	1017
sourcepredict	2675
sourcetracker	3681
sourmash	311309
spacedust	1023
spacepharer	20080
spacerextractor	634
spacerplacer	184
spacna	83
spacy-layout	87
spades	929268
spagrn	1512
spaln	115108
spanki	5161
spapros	717
sparc	11377
sparcc	4082
sparse-neighbors-search	31269
sparseassembler	11267
sparsehash	12543
spatialleiden	2427
spatialqc	130
spatialsnake	355
spatrio	1807
spatyper	7710
spclust	1944
spec2vec	6438
spechla	566
spectacle	7110
spectra-cluster-cli	12282
spectral_hk	6369
spectrassembler	7473
spectrseqtools	206
spectrum_utils	60740
spestimator	2523
sphae	14524
sphinx-argparse	5646
sphinxcontrib-programoutput	10342
spice	1391
spine	10283
spingo	9261
splash	1177
spliceai	18436
spliceai-wrapper	3179
spliced_bam2gff	8082
splicemap	8021
splitcode	10334
splitmem	8611
splitp	5693
splitubam	1724
spoa	47897
spoars	315
spoligotyper	32
spotyping	6351
spotyping3	3667
spp-dcj	529
sprai	5984
spreadgltools	585
spring	15367
spring2	2512
springsuite	6472
sprinkles	11050
sprinter	332
spydrpick	19701
sqanti3	568
sqlalchemy-datatables	19023
sqlalchemy-utils	7648
sqlitebrowser	5365
sqt	37422
squeakr	12451
squeegee	6240
squid	15419
squigualiser	1774
squigulator	6301
squire	3494
squirrel	10132
squizz	38162
sqz	7611
sr2silo	3839
sra-human-scrubber	9749
sra-tools	798532
sracat	12053
sracat-rs	941
sracha	7446
srahunter	1845
srax	7471
srf-n-trf	3390
sriptype	71
srna-taps	50
srnamapper	14574
srnaminer	18584
srnapipe	11059
srprism	48559
srst2	23887
ssake	6668
sscocaller	7781
ssdrippipeline	2992
sshash	3052
sshmm	7002
ssiamb	53
ssm	1543
sspace_basic	2155
ssu-align	9799
ssuissero	6763
ssuplex	6470
ssw-py	3503
stacks	416998
stacks_summary	12723
staden_io_lib	56461
stag	2614
stainwarpy	568
stamp	9675
stampede	235
staphb_toolkit	13448
staphopia-sccmec	4154
staphscan	820
staphscope	1379
staphscope-mge-data	23
staphscope-mlst-data	134
staphscope-sccmec-data	1243
star	1784131
star-fusion	614492
staramr	122020
starcatpy	869
starcode	81317
stare-abc	10677
starfish	94712
stark	11714
starseqr	36181
start-asap	9537
steamboat	449
stecfinder	8849
stellar	7336
stellarscope	10544
stemcnv-check	2542
stemsage	78
stereogene	8411
stoatydive	6209
stopfree	815
straglr	10161
straglr-ont	53
straindesign	8589
strainest	17895
strainflye	2308
strainge	28119
strainify	381
strainr2	10274
strainscan	8792
strainseeker	5568
strainy	2427
straitrazor	8730
strandphaser	7401
strangepg	22899
stranger	8464
strawc	11454
strcount	2899
strdust	14171
stream	130632
stream_atac	50289
strelka	62952
stride	9041
strike	7005
stringdecomposer	31660
stringmeup	15687
stringmlst	61872
stringtie	882661
strip_it	7782
stripepy-hic	1082
strling	34019
strmie-hd	459
strobealign	42709
strobemap	4740
structure	14066
structure-threader	22085
structureharvester	7323
strucvis	7885
strudel	6205
strvctvre	153
sts-smctc	10052
stxtyper	3031
submission-excel2xml	12998
submission-tool-validator	25890
subread	448720
subset-bam	1310
suchtree	10439
suds-jurko	6970
suma_package	8326
sumaclust	9245
summarize-ranges	168
sumstats-liftover	67
sunbeamlib	2188
super-focus	44029
super_distance	10272
superdsm	10351
superintervals	24619
superstr	5425
suppa	16523
sure	16971
surpyvor	21664
survindel2	2137
survivor	47129
sushie	53
susiex	277
suvtk	1321
sv2	8726
svaba	10069
svanalyzer	23122
svanna	100
svarp	1173
svclone	11976
svdb	119946
svdss	10059
svgutils	7593
svgwrite	10581
svhip	13393
svict	12049
svim	50678
svim-asm	17712
svision-pro	3528
svist4get	40443
svjedi	11705
svjedi-graph	10234
svjedi-tag	100
svmlight	8621
svpg	722
svseq2	976
svsolver	2832
svtk	13970
svtools	54641
svtopo	2985
svtopovz	2894
svtyper	59670
svtyper-python3	123
svviz	19410
svync	5720
swalign	16423
swarm	79863
sweepfinder2	9833
swga	19089
swiftlink	7087
swipe	17496
switchtfi	110
sword	21489
sylph	37525
sylph-tax	9350
symbiontscreener	2158
synapseclient	103138
syngap	6088
syntactic	683
synth-nmr	499
synth-pdb	1330
synth-saxs	235
synthbar	274
syny	29586
syri	30400
t-coffee	262079
t1dgrs2	5227
t1k	18901
t_coffee	231450
tabix	424317
tabixpp	166841
table2asn	11525
tablet	12590
tabview	12937
taco	13111
tadarida-c	17843
tadarida-d	24631
tadbit	19062
tadlib	911
tadrep	2910
tadtool	29409
taeper	7143
taffy	378
tafinder3d	164
tag	8553
tagbam	861
tagdust2	974
tagger	7043
tagore	10825
tagra	114
tajimas_d	5035
takeabreak	9444
talloc	6806
talon	9490
tandem-genotypes	36783
tandemtwister	916
tango	27123
tantan	40781
tapestry	15473
taranis	5865
taranys	715
tardis	42111
targetdb	7209
targetfinder	10866
targetscan	2644
targqc	11489
taseq	2277
tasmanian-mismatch	16303
tassel	45424
tatajuba	14568
tatouscan	57
tau-community-detection	272
taxadb	15005
taxator-tk	6865
taxburst	991
taxmapper	20823
taxmyphage	21669
taxoniumtools	259
taxonkit	186280
taxonomy	48659
taxonomy_ranks	9544
taxopy	72293
taxor	5323
taxpasta	25020
taxsbp	13445
taxtastic	40193
taxutils	57145
taxutils-rs	3556
tb-consensus-aligner	40
tb-ml	4605
tb-profiler	140192
tb_variant_filter	22800
tbl2asn	118300
tbl2asn-forever	118201
tbox-scan	11104
tbpore	23785
tbtamr	2688
tbvcfreport	10593
tcdemux	11522
tcfinder	883
tciaclient	1882
tclap	11409
td2	4771
tdkc	2770
tdrmapper	21485
te-aid	175
te-looker	351
tecap	221
tecount	8019
tedna	7376
teexpo	70
tefinder	1325
telescope	15734
teloclip	13618
telogator2	537
telomerehunter	46
telomerehunter2	307
telometer	5063
telomore	79
teloscope	12317
telosearchlr	949
telox-pyabpoa	416
teloxplorer	2268
telr	4253
telseq	15377
tendo	8950
tepeaks	6331
tepid	13582
terminus	10858
terrace	2747
tesmall	319
tesorter	38297
tesseract	9151
tesseract-assembler	4539
test	160
test-glibc	5712
testfixtures	7906
tetoolkit	12330
tetranscripts	21660
tetrimmer	3108
tetyper	4088
textinput	11718
tf-comb	2199
tgsgapcloser	12933
tgt	15386
tgtools	150
tgv	1880
thapbi-pict	309825
thebigbam	962
theiacov-gc	11239
themis	405
thermorawfileparser	100358
thesias	6771
theta2	14987
tiara-entheome	30
tiberius	2861
tiddit	104405
tidehunter	46229
tides-ml	9705
tidk	24228
tidyp	204489
tigmint	60061
timsrust_pyo3	551
tin-score-calculation	17754
tinker	1179
tinscan	7188
tiny-count	15412
tinyalign	22550
tinyfasta	3164
tinysink	5384
tipp	2645
tiptoft	19517
tir-learner	12129
tirank	343
tirmite	25322
tirvish-rs	1283
tissuumaps	21594
titan-gc	12084
titanomics	2699
tksm	12507
tmalign	198698
tmb	3266
tmhg	2796
tmscoring	694
tn3_ta_finder	75
tn93	45266
tncomp_finder	79
tntblast	16730
tobias	153150
toil	155000
tolkein	3146
tomm40_wgs	1147
tooldistillator	7446
toolshed	49837
topas	7184
tophat	74819
tophat-recondition	50261
toposort	22146
tortoize	1988
toulligqc	63098
tower-cli	14630
tpmcalculator	16053
tpp	7719
tqdist	6969
tqdm	51138
tr-trimmer	4400
trace-crispr	138
tracegroomer	4975
tracer	21970
trackastra-galaxy	170
trackhub	41797
tracknado	3278
trackplot	24030
tracs	2520
tracy	79905
traitar	5665
trand	2326
transabyss	26110
transanno	1667
transannot	7582
transcomb	6451
transcov	20026
transcriptm	2061
transdecoder	230197
transgenescan	8611
transindel	5750
transit	35854
translate-gard	11254
translatorx	6974
translatory	116
translig	4666
transposcope	13003
transposonpsi	4185
transrate	8153
transrate-tools	10783
transsplice	775
transtermhp	48227
transvar	2176
trash-py	5860
trawler	17035
tree-qmc	4012
treebest	24793
treecluster	12613
treekin	36863
treemaker	16247
treemix	23526
treeqmc	1383
treerecs	5992
treesap	1321
treesapp	92487
treeshrink	3426
treesimulator	8035
treeswift	77273
treeswirl	732
treetime	210230
trf	132423
trgt	24941
tribal	1583
tricord	1108
trident	8507
triform2	7642
trim-galore	422614
trim_isoseq_polya	3314
trimadap	215184
trimal	168539
trimap	4451
trimmomatic	449195
trimnami	5631
trimns_vgp	2298
trinculo	7658
trinity	386101
trinotate	43959
triqler	26784
tritimap	24048
trnadecoder	73
trnanalysis	38100
trnascan-py	48
trnascan-se	331054
troika-tb	3031
trtools	35982
trumicount	37898
trust4	45909
truvari	40663
trycycler	28863
tsebra	13515
tspex	31603
tssar	9930
tssv	17073
tsumugi	471
tsv-utils	25815
tttrlib	8746
turbo-picard	111
turbo-picard-picard-shim	84
turboani	450
turbocor	3254
twilight	12089
twinspector	235
twobitreader	29452
twopaco	17393
tximport-scripts	3415
txnova	6801
typesine	60
typing	57915
tyto	4555
uchime	759
ucsc-addcols	27278
ucsc-ameme	27619
ucsc-autodtd	26077
ucsc-autosql	25643
ucsc-autoxml	27672
ucsc-ave	4449
ucsc-avecols	25495
ucsc-axtchain	36326
ucsc-axtsort	27838
ucsc-axtswap	28105
ucsc-axttomaf	33292
ucsc-axttopsl	28958
ucsc-bamtopsl	16905
ucsc-bedclip	46564
ucsc-bedcommonregions	32813
ucsc-bedcoverage	26755
ucsc-bedextendranges	31650
ucsc-bedgeneparts	27593
ucsc-bedgraphpack	34049
ucsc-bedgraphtobigwig	612910
ucsc-bedintersect	32086
ucsc-beditemoverlapcount	31997
ucsc-bedjointaboffset	9793
ucsc-bedpileups	30411
ucsc-bedremoveoverlap	32831
ucsc-bedrestricttopositions	29180
ucsc-bedsort	46931
ucsc-bedtobigbed	269196
ucsc-bedtogenepred	59149
ucsc-bedtopsl	31984
ucsc-bedweedoverlapping	32160
ucsc-bigbedinfo	43537
ucsc-bigbednameditems	34260
ucsc-bigbedsummary	42864
ucsc-bigbedtobed	63252
ucsc-bigmaftomaf	21205
ucsc-bigpsltopsl	25101
ucsc-bigwigaverageoverbed	45725
ucsc-bigwigcat	31026
ucsc-bigwigcluster	35507
ucsc-bigwigcorrelate	35168
ucsc-bigwiginfo	56137
ucsc-bigwigmerge	35624
ucsc-bigwigsummary	114036
ucsc-bigwigtobedgraph	88449
ucsc-bigwigtowig	99545
ucsc-blasttopsl	32197
ucsc-blat	44245
ucsc-calc	4956
ucsc-catdir	26123
ucsc-catuncomment	21203
ucsc-cell-browser	237804
ucsc-chainantirepeat	35123
ucsc-chainbridge	6224
ucsc-chaincleaner	2031
ucsc-chainfilter	30368
ucsc-chainmergesort	32703
ucsc-chainnet	33387
ucsc-chainprenet	31062
ucsc-chainscore	1963
ucsc-chainsort	28493
ucsc-chainsplit	33500
ucsc-chainstitchid	33542
ucsc-chainswap	28662
ucsc-chaintoaxt	32799
ucsc-chaintopsl	30405
ucsc-chaintopslbasic	31848
ucsc-checkagpandfa	23118
ucsc-checkcoveragegaps	25868
ucsc-checkhgfindspec	24424
ucsc-checktablecoords	25154
ucsc-chopfalines	21809
ucsc-chromgraphfrombin	25845
ucsc-chromgraphtobin	26642
ucsc-clustergenes	17541
ucsc-coltransform	23542
ucsc-countchars	25628
ucsc-crtreeindexbed	32565
ucsc-crtreesearchbed	27960
ucsc-dbsnoop	28026
ucsc-dbtrash	26282
ucsc-endsinlf	11456
ucsc-estorient	27610
ucsc-expmatrixtobarchartbed	18400
ucsc-faalign	28111
ucsc-facmp	25955
ucsc-facount	28652
ucsc-fafilter	26674
ucsc-fafiltern	26192
ucsc-fafrag	25477
ucsc-fanoise	25265
ucsc-faonerecord	31941
ucsc-fapolyasizes	28332
ucsc-farandomize	30896
ucsc-farc	31288
ucsc-fasize	34987
ucsc-fasomerecords	35315
ucsc-fasplit	36494
ucsc-fastqstatsandsubsample	20173
ucsc-fastqtofa	31782
ucsc-fatofastq	31284
ucsc-fatotab	30943
ucsc-fatotwobit	619895
ucsc-fatovcf	99279
ucsc-fatrans	31165
ucsc-featurebits	31108
ucsc-fetchchromsizes	52983
ucsc-findmotif	30342
ucsc-gaptolift	31397
ucsc-genepredcheck	62311
ucsc-genepredfilter	30934
ucsc-genepredhisto	24882
ucsc-genepredsinglecover	31172
ucsc-genepredtobed	108995
ucsc-genepredtobiggenepred	61586
ucsc-genepredtofakepsl	31810
ucsc-genepredtogtf	64226
ucsc-genepredtomafframes	36880
ucsc-genepredtoprot	19611
ucsc-gensub2	11981
ucsc-getrna	30950
ucsc-getrnapred	29824
ucsc-gff3togenepred	69727
ucsc-gff3topsl	26201
ucsc-gmtime	18255
ucsc-gtftogenepred	143113
ucsc-headrest	15632
ucsc-hgbbidblink	19843
ucsc-hgfakeagp	16635
ucsc-hgfindspec	19537
ucsc-hggcpercent	63068
ucsc-hggoldgapgl	6100
ucsc-hgloadbed	21229
ucsc-hgloadchain	22970
ucsc-hgloadmaf	25539
ucsc-hgloadnet	19702
ucsc-hgloadout	19882
ucsc-hgloadoutjoined	19716
ucsc-hgloadsqltab	13195
ucsc-hgloadwiggle	23094
ucsc-hgspeciesrna	19936
ucsc-hgsqldump	20203
ucsc-hgtrackdb	18151
ucsc-hgvstovcf	5276
ucsc-htmlcheck	19589
ucsc-hubcheck	16615
ucsc-hubpubliccheck	17735
ucsc-ixixx	50592
ucsc-lavtoaxt	19990
ucsc-lavtopsl	27787
ucsc-ldhggene	19887
ucsc-liftover	212595
ucsc-liftup	26512
ucsc-linestora	20093
ucsc-localtime	15474
ucsc-mafaddirows	23929
ucsc-mafaddqrows	25607
ucsc-mafcoverage	25789
ucsc-maffetch	25636
ucsc-maffilter	26533
ucsc-maffrag	26044
ucsc-maffrags	21865
ucsc-mafgene	27025
ucsc-mafmefirst	25747
ucsc-maforder	26326
ucsc-mafranges	25963
ucsc-mafsinregion	26771
ucsc-mafspecieslist	26168
ucsc-mafspeciessubset	26269
ucsc-mafsplit	26606
ucsc-mafsplitpos	26418
ucsc-maftoaxt	26163
ucsc-maftobigmaf	19972
ucsc-maftopsl	26633
ucsc-maftosnpbed	26254
ucsc-maketablelist	19577
ucsc-maskoutfa	28175
ucsc-matrixclustercolumns	334
ucsc-matrixmarkettotsv	544
ucsc-matrixnormalize	700
ucsc-matrixtobarchartbed	660
ucsc-mktime	19724
ucsc-mrnatogene	19998
ucsc-netchainsubset	22955
ucsc-netclass	30996
ucsc-netfilter	26505
ucsc-netsplit	19953
ucsc-netsyntenic	31711
ucsc-nettoaxt	27210
ucsc-nettobed	31640
ucsc-newprog	16119
ucsc-newpythonprog	39096
ucsc-nibfrag	128171
ucsc-nibsize	36892
ucsc-oligomatch	40248
ucsc-overlapselect	13691
ucsc-para	12885
ucsc-parafetch	36960
ucsc-parahub	13119
ucsc-parahubstop	13513
ucsc-paranode	13652
ucsc-paranodestart	13460
ucsc-paranodestatus	13386
ucsc-paranodestop	13593
ucsc-parasol	13454
ucsc-parasync	37350
ucsc-paratestjob	11968
ucsc-positionaltblcheck	33940
ucsc-pslcat	36881
ucsc-pslcdnafilter	48945
ucsc-pslcheck	37938
ucsc-psldropoverlap	36978
ucsc-pslfilter	37405
ucsc-pslhisto	33917
ucsc-pslliftsubrangeblat	34508
ucsc-pslmap	34744
ucsc-pslmappostchain	18863
ucsc-pslmrnacover	32687
ucsc-pslpairs	38113
ucsc-pslpartition	32867
ucsc-pslpostarget	40284
ucsc-pslpretty	36942
ucsc-pslprottornacoords	711
ucsc-pslrc	19835
ucsc-pslrecalcmatch	36408
ucsc-pslreps	37276
ucsc-pslscore	34544
ucsc-pslselect	37539
ucsc-pslsomerecords	13629
ucsc-pslsort	38596
ucsc-pslsortacc	2649
ucsc-pslsplicejunctions	706
ucsc-pslsplitontarget	536
ucsc-pslstats	36997
ucsc-pslswap	33551
ucsc-psltobed	36702
ucsc-psltobigpsl	35959
ucsc-psltochain	37096
ucsc-psltopslx	37670
ucsc-pslxtofa	29655
ucsc-qacagplift	36674
ucsc-qactoqa	33262
ucsc-qactowig	39043
ucsc-qatoqac	36969
ucsc-randomlines	37185
ucsc-rasqlquery	36677
ucsc-ratolines	37167
ucsc-ratotab	32525
ucsc-rmfadups	37189
ucsc-rowstocols	37122
ucsc-spacedtotab	36578
ucsc-splitfile	37179
ucsc-splitfilebycolumn	31482
ucsc-sqltoxml	33155
ucsc-stringify	51535
ucsc-subchar	39576
ucsc-subcolumn	36945
ucsc-taillines	36726
ucsc-tdbquery	37186
ucsc-texthistogram	34356
ucsc-ticktodate	33738
ucsc-tolower	41177
ucsc-toupper	37041
ucsc-transmappsltogenepred	22684
ucsc-trfbig	37632
ucsc-twobitdup	36626
ucsc-twobitinfo	236591
ucsc-twobitmask	37458
ucsc-twobittofa	264922
ucsc-validatefiles	36593
ucsc-validatemanifest	33692
ucsc-websync	12609
ucsc-wigcorrelate	31824
ucsc-wigtobigwig	384673
ucsc-wordline	36709
ucsc-xmlcat	41369
ucsc-xmltosql	36928
udocker	10788
ufcg	7424
uhgv	62
ultra	2617
ultra_bioinformatics	12842
ultraheatmap	15584
ultraplex	36808
umap	2418
umi-tools-rs	6322
umi-transfer	4811
umi_tools	282565
umicollapse	4783
umis	139384
umitools	12630
unac	173
unassigner	2875
unetcoreograph	1623
unfazed	17402
unicore	3001
unicycler	639278
unifeb	741
unifire	246
unifrac	622379
unifrac-binaries	335362
unikmer	4987
unikseq	12297
unimap	11878
unimeth	3415
uniprot	8365
uniprot-id-mapper	570
uniqsketch	2723
unitas	6431
unitem	21930
unitig-caller	48063
unitig-counter	14095
unmerge	4852
unmicst	160
unmux	1123
unum-bio	217
upd	1430
updio	2282
upimapi	124655
uqcme-cli	51
uritemplate	5805
urllib3	126744
uropa	70946
usalign	28935
uscdc-datasets-sars-cov-2	18305
uscophy	62
usearch	8535
usher	297297
ushuffle	31327
uvaia	6650
uvp	6562
vadr	20562
vafator	36247
valet	8025
validate-fasta-database	8323
validators	59227
validictory	8165
vamb	25019
vambcore	7636
vamos	11149
vapor	2783
var-agg	11061
varcode	10508
varda2-client	18696
vardict	135342
vardict-java	375768
vardictcpp	5163
varfish-annotator-cli	93293
varfish-cli	20427
varfish-server-worker	20080
vargeno	7605
variabel	2481
variant-effect-predictor	44846
variant-extractor	1148
variant_tools	26646
variantbam	40959
variantbreak	6175
variantmap	3118
varifier	10164
varlinker	250
varlociraptor	368709
varnet	1285
varpubs	5584
varscan	161963
varseek	177
vartovcf	8347
vartracker	183
vartrix	5438
varvamp	24987
vase	4300
vatools	205
vawk	15838
vaxrank	282
vbz-h5py-plugin	3490
vcf-annotator	15676
vcf-pg-loader	341
vcf-reformatter	10669
vcf-validator	7273
vcf2circos	4845
vcf2cytosure	1973
vcf2db	92765
vcf2genome	12755
vcf2maf	76530
vcf2maf-umccr	2034
vcf2pandas	605
vcf2parquet	13973
vcf2tsvpy	6291
vcf2variants	7199
vcf_parser	845
vcfanno	124173
vcfbub	9308
vcfclick	2209
vcfdist	9816
vcferr	2625
vcfexpress	821
vcfkit	15580
vcflatten	7687
vcflib	291677
vcfphasesets	1433
vcfpy	209535
vcfpy2	2580
vcfsamplecompare	14534
vcfsim	10082
vcftoolbox	12267
vcftools	783545
vcftools-ng	86
vcfx	11920
vclean	2679
vclust	6555
vcontact2	138828
vcontact3	6363
vdjer	8318
vechat	2790
velocyto.py	27081
velvet	71384
velvet-sc	7675
vembrane	77602
venndata	611
vepyr	36120
verifybamid	14287
verifybamid2	46426
verifyidintensity	5993
verkko	27666
verse	9093
versionix	8693
verticall	3577
veryfasttree	31036
vg	117737
vgan	15113
vgorient	741
vgp-processcuration	188
vhamster	860
vibrant	19662
vicmag	129
vidjil-algo	366
viennarna	1507576
viewbs	11453
viguno	4894
viloca	1529
vinalc	1155
vine-phylo	1089
viotucluster	581
viptreegen	166
viral-host-hunter	306
viral_consensus	6429
viral_usher	435
viralflye	1966
virallc	1997
viralmsa	10400
viralrecall	416
viralverify	4186
viramp-hub	1927
virasign	504
virchip	3126
virconsens	50
virdig	649
virema	6499
vireosnp	2966
virheat	5985
virmet	33287
viroconstrictor	23223
viromeqc	11596
virprof	92
virsorter	51946
virstrain	14007
virulencefinder	5101
virulign	12838
virusdetect	69
virusrecom	13718
visceral-evaluatesegmentation	13375
visitor	9687
visor	3907
vispr	70330
vitap	5192
vitessce-python	1420
vkmz	22618
vmatch	27888
vnl	5566
voluptuous	13082
vomix-mega	40
voronota	63884
votuderep	2623
voyager	4479
vphaser2	31371
vpolo	8986
vpt	778
vpt-cellpose2	651
vpt-core	885
vpt-plugin-cellpose2	268
vpt-segmentation-packing	348
vqbg	1341
vqsr_cnn	13443
vrhyme	4516
vsclust	5733
vsearch	1001561
vsearch-plus	812
vsnp	12711
vsnp3	49438
vt	208827
vtools	19165
vuegen	5643
vulcan	10125
vvv2_display	9671
w4mclassfilter	73349
w4mclstrpeakpics	7909
wade	10107
wakhan	4042
wally	26893
wasp2	2393
watchdog	7036
watchdog-wms	59007
wbuild	13575
wdltool	24368
web.py	10012
weblogo	51281
weebill	163
weeder	24436
wepp	16483
wes-service-client	7034
wfa2-lib	47262
wfmash	58399
wg-blimp	37876
wgatools	5957
wgd	29177
wgdi	49021
wgfast	9498
wgs-assembler	5701
wgs2ncbi	12604
wgsim	21416
wham	37521
whatsgnu	16705
whatsgnu-atb	70
whatshap	251089
wheezy.template	13034
whittle	309
whokaryote	9066
wiggletools	55235
winnow-fdr	2329
winnowmap	25113
wipertools	4103
wise2	16329
wisecondorx	70756
wisestork	2402
wizardeye	1931
wkhtmltopdf	21458
wlogdate	12121
woltka	5929
womtool	212066
workspace	12000
ws4py	11329
wtdbg	37406
wtforms-alchemy	23360
wtforms-components	9496
wtv	1128
wub	29071
x-mapper	371
xatlas	18185
xbioc	11956
xcftools	6399
xclone	1078
xdg	9138
xengsort	11806
xgboost	5771
xhmm	7268
xloci	765
xmatchview	22599
xmlbuilder	9741
xmltodict	26084
xmltramp2	16311
xopen	266865
xpclr	10482
xpore	9633
xpressplot	16602
xs-sim	8338
xsd	35389
xsv	13094
xtail	7495
xtandem	36074
xtea	19586
xtermcolor	9019
xumi	66
xunit-wrapper	8470
xxhash	10593
xxmotif	16087
xyalign	19080
yacht	9868
yacrd	282252
yaggo	46839
yaha	8191
yahmm	27404
yahs	22018
yak	12247
yallhap	275
yamda	3381
yame	25993
yamllint	30468
yanagiba	14268
yanc	10699
yapc	2269
yara	29873
yasma	270
yass	9631
yleaf	459
yleaf-pipelines	365
ymp	7699
zagros	9457
zamp	442
zarp	1689
zavolan-multiqc-plugins	3563
zdb	167028
zeroc-ice	19968
zerone	8325
zga	15996
zgtf	5872
zifa	7522
ziggypep	28978
zipstrain	5444
zmwfilter	3967
zna	17663
zol	143163
zorro	6638
zpca	6372
