version	total
1.2.20231229	405
1.4.20240116	387
