version	total
1.2.20231229	548
1.4.20240116	529
