version	total
1.2.20231229	425
1.4.20240116	407
