version	total
1.2.20231229	737
1.4.20240116	718
