version	total
1.2.20231229	94
1.4.20240116	76
