version	total
1.2.20231229	401
1.4.20240116	383
