version	total
1.2.20231229	843
1.4.20240116	826
