version	total
1.2.20231229	349
1.4.20240116	331
