version	total
1.2.20231229	234
1.4.20240116	216
