version	total
1.2.20231229	790
1.4.20240116	773
