version	total
1.2.20231229	41
1.4.20240116	26
