version	total
1.2.20231229	96
1.4.20240116	78
