version	total
1.2.20231229	305
1.4.20240116	287
