version	total
1.2.20231229	371
1.4.20240116	353
