version	total
1.2.20231229	752
1.4.20240116	733
