version	total
1.2.20231229	797
1.4.20240116	778
