version	total
1.2.20231229	864
1.4.20240116	845
