version	total
1.2.20231229	555
1.4.20240116	536
