version	total
1.2.20231229	64
1.4.20240116	46
