version	total
1.2.20231229	200
1.4.20240116	182
