version	total
1.2.20231229	328
1.4.20240116	310
