version	total
1.2.20231229	155
1.4.20240116	137
