version	total
1.2.20231229	110
1.4.20240116	92
