version	total
1.2.20231229	365
1.4.20240116	347
