version	total
1.2.20231229	585
1.4.20240116	565
