version	total
1.2.20231229	143
1.4.20240116	125
