version	total
1.2.20231229	522
1.4.20240116	503
