version	total
1.2.20231229	445
1.4.20240116	428
