version	total
1.2.20231229	838
1.4.20240116	819
