version	total
1.2.20231229	630
1.4.20240116	610
