version	total
1.2.20231229	139
1.4.20240116	121
