version	total
1.2.20231229	297
1.4.20240116	279
