version	total
1.2.20231229	417
1.4.20240116	399
