version	total
1.2.20231229	45
1.4.20240116	28
