version	total
1.2.20231229	862
1.4.20240116	845
