version	total
1.2.20231229	299
1.4.20240116	281
