version	total
1.2.20231229	532
1.4.20240116	513
