version	total
1.2.20231229	251
1.4.20240116	233
