version	total
1.2.20231229	141
1.4.20240116	123
