version	total
1.2.20231229	565
1.4.20240116	548
