version	total
1.2.20231229	39
1.4.20240116	22
