version	total
1.2.20231229	279
1.4.20240116	261
