version	total
1.2.20231229	194
1.4.20240116	178
