version	total
1.2.20231229	799
1.4.20240116	780
