version	total
1.2.20231229	469
1.4.20240116	450
