version	total
1.2.20231229	823
1.4.20240116	804
