version	total
1.2.20231229	324
1.4.20240116	306
