version	total
1.2.20231229	662
1.4.20240116	642
