version	total
1.2.20231229	431
1.4.20240116	413
