version	total
1.2.20231229	40
1.4.20240116	24
