version	total
1.2.20231229	177
1.4.20240116	161
