version	total
1.2.20231229	204
1.4.20240116	187
