version	total
1.2.20231229	635
1.4.20240116	615
