version	total
1.2.20231229	208
1.4.20240116	190
