version	total
1.2.20231229	51
1.4.20240116	34
