version	total
1.2.20231229	497
1.4.20240116	477
