version	total
1.2.20231229	316
1.4.20240116	298
