version	total
1.2.20231229	770
1.4.20240116	752
