version	total
1.2.20231229	224
1.4.20240116	207
