version	total
1.2.20231229	232
1.4.20240116	214
