version	total
1.2.20231229	137
1.4.20240116	119
