version	total
1.2.20231229	213
1.4.20240116	195
