version	total
1.2.20231229	701
1.4.20240116	681
