version	total
1.2.20231229	464
1.4.20240116	445
