version	total
1.2.20231229	303
1.4.20240116	285
