version	total
1.2.20231229	686
1.4.20240116	666
