version	total
1.2.20231229	489
1.4.20240116	469
