version	total
1.2.20231229	353
1.4.20240116	335
