version	total
1.2.20231229	609
1.4.20240116	588
