version	total
1.2.20231229	236
1.4.20240116	218
