version	total
1.2.20231229	367
1.4.20240116	351
