version	total
1.2.20231229	30
1.4.20240116	12
