version	total
1.2.20231229	361
1.4.20240116	343
