version	total
1.2.20231229	58
1.4.20240116	40
