version	total
1.2.20231229	173
1.4.20240116	155
