version	total
1.2.20231229	355
1.4.20240116	339
