version	total
1.2.20231229	456
1.4.20240116	437
