version	total
1.2.20231229	720
1.4.20240116	700
