version	total
1.2.20231229	520
1.4.20240116	501
