version	total
1.2.20231229	600
1.4.20240116	580
