version	total
1.2.20231229	703
1.4.20240116	683
