version	total
1.2.20231229	579
1.4.20240116	561
