version	total
1.2.20231229	760
1.4.20240116	742
