version	total
1.2.20231229	179
1.4.20240116	163
