version	total
1.2.20231229	442
1.4.20240116	426
