version	total
1.2.20231229	617
1.4.20240116	597
