version	total
1.2.20231229	505
1.4.20240116	486
