version	total
1.2.20231229	332
1.4.20240116	314
