version	total
1.2.20231229	695
1.4.20240116	675
