version	total
1.2.20231229	768
1.4.20240116	750
