version	total
1.2.20231229	246
1.4.20240116	228
