version	total
1.2.20231229	676
1.4.20240116	656
