version	total
1.2.20231229	307
1.4.20240116	289
