version	total
1.2.20231229	713
1.4.20240116	693
