version	total
1.2.20231229	228
1.4.20240116	210
