version	total
1.2.20231229	330
1.4.20240116	312
