version	total
1.2.20231229	167
1.4.20240116	149
