version	total
1.2.20231229	32
1.4.20240116	14
