version	total
1.2.20231229	647
1.4.20240116	627
