version	total
1.2.20231229	326
1.4.20240116	308
