version	total
1.2.20231229	621
1.4.20240116	601
