version	total
1.0.20160323	3777
1.0.20160311144647	3802
1.0.20160314171956	3791
1.0.20160318143738	3907
1.0.20160401183214	3790
1.0.20160406195023	3815
1.0.20160411202258	3839
1.0.20160421150319	3875
1.0.20160502202716	5171
1.0.20160715171107	7171
1.0.20161031135838	3874
1.0.20161123235904	4046
1.0.20161230191227	4080
1.0.20170216151734	3959
1.0.20170327202303	3960
1.0.20170414202629	4199
1.0.20170914161842	3880
1.0.20171010180436	4449
1.0.20171211211613	3867
1.0.20180216164101	4956
1.3.0.20181218191458	3470
1.3.0.20190206223817	1329
1.3.0.20190221150417	1192
1.3.1.20190301150258	3889
1.3.1.20190419203205	3409
1.3.2.20190419203205	3384
1.3.3.20190419203205	3648
1.4.0	1217
1.4.1	1278
1.4.2	1202
1.4.3	1238
2.0.0	1477
2.0.1	1147
2.0.2	1348
2.0.3	1143
2.0.3.1	1604
2.0.4	1168
