version	total
1.0.20160323	4693
1.0.20160311144647	4714
1.0.20160314171956	4694
1.0.20160318143738	4819
1.0.20160401183214	4693
1.0.20160406195023	4710
1.0.20160411202258	4753
1.0.20160421150319	4785
1.0.20160502202716	6079
1.0.20160715171107	8846
1.0.20161031135838	4771
1.0.20161123235904	4958
1.0.20161230191227	5006
1.0.20170216151734	4883
1.0.20170327202303	4885
1.0.20170414202629	5115
1.0.20170914161842	4795
1.0.20171010180436	5350
1.0.20171211211613	4762
1.0.20180216164101	5949
1.3.0.20181218191458	4394
1.3.0.20190206223817	2206
1.3.0.20190221150417	2068
1.3.1.20190301150258	4903
1.3.1.20190419203205	4410
1.3.2.20190419203205	4392
1.3.3.20190419203205	4477
1.4.0	2085
1.4.1	2144
1.4.2	2066
1.4.3	2108
2.0.0	2346
2.0.1	2012
2.0.2	2213
2.0.3	2009
2.0.3.1	2524
2.0.4	2033
2.6.3	559
2.7.0	468
