version	total
1.0.20160323	3907
1.0.20160311144647	3929
1.0.20160314171956	3918
1.0.20160318143738	4037
1.0.20160401183214	3916
1.0.20160406195023	3940
1.0.20160411202258	3968
1.0.20160421150319	4004
1.0.20160502202716	5299
1.0.20160715171107	7404
1.0.20161031135838	4005
1.0.20161123235904	4175
1.0.20161230191227	4211
1.0.20170216151734	4094
1.0.20170327202303	4090
1.0.20170414202629	4332
1.0.20170914161842	4010
1.0.20171010180436	4603
1.0.20171211211613	3998
1.0.20180216164101	5113
1.3.0.20181218191458	3603
1.3.0.20190206223817	1453
1.3.0.20190221150417	1315
1.3.1.20190301150258	4053
1.3.1.20190419203205	3574
1.3.2.20190419203205	3550
1.3.3.20190419203205	3811
1.4.0	1339
1.4.1	1399
1.4.2	1323
1.4.3	1361
2.0.0	1599
2.0.1	1268
2.0.2	1468
2.0.3	1264
2.0.3.1	1741
2.0.4	1289
