version	total
0.1.20160301181511	4433
0.1.20160318153100	4509
0.1.20160331153549	4437
0.1.20160412193510	4478
0.1.20160517202250	6866
0.1.20161031135838	4381
0.1.20161123074954	5336
0.1.20170818194607	4326
0.1.20171010180436	4384
0.1.20171211211613	5665
1.2.0.20180905185317	3956
1.2.0.20181108215719	3911
1.2.0.20181109162613	3981
1.2.0.20181121194423	3928
1.2.1	4026
1.3.0.20181130020805	3865
1.3.0.20190205182514	3874
1.3.0.20190221150417	1699
1.3.1.20190301150258	5218
1.3.1.20190402172810	4026
1.3.2.20190402172810	3948
1.3.3.20190402172810	4034
1.4.0	4113
1.4.1	3621
1.4.2	3390
1.4.3	3276
2.0.0	3185
2.0.1	3309
2.0.2	1763
2.0.3	1548
2.0.3.1	1713
2.0.4	1624
2.1.0	1579
2.1.1	1652
2.1.2	1570
2.2.0	1524
2.2.1	1469
2.2.2	1464
2.3.0	1404
2.3.1	1365
2.3.2	1355
2.3.3	1201
2.4.0	1173
2.4.1	1064
2.4.2	920
2.4.3	867
2.4.4	743
2.5.0	677
2.6.0	464
2.6.1	433
2.6.2	380
2.6.3	369
2.7.0	123
