version	total
0.1.20160301181511	4310
0.1.20160318153100	4381
0.1.20160331153549	4313
0.1.20160412193510	4356
0.1.20160517202250	6735
0.1.20161031135838	4257
0.1.20161123074954	5213
0.1.20170818194607	4202
0.1.20171010180436	4259
0.1.20171211211613	5534
1.2.0.20180905185317	3833
1.2.0.20181108215719	3787
1.2.0.20181109162613	3858
1.2.0.20181121194423	3806
1.2.1	3902
1.3.0.20181130020805	3750
1.3.0.20190205182514	3755
1.3.0.20190221150417	1600
1.3.1.20190301150258	5079
1.3.1.20190402172810	3901
1.3.2.20190402172810	3825
1.3.3.20190402172810	3911
1.4.0	3992
1.4.1	3498
1.4.2	3268
1.4.3	3155
2.0.0	3063
2.0.1	3188
2.0.2	1664
2.0.3	1449
2.0.3.1	1614
2.0.4	1525
2.1.0	1482
2.1.1	1555
2.1.2	1473
2.2.0	1427
2.2.1	1372
2.2.2	1366
2.3.0	1307
2.3.1	1268
2.3.2	1258
2.3.3	1103
2.4.0	1074
2.4.1	963
2.4.2	821
2.4.3	768
2.4.4	644
2.5.0	578
2.6.0	365
2.6.1	334
2.6.2	281
2.6.3	242
