version	total
1.0.20160323	5147
1.0.20160311144647	5177
1.0.20160314171956	5146
1.0.20160318143738	5275
1.0.20160401183214	5148
1.0.20160406195023	5138
1.0.20160411202258	5204
1.0.20160421150319	5245
1.0.20160502202716	6540
1.0.20160715171107	9356
1.0.20161031135838	5047
1.0.20161123235904	5409
1.0.20161230191227	5466
1.0.20170216151734	5337
1.0.20170327202303	5337
1.0.20170414202629	5568
1.0.20170914161842	5248
1.0.20171010180436	5605
1.0.20171211211613	5067
1.0.20180216164101	6451
1.3.0.20181218191458	4850
1.3.0.20190206223817	2643
1.3.0.20190221150417	2503
1.3.1.20190301150258	5407
1.3.1.20190419203205	4914
1.3.2.20190419203205	4891
1.3.3.20190419203205	4705
1.4.0	2519
1.4.1	2577
1.4.2	2500
1.4.3	2542
2.0.0	2781
2.0.1	2445
2.0.2	2646
2.0.3	2443
2.0.3.1	2983
2.0.4	2469
2.6.3	995
2.7.0	904
