version	total
0.1.20160301181511	4897
0.1.20160318153100	4981
0.1.20160331153549	4899
0.1.20160412193510	4787
0.1.20160517202250	7343
0.1.20161031135838	4844
0.1.20161123074954	5801
0.1.20170818194607	4787
0.1.20171010180436	4849
0.1.20171211211613	6142
1.2.0.20180905185317	4422
1.2.0.20181108215719	4372
1.2.0.20181109162613	4447
1.2.0.20181121194423	4391
1.2.1	4488
1.3.0.20181130020805	4327
1.3.0.20190205182514	4333
1.3.0.20190221150417	2148
1.3.1.20190301150258	5724
1.3.1.20190402172810	4512
1.3.2.20190402172810	4438
1.3.3.20190402172810	4523
1.4.0	4602
1.4.1	4110
1.4.2	3881
1.4.3	3762
2.0.0	3676
2.0.1	3794
2.0.2	2228
2.0.3	2011
2.0.3.1	2177
2.0.4	2089
2.1.0	2043
2.1.1	2117
2.1.2	2035
2.2.0	1990
2.2.1	1932
2.2.2	1930
2.3.0	1868
2.3.1	1829
2.3.2	1819
2.3.3	1664
2.4.0	1636
2.4.1	1531
2.4.2	1381
2.4.3	1330
2.4.4	1207
2.5.0	1140
2.6.0	929
2.6.1	898
2.6.2	846
2.6.3	853
2.7.0	592
2.7.1	425
2.7.2	194
2.7.3	93
