version	total
1.0.20160323	5043
1.0.20160311144647	5070
1.0.20160314171956	5043
1.0.20160318143738	5171
1.0.20160401183214	5044
1.0.20160406195023	5049
1.0.20160411202258	5102
1.0.20160421150319	5139
1.0.20160502202716	6430
1.0.20160715171107	9264
1.0.20161031135838	4993
1.0.20161123235904	5307
1.0.20161230191227	5363
1.0.20170216151734	5234
1.0.20170327202303	5235
1.0.20170414202629	5466
1.0.20170914161842	5147
1.0.20171010180436	5552
1.0.20171211211613	5013
1.0.20180216164101	6332
1.3.0.20181218191458	4748
1.3.0.20190206223817	2548
1.3.0.20190221150417	2406
1.3.1.20190301150258	5285
1.3.1.20190419203205	4790
1.3.2.20190419203205	4769
1.3.3.20190419203205	4652
1.4.0	2423
1.4.1	2482
1.4.2	2405
1.4.3	2447
2.0.0	2687
2.0.1	2350
2.0.2	2553
2.0.3	2348
2.0.3.1	2882
2.0.4	2373
2.6.3	898
2.7.0	808
