version	total
1.0.20160323	2680
1.0.20160311144647	2712
1.0.20160314171956	2710
1.0.20160318143738	2785
1.0.20160401183214	2714
1.0.20160406195023	2748
1.0.20160411202258	2765
1.0.20160421150319	2836
1.0.20160502202716	4055
1.0.20160715171107	5186
1.0.20161031135838	2811
1.0.20161123235904	2919
1.0.20161230191227	2977
1.0.20170216151734	2851
1.0.20170327202303	2827
1.0.20170414202629	3055
1.0.20170914161842	2778
1.0.20171010180436	3291
1.0.20171211211613	2800
1.0.20180216164101	3785
1.3.0.20181218191458	2355
1.3.0.20190206223817	313
1.3.0.20190221150417	268
1.3.1.20190301150258	2625
1.3.1.20190419203205	2127
1.3.2.20190419203205	2098
1.3.3.20190419203205	2450
1.4.0	214
1.4.1	286
1.4.2	208
1.4.3	238
2.0.0	476
2.0.1	155
2.0.2	354
2.0.3	153
2.0.3.1	541
2.0.4	141
