version	total
0.1.20160301181511	2837
0.1.20160318153100	2856
0.1.20160331153549	2849
0.1.20160412193510	2944
0.1.20160517202250	5107
0.1.20161031135838	2787
0.1.20161123074954	3732
0.1.20170818194607	2726
0.1.20171010180436	2746
0.1.20171211211613	3889
1.2.0.20180905185317	2361
1.2.0.20181108215719	2300
1.2.0.20181109162613	2396
1.2.0.20181121194423	2310
1.2.1	2441
1.3.0.20181130020805	2330
1.3.0.20190205182514	2256
1.3.0.20190221150417	285
1.3.1.20190301150258	3062
1.3.1.20190402172810	2194
1.3.2.20190402172810	2132
1.3.3.20190402172810	2216
1.4.0	2347
1.4.1	1846
1.4.2	1615
1.4.3	1499
2.0.0	1406
2.0.1	1533
2.0.2	370
2.0.3	153
2.0.3.1	283
2.0.4	225
2.1.0	189
2.1.1	257
2.1.2	183
2.2.0	131
2.2.1	71
2.2.2	35
