version	total
0.1.20160301181511	4169
0.1.20160318153100	4237
0.1.20160331153549	4176
0.1.20160412193510	4224
0.1.20160517202250	6590
0.1.20161031135838	4123
0.1.20161123074954	5071
0.1.20170818194607	4068
0.1.20171010180436	4116
0.1.20171211211613	5390
1.2.0.20180905185317	3695
1.2.0.20181108215719	3654
1.2.0.20181109162613	3718
1.2.0.20181121194423	3668
1.2.1	3767
1.3.0.20181130020805	3619
1.3.0.20190205182514	3620
1.3.0.20190221150417	1469
1.3.1.20190301150258	4925
1.3.1.20190402172810	3754
1.3.2.20190402172810	3674
1.3.3.20190402172810	3755
1.4.0	3846
1.4.1	3349
1.4.2	3122
1.4.3	3003
2.0.0	2913
2.0.1	3040
2.0.2	1527
2.0.3	1313
2.0.3.1	1473
2.0.4	1387
2.1.0	1344
2.1.1	1419
2.1.2	1337
2.2.0	1289
2.2.1	1234
2.2.2	1225
2.3.0	1169
2.3.1	1128
2.3.2	1120
2.3.3	965
2.4.0	933
2.4.1	819
2.4.2	683
2.4.3	630
2.4.4	507
2.5.0	440
2.6.0	226
2.6.1	194
2.6.2	143
2.6.3	77
