version	total
0.1.20160301181511	3604
0.1.20160318153100	3668
0.1.20160331153549	3612
0.1.20160412193510	3671
0.1.20160517202250	5948
0.1.20161031135838	3567
0.1.20161123074954	4504
0.1.20170818194607	3511
0.1.20171010180436	3545
0.1.20171211211613	4753
1.2.0.20180905185317	3128
1.2.0.20181108215719	3098
1.2.0.20181109162613	3154
1.2.0.20181121194423	3106
1.2.1	3201
1.3.0.20181130020805	3080
1.3.0.20190205182514	3040
1.3.0.20190221150417	951
1.3.1.20190301150258	4082
1.3.1.20190402172810	3094
1.3.2.20190402172810	3005
1.3.3.20190402172810	3085
1.4.0	3179
1.4.1	2681
1.4.2	2456
1.4.3	2335
2.0.0	2245
2.0.1	2375
2.0.2	1000
2.0.3	785
2.0.3.1	946
2.0.4	860
2.1.0	816
2.1.1	891
2.1.2	809
2.2.0	762
2.2.1	707
2.2.2	697
2.3.0	641
2.3.1	599
2.3.2	594
2.3.3	438
2.4.0	403
2.4.1	287
2.4.2	155
2.4.3	101
