version	total
1.0.20160323	3965
1.0.20160311144647	3986
1.0.20160314171956	3974
1.0.20160318143738	4094
1.0.20160401183214	3973
1.0.20160406195023	3997
1.0.20160411202258	4027
1.0.20160421150319	4061
1.0.20160502202716	5357
1.0.20160715171107	7508
1.0.20161031135838	4064
1.0.20161123235904	4234
1.0.20161230191227	4269
1.0.20170216151734	4151
1.0.20170327202303	4149
1.0.20170414202629	4391
1.0.20170914161842	4068
1.0.20171010180436	4673
1.0.20171211211613	4057
1.0.20180216164101	5184
1.3.0.20181218191458	3659
1.3.0.20190206223817	1503
1.3.0.20190221150417	1364
1.3.1.20190301150258	4130
1.3.1.20190419203205	3649
1.3.2.20190419203205	3626
1.3.3.20190419203205	3887
1.4.0	1389
1.4.1	1448
1.4.2	1372
1.4.3	1410
2.0.0	1648
2.0.1	1317
2.0.2	1518
2.0.3	1313
2.0.3.1	1793
2.0.4	1338
