version	total
1.0.20160323	4450
1.0.20160311144647	4473
1.0.20160314171956	4454
1.0.20160318143738	4576
1.0.20160401183214	4453
1.0.20160406195023	4476
1.0.20160411202258	4511
1.0.20160421150319	4545
1.0.20160502202716	5838
1.0.20160715171107	8396
1.0.20161031135838	4543
1.0.20161123235904	4718
1.0.20161230191227	4764
1.0.20170216151734	4640
1.0.20170327202303	4644
1.0.20170414202629	4874
1.0.20170914161842	4555
1.0.20171010180436	5172
1.0.20171211211613	4535
1.0.20180216164101	5700
1.3.0.20181218191458	4149
1.3.0.20190206223817	1964
1.3.0.20190221150417	1826
1.3.1.20190301150258	4652
1.3.1.20190419203205	4162
1.3.2.20190419203205	4143
1.3.3.20190419203205	4339
1.4.0	1845
1.4.1	1905
1.4.2	1826
1.4.3	1868
2.0.0	2106
2.0.1	1772
2.0.2	1973
2.0.3	1769
2.0.3.1	2278
2.0.4	1794
2.6.3	316
2.7.0	222
