version	total
0.1.20160301181511	4490
0.1.20160318153100	4567
0.1.20160331153549	4494
0.1.20160412193510	4535
0.1.20160517202250	6924
0.1.20161031135838	4439
0.1.20161123074954	5393
0.1.20170818194607	4383
0.1.20171010180436	4440
0.1.20171211211613	5724
1.2.0.20180905185317	4013
1.2.0.20181108215719	3967
1.2.0.20181109162613	4039
1.2.0.20181121194423	3984
1.2.1	4082
1.3.0.20181130020805	3923
1.3.0.20190205182514	3933
1.3.0.20190221150417	1755
1.3.1.20190301150258	5283
1.3.1.20190402172810	4085
1.3.2.20190402172810	4009
1.3.3.20190402172810	4094
1.4.0	4171
1.4.1	3680
1.4.2	3450
1.4.3	3333
2.0.0	3244
2.0.1	3366
2.0.2	1819
2.0.3	1603
2.0.3.1	1770
2.0.4	1680
2.1.0	1636
2.1.1	1709
2.1.2	1627
2.2.0	1581
2.2.1	1525
2.2.2	1521
2.3.0	1461
2.3.1	1421
2.3.2	1412
2.3.3	1257
2.4.0	1229
2.4.1	1120
2.4.2	975
2.4.3	923
2.4.4	799
2.5.0	733
2.6.0	521
2.6.1	490
2.6.2	437
2.6.3	427
2.7.0	180
