version	total
0.1.20160301181511	4821
0.1.20160318153100	4905
0.1.20160331153549	4823
0.1.20160412193510	4748
0.1.20160517202250	7264
0.1.20161031135838	4767
0.1.20161123074954	5724
0.1.20170818194607	4711
0.1.20171010180436	4772
0.1.20171211211613	6062
1.2.0.20180905185317	4345
1.2.0.20181108215719	4295
1.2.0.20181109162613	4370
1.2.0.20181121194423	4314
1.2.1	4413
1.3.0.20181130020805	4250
1.3.0.20190205182514	4256
1.3.0.20190221150417	2074
1.3.1.20190301150258	5635
1.3.1.20190402172810	4432
1.3.2.20190402172810	4357
1.3.3.20190402172810	4442
1.4.0	4520
1.4.1	4029
1.4.2	3800
1.4.3	3680
2.0.0	3593
2.0.1	3712
2.0.2	2151
2.0.3	1934
2.0.3.1	2100
2.0.4	2012
2.1.0	1968
2.1.1	2041
2.1.2	1959
2.2.0	1913
2.2.1	1856
2.2.2	1853
2.3.0	1793
2.3.1	1753
2.3.2	1744
2.3.3	1589
2.4.0	1561
2.4.1	1456
2.4.2	1306
2.4.3	1254
2.4.4	1131
2.5.0	1063
2.6.0	852
2.6.1	821
2.6.2	770
2.6.3	775
2.7.0	516
2.7.1	349
2.7.2	115
