version	total
1.0.20160323	3656
1.0.20160311144647	3680
1.0.20160314171956	3674
1.0.20160318143738	3788
1.0.20160401183214	3672
1.0.20160406195023	3698
1.0.20160411202258	3719
1.0.20160421150319	3754
1.0.20160502202716	5052
1.0.20160715171107	6953
1.0.20161031135838	3755
1.0.20161123235904	3926
1.0.20161230191227	3956
1.0.20170216151734	3836
1.0.20170327202303	3841
1.0.20170414202629	4079
1.0.20170914161842	3760
1.0.20171010180436	4317
1.0.20171211211613	3750
1.0.20180216164101	4820
1.3.0.20181218191458	3350
1.3.0.20190206223817	1218
1.3.0.20190221150417	1080
1.3.1.20190301150258	3742
1.3.1.20190419203205	3266
1.3.2.20190419203205	3244
1.3.3.20190419203205	3508
1.4.0	1108
1.4.1	1170
1.4.2	1094
1.4.3	1130
2.0.0	1368
2.0.1	1039
2.0.2	1239
2.0.3	1035
2.0.3.1	1485
2.0.4	1060
