version	total
0.1.20160301181511	3071
0.1.20160318153100	3105
0.1.20160331153549	3081
0.1.20160412193510	3143
0.1.20160517202250	5359
0.1.20161031135838	3024
0.1.20161123074954	3968
0.1.20170818194607	2962
0.1.20171010180436	2991
0.1.20171211211613	4146
1.2.0.20180905185317	2594
1.2.0.20181108215719	2542
1.2.0.20181109162613	2629
1.2.0.20181121194423	2551
1.2.1	2674
1.3.0.20181130020805	2560
1.3.0.20190205182514	2484
1.3.0.20190221150417	434
1.3.1.20190301150258	3345
1.3.1.20190402172810	2458
1.3.2.20190402172810	2386
1.3.3.20190402172810	2477
1.4.0	2568
1.4.1	2070
1.4.2	1842
1.4.3	1721
2.0.0	1637
2.0.1	1765
2.0.2	487
2.0.3	270
2.0.3.1	429
2.0.4	346
2.1.0	300
2.1.1	372
2.1.2	293
2.2.0	244
2.2.1	188
2.2.2	176
2.3.0	119
2.3.1	79
2.3.2	69
