version	total
1.0.20160323	4153
1.0.20160311144647	4173
1.0.20160314171956	4155
1.0.20160318143738	4280
1.0.20160401183214	4156
1.0.20160406195023	4179
1.0.20160411202258	4214
1.0.20160421150319	4247
1.0.20160502202716	5540
1.0.20160715171107	7850
1.0.20161031135838	4249
1.0.20161123235904	4420
1.0.20161230191227	4464
1.0.20170216151734	4340
1.0.20170327202303	4347
1.0.20170414202629	4581
1.0.20170914161842	4254
1.0.20171010180436	4869
1.0.20171211211613	4242
1.0.20180216164101	5391
1.3.0.20181218191458	3852
1.3.0.20190206223817	1691
1.3.0.20190221150417	1552
1.3.1.20190301150258	4339
1.3.1.20190419203205	3850
1.3.2.20190419203205	3830
1.3.3.20190419203205	4074
1.4.0	1570
1.4.1	1630
1.4.2	1553
1.4.3	1592
2.0.0	1830
2.0.1	1498
2.0.2	1698
2.0.3	1495
2.0.3.1	1994
2.0.4	1520
2.6.3	40
