version	total
1.0.20160323	4351
1.0.20160311144647	4375
1.0.20160314171956	4357
1.0.20160318143738	4478
1.0.20160401183214	4355
1.0.20160406195023	4378
1.0.20160411202258	4412
1.0.20160421150319	4444
1.0.20160502202716	5739
1.0.20160715171107	8209
1.0.20161031135838	4448
1.0.20161123235904	4619
1.0.20161230191227	4665
1.0.20170216151734	4541
1.0.20170327202303	4545
1.0.20170414202629	4777
1.0.20170914161842	4456
1.0.20171010180436	5077
1.0.20171211211613	4441
1.0.20180216164101	5598
1.3.0.20181218191458	4048
1.3.0.20190206223817	1865
1.3.0.20190221150417	1726
1.3.1.20190301150258	4546
1.3.1.20190419203205	4056
1.3.2.20190419203205	4036
1.3.3.20190419203205	4280
1.4.0	1746
1.4.1	1806
1.4.2	1728
1.4.3	1769
2.0.0	2007
2.0.1	1673
2.0.2	1874
2.0.3	1670
2.0.3.1	2174
2.0.4	1695
2.6.3	215
2.7.0	119
