version	total
1.0.20160323	4735
1.0.20160311144647	4757
1.0.20160314171956	4737
1.0.20160318143738	4863
1.0.20160401183214	4736
1.0.20160406195023	4752
1.0.20160411202258	4795
1.0.20160421150319	4828
1.0.20160502202716	6121
1.0.20160715171107	8926
1.0.20161031135838	4813
1.0.20161123235904	5000
1.0.20161230191227	5048
1.0.20170216151734	4925
1.0.20170327202303	4926
1.0.20170414202629	5158
1.0.20170914161842	4838
1.0.20171010180436	5376
1.0.20171211211613	4804
1.0.20180216164101	5995
1.3.0.20181218191458	4436
1.3.0.20190206223817	2249
1.3.0.20190221150417	2110
1.3.1.20190301150258	4950
1.3.1.20190419203205	4459
1.3.2.20190419203205	4439
1.3.3.20190419203205	4503
1.4.0	2128
1.4.1	2186
1.4.2	2108
1.4.3	2150
2.0.0	2388
2.0.1	2054
2.0.2	2256
2.0.3	2052
2.0.3.1	2568
2.0.4	2075
2.6.3	602
2.7.0	510
