version	total
0.1.20160301181511	4165
0.1.20160318153100	4233
0.1.20160331153549	4172
0.1.20160412193510	4220
0.1.20160517202250	6586
0.1.20161031135838	4119
0.1.20161123074954	5067
0.1.20170818194607	4064
0.1.20171010180436	4112
0.1.20171211211613	5386
1.2.0.20180905185317	3691
1.2.0.20181108215719	3650
1.2.0.20181109162613	3714
1.2.0.20181121194423	3664
1.2.1	3763
1.3.0.20181130020805	3615
1.3.0.20190205182514	3616
1.3.0.20190221150417	1465
1.3.1.20190301150258	4921
1.3.1.20190402172810	3750
1.3.2.20190402172810	3670
1.3.3.20190402172810	3751
1.4.0	3842
1.4.1	3345
1.4.2	3118
1.4.3	2999
2.0.0	2909
2.0.1	3036
2.0.2	1523
2.0.3	1309
2.0.3.1	1469
2.0.4	1383
2.1.0	1340
2.1.1	1415
2.1.2	1333
2.2.0	1285
2.2.1	1230
2.2.2	1221
2.3.0	1165
2.3.1	1124
2.3.2	1116
2.3.3	961
2.4.0	929
2.4.1	815
2.4.2	679
2.4.3	626
2.4.4	503
2.5.0	436
2.6.0	222
2.6.1	190
2.6.2	139
2.6.3	66
