version	total
0.1.20160301181511	2798
0.1.20160318153100	2817
0.1.20160331153549	2810
0.1.20160412193510	2907
0.1.20160517202250	5064
0.1.20161031135838	2748
0.1.20161123074954	3693
0.1.20170818194607	2687
0.1.20171010180436	2707
0.1.20171211211613	3847
1.2.0.20180905185317	2325
1.2.0.20181108215719	2263
1.2.0.20181109162613	2359
1.2.0.20181121194423	2273
1.2.1	2404
1.3.0.20181130020805	2294
1.3.0.20190205182514	2220
1.3.0.20190221150417	266
1.3.1.20190301150258	3022
1.3.1.20190402172810	2156
1.3.2.20190402172810	2095
1.3.3.20190402172810	2178
1.4.0	2310
1.4.1	1808
1.4.2	1578
1.4.3	1462
2.0.0	1369
2.0.1	1496
2.0.2	352
2.0.3	135
2.0.3.1	264
2.0.4	207
2.1.0	172
2.1.1	240
2.1.2	166
2.2.0	113
2.2.1	52
