version	total
1.0.20160323	2901
1.0.20160311144647	2934
1.0.20160314171956	2934
1.0.20160318143738	3015
1.0.20160401183214	2932
1.0.20160406195023	2963
1.0.20160411202258	2984
1.0.20160421150319	3015
1.0.20160502202716	4282
1.0.20160715171107	5552
1.0.20161031135838	3006
1.0.20161123235904	3152
1.0.20161230191227	3204
1.0.20170216151734	3081
1.0.20170327202303	3060
1.0.20170414202629	3293
1.0.20170914161842	3008
1.0.20171010180436	3490
1.0.20171211211613	3005
1.0.20180216164101	3985
1.3.0.20181218191458	2587
1.3.0.20190206223817	455
1.3.0.20190221150417	363
1.3.1.20190301150258	2877
1.3.1.20190419203205	2390
1.3.2.20190419203205	2367
1.3.3.20190419203205	2662
1.4.0	356
1.4.1	423
1.4.2	345
1.4.3	378
2.0.0	618
2.0.1	294
2.0.2	494
2.0.3	293
2.0.3.1	695
2.0.4	310
