version	total
1.0.20160323	5127
1.0.20160311144647	5156
1.0.20160314171956	5126
1.0.20160318143738	5255
1.0.20160401183214	5130
1.0.20160406195023	5121
1.0.20160411202258	5184
1.0.20160421150319	5223
1.0.20160502202716	6518
1.0.20160715171107	9345
1.0.20161031135838	5039
1.0.20161123235904	5389
1.0.20161230191227	5445
1.0.20170216151734	5317
1.0.20170327202303	5316
1.0.20170414202629	5547
1.0.20170914161842	5231
1.0.20171010180436	5592
1.0.20171211211613	5058
1.0.20180216164101	6426
1.3.0.20181218191458	4830
1.3.0.20190206223817	2627
1.3.0.20190221150417	2486
1.3.1.20190301150258	5382
1.3.1.20190419203205	4887
1.3.2.20190419203205	4864
1.3.3.20190419203205	4691
1.4.0	2503
1.4.1	2561
1.4.2	2485
1.4.3	2526
2.0.0	2765
2.0.1	2429
2.0.2	2631
2.0.3	2427
2.0.3.1	2965
2.0.4	2453
2.6.3	978
2.7.0	887
