version	total
1.0.20160323	4747
1.0.20160311144647	4769
1.0.20160314171956	4751
1.0.20160318143738	4876
1.0.20160401183214	4750
1.0.20160406195023	4766
1.0.20160411202258	4807
1.0.20160421150319	4841
1.0.20160502202716	6135
1.0.20160715171107	8953
1.0.20161031135838	4826
1.0.20161123235904	5014
1.0.20161230191227	5060
1.0.20170216151734	4937
1.0.20170327202303	4940
1.0.20170414202629	5171
1.0.20170914161842	4852
1.0.20171010180436	5383
1.0.20171211211613	4818
1.0.20180216164101	6008
1.3.0.20181218191458	4448
1.3.0.20190206223817	2262
1.3.0.20190221150417	2122
1.3.1.20190301150258	4962
1.3.1.20190419203205	4473
1.3.2.20190419203205	4453
1.3.3.20190419203205	4510
1.4.0	2142
1.4.1	2200
1.4.2	2122
1.4.3	2164
2.0.0	2402
2.0.1	2068
2.0.2	2270
2.0.3	2066
2.0.3.1	2580
2.0.4	2089
2.6.3	616
2.7.0	525
