version	total
1.0.20160323	3728
1.0.20160311144647	3753
1.0.20160314171956	3744
1.0.20160318143738	3859
1.0.20160401183214	3742
1.0.20160406195023	3767
1.0.20160411202258	3791
1.0.20160421150319	3825
1.0.20160502202716	5124
1.0.20160715171107	7079
1.0.20161031135838	3826
1.0.20161123235904	3996
1.0.20161230191227	4030
1.0.20170216151734	3909
1.0.20170327202303	3912
1.0.20170414202629	4151
1.0.20170914161842	3832
1.0.20171010180436	4398
1.0.20171211211613	3819
1.0.20180216164101	4903
1.3.0.20181218191458	3421
1.3.0.20190206223817	1282
1.3.0.20190221150417	1145
1.3.1.20190301150258	3831
1.3.1.20190419203205	3353
1.3.2.20190419203205	3329
1.3.3.20190419203205	3592
1.4.0	1171
1.4.1	1232
1.4.2	1156
1.4.3	1192
2.0.0	1431
2.0.1	1101
2.0.2	1302
2.0.3	1097
2.0.3.1	1554
2.0.4	1122
