version	total
0.1.20160301181511	3965
0.1.20160318153100	4028
0.1.20160331153549	3972
0.1.20160412193510	4023
0.1.20160517202250	6352
0.1.20161031135838	3920
0.1.20161123074954	4865
0.1.20170818194607	3865
0.1.20171010180436	3907
0.1.20171211211613	5154
1.2.0.20180905185317	3488
1.2.0.20181108215719	3451
1.2.0.20181109162613	3512
1.2.0.20181121194423	3464
1.2.1	3560
1.3.0.20181130020805	3421
1.3.0.20190205182514	3403
1.3.0.20190221150417	1280
1.3.1.20190301150258	4583
1.3.1.20190402172810	3502
1.3.2.20190402172810	3418
1.3.3.20190402172810	3498
1.4.0	3592
1.4.1	3094
1.4.2	2868
1.4.3	2748
2.0.0	2657
2.0.1	2785
2.0.2	1337
2.0.3	1122
2.0.3.1	1282
2.0.4	1197
2.1.0	1154
2.1.1	1229
2.1.2	1146
2.2.0	1099
2.2.1	1044
2.2.2	1035
2.3.0	979
2.3.1	938
2.3.2	930
2.3.3	775
2.4.0	741
2.4.1	627
2.4.2	493
2.4.3	440
2.4.4	317
2.5.0	250
2.6.0	32
