version	total
1.0.20160323	2794
1.0.20160311144647	2831
1.0.20160314171956	2827
1.0.20160318143738	2907
1.0.20160401183214	2827
1.0.20160406195023	2864
1.0.20160411202258	2882
1.0.20160421150319	2950
1.0.20160502202716	4175
1.0.20160715171107	5416
1.0.20161031135838	2932
1.0.20161123235904	3043
1.0.20161230191227	3100
1.0.20170216151734	2976
1.0.20170327202303	2949
1.0.20170414202629	3183
1.0.20170914161842	2902
1.0.20171010180436	3416
1.0.20171211211613	2923
1.0.20180216164101	3906
1.3.0.20181218191458	2479
1.3.0.20190206223817	352
1.3.0.20190221150417	301
1.3.1.20190301150258	2760
1.3.1.20190419203205	2269
1.3.2.20190419203205	2238
1.3.3.20190419203205	2580
1.4.0	254
1.4.1	323
1.4.2	245
1.4.3	277
2.0.0	515
2.0.1	193
2.0.2	392
2.0.3	191
2.0.3.1	590
2.0.4	200
