version	total
0.1.20160301181511	3852
0.1.20160318153100	3914
0.1.20160331153549	3859
0.1.20160412193510	3911
0.1.20160517202250	6229
0.1.20161031135838	3808
0.1.20161123074954	4752
0.1.20170818194607	3753
0.1.20171010180436	3794
0.1.20171211211613	5029
1.2.0.20180905185317	3376
1.2.0.20181108215719	3340
1.2.0.20181109162613	3399
1.2.0.20181121194423	3352
1.2.1	3448
1.3.0.20181130020805	3311
1.3.0.20190205182514	3286
1.3.0.20190221150417	1174
1.3.1.20190301150258	4418
1.3.1.20190402172810	3369
1.3.2.20190402172810	3282
1.3.3.20190402172810	3363
1.4.0	3457
1.4.1	2958
1.4.2	2734
1.4.3	2613
2.0.0	2523
2.0.1	2651
2.0.2	1229
2.0.3	1014
2.0.3.1	1174
2.0.4	1089
2.1.0	1043
2.1.1	1118
2.1.2	1036
2.2.0	988
2.2.1	934
2.2.2	925
2.3.0	869
2.3.1	828
2.3.2	821
2.3.3	666
2.4.0	632
2.4.1	518
2.4.2	384
2.4.3	330
2.4.4	208
2.5.0	138
