version	total
0.1.20160301181511	2946
0.1.20160318153100	2968
0.1.20160331153549	2955
0.1.20160412193510	3049
0.1.20160517202250	5220
0.1.20161031135838	2894
0.1.20161123074954	3839
0.1.20170818194607	2832
0.1.20171010180436	2854
0.1.20171211211613	4001
1.2.0.20180905185317	2467
1.2.0.20181108215719	2413
1.2.0.20181109162613	2505
1.2.0.20181121194423	2418
1.2.1	2550
1.3.0.20181130020805	2435
1.3.0.20190205182514	2371
1.3.0.20190221150417	311
1.3.1.20190301150258	3201
1.3.1.20190402172810	2314
1.3.2.20190402172810	2254
1.3.3.20190402172810	2339
1.4.0	2466
1.4.1	1964
1.4.2	1739
1.4.3	1618
2.0.0	1526
2.0.1	1657
2.0.2	398
2.0.3	179
2.0.3.1	309
2.0.4	253
2.1.0	215
2.1.1	284
2.1.2	208
2.2.0	157
2.2.1	101
2.2.2	92
2.3.0	28
