version	total
1.0.20160323	4470
1.0.20160311144647	4493
1.0.20160314171956	4474
1.0.20160318143738	4597
1.0.20160401183214	4473
1.0.20160406195023	4496
1.0.20160411202258	4532
1.0.20160421150319	4566
1.0.20160502202716	5859
1.0.20160715171107	8435
1.0.20161031135838	4563
1.0.20161123235904	4738
1.0.20161230191227	4785
1.0.20170216151734	4661
1.0.20170327202303	4665
1.0.20170414202629	4895
1.0.20170914161842	4575
1.0.20171010180436	5191
1.0.20171211211613	4555
1.0.20180216164101	5722
1.3.0.20181218191458	4170
1.3.0.20190206223817	1984
1.3.0.20190221150417	1846
1.3.1.20190301150258	4675
1.3.1.20190419203205	4184
1.3.2.20190419203205	4165
1.3.3.20190419203205	4352
1.4.0	1864
1.4.1	1924
1.4.2	1845
1.4.3	1887
2.0.0	2125
2.0.1	1791
2.0.2	1992
2.0.3	1788
2.0.3.1	2298
2.0.4	1813
2.6.3	336
2.7.0	242
