version	total
1.0.20160323	4081
1.0.20160311144647	4102
1.0.20160314171956	4084
1.0.20160318143738	4207
1.0.20160401183214	4085
1.0.20160406195023	4109
1.0.20160411202258	4143
1.0.20160421150319	4174
1.0.20160502202716	5468
1.0.20160715171107	7715
1.0.20161031135838	4175
1.0.20161123235904	4349
1.0.20161230191227	4392
1.0.20170216151734	4268
1.0.20170327202303	4267
1.0.20170414202629	4506
1.0.20170914161842	4183
1.0.20171010180436	4799
1.0.20171211211613	4171
1.0.20180216164101	5310
1.3.0.20181218191458	3778
1.3.0.20190206223817	1612
1.3.0.20190221150417	1475
1.3.1.20190301150258	4260
1.3.1.20190419203205	3775
1.3.2.20190419203205	3754
1.3.3.20190419203205	4010
1.4.0	1497
1.4.1	1558
1.4.2	1481
1.4.3	1520
2.0.0	1758
2.0.1	1427
2.0.2	1627
2.0.3	1423
2.0.3.1	1918
2.0.4	1449
