version	total
0.1.20160301181511	2919
0.1.20160318153100	2940
0.1.20160331153549	2928
0.1.20160412193510	3022
0.1.20160517202250	5193
0.1.20161031135838	2865
0.1.20161123074954	3811
0.1.20170818194607	2805
0.1.20171010180436	2826
0.1.20171211211613	3974
1.2.0.20180905185317	2443
1.2.0.20181108215719	2383
1.2.0.20181109162613	2478
1.2.0.20181121194423	2391
1.2.1	2520
1.3.0.20181130020805	2409
1.3.0.20190205182514	2342
1.3.0.20190221150417	311
1.3.1.20190301150258	3169
1.3.1.20190402172810	2284
1.3.2.20190402172810	2222
1.3.3.20190402172810	2306
1.4.0	2437
1.4.1	1936
1.4.2	1709
1.4.3	1589
2.0.0	1497
2.0.1	1625
2.0.2	397
2.0.3	178
2.0.3.1	309
2.0.4	252
2.1.0	214
2.1.1	283
2.1.2	208
2.2.0	157
2.2.1	101
2.2.2	91
