version	total
1.0.20160323	4133
1.0.20160311144647	4153
1.0.20160314171956	4135
1.0.20160318143738	4260
1.0.20160401183214	4136
1.0.20160406195023	4158
1.0.20160411202258	4194
1.0.20160421150319	4227
1.0.20160502202716	5520
1.0.20160715171107	7810
1.0.20161031135838	4227
1.0.20161123235904	4400
1.0.20161230191227	4444
1.0.20170216151734	4320
1.0.20170327202303	4326
1.0.20170414202629	4559
1.0.20170914161842	4234
1.0.20171010180436	4848
1.0.20171211211613	4222
1.0.20180216164101	5368
1.3.0.20181218191458	3832
1.3.0.20190206223817	1671
1.3.0.20190221150417	1532
1.3.1.20190301150258	4318
1.3.1.20190419203205	3828
1.3.2.20190419203205	3809
1.3.3.20190419203205	4055
1.4.0	1550
1.4.1	1610
1.4.2	1533
1.4.3	1572
2.0.0	1810
2.0.1	1478
2.0.2	1678
2.0.3	1475
2.0.3.1	1974
2.0.4	1500
