version	total
0.1.20160301181511	3156
0.1.20160318153100	3202
0.1.20160331153549	3166
0.1.20160412193510	3227
0.1.20160517202250	5447
0.1.20161031135838	3113
0.1.20161123074954	4054
0.1.20170818194607	3054
0.1.20171010180436	3083
0.1.20171211211613	4242
1.2.0.20180905185317	2682
1.2.0.20181108215719	2634
1.2.0.20181109162613	2713
1.2.0.20181121194423	2644
1.2.1	2759
1.3.0.20181130020805	2646
1.3.0.20190205182514	2571
1.3.0.20190221150417	519
1.3.1.20190301150258	3441
1.3.1.20190402172810	2553
1.3.2.20190402172810	2477
1.3.3.20190402172810	2565
1.4.0	2657
1.4.1	2158
1.4.2	1932
1.4.3	1808
2.0.0	1723
2.0.1	1855
2.0.2	570
2.0.3	354
2.0.3.1	514
2.0.4	430
2.1.0	382
2.1.1	455
2.1.2	374
2.2.0	326
2.2.1	269
2.2.2	258
2.3.0	201
2.3.1	160
2.3.2	153
