version	total
1.0.20160323	4464
1.0.20160311144647	4487
1.0.20160314171956	4467
1.0.20160318143738	4590
1.0.20160401183214	4466
1.0.20160406195023	4489
1.0.20160411202258	4525
1.0.20160421150319	4559
1.0.20160502202716	5852
1.0.20160715171107	8422
1.0.20161031135838	4556
1.0.20161123235904	4731
1.0.20161230191227	4778
1.0.20170216151734	4654
1.0.20170327202303	4658
1.0.20170414202629	4888
1.0.20170914161842	4568
1.0.20171010180436	5183
1.0.20171211211613	4548
1.0.20180216164101	5714
1.3.0.20181218191458	4163
1.3.0.20190206223817	1978
1.3.0.20190221150417	1840
1.3.1.20190301150258	4666
1.3.1.20190419203205	4175
1.3.2.20190419203205	4156
1.3.3.20190419203205	4346
1.4.0	1858
1.4.1	1918
1.4.2	1839
1.4.3	1881
2.0.0	2119
2.0.1	1785
2.0.2	1986
2.0.3	1782
2.0.3.1	2292
2.0.4	1807
2.6.3	330
2.7.0	236
