version	total
1.0.20160323	4649
1.0.20160311144647	4671
1.0.20160314171956	4654
1.0.20160318143738	4779
1.0.20160401183214	4653
1.0.20160406195023	4669
1.0.20160411202258	4711
1.0.20160421150319	4744
1.0.20160502202716	6039
1.0.20160715171107	8770
1.0.20161031135838	4733
1.0.20161123235904	4918
1.0.20161230191227	4962
1.0.20170216151734	4839
1.0.20170327202303	4845
1.0.20170414202629	5075
1.0.20170914161842	4754
1.0.20171010180436	5328
1.0.20171211211613	4723
1.0.20180216164101	5908
1.3.0.20181218191458	4350
1.3.0.20190206223817	2165
1.3.0.20190221150417	2026
1.3.1.20190301150258	4859
1.3.1.20190419203205	4370
1.3.2.20190419203205	4352
1.3.3.20190419203205	4457
1.4.0	2045
1.4.1	2104
1.4.2	2026
1.4.3	2068
2.0.0	2306
2.0.1	1972
2.0.2	2173
2.0.3	1969
2.0.3.1	2480
2.0.4	1993
2.6.3	519
2.7.0	425
