version	total
0.1.20160301181511	2963
0.1.20160318153100	2989
0.1.20160331153549	2972
0.1.20160412193510	3060
0.1.20160517202250	5241
0.1.20161031135838	2913
0.1.20161123074954	3855
0.1.20170818194607	2851
0.1.20171010180436	2874
0.1.20171211211613	4025
1.2.0.20180905185317	2487
1.2.0.20181108215719	2433
1.2.0.20181109162613	2523
1.2.0.20181121194423	2438
1.2.1	2565
1.3.0.20181130020805	2453
1.3.0.20190205182514	2388
1.3.0.20190221150417	326
1.3.1.20190301150258	3233
1.3.1.20190402172810	2339
1.3.2.20190402172810	2275
1.3.3.20190402172810	2361
1.4.0	2479
1.4.1	1980
1.4.2	1754
1.4.3	1633
2.0.0	1543
2.0.1	1676
2.0.2	409
2.0.3	190
2.0.3.1	324
2.0.4	265
2.1.0	222
2.1.1	292
2.1.2	216
2.2.0	165
2.2.1	109
2.2.2	100
2.3.0	41
