version	total
1.0.20160323	3576
1.0.20160311144647	3597
1.0.20160314171956	3594
1.0.20160318143738	3705
1.0.20160401183214	3590
1.0.20160406195023	3617
1.0.20160411202258	3636
1.0.20160421150319	3671
1.0.20160502202716	4971
1.0.20160715171107	6799
1.0.20161031135838	3672
1.0.20161123235904	3845
1.0.20161230191227	3872
1.0.20170216151734	3752
1.0.20170327202303	3758
1.0.20170414202629	3995
1.0.20170914161842	3678
1.0.20171010180436	4225
1.0.20171211211613	3668
1.0.20180216164101	4726
1.3.0.20181218191458	3270
1.3.0.20190206223817	1138
1.3.0.20190221150417	999
1.3.1.20190301150258	3652
1.3.1.20190419203205	3176
1.3.2.20190419203205	3154
1.3.3.20190419203205	3418
1.4.0	1030
1.4.1	1091
1.4.2	1015
1.4.3	1051
2.0.0	1289
2.0.1	960
2.0.2	1161
2.0.3	956
2.0.3.1	1398
2.0.4	981
