version	total
1.0.20160323	3732
1.0.20160311144647	3757
1.0.20160314171956	3748
1.0.20160318143738	3863
1.0.20160401183214	3746
1.0.20160406195023	3771
1.0.20160411202258	3795
1.0.20160421150319	3829
1.0.20160502202716	5128
1.0.20160715171107	7088
1.0.20161031135838	3830
1.0.20161123235904	4001
1.0.20161230191227	4034
1.0.20170216151734	3913
1.0.20170327202303	3916
1.0.20170414202629	4155
1.0.20170914161842	3836
1.0.20171010180436	4403
1.0.20171211211613	3824
1.0.20180216164101	4907
1.3.0.20181218191458	3425
1.3.0.20190206223817	1286
1.3.0.20190221150417	1149
1.3.1.20190301150258	3835
1.3.1.20190419203205	3357
1.3.2.20190419203205	3333
1.3.3.20190419203205	3596
1.4.0	1175
1.4.1	1236
1.4.2	1160
1.4.3	1196
2.0.0	1435
2.0.1	1105
2.0.2	1306
2.0.3	1101
2.0.3.1	1558
2.0.4	1126
