version	total
1.0.20160323	4621
1.0.20160311144647	4641
1.0.20160314171956	4622
1.0.20160318143738	4747
1.0.20160401183214	4621
1.0.20160406195023	4639
1.0.20160411202258	4681
1.0.20160421150319	4713
1.0.20160502202716	6007
1.0.20160715171107	8712
1.0.20161031135838	4704
1.0.20161123235904	4886
1.0.20161230191227	4934
1.0.20170216151734	4810
1.0.20170327202303	4813
1.0.20170414202629	5043
1.0.20170914161842	4723
1.0.20171010180436	5313
1.0.20171211211613	4694
1.0.20180216164101	5877
1.3.0.20181218191458	4320
1.3.0.20190206223817	2132
1.3.0.20190221150417	1994
1.3.1.20190301150258	4831
1.3.1.20190419203205	4338
1.3.2.20190419203205	4320
1.3.3.20190419203205	4443
1.4.0	2012
1.4.1	2071
1.4.2	1993
1.4.3	2035
2.0.0	2273
2.0.1	1939
2.0.2	2140
2.0.3	1936
2.0.3.1	2450
2.0.4	1960
2.6.3	486
2.7.0	392
