version	total
1.0.20160323	2604
1.0.20160311144647	2637
1.0.20160314171956	2633
1.0.20160318143738	2710
1.0.20160401183214	2639
1.0.20160406195023	2672
1.0.20160411202258	2690
1.0.20160421150319	2758
1.0.20160502202716	3977
1.0.20160715171107	5040
1.0.20161031135838	2736
1.0.20161123235904	2847
1.0.20161230191227	2901
1.0.20170216151734	2776
1.0.20170327202303	2753
1.0.20170414202629	2982
1.0.20170914161842	2700
1.0.20171010180436	3211
1.0.20171211211613	2728
1.0.20180216164101	3703
1.3.0.20181218191458	2284
1.3.0.20190206223817	276
1.3.0.20190221150417	233
1.3.1.20190301150258	2548
1.3.1.20190419203205	2049
1.3.2.20190419203205	2019
1.3.3.20190419203205	2374
1.4.0	179
1.4.1	249
1.4.2	171
1.4.3	200
2.0.0	438
2.0.1	118
2.0.2	317
2.0.3	115
2.0.3.1	504
2.0.4	103
