version	total
0.1.20160301181511	4705
0.1.20160318153100	4786
0.1.20160331153549	4706
0.1.20160412193510	4691
0.1.20160517202250	7146
0.1.20161031135838	4654
0.1.20161123074954	5607
0.1.20170818194607	4598
0.1.20171010180436	4656
0.1.20171211211613	5947
1.2.0.20180905185317	4229
1.2.0.20181108215719	4181
1.2.0.20181109162613	4254
1.2.0.20181121194423	4200
1.2.1	4297
1.3.0.20181130020805	4137
1.3.0.20190205182514	4148
1.3.0.20190221150417	1965
1.3.1.20190301150258	5521
1.3.1.20190402172810	4314
1.3.2.20190402172810	4237
1.3.3.20190402172810	4322
1.4.0	4400
1.4.1	3910
1.4.2	3680
1.4.3	3561
2.0.0	3473
2.0.1	3592
2.0.2	2035
2.0.3	1818
2.0.3.1	1984
2.0.4	1896
2.1.0	1852
2.1.1	1925
2.1.2	1843
2.2.0	1797
2.2.1	1740
2.2.2	1737
2.3.0	1677
2.3.1	1637
2.3.2	1628
2.3.3	1473
2.4.0	1445
2.4.1	1339
2.4.2	1189
2.4.3	1139
2.4.4	1015
2.5.0	949
2.6.0	737
2.6.1	706
2.6.2	654
2.6.3	655
2.7.0	400
2.7.1	232
