version	total
1.0.20160323	3959
1.0.20160311144647	3980
1.0.20160314171956	3970
1.0.20160318143738	4088
1.0.20160401183214	3969
1.0.20160406195023	3993
1.0.20160411202258	4020
1.0.20160421150319	4055
1.0.20160502202716	5351
1.0.20160715171107	7500
1.0.20161031135838	4060
1.0.20161123235904	4230
1.0.20161230191227	4262
1.0.20170216151734	4145
1.0.20170327202303	4144
1.0.20170414202629	4385
1.0.20170914161842	4064
1.0.20171010180436	4668
1.0.20171211211613	4053
1.0.20180216164101	5178
1.3.0.20181218191458	3653
1.3.0.20190206223817	1496
1.3.0.20190221150417	1357
1.3.1.20190301150258	4124
1.3.1.20190419203205	3645
1.3.2.20190419203205	3622
1.3.3.20190419203205	3882
1.4.0	1384
1.4.1	1443
1.4.2	1367
1.4.3	1405
2.0.0	1643
2.0.1	1312
2.0.2	1513
2.0.3	1308
2.0.3.1	1785
2.0.4	1333
