version	total
1.0.20160323	4376
1.0.20160311144647	4400
1.0.20160314171956	4382
1.0.20160318143738	4503
1.0.20160401183214	4380
1.0.20160406195023	4403
1.0.20160411202258	4437
1.0.20160421150319	4470
1.0.20160502202716	5764
1.0.20160715171107	8256
1.0.20161031135838	4472
1.0.20161123235904	4644
1.0.20161230191227	4690
1.0.20170216151734	4566
1.0.20170327202303	4570
1.0.20170414202629	4801
1.0.20170914161842	4482
1.0.20171010180436	5102
1.0.20171211211613	4464
1.0.20180216164101	5623
1.3.0.20181218191458	4073
1.3.0.20190206223817	1890
1.3.0.20190221150417	1751
1.3.1.20190301150258	4572
1.3.1.20190419203205	4082
1.3.2.20190419203205	4063
1.3.3.20190419203205	4296
1.4.0	1771
1.4.1	1831
1.4.2	1753
1.4.3	1794
2.0.0	2032
2.0.1	1698
2.0.2	1899
2.0.3	1695
2.0.3.1	2200
2.0.4	1720
2.6.3	240
2.7.0	144
