version	total
1.0.20160323	5143
1.0.20160311144647	5173
1.0.20160314171956	5141
1.0.20160318143738	5271
1.0.20160401183214	5144
1.0.20160406195023	5133
1.0.20160411202258	5201
1.0.20160421150319	5239
1.0.20160502202716	6536
1.0.20160715171107	9354
1.0.20161031135838	5046
1.0.20161123235904	5405
1.0.20161230191227	5462
1.0.20170216151734	5332
1.0.20170327202303	5333
1.0.20170414202629	5564
1.0.20170914161842	5244
1.0.20171010180436	5603
1.0.20171211211613	5066
1.0.20180216164101	6447
1.3.0.20181218191458	4846
1.3.0.20190206223817	2639
1.3.0.20190221150417	2499
1.3.1.20190301150258	5403
1.3.1.20190419203205	4909
1.3.2.20190419203205	4887
1.3.3.20190419203205	4703
1.4.0	2515
1.4.1	2573
1.4.2	2496
1.4.3	2538
2.0.0	2777
2.0.1	2441
2.0.2	2642
2.0.3	2439
2.0.3.1	2979
2.0.4	2465
2.6.3	991
2.7.0	900
