version	total
0.1.20160301181511	4323
0.1.20160318153100	4394
0.1.20160331153549	4326
0.1.20160412193510	4369
0.1.20160517202250	6749
0.1.20161031135838	4270
0.1.20161123074954	5226
0.1.20170818194607	4215
0.1.20171010180436	4272
0.1.20171211211613	5548
1.2.0.20180905185317	3846
1.2.0.20181108215719	3800
1.2.0.20181109162613	3871
1.2.0.20181121194423	3819
1.2.1	3915
1.3.0.20181130020805	3763
1.3.0.20190205182514	3768
1.3.0.20190221150417	1612
1.3.1.20190301150258	5097
1.3.1.20190402172810	3916
1.3.2.20190402172810	3840
1.3.3.20190402172810	3926
1.4.0	4007
1.4.1	3513
1.4.2	3283
1.4.3	3170
2.0.0	3078
2.0.1	3203
2.0.2	1676
2.0.3	1461
2.0.3.1	1626
2.0.4	1537
2.1.0	1494
2.1.1	1567
2.1.2	1485
2.2.0	1439
2.2.1	1384
2.2.2	1378
2.3.0	1319
2.3.1	1280
2.3.2	1270
2.3.3	1115
2.4.0	1086
2.4.1	976
2.4.2	833
2.4.3	780
2.4.4	656
2.5.0	590
2.6.0	377
2.6.1	346
2.6.2	293
2.6.3	256
