version	total
0.1.20160301181511	2640
0.1.20160318153100	2657
0.1.20160331153549	2650
0.1.20160412193510	2745
0.1.20160517202250	4886
0.1.20161031135838	2588
0.1.20161123074954	3536
0.1.20170818194607	2530
0.1.20171010180436	2547
0.1.20171211211613	3674
1.2.0.20180905185317	2173
1.2.0.20181108215719	2113
1.2.0.20181109162613	2206
1.2.0.20181121194423	2116
1.2.1	2249
1.3.0.20181130020805	2143
1.3.0.20190205182514	2058
1.3.0.20190221150417	188
1.3.1.20190301150258	2813
1.3.1.20190402172810	1979
1.3.2.20190402172810	1921
1.3.3.20190402172810	1998
1.4.0	2136
1.4.1	1630
1.4.2	1401
1.4.3	1288
2.0.0	1196
2.0.1	1323
2.0.2	272
2.0.3	55
2.0.3.1	185
2.0.4	128
2.1.0	91
2.1.1	159
2.1.2	87
2.2.0	29
