version	total
1.0.20160323	5031
1.0.20160311144647	5058
1.0.20160314171956	5030
1.0.20160318143738	5158
1.0.20160401183214	5032
1.0.20160406195023	5037
1.0.20160411202258	5090
1.0.20160421150319	5126
1.0.20160502202716	6417
1.0.20160715171107	9252
1.0.20161031135838	4987
1.0.20161123235904	5295
1.0.20161230191227	5350
1.0.20170216151734	5222
1.0.20170327202303	5223
1.0.20170414202629	5454
1.0.20170914161842	5135
1.0.20171010180436	5547
1.0.20171211211613	5007
1.0.20180216164101	6320
1.3.0.20181218191458	4736
1.3.0.20190206223817	2536
1.3.0.20190221150417	2394
1.3.1.20190301150258	5273
1.3.1.20190419203205	4777
1.3.2.20190419203205	4756
1.3.3.20190419203205	4646
1.4.0	2411
1.4.1	2469
1.4.2	2393
1.4.3	2435
2.0.0	2675
2.0.1	2338
2.0.2	2541
2.0.3	2335
2.0.3.1	2870
2.0.4	2360
2.6.3	886
2.7.0	796
