version	total
0.1.20160301181511	4078
0.1.20160318153100	4147
0.1.20160331153549	4085
0.1.20160412193510	4135
0.1.20160517202250	6484
0.1.20161031135838	4033
0.1.20161123074954	4979
0.1.20170818194607	3977
0.1.20171010180436	4023
0.1.20171211211613	5286
1.2.0.20180905185317	3604
1.2.0.20181108215719	3564
1.2.0.20181109162613	3627
1.2.0.20181121194423	3577
1.2.1	3676
1.3.0.20181130020805	3531
1.3.0.20190205182514	3522
1.3.0.20190221150417	1382
1.3.1.20190301150258	4784
1.3.1.20190402172810	3647
1.3.2.20190402172810	3565
1.3.3.20190402172810	3646
1.4.0	3738
1.4.1	3241
1.4.2	3014
1.4.3	2895
2.0.0	2804
2.0.1	2932
2.0.2	1440
2.0.3	1226
2.0.3.1	1386
2.0.4	1300
2.1.0	1257
2.1.1	1332
2.1.2	1250
2.2.0	1202
2.2.1	1147
2.2.2	1138
2.3.0	1082
2.3.1	1041
2.3.2	1033
2.3.3	878
2.4.0	844
2.4.1	730
2.4.2	596
2.4.3	543
2.4.4	420
2.5.0	354
2.6.0	139
2.6.1	107
2.6.2	55
