version	total
1.0.20160323	3859
1.0.20160311144647	3882
1.0.20160314171956	3872
1.0.20160318143738	3990
1.0.20160401183214	3869
1.0.20160406195023	3895
1.0.20160411202258	3921
1.0.20160421150319	3957
1.0.20160502202716	5254
1.0.20160715171107	7321
1.0.20161031135838	3958
1.0.20161123235904	4128
1.0.20161230191227	4162
1.0.20170216151734	4042
1.0.20170327202303	4044
1.0.20170414202629	4284
1.0.20170914161842	3964
1.0.20171010180436	4547
1.0.20171211211613	3951
1.0.20180216164101	5054
1.3.0.20181218191458	3552
1.3.0.20190206223817	1410
1.3.0.20190221150417	1272
1.3.1.20190301150258	3992
1.3.1.20190419203205	3512
1.3.2.20190419203205	3489
1.3.3.20190419203205	3751
1.4.0	1297
1.4.1	1357
1.4.2	1281
1.4.3	1319
2.0.0	1557
2.0.1	1226
2.0.2	1426
2.0.3	1222
2.0.3.1	1692
2.0.4	1247
