version	total
1.0.20160323	3930
1.0.20160311144647	3951
1.0.20160314171956	3939
1.0.20160318143738	4059
1.0.20160401183214	3938
1.0.20160406195023	3962
1.0.20160411202258	3990
1.0.20160421150319	4025
1.0.20160502202716	5321
1.0.20160715171107	7443
1.0.20161031135838	4027
1.0.20161123235904	4197
1.0.20161230191227	4233
1.0.20170216151734	4115
1.0.20170327202303	4113
1.0.20170414202629	4354
1.0.20170914161842	4032
1.0.20171010180436	4631
1.0.20171211211613	4020
1.0.20180216164101	5142
1.3.0.20181218191458	3625
1.3.0.20190206223817	1470
1.3.0.20190221150417	1331
1.3.1.20190301150258	4086
1.3.1.20190419203205	3608
1.3.2.20190419203205	3584
1.3.3.20190419203205	3843
1.4.0	1355
1.4.1	1415
1.4.2	1339
1.4.3	1377
2.0.0	1615
2.0.1	1284
2.0.2	1484
2.0.3	1280
2.0.3.1	1757
2.0.4	1305
