version	total
0.1.20160301181511	4713
0.1.20160318153100	4794
0.1.20160331153549	4714
0.1.20160412193510	4695
0.1.20160517202250	7154
0.1.20161031135838	4662
0.1.20161123074954	5615
0.1.20170818194607	4606
0.1.20171010180436	4664
0.1.20171211211613	5955
1.2.0.20180905185317	4237
1.2.0.20181108215719	4189
1.2.0.20181109162613	4262
1.2.0.20181121194423	4208
1.2.1	4305
1.3.0.20181130020805	4145
1.3.0.20190205182514	4156
1.3.0.20190221150417	1973
1.3.1.20190301150258	5529
1.3.1.20190402172810	4322
1.3.2.20190402172810	4245
1.3.3.20190402172810	4330
1.4.0	4408
1.4.1	3918
1.4.2	3688
1.4.3	3569
2.0.0	3481
2.0.1	3600
2.0.2	2043
2.0.3	1826
2.0.3.1	1992
2.0.4	1904
2.1.0	1860
2.1.1	1933
2.1.2	1851
2.2.0	1805
2.2.1	1748
2.2.2	1745
2.3.0	1685
2.3.1	1645
2.3.2	1636
2.3.3	1481
2.4.0	1453
2.4.1	1347
2.4.2	1198
2.4.3	1147
2.4.4	1023
2.5.0	957
2.6.0	745
2.6.1	714
2.6.2	662
2.6.3	664
2.7.0	408
2.7.1	240
