version	total
1.0.20160323	2983
1.0.20160311144647	3020
1.0.20160314171956	3015
1.0.20160318143738	3103
1.0.20160401183214	3011
1.0.20160406195023	3047
1.0.20160411202258	3066
1.0.20160421150319	3095
1.0.20160502202716	4367
1.0.20160715171107	5713
1.0.20161031135838	3089
1.0.20161123235904	3239
1.0.20161230191227	3287
1.0.20170216151734	3167
1.0.20170327202303	3146
1.0.20170414202629	3382
1.0.20170914161842	3091
1.0.20171010180436	3582
1.0.20171211211613	3092
1.0.20180216164101	4082
1.3.0.20181218191458	2675
1.3.0.20190206223817	542
1.3.0.20190221150417	443
1.3.1.20190301150258	2965
1.3.1.20190419203205	2478
1.3.2.20190419203205	2455
1.3.3.20190419203205	2748
1.4.0	438
1.4.1	506
1.4.2	429
1.4.3	463
2.0.0	699
2.0.1	375
2.0.2	578
2.0.3	375
2.0.3.1	777
2.0.4	392
