version	total
1.0.20160323	2828
1.0.20160311144647	2863
1.0.20160314171956	2861
1.0.20160318143738	2941
1.0.20160401183214	2861
1.0.20160406195023	2894
1.0.20160411202258	2913
1.0.20160421150319	2970
1.0.20160502202716	4208
1.0.20160715171107	5459
1.0.20161031135838	2958
1.0.20161123235904	3078
1.0.20161230191227	3133
1.0.20170216151734	3010
1.0.20170327202303	2985
1.0.20170414202629	3218
1.0.20170914161842	2935
1.0.20171010180436	3445
1.0.20171211211613	2952
1.0.20180216164101	3937
1.3.0.20181218191458	2512
1.3.0.20190206223817	380
1.3.0.20190221150417	317
1.3.1.20190301150258	2797
1.3.1.20190419203205	2309
1.3.2.20190419203205	2281
1.3.3.20190419203205	2607
1.4.0	282
1.4.1	350
1.4.2	273
1.4.3	305
2.0.0	543
2.0.1	221
2.0.2	419
2.0.3	218
2.0.3.1	620
2.0.4	235
