version	total
0.1.20160301181511	4825
0.1.20160318153100	4909
0.1.20160331153549	4827
0.1.20160412193510	4750
0.1.20160517202250	7268
0.1.20161031135838	4771
0.1.20161123074954	5728
0.1.20170818194607	4715
0.1.20171010180436	4776
0.1.20171211211613	6066
1.2.0.20180905185317	4349
1.2.0.20181108215719	4299
1.2.0.20181109162613	4374
1.2.0.20181121194423	4318
1.2.1	4417
1.3.0.20181130020805	4254
1.3.0.20190205182514	4260
1.3.0.20190221150417	2078
1.3.1.20190301150258	5639
1.3.1.20190402172810	4436
1.3.2.20190402172810	4361
1.3.3.20190402172810	4446
1.4.0	4524
1.4.1	4033
1.4.2	3804
1.4.3	3684
2.0.0	3597
2.0.1	3716
2.0.2	2155
2.0.3	1938
2.0.3.1	2104
2.0.4	2016
2.1.0	1972
2.1.1	2045
2.1.2	1963
2.2.0	1917
2.2.1	1860
2.2.2	1857
2.3.0	1797
2.3.1	1757
2.3.2	1748
2.3.3	1593
2.4.0	1565
2.4.1	1460
2.4.2	1310
2.4.3	1258
2.4.4	1135
2.5.0	1068
2.6.0	856
2.6.1	825
2.6.2	774
2.6.3	779
2.7.0	521
2.7.1	354
2.7.2	121
