version	total
0.1.20160301181511	4684
0.1.20160318153100	4763
0.1.20160331153549	4686
0.1.20160412193510	4682
0.1.20160517202250	7124
0.1.20161031135838	4632
0.1.20161123074954	5586
0.1.20170818194607	4576
0.1.20171010180436	4633
0.1.20171211211613	5924
1.2.0.20180905185317	4207
1.2.0.20181108215719	4159
1.2.0.20181109162613	4233
1.2.0.20181121194423	4179
1.2.1	4275
1.3.0.20181130020805	4115
1.3.0.20190205182514	4127
1.3.0.20190221150417	1945
1.3.1.20190301150258	5497
1.3.1.20190402172810	4290
1.3.2.20190402172810	4213
1.3.3.20190402172810	4298
1.4.0	4376
1.4.1	3886
1.4.2	3656
1.4.3	3537
2.0.0	3449
2.0.1	3569
2.0.2	2012
2.0.3	1796
2.0.3.1	1963
2.0.4	1873
2.1.0	1830
2.1.1	1903
2.1.2	1821
2.2.0	1775
2.2.1	1718
2.2.2	1715
2.3.0	1655
2.3.1	1615
2.3.2	1606
2.3.3	1451
2.4.0	1423
2.4.1	1317
2.4.2	1168
2.4.3	1117
2.4.4	993
2.5.0	927
2.6.0	715
2.6.1	684
2.6.2	632
2.6.3	633
2.7.0	378
2.7.1	210
