version	total
0.1.20160301181511	4576
0.1.20160318153100	4653
0.1.20160331153549	4579
0.1.20160412193510	4604
0.1.20160517202250	7011
0.1.20161031135838	4525
0.1.20161123074954	5478
0.1.20170818194607	4469
0.1.20171010180436	4526
0.1.20171211211613	5812
1.2.0.20180905185317	4099
1.2.0.20181108215719	4052
1.2.0.20181109162613	4125
1.2.0.20181121194423	4070
1.2.1	4168
1.3.0.20181130020805	4009
1.3.0.20190205182514	4019
1.3.0.20190221150417	1840
1.3.1.20190301150258	5374
1.3.1.20190402172810	4175
1.3.2.20190402172810	4098
1.3.3.20190402172810	4184
1.4.0	4260
1.4.1	3770
1.4.2	3540
1.4.3	3422
2.0.0	3333
2.0.1	3456
2.0.2	1905
2.0.3	1689
2.0.3.1	1856
2.0.4	1765
2.1.0	1722
2.1.1	1795
2.1.2	1713
2.2.0	1667
2.2.1	1610
2.2.2	1607
2.3.0	1547
2.3.1	1507
2.3.2	1498
2.3.3	1343
2.4.0	1315
2.4.1	1207
2.4.2	1060
2.4.3	1009
2.4.4	885
2.5.0	819
2.6.0	607
2.6.1	576
2.6.2	524
2.6.3	518
2.7.0	269
2.7.1	99
