version	total
1.0.20160323	3100
1.0.20160311144647	3126
1.0.20160314171956	3120
1.0.20160318143738	3224
1.0.20160401183214	3116
1.0.20160406195023	3148
1.0.20160411202258	3166
1.0.20160421150319	3199
1.0.20160502202716	4490
1.0.20160715171107	5907
1.0.20161031135838	3195
1.0.20161123235904	3357
1.0.20161230191227	3391
1.0.20170216151734	3269
1.0.20170327202303	3268
1.0.20170414202629	3505
1.0.20170914161842	3196
1.0.20171010180436	3692
1.0.20171211211613	3191
1.0.20180216164101	4191
1.3.0.20181218191458	2794
1.3.0.20190206223817	666
1.3.0.20190221150417	541
1.3.1.20190301150258	3102
1.3.1.20190419203205	2619
1.3.2.20190419203205	2598
1.3.3.20190419203205	2874
1.4.0	558
1.4.1	623
1.4.2	546
1.4.3	580
2.0.0	819
2.0.1	491
2.0.2	694
2.0.3	488
2.0.3.1	886
2.0.4	511
