version	total
1.0.20160323	4761
1.0.20160311144647	4783
1.0.20160314171956	4763
1.0.20160318143738	4888
1.0.20160401183214	4762
1.0.20160406195023	4778
1.0.20160411202258	4821
1.0.20160421150319	4854
1.0.20160502202716	6147
1.0.20160715171107	8973
1.0.20161031135838	4836
1.0.20161123235904	5026
1.0.20161230191227	5074
1.0.20170216151734	4951
1.0.20170327202303	4952
1.0.20170414202629	5183
1.0.20170914161842	4864
1.0.20171010180436	5389
1.0.20171211211613	4829
1.0.20180216164101	6021
1.3.0.20181218191458	4462
1.3.0.20190206223817	2274
1.3.0.20190221150417	2136
1.3.1.20190301150258	4976
1.3.1.20190419203205	4485
1.3.2.20190419203205	4465
1.3.3.20190419203205	4515
1.4.0	2154
1.4.1	2212
1.4.2	2134
1.4.3	2176
2.0.0	2414
2.0.1	2080
2.0.2	2282
2.0.3	2078
2.0.3.1	2594
2.0.4	2101
2.6.3	628
2.7.0	537
