version	total
0.1.20160301181511	4357
0.1.20160318153100	4428
0.1.20160331153549	4360
0.1.20160412193510	4403
0.1.20160517202250	6785
0.1.20161031135838	4304
0.1.20161123074954	5260
0.1.20170818194607	4249
0.1.20171010180436	4306
0.1.20171211211613	5584
1.2.0.20180905185317	3880
1.2.0.20181108215719	3834
1.2.0.20181109162613	3905
1.2.0.20181121194423	3853
1.2.1	3949
1.3.0.20181130020805	3795
1.3.0.20190205182514	3800
1.3.0.20190221150417	1630
1.3.1.20190301150258	5139
1.3.1.20190402172810	3952
1.3.2.20190402172810	3876
1.3.3.20190402172810	3962
1.4.0	4042
1.4.1	3549
1.4.2	3320
1.4.3	3206
2.0.0	3114
2.0.1	3238
2.0.2	1694
2.0.3	1479
2.0.3.1	1644
2.0.4	1555
2.1.0	1512
2.1.1	1585
2.1.2	1503
2.2.0	1457
2.2.1	1402
2.2.2	1396
2.3.0	1337
2.3.1	1298
2.3.2	1288
2.3.3	1133
2.4.0	1104
2.4.1	994
2.4.2	851
2.4.3	798
2.4.4	674
2.5.0	608
2.6.0	395
2.6.1	364
2.6.2	311
2.6.3	278
2.7.0	28
