version	total
1.0.20160323	4633
1.0.20160311144647	4653
1.0.20160314171956	4634
1.0.20160318143738	4759
1.0.20160401183214	4633
1.0.20160406195023	4651
1.0.20160411202258	4693
1.0.20160421150319	4725
1.0.20160502202716	6019
1.0.20160715171107	8734
1.0.20161031135838	4715
1.0.20161123235904	4898
1.0.20161230191227	4946
1.0.20170216151734	4822
1.0.20170327202303	4825
1.0.20170414202629	5055
1.0.20170914161842	4735
1.0.20171010180436	5319
1.0.20171211211613	4705
1.0.20180216164101	5889
1.3.0.20181218191458	4332
1.3.0.20190206223817	2144
1.3.0.20190221150417	2007
1.3.1.20190301150258	4843
1.3.1.20190419203205	4350
1.3.2.20190419203205	4332
1.3.3.20190419203205	4448
1.4.0	2024
1.4.1	2083
1.4.2	2005
1.4.3	2047
2.0.0	2285
2.0.1	1951
2.0.2	2152
2.0.3	1948
2.0.3.1	2462
2.0.4	1972
2.6.3	498
2.7.0	404
