version	total
0.1.20160301181511	5156
0.1.20160318153100	5254
0.1.20160331153549	5155
0.1.20160412193510	4900
0.1.20160517202250	7627
0.1.20161031135838	5104
0.1.20161123074954	6061
0.1.20170818194607	5044
0.1.20171010180436	5112
0.1.20171211211613	6431
1.2.0.20180905185317	4679
1.2.0.20181108215719	4630
1.2.0.20181109162613	4704
1.2.0.20181121194423	4647
1.2.1	4744
1.3.0.20181130020805	4574
1.3.0.20190205182514	4512
1.3.0.20190221150417	2363
1.3.1.20190301150258	5962
1.3.1.20190402172810	4787
1.3.2.20190402172810	4718
1.3.3.20190402172810	4796
1.4.0	4883
1.4.1	4388
1.4.2	4164
1.4.3	4043
2.0.0	3956
2.0.1	4071
2.0.2	2475
2.0.3	2258
2.0.3.1	2427
2.0.4	2336
2.1.0	2291
2.1.1	2364
2.1.2	2283
2.2.0	2236
2.2.1	2180
2.2.2	2178
2.3.0	2115
2.3.1	2077
2.3.2	2064
2.3.3	1912
2.4.0	1883
2.4.1	1789
2.4.2	1626
2.4.3	1578
2.4.4	1455
2.5.0	1389
2.6.0	1179
2.6.1	1147
2.6.2	1094
2.6.3	1114
2.7.0	838
2.7.1	672
2.7.2	443
2.7.3	344
2.7.4	264
