version	total
1.0.20160323	4079
1.0.20160311144647	4098
1.0.20160314171956	4084
1.0.20160318143738	4205
1.0.20160401183214	4085
1.0.20160406195023	4109
1.0.20160411202258	4139
1.0.20160421150319	4172
1.0.20160502202716	5466
1.0.20160715171107	7715
1.0.20161031135838	4175
1.0.20161123235904	4348
1.0.20161230191227	4390
1.0.20170216151734	4266
1.0.20170327202303	4265
1.0.20170414202629	4504
1.0.20170914161842	4183
1.0.20171010180436	4799
1.0.20171211211613	4171
1.0.20180216164101	5308
1.3.0.20181218191458	3776
1.3.0.20190206223817	1610
1.3.0.20190221150417	1473
1.3.1.20190301150258	4258
1.3.1.20190419203205	3775
1.3.2.20190419203205	3753
1.3.3.20190419203205	4010
1.4.0	1497
1.4.1	1558
1.4.2	1481
1.4.3	1520
2.0.0	1757
2.0.1	1426
2.0.2	1626
2.0.3	1422
2.0.3.1	1916
2.0.4	1448
