version	total
0.1.20160301181511	5159
0.1.20160318153100	5256
0.1.20160331153549	5157
0.1.20160412193510	4900
0.1.20160517202250	7629
0.1.20161031135838	5107
0.1.20161123074954	6064
0.1.20170818194607	5047
0.1.20171010180436	5114
0.1.20171211211613	6433
1.2.0.20180905185317	4682
1.2.0.20181108215719	4632
1.2.0.20181109162613	4707
1.2.0.20181121194423	4650
1.2.1	4747
1.3.0.20181130020805	4576
1.3.0.20190205182514	4514
1.3.0.20190221150417	2364
1.3.1.20190301150258	5963
1.3.1.20190402172810	4791
1.3.2.20190402172810	4721
1.3.3.20190402172810	4800
1.4.0	4885
1.4.1	4390
1.4.2	4167
1.4.3	4045
2.0.0	3959
2.0.1	4073
2.0.2	2477
2.0.3	2261
2.0.3.1	2429
2.0.4	2339
2.1.0	2293
2.1.1	2366
2.1.2	2285
2.2.0	2238
2.2.1	2182
2.2.2	2180
2.3.0	2117
2.3.1	2079
2.3.2	2066
2.3.3	1914
2.4.0	1885
2.4.1	1791
2.4.2	1628
2.4.3	1580
2.4.4	1457
2.5.0	1391
2.6.0	1181
2.6.1	1149
2.6.2	1097
2.6.3	1116
2.7.0	840
2.7.1	674
2.7.2	445
2.7.3	346
2.7.4	266
