version	total
0.1.20160301181511	4167
0.1.20160318153100	4235
0.1.20160331153549	4174
0.1.20160412193510	4222
0.1.20160517202250	6588
0.1.20161031135838	4121
0.1.20161123074954	5069
0.1.20170818194607	4066
0.1.20171010180436	4114
0.1.20171211211613	5388
1.2.0.20180905185317	3693
1.2.0.20181108215719	3652
1.2.0.20181109162613	3716
1.2.0.20181121194423	3666
1.2.1	3765
1.3.0.20181130020805	3617
1.3.0.20190205182514	3618
1.3.0.20190221150417	1467
1.3.1.20190301150258	4923
1.3.1.20190402172810	3752
1.3.2.20190402172810	3672
1.3.3.20190402172810	3753
1.4.0	3844
1.4.1	3347
1.4.2	3120
1.4.3	3001
2.0.0	2911
2.0.1	3038
2.0.2	1525
2.0.3	1311
2.0.3.1	1471
2.0.4	1385
2.1.0	1342
2.1.1	1417
2.1.2	1335
2.2.0	1287
2.2.1	1232
2.2.2	1223
2.3.0	1167
2.3.1	1126
2.3.2	1118
2.3.3	963
2.4.0	931
2.4.1	817
2.4.2	681
2.4.3	628
2.4.4	505
2.5.0	438
2.6.0	224
2.6.1	192
2.6.2	141
2.6.3	71
