version	total
1.0.20160323	4175
1.0.20160311144647	4196
1.0.20160314171956	4177
1.0.20160318143738	4301
1.0.20160401183214	4178
1.0.20160406195023	4201
1.0.20160411202258	4236
1.0.20160421150319	4269
1.0.20160502202716	5561
1.0.20160715171107	7892
1.0.20161031135838	4271
1.0.20161123235904	4443
1.0.20161230191227	4486
1.0.20170216151734	4362
1.0.20170327202303	4368
1.0.20170414202629	4603
1.0.20170914161842	4276
1.0.20171010180436	4893
1.0.20171211211613	4264
1.0.20180216164101	5415
1.3.0.20181218191458	3874
1.3.0.20190206223817	1712
1.3.0.20190221150417	1573
1.3.1.20190301150258	4365
1.3.1.20190419203205	3876
1.3.2.20190419203205	3856
1.3.3.20190419203205	4100
1.4.0	1591
1.4.1	1651
1.4.2	1574
1.4.3	1613
2.0.0	1851
2.0.1	1519
2.0.2	1719
2.0.3	1516
2.0.3.1	2016
2.0.4	1541
2.6.3	60
