version	total
0.1.20160301181511	3059
0.1.20160318153100	3090
0.1.20160331153549	3066
0.1.20160412193510	3127
0.1.20160517202250	5343
0.1.20161031135838	3010
0.1.20161123074954	3954
0.1.20170818194607	2949
0.1.20171010180436	2975
0.1.20171211211613	4131
1.2.0.20180905185317	2582
1.2.0.20181108215719	2529
1.2.0.20181109162613	2616
1.2.0.20181121194423	2536
1.2.1	2659
1.3.0.20181130020805	2548
1.3.0.20190205182514	2469
1.3.0.20190221150417	420
1.3.1.20190301150258	3326
1.3.1.20190402172810	2443
1.3.2.20190402172810	2371
1.3.3.20190402172810	2461
1.4.0	2551
1.4.1	2053
1.4.2	1825
1.4.3	1705
2.0.0	1620
2.0.1	1748
2.0.2	473
2.0.3	256
2.0.3.1	417
2.0.4	332
2.1.0	286
2.1.1	358
2.1.2	279
2.2.0	230
2.2.1	174
2.2.2	162
2.3.0	105
2.3.1	65
2.3.2	54
