version	total
1.0.20160323	4819
1.0.20160311144647	4842
1.0.20160314171956	4822
1.0.20160318143738	4945
1.0.20160401183214	4821
1.0.20160406195023	4837
1.0.20160411202258	4880
1.0.20160421150319	4913
1.0.20160502202716	6205
1.0.20160715171107	9043
1.0.20161031135838	4874
1.0.20161123235904	5084
1.0.20161230191227	5132
1.0.20170216151734	5010
1.0.20170327202303	5011
1.0.20170414202629	5242
1.0.20170914161842	4922
1.0.20171010180436	5425
1.0.20171211211613	4881
1.0.20180216164101	6087
1.3.0.20181218191458	4517
1.3.0.20190206223817	2329
1.3.0.20190221150417	2191
1.3.1.20190301150258	5038
1.3.1.20190419203205	4547
1.3.2.20190419203205	4528
1.3.3.20190419203205	4546
1.4.0	2208
1.4.1	2266
1.4.2	2188
1.4.3	2230
2.0.0	2468
2.0.1	2134
2.0.2	2336
2.0.3	2132
2.0.3.1	2650
2.0.4	2156
2.6.3	682
2.7.0	591
