version	total
0.1.20160301181511	4063
0.1.20160318153100	4132
0.1.20160331153549	4070
0.1.20160412193510	4120
0.1.20160517202250	6468
0.1.20161031135838	4017
0.1.20161123074954	4964
0.1.20170818194607	3962
0.1.20171010180436	4008
0.1.20171211211613	5269
1.2.0.20180905185317	3588
1.2.0.20181108215719	3549
1.2.0.20181109162613	3612
1.2.0.20181121194423	3562
1.2.1	3660
1.3.0.20181130020805	3516
1.3.0.20190205182514	3507
1.3.0.20190221150417	1368
1.3.1.20190301150258	4764
1.3.1.20190402172810	3630
1.3.2.20190402172810	3548
1.3.3.20190402172810	3629
1.4.0	3721
1.4.1	3224
1.4.2	2997
1.4.3	2878
2.0.0	2787
2.0.1	2915
2.0.2	1426
2.0.3	1212
2.0.3.1	1372
2.0.4	1286
2.1.0	1243
2.1.1	1318
2.1.2	1235
2.2.0	1188
2.2.1	1133
2.2.2	1124
2.3.0	1068
2.3.1	1027
2.3.2	1019
2.3.3	864
2.4.0	830
2.4.1	716
2.4.2	582
2.4.3	529
2.4.4	406
2.5.0	340
2.6.0	125
2.6.1	93
2.6.2	36
