version	total
1.0.20160323	3999
1.0.20160311144647	4020
1.0.20160314171956	4007
1.0.20160318143738	4128
1.0.20160401183214	4006
1.0.20160406195023	4030
1.0.20160411202258	4061
1.0.20160421150319	4096
1.0.20160502202716	5390
1.0.20160715171107	7570
1.0.20161031135838	4097
1.0.20161123235904	4269
1.0.20161230191227	4307
1.0.20170216151734	4185
1.0.20170327202303	4185
1.0.20170414202629	4424
1.0.20170914161842	4102
1.0.20171010180436	4711
1.0.20171211211613	4090
1.0.20180216164101	5218
1.3.0.20181218191458	3691
1.3.0.20190206223817	1534
1.3.0.20190221150417	1396
1.3.1.20190301150258	4166
1.3.1.20190419203205	3684
1.3.2.20190419203205	3662
1.3.3.20190419203205	3924
1.4.0	1420
1.4.1	1479
1.4.2	1403
1.4.3	1441
2.0.0	1679
2.0.1	1349
2.0.2	1549
2.0.3	1344
2.0.3.1	1828
2.0.4	1370
