version	total
0.1.20160301181511	4973
0.1.20160318153100	5058
0.1.20160331153549	4975
0.1.20160412193510	4822
0.1.20160517202250	7425
0.1.20161031135838	4922
0.1.20161123074954	5878
0.1.20170818194607	4864
0.1.20171010180436	4927
0.1.20171211211613	6227
1.2.0.20180905185317	4498
1.2.0.20181108215719	4448
1.2.0.20181109162613	4524
1.2.0.20181121194423	4468
1.2.1	4565
1.3.0.20181130020805	4403
1.3.0.20190205182514	4397
1.3.0.20190221150417	2219
1.3.1.20190301150258	5808
1.3.1.20190402172810	4597
1.3.2.20190402172810	4521
1.3.3.20190402172810	4606
1.4.0	4684
1.4.1	4192
1.4.2	3966
1.4.3	3844
2.0.0	3759
2.0.1	3877
2.0.2	2301
2.0.3	2084
2.0.3.1	2250
2.0.4	2162
2.1.0	2117
2.1.1	2191
2.1.2	2109
2.2.0	2063
2.2.1	2005
2.2.2	2003
2.3.0	1941
2.3.1	1902
2.3.2	1892
2.3.3	1737
2.4.0	1709
2.4.1	1604
2.4.2	1454
2.4.3	1403
2.4.4	1280
2.5.0	1214
2.6.0	1002
2.6.1	971
2.6.2	919
2.6.3	930
2.7.0	665
2.7.1	498
2.7.2	267
2.7.3	167
2.7.4	78
