version	total
0.1.20160301181511	3744
0.1.20160318153100	3808
0.1.20160331153549	3752
0.1.20160412193510	3809
0.1.20160517202250	6103
0.1.20161031135838	3705
0.1.20161123074954	4645
0.1.20170818194607	3649
0.1.20171010180436	3687
0.1.20171211211613	4909
1.2.0.20180905185317	3270
1.2.0.20181108215719	3238
1.2.0.20181109162613	3295
1.2.0.20181121194423	3248
1.2.1	3342
1.3.0.20181130020805	3212
1.3.0.20190205182514	3182
1.3.0.20190221150417	1083
1.3.1.20190301150258	4264
1.3.1.20190402172810	3247
1.3.2.20190402172810	3158
1.3.3.20190402172810	3239
1.4.0	3333
1.4.1	2835
1.4.2	2610
1.4.3	2489
2.0.0	2400
2.0.1	2529
2.0.2	1134
2.0.3	919
2.0.3.1	1079
2.0.4	994
2.1.0	950
2.1.1	1025
2.1.2	943
2.2.0	895
2.2.1	841
2.2.2	831
2.3.0	775
2.3.1	733
2.3.2	727
2.3.3	572
2.4.0	537
2.4.1	422
2.4.2	290
2.4.3	237
2.4.4	113
2.5.0	41
