version	total
0.1.20160301181511	4577
0.1.20160318153100	4654
0.1.20160331153549	4579
0.1.20160412193510	4605
0.1.20160517202250	7011
0.1.20161031135838	4527
0.1.20161123074954	5478
0.1.20170818194607	4471
0.1.20171010180436	4527
0.1.20171211211613	5814
1.2.0.20180905185317	4100
1.2.0.20181108215719	4054
1.2.0.20181109162613	4126
1.2.0.20181121194423	4072
1.2.1	4168
1.3.0.20181130020805	4011
1.3.0.20190205182514	4021
1.3.0.20190221150417	1842
1.3.1.20190301150258	5376
1.3.1.20190402172810	4177
1.3.2.20190402172810	4099
1.3.3.20190402172810	4184
1.4.0	4262
1.4.1	3772
1.4.2	3542
1.4.3	3424
2.0.0	3334
2.0.1	3457
2.0.2	1906
2.0.3	1690
2.0.3.1	1857
2.0.4	1766
2.1.0	1724
2.1.1	1797
2.1.2	1715
2.2.0	1669
2.2.1	1612
2.2.2	1609
2.3.0	1549
2.3.1	1509
2.3.2	1500
2.3.3	1345
2.4.0	1317
2.4.1	1209
2.4.2	1062
2.4.3	1011
2.4.4	887
2.5.0	821
2.6.0	609
2.6.1	578
2.6.2	526
2.6.3	520
2.7.0	271
2.7.1	101
