version	total
1.0.20160323	3889
1.0.20160311144647	3911
1.0.20160314171956	3900
1.0.20160318143738	4019
1.0.20160401183214	3898
1.0.20160406195023	3922
1.0.20160411202258	3950
1.0.20160421150319	3986
1.0.20160502202716	5282
1.0.20160715171107	7370
1.0.20161031135838	3986
1.0.20161123235904	4155
1.0.20161230191227	4192
1.0.20170216151734	4072
1.0.20170327202303	4072
1.0.20170414202629	4313
1.0.20170914161842	3992
1.0.20171010180436	4582
1.0.20171211211613	3979
1.0.20180216164101	5090
1.3.0.20181218191458	3582
1.3.0.20190206223817	1436
1.3.0.20190221150417	1298
1.3.1.20190301150258	4031
1.3.1.20190419203205	3552
1.3.2.20190419203205	3528
1.3.3.20190419203205	3789
1.4.0	1322
1.4.1	1382
1.4.2	1306
1.4.3	1344
2.0.0	1582
2.0.1	1251
2.0.2	1451
2.0.3	1247
2.0.3.1	1723
2.0.4	1272
