version	total
0.1.20160301181511	3055
0.1.20160318153100	3084
0.1.20160331153549	3064
0.1.20160412193510	3124
0.1.20160517202250	5341
0.1.20161031135838	3006
0.1.20161123074954	3952
0.1.20170818194607	2945
0.1.20171010180436	2969
0.1.20171211211613	4127
1.2.0.20180905185317	2578
1.2.0.20181108215719	2523
1.2.0.20181109162613	2612
1.2.0.20181121194423	2530
1.2.1	2657
1.3.0.20181130020805	2544
1.3.0.20190205182514	2467
1.3.0.20190221150417	418
1.3.1.20190301150258	3324
1.3.1.20190402172810	2437
1.3.2.20190402172810	2369
1.3.3.20190402172810	2459
1.4.0	2549
1.4.1	2051
1.4.2	1823
1.4.3	1703
2.0.0	1618
2.0.1	1746
2.0.2	471
2.0.3	254
2.0.3.1	413
2.0.4	330
2.1.0	284
2.1.1	356
2.1.2	277
2.2.0	228
2.2.1	172
2.2.2	160
2.3.0	103
2.3.1	63
2.3.2	52
