version	total
1.0.20160323	2513
1.0.20160311144647	2547
1.0.20160314171956	2543
1.0.20160318143738	2620
1.0.20160401183214	2551
1.0.20160406195023	2582
1.0.20160411202258	2600
1.0.20160421150319	2668
1.0.20160502202716	3888
1.0.20160715171107	4868
1.0.20161031135838	2644
1.0.20161123235904	2753
1.0.20161230191227	2808
1.0.20170216151734	2681
1.0.20170327202303	2658
1.0.20170414202629	2891
1.0.20170914161842	2609
1.0.20171010180436	3107
1.0.20171211211613	2637
1.0.20180216164101	3597
1.3.0.20181218191458	2189
1.3.0.20190206223817	228
1.3.0.20190221150417	185
1.3.1.20190301150258	2441
1.3.1.20190419203205	1940
1.3.2.20190419203205	1909
1.3.3.20190419203205	2266
1.4.0	134
1.4.1	202
1.4.2	122
1.4.3	153
2.0.0	391
2.0.1	71
2.0.2	269
2.0.3	67
2.0.3.1	452
2.0.4	55
