version	total
1.0.20160323	5078
1.0.20160311144647	5106
1.0.20160314171956	5078
1.0.20160318143738	5206
1.0.20160401183214	5080
1.0.20160406195023	5082
1.0.20160411202258	5138
1.0.20160421150319	5174
1.0.20160502202716	6466
1.0.20160715171107	9298
1.0.20161031135838	5010
1.0.20161123235904	5342
1.0.20161230191227	5398
1.0.20170216151734	5269
1.0.20170327202303	5270
1.0.20170414202629	5501
1.0.20170914161842	5182
1.0.20171010180436	5565
1.0.20171211211613	5031
1.0.20180216164101	6368
1.3.0.20181218191458	4783
1.3.0.20190206223817	2583
1.3.0.20190221150417	2441
1.3.1.20190301150258	5322
1.3.1.20190419203205	4827
1.3.2.20190419203205	4806
1.3.3.20190419203205	4663
1.4.0	2459
1.4.1	2517
1.4.2	2440
1.4.3	2482
2.0.0	2722
2.0.1	2385
2.0.2	2588
2.0.3	2383
2.0.3.1	2918
2.0.4	2408
2.6.3	933
2.7.0	843
