version	total
0.1.20160301181511	2948
0.1.20160318153100	2973
0.1.20160331153549	2957
0.1.20160412193510	3052
0.1.20160517202250	5223
0.1.20161031135838	2897
0.1.20161123074954	3841
0.1.20170818194607	2834
0.1.20171010180436	2857
0.1.20171211211613	4004
1.2.0.20180905185317	2470
1.2.0.20181108215719	2416
1.2.0.20181109162613	2507
1.2.0.20181121194423	2421
1.2.1	2552
1.3.0.20181130020805	2438
1.3.0.20190205182514	2373
1.3.0.20190221150417	311
1.3.1.20190301150258	3208
1.3.1.20190402172810	2319
1.3.2.20190402172810	2258
1.3.3.20190402172810	2343
1.4.0	2470
1.4.1	1968
1.4.2	1743
1.4.3	1622
2.0.0	1530
2.0.1	1661
2.0.2	398
2.0.3	179
2.0.3.1	309
2.0.4	253
2.1.0	215
2.1.1	284
2.1.2	208
2.2.0	157
2.2.1	101
2.2.2	92
2.3.0	28
