version	total
1.0.20160323	4248
1.0.20160311144647	4270
1.0.20160314171956	4251
1.0.20160318143738	4374
1.0.20160401183214	4251
1.0.20160406195023	4274
1.0.20160411202258	4309
1.0.20160421150319	4342
1.0.20160502202716	5635
1.0.20160715171107	8020
1.0.20161031135838	4348
1.0.20161123235904	4519
1.0.20161230191227	4562
1.0.20170216151734	4439
1.0.20170327202303	4443
1.0.20170414202629	4677
1.0.20170914161842	4352
1.0.20171010180436	4972
1.0.20171211211613	4340
1.0.20180216164101	5496
1.3.0.20181218191458	3948
1.3.0.20190206223817	1771
1.3.0.20190221150417	1632
1.3.1.20190301150258	4447
1.3.1.20190419203205	3956
1.3.2.20190419203205	3936
1.3.3.20190419203205	4180
1.4.0	1651
1.4.1	1710
1.4.2	1633
1.4.3	1674
2.0.0	1911
2.0.1	1578
2.0.2	1779
2.0.3	1575
2.0.3.1	2078
2.0.4	1600
2.6.3	120
2.7.0	18
