version	total
0.1.20160301181511	2987
0.1.20160318153100	3013
0.1.20160331153549	2996
0.1.20160412193510	3074
0.1.20160517202250	5265
0.1.20161031135838	2937
0.1.20161123074954	3879
0.1.20170818194607	2875
0.1.20171010180436	2898
0.1.20171211211613	4049
1.2.0.20180905185317	2511
1.2.0.20181108215719	2457
1.2.0.20181109162613	2547
1.2.0.20181121194423	2462
1.2.1	2589
1.3.0.20181130020805	2477
1.3.0.20190205182514	2411
1.3.0.20190221150417	350
1.3.1.20190301150258	3256
1.3.1.20190402172810	2363
1.3.2.20190402172810	2299
1.3.3.20190402172810	2385
1.4.0	2493
1.4.1	1994
1.4.2	1768
1.4.3	1647
2.0.0	1558
2.0.1	1691
2.0.2	424
2.0.3	205
2.0.3.1	348
2.0.4	280
2.1.0	236
2.1.1	306
2.1.2	230
2.2.0	179
2.2.1	123
2.2.2	114
2.3.0	55
2.3.1	12
