version	total
1.0.20160323	4765
1.0.20160311144647	4787
1.0.20160314171956	4767
1.0.20160318143738	4892
1.0.20160401183214	4766
1.0.20160406195023	4782
1.0.20160411202258	4825
1.0.20160421150319	4858
1.0.20160502202716	6151
1.0.20160715171107	8979
1.0.20161031135838	4838
1.0.20161123235904	5030
1.0.20161230191227	5078
1.0.20170216151734	4955
1.0.20170327202303	4956
1.0.20170414202629	5187
1.0.20170914161842	4868
1.0.20171010180436	5390
1.0.20171211211613	4832
1.0.20180216164101	6025
1.3.0.20181218191458	4466
1.3.0.20190206223817	2279
1.3.0.20190221150417	2140
1.3.1.20190301150258	4980
1.3.1.20190419203205	4489
1.3.2.20190419203205	4469
1.3.3.20190419203205	4516
1.4.0	2158
1.4.1	2216
1.4.2	2138
1.4.3	2180
2.0.0	2418
2.0.1	2084
2.0.2	2286
2.0.3	2082
2.0.3.1	2598
2.0.4	2105
2.6.3	632
2.7.0	541
