version	total
0.1.20160301181511	2873
0.1.20160318153100	2894
0.1.20160331153549	2883
0.1.20160412193510	2977
0.1.20160517202250	5144
0.1.20161031135838	2820
0.1.20161123074954	3766
0.1.20170818194607	2759
0.1.20171010180436	2781
0.1.20171211211613	3925
1.2.0.20180905185317	2398
1.2.0.20181108215719	2337
1.2.0.20181109162613	2432
1.2.0.20181121194423	2346
1.2.1	2476
1.3.0.20181130020805	2364
1.3.0.20190205182514	2292
1.3.0.20190221150417	305
1.3.1.20190301150258	3105
1.3.1.20190402172810	2232
1.3.2.20190402172810	2169
1.3.3.20190402172810	2254
1.4.0	2384
1.4.1	1882
1.4.2	1656
1.4.3	1535
2.0.0	1444
2.0.1	1572
2.0.2	391
2.0.3	173
2.0.3.1	304
2.0.4	246
2.1.0	209
2.1.1	277
2.1.2	203
2.2.0	152
2.2.1	93
2.2.2	72
