version	total
0.1.20160301181511	5270
0.1.20160318153100	5363
0.1.20160331153549	5264
0.1.20160412193510	4943
0.1.20160517202250	7748
0.1.20161031135838	5217
0.1.20161123074954	6176
0.1.20170818194607	5155
0.1.20171010180436	5222
0.1.20171211211613	6556
1.2.0.20180905185317	4791
1.2.0.20181108215719	4740
1.2.0.20181109162613	4818
1.2.0.20181121194423	4760
1.2.1	4856
1.3.0.20181130020805	4683
1.3.0.20190205182514	4578
1.3.0.20190221150417	2430
1.3.1.20190301150258	6064
1.3.1.20190402172810	4918
1.3.2.20190402172810	4845
1.3.3.20190402172810	4931
1.4.0	5014
1.4.1	4518
1.4.2	4292
1.4.3	4173
2.0.0	4090
2.0.1	4199
2.0.2	2583
2.0.3	2366
2.0.3.1	2535
2.0.4	2444
2.1.0	2398
2.1.1	2472
2.1.2	2390
2.2.0	2343
2.2.1	2288
2.2.2	2285
2.3.0	2223
2.3.1	2186
2.3.2	2172
2.3.3	2021
2.4.0	1992
2.4.1	1897
2.4.2	1735
2.4.3	1685
2.4.4	1563
2.5.0	1497
2.6.0	1286
2.6.1	1255
2.6.2	1202
2.6.3	1228
2.7.0	947
2.7.1	781
2.7.2	551
2.7.3	453
2.7.4	375
3.0.0	155
