version	total
1.0.20160323	3654
1.0.20160311144647	3678
1.0.20160314171956	3673
1.0.20160318143738	3786
1.0.20160401183214	3671
1.0.20160406195023	3698
1.0.20160411202258	3717
1.0.20160421150319	3752
1.0.20160502202716	5050
1.0.20160715171107	6953
1.0.20161031135838	3755
1.0.20161123235904	3925
1.0.20161230191227	3953
1.0.20170216151734	3834
1.0.20170327202303	3839
1.0.20170414202629	4077
1.0.20170914161842	3760
1.0.20171010180436	4317
1.0.20171211211613	3750
1.0.20180216164101	4818
1.3.0.20181218191458	3348
1.3.0.20190206223817	1216
1.3.0.20190221150417	1078
1.3.1.20190301150258	3740
1.3.1.20190419203205	3265
1.3.2.20190419203205	3243
1.3.3.20190419203205	3508
1.4.0	1107
1.4.1	1169
1.4.2	1093
1.4.3	1129
2.0.0	1367
2.0.1	1038
2.0.2	1238
2.0.3	1034
2.0.3.1	1483
2.0.4	1059
