version	total
0.1.20160301181511	5197
0.1.20160318153100	5293
0.1.20160331153549	5196
0.1.20160412193510	4914
0.1.20160517202250	7670
0.1.20161031135838	5145
0.1.20161123074954	6104
0.1.20170818194607	5084
0.1.20171010180436	5152
0.1.20171211211613	6472
1.2.0.20180905185317	4720
1.2.0.20181108215719	4670
1.2.0.20181109162613	4744
1.2.0.20181121194423	4689
1.2.1	4784
1.3.0.20181130020805	4614
1.3.0.20190205182514	4534
1.3.0.20190221150417	2390
1.3.1.20190301150258	5987
1.3.1.20190402172810	4833
1.3.2.20190402172810	4762
1.3.3.20190402172810	4840
1.4.0	4924
1.4.1	4431
1.4.2	4206
1.4.3	4087
2.0.0	4000
2.0.1	4114
2.0.2	2515
2.0.3	2298
2.0.3.1	2466
2.0.4	2376
2.1.0	2330
2.1.1	2404
2.1.2	2323
2.2.0	2276
2.2.1	2220
2.2.2	2217
2.3.0	2154
2.3.1	2117
2.3.2	2103
2.3.3	1952
2.4.0	1923
2.4.1	1829
2.4.2	1666
2.4.3	1617
2.4.4	1494
2.5.0	1428
2.6.0	1218
2.6.1	1186
2.6.2	1134
2.6.3	1154
2.7.0	878
2.7.1	711
2.7.2	482
2.7.3	383
2.7.4	303
3.0.0	54
