version	total
0.1.20160301181511	4394
0.1.20160318153100	4467
0.1.20160331153549	4397
0.1.20160412193510	4439
0.1.20160517202250	6825
0.1.20161031135838	4342
0.1.20161123074954	5297
0.1.20170818194607	4287
0.1.20171010180436	4343
0.1.20171211211613	5625
1.2.0.20180905185317	3917
1.2.0.20181108215719	3872
1.2.0.20181109162613	3942
1.2.0.20181121194423	3890
1.2.1	3986
1.3.0.20181130020805	3831
1.3.0.20190205182514	3838
1.3.0.20190221150417	1666
1.3.1.20190301150258	5184
1.3.1.20190402172810	3992
1.3.2.20190402172810	3914
1.3.3.20190402172810	3999
1.4.0	4079
1.4.1	3587
1.4.2	3357
1.4.3	3243
2.0.0	3151
2.0.1	3275
2.0.2	1730
2.0.3	1515
2.0.3.1	1680
2.0.4	1591
2.1.0	1548
2.1.1	1621
2.1.2	1539
2.2.0	1493
2.2.1	1438
2.2.2	1432
2.3.0	1373
2.3.1	1334
2.3.2	1324
2.3.3	1170
2.4.0	1141
2.4.1	1032
2.4.2	888
2.4.3	835
2.4.4	711
2.5.0	646
2.6.0	433
2.6.1	402
2.6.2	349
2.6.3	338
2.7.0	92
