version	total
1.0.20160323	2863
1.0.20160311144647	2898
1.0.20160314171956	2896
1.0.20160318143738	2976
1.0.20160401183214	2895
1.0.20160406195023	2928
1.0.20160411202258	2949
1.0.20160421150319	2987
1.0.20160502202716	4243
1.0.20160715171107	5496
1.0.20161031135838	2978
1.0.20161123235904	3113
1.0.20161230191227	3166
1.0.20170216151734	3043
1.0.20170327202303	3020
1.0.20170414202629	3254
1.0.20170914161842	2969
1.0.20171010180436	3462
1.0.20171211211613	2976
1.0.20180216164101	3956
1.3.0.20181218191458	2547
1.3.0.20190206223817	414
1.3.0.20190221150417	333
1.3.1.20190301150258	2836
1.3.1.20190419203205	2346
1.3.2.20190419203205	2320
1.3.3.20190419203205	2627
1.4.0	316
1.4.1	384
1.4.2	307
1.4.3	339
2.0.0	577
2.0.1	256
2.0.2	454
2.0.3	252
2.0.3.1	653
2.0.4	270
