version	total
1.0.20160323	3803
1.0.20160311144647	3829
1.0.20160314171956	3818
1.0.20160318143738	3936
1.0.20160401183214	3816
1.0.20160406195023	3841
1.0.20160411202258	3868
1.0.20160421150319	3903
1.0.20160502202716	5199
1.0.20160715171107	7219
1.0.20161031135838	3903
1.0.20161123235904	4074
1.0.20161230191227	4108
1.0.20170216151734	3988
1.0.20170327202303	3991
1.0.20170414202629	4230
1.0.20170914161842	3908
1.0.20171010180436	4486
1.0.20171211211613	3896
1.0.20180216164101	4994
1.3.0.20181218191458	3498
1.3.0.20190206223817	1356
1.3.0.20190221150417	1219
1.3.1.20190301150258	3926
1.3.1.20190419203205	3447
1.3.2.20190419203205	3423
1.3.3.20190419203205	3684
1.4.0	1242
1.4.1	1303
1.4.2	1228
1.4.3	1265
2.0.0	1503
2.0.1	1173
2.0.2	1373
2.0.3	1169
2.0.3.1	1633
2.0.4	1193
