version	total
1.0.20160323	4793
1.0.20160311144647	4815
1.0.20160314171956	4795
1.0.20160318143738	4919
1.0.20160401183214	4794
1.0.20160406195023	4810
1.0.20160411202258	4853
1.0.20160421150319	4886
1.0.20160502202716	6179
1.0.20160715171107	9015
1.0.20161031135838	4858
1.0.20161123235904	5058
1.0.20161230191227	5106
1.0.20170216151734	4983
1.0.20170327202303	4984
1.0.20170414202629	5215
1.0.20170914161842	4896
1.0.20171010180436	5409
1.0.20171211211613	4857
1.0.20180216164101	6057
1.3.0.20181218191458	4492
1.3.0.20190206223817	2304
1.3.0.20190221150417	2166
1.3.1.20190301150258	5010
1.3.1.20190419203205	4519
1.3.2.20190419203205	4499
1.3.3.20190419203205	4533
1.4.0	2184
1.4.1	2242
1.4.2	2164
1.4.3	2206
2.0.0	2444
2.0.1	2110
2.0.2	2312
2.0.3	2108
2.0.3.1	2626
2.0.4	2132
2.6.3	658
2.7.0	566
