version	total
0.1.20160301181511	2747
0.1.20160318153100	2765
0.1.20160331153549	2758
0.1.20160412193510	2854
0.1.20160517202250	5008
0.1.20161031135838	2696
0.1.20161123074954	3642
0.1.20170818194607	2638
0.1.20171010180436	2657
0.1.20171211211613	3792
1.2.0.20180905185317	2278
1.2.0.20181108215719	2216
1.2.0.20181109162613	2309
1.2.0.20181121194423	2224
1.2.1	2353
1.3.0.20181130020805	2247
1.3.0.20190205182514	2170
1.3.0.20190221150417	241
1.3.1.20190301150258	2968
1.3.1.20190402172810	2103
1.3.2.20190402172810	2043
1.3.3.20190402172810	2124
1.4.0	2257
1.4.1	1756
1.4.2	1525
1.4.3	1411
2.0.0	1322
2.0.1	1448
2.0.2	326
2.0.3	107
2.0.3.1	239
2.0.4	182
2.1.0	146
2.1.1	213
2.1.2	140
2.2.0	88
2.2.1	26
