version	total
1.0.20160323	4014
1.0.20160311144647	4035
1.0.20160314171956	4022
1.0.20160318143738	4143
1.0.20160401183214	4021
1.0.20160406195023	4045
1.0.20160411202258	4076
1.0.20160421150319	4111
1.0.20160502202716	5405
1.0.20160715171107	7597
1.0.20161031135838	4113
1.0.20161123235904	4286
1.0.20161230191227	4322
1.0.20170216151734	4200
1.0.20170327202303	4200
1.0.20170414202629	4439
1.0.20170914161842	4117
1.0.20171010180436	4729
1.0.20171211211613	4105
1.0.20180216164101	5237
1.3.0.20181218191458	3706
1.3.0.20190206223817	1548
1.3.0.20190221150417	1410
1.3.1.20190301150258	4184
1.3.1.20190419203205	3703
1.3.2.20190419203205	3680
1.3.3.20190419203205	3942
1.4.0	1434
1.4.1	1493
1.4.2	1418
1.4.3	1455
2.0.0	1693
2.0.1	1363
2.0.2	1563
2.0.3	1359
2.0.3.1	1845
2.0.4	1384
