version	total
0.1.20160301181511	3135
0.1.20160318153100	3172
0.1.20160331153549	3143
0.1.20160412193510	3204
0.1.20160517202250	5422
0.1.20161031135838	3089
0.1.20161123074954	4031
0.1.20170818194607	3025
0.1.20171010180436	3055
0.1.20171211211613	4212
1.2.0.20180905185317	2656
1.2.0.20181108215719	2605
1.2.0.20181109162613	2691
1.2.0.20181121194423	2616
1.2.1	2735
1.3.0.20181130020805	2622
1.3.0.20190205182514	2546
1.3.0.20190221150417	496
1.3.1.20190301150258	3412
1.3.1.20190402172810	2523
1.3.2.20190402172810	2451
1.3.3.20190402172810	2540
1.4.0	2632
1.4.1	2133
1.4.2	1905
1.4.3	1784
2.0.0	1700
2.0.1	1829
2.0.2	548
2.0.3	331
2.0.3.1	492
2.0.4	408
2.1.0	359
2.1.1	432
2.1.2	351
2.2.0	304
2.2.1	247
2.2.2	235
2.3.0	179
2.3.1	138
2.3.2	129
