version	total
0.1.20160301181511	2656
0.1.20160318153100	2673
0.1.20160331153549	2666
0.1.20160412193510	2761
0.1.20160517202250	4902
0.1.20161031135838	2604
0.1.20161123074954	3552
0.1.20170818194607	2546
0.1.20171010180436	2563
0.1.20171211211613	3690
1.2.0.20180905185317	2189
1.2.0.20181108215719	2129
1.2.0.20181109162613	2222
1.2.0.20181121194423	2132
1.2.1	2265
1.3.0.20181130020805	2159
1.3.0.20190205182514	2074
1.3.0.20190221150417	196
1.3.1.20190301150258	2829
1.3.1.20190402172810	1995
1.3.2.20190402172810	1937
1.3.3.20190402172810	2014
1.4.0	2152
1.4.1	1646
1.4.2	1417
1.4.3	1304
2.0.0	1212
2.0.1	1339
2.0.2	280
2.0.3	63
2.0.3.1	193
2.0.4	136
2.1.0	99
2.1.1	167
2.1.2	95
2.2.0	40
