version	total
1.0.20160323	4817
1.0.20160311144647	4840
1.0.20160314171956	4820
1.0.20160318143738	4943
1.0.20160401183214	4819
1.0.20160406195023	4835
1.0.20160411202258	4878
1.0.20160421150319	4911
1.0.20160502202716	6203
1.0.20160715171107	9039
1.0.20161031135838	4872
1.0.20161123235904	5082
1.0.20161230191227	5130
1.0.20170216151734	5008
1.0.20170327202303	5009
1.0.20170414202629	5240
1.0.20170914161842	4920
1.0.20171010180436	5424
1.0.20171211211613	4879
1.0.20180216164101	6085
1.3.0.20181218191458	4515
1.3.0.20190206223817	2327
1.3.0.20190221150417	2189
1.3.1.20190301150258	5036
1.3.1.20190419203205	4545
1.3.2.20190419203205	4526
1.3.3.20190419203205	4545
1.4.0	2206
1.4.1	2264
1.4.2	2186
1.4.3	2228
2.0.0	2466
2.0.1	2132
2.0.2	2334
2.0.3	2130
2.0.3.1	2648
2.0.4	2154
2.6.3	680
2.7.0	588
