version	total
1.0.20160323	4797
1.0.20160311144647	4819
1.0.20160314171956	4799
1.0.20160318143738	4923
1.0.20160401183214	4798
1.0.20160406195023	4814
1.0.20160411202258	4857
1.0.20160421150319	4890
1.0.20160502202716	6183
1.0.20160715171107	9019
1.0.20161031135838	4860
1.0.20161123235904	5062
1.0.20161230191227	5110
1.0.20170216151734	4987
1.0.20170327202303	4988
1.0.20170414202629	5219
1.0.20170914161842	4900
1.0.20171010180436	5411
1.0.20171211211613	4860
1.0.20180216164101	6061
1.3.0.20181218191458	4496
1.3.0.20190206223817	2309
1.3.0.20190221150417	2170
1.3.1.20190301150258	5014
1.3.1.20190419203205	4523
1.3.2.20190419203205	4503
1.3.3.20190419203205	4533
1.4.0	2188
1.4.1	2246
1.4.2	2168
1.4.3	2210
2.0.0	2448
2.0.1	2114
2.0.2	2316
2.0.3	2112
2.0.3.1	2630
2.0.4	2136
2.6.3	662
2.7.0	570
