version	total
1.0.20160323	4441
1.0.20160311144647	4464
1.0.20160314171956	4445
1.0.20160318143738	4567
1.0.20160401183214	4444
1.0.20160406195023	4467
1.0.20160411202258	4502
1.0.20160421150319	4536
1.0.20160502202716	5829
1.0.20160715171107	8381
1.0.20161031135838	4535
1.0.20161123235904	4709
1.0.20161230191227	4755
1.0.20170216151734	4631
1.0.20170327202303	4635
1.0.20170414202629	4865
1.0.20170914161842	4546
1.0.20171010180436	5165
1.0.20171211211613	4527
1.0.20180216164101	5690
1.3.0.20181218191458	4140
1.3.0.20190206223817	1955
1.3.0.20190221150417	1817
1.3.1.20190301150258	4641
1.3.1.20190419203205	4151
1.3.2.20190419203205	4132
1.3.3.20190419203205	4332
1.4.0	1836
1.4.1	1896
1.4.2	1818
1.4.3	1859
2.0.0	2097
2.0.1	1763
2.0.2	1964
2.0.3	1760
2.0.3.1	2268
2.0.4	1785
2.6.3	307
2.7.0	213
