version	total
0.1.20160301181511	2929
0.1.20160318153100	2951
0.1.20160331153549	2938
0.1.20160412193510	3034
0.1.20160517202250	5203
0.1.20161031135838	2879
0.1.20161123074954	3821
0.1.20170818194607	2816
0.1.20171010180436	2837
0.1.20171211211613	3985
1.2.0.20180905185317	2452
1.2.0.20181108215719	2395
1.2.0.20181109162613	2488
1.2.0.20181121194423	2401
1.2.1	2533
1.3.0.20181130020805	2420
1.3.0.20190205182514	2352
1.3.0.20190221150417	311
1.3.1.20190301150258	3181
1.3.1.20190402172810	2296
1.3.2.20190402172810	2235
1.3.3.20190402172810	2320
1.4.0	2449
1.4.1	1946
1.4.2	1721
1.4.3	1601
2.0.0	1508
2.0.1	1638
2.0.2	397
2.0.3	178
2.0.3.1	309
2.0.4	252
2.1.0	215
2.1.1	283
2.1.2	208
2.2.0	157
2.2.1	101
2.2.2	91
2.3.0	16
