version	total
1.0.20160323	3967
1.0.20160311144647	3988
1.0.20160314171956	3976
1.0.20160318143738	4096
1.0.20160401183214	3975
1.0.20160406195023	3999
1.0.20160411202258	4029
1.0.20160421150319	4063
1.0.20160502202716	5358
1.0.20160715171107	7512
1.0.20161031135838	4066
1.0.20161123235904	4236
1.0.20161230191227	4271
1.0.20170216151734	4153
1.0.20170327202303	4151
1.0.20170414202629	4393
1.0.20170914161842	4070
1.0.20171010180436	4675
1.0.20171211211613	4059
1.0.20180216164101	5186
1.3.0.20181218191458	3661
1.3.0.20190206223817	1505
1.3.0.20190221150417	1366
1.3.1.20190301150258	4132
1.3.1.20190419203205	3651
1.3.2.20190419203205	3628
1.3.3.20190419203205	3889
1.4.0	1391
1.4.1	1450
1.4.2	1374
1.4.3	1412
2.0.0	1650
2.0.1	1319
2.0.2	1520
2.0.3	1315
2.0.3.1	1796
2.0.4	1340
