version	total
0.1.20160301181511	5266
0.1.20160318153100	5359
0.1.20160331153549	5260
0.1.20160412193510	4941
0.1.20160517202250	7742
0.1.20161031135838	5213
0.1.20161123074954	6172
0.1.20170818194607	5151
0.1.20171010180436	5218
0.1.20171211211613	6550
1.2.0.20180905185317	4787
1.2.0.20181108215719	4736
1.2.0.20181109162613	4814
1.2.0.20181121194423	4756
1.2.1	4852
1.3.0.20181130020805	4680
1.3.0.20190205182514	4574
1.3.0.20190221150417	2427
1.3.1.20190301150258	6057
1.3.1.20190402172810	4913
1.3.2.20190402172810	4840
1.3.3.20190402172810	4926
1.4.0	5009
1.4.1	4513
1.4.2	4287
1.4.3	4168
2.0.0	4085
2.0.1	4194
2.0.2	2579
2.0.3	2362
2.0.3.1	2531
2.0.4	2440
2.1.0	2394
2.1.1	2468
2.1.2	2386
2.2.0	2339
2.2.1	2284
2.2.2	2281
2.3.0	2219
2.3.1	2182
2.3.2	2168
2.3.3	2017
2.4.0	1988
2.4.1	1893
2.4.2	1731
2.4.3	1681
2.4.4	1559
2.5.0	1493
2.6.0	1282
2.6.1	1251
2.6.2	1198
2.6.3	1222
2.7.0	943
2.7.1	777
2.7.2	547
2.7.3	449
2.7.4	371
3.0.0	151
