version	total
0.1.20160301181511	4089
0.1.20160318153100	4158
0.1.20160331153549	4096
0.1.20160412193510	4146
0.1.20160517202250	6499
0.1.20161031135838	4045
0.1.20161123074954	4990
0.1.20170818194607	3988
0.1.20171010180436	4034
0.1.20171211211613	5300
1.2.0.20180905185317	3615
1.2.0.20181108215719	3575
1.2.0.20181109162613	3638
1.2.0.20181121194423	3589
1.2.1	3687
1.3.0.20181130020805	3541
1.3.0.20190205182514	3534
1.3.0.20190221150417	1392
1.3.1.20190301150258	4805
1.3.1.20190402172810	3661
1.3.2.20190402172810	3579
1.3.3.20190402172810	3660
1.4.0	3752
1.4.1	3255
1.4.2	3028
1.4.3	2909
2.0.0	2818
2.0.1	2946
2.0.2	1450
2.0.3	1236
2.0.3.1	1396
2.0.4	1310
2.1.0	1267
2.1.1	1342
2.1.2	1260
2.2.0	1212
2.2.1	1157
2.2.2	1148
2.3.0	1092
2.3.1	1051
2.3.2	1043
2.3.3	888
2.4.0	854
2.4.1	740
2.4.2	606
2.4.3	553
2.4.4	430
2.5.0	364
2.6.0	149
2.6.1	117
2.6.2	65
