version	total
0.1.20160301181511	4421
0.1.20160318153100	4495
0.1.20160331153549	4425
0.1.20160412193510	4466
0.1.20160517202250	6853
0.1.20161031135838	4369
0.1.20161123074954	5324
0.1.20170818194607	4314
0.1.20171010180436	4370
0.1.20171211211613	5652
1.2.0.20180905185317	3944
1.2.0.20181108215719	3899
1.2.0.20181109162613	3969
1.2.0.20181121194423	3916
1.2.1	4014
1.3.0.20181130020805	3853
1.3.0.20190205182514	3862
1.3.0.20190221150417	1687
1.3.1.20190301150258	5206
1.3.1.20190402172810	4014
1.3.2.20190402172810	3936
1.3.3.20190402172810	4022
1.4.0	4101
1.4.1	3609
1.4.2	3378
1.4.3	3264
2.0.0	3172
2.0.1	3296
2.0.2	1750
2.0.3	1535
2.0.3.1	1701
2.0.4	1611
2.1.0	1567
2.1.1	1640
2.1.2	1558
2.2.0	1512
2.2.1	1457
2.2.2	1451
2.3.0	1392
2.3.1	1353
2.3.2	1343
2.3.3	1189
2.4.0	1160
2.4.1	1051
2.4.2	907
2.4.3	854
2.4.4	730
2.5.0	665
2.6.0	452
2.6.1	421
2.6.2	368
2.6.3	357
2.7.0	111
