version	total
1.0.20160323	5096
1.0.20160311144647	5122
1.0.20160314171956	5095
1.0.20160318143738	5224
1.0.20160401183214	5098
1.0.20160406195023	5096
1.0.20160411202258	5154
1.0.20160421150319	5191
1.0.20160502202716	6484
1.0.20160715171107	9315
1.0.20161031135838	5022
1.0.20161123235904	5359
1.0.20161230191227	5415
1.0.20170216151734	5287
1.0.20170327202303	5286
1.0.20170414202629	5518
1.0.20170914161842	5199
1.0.20171010180436	5576
1.0.20171211211613	5041
1.0.20180216164101	6391
1.3.0.20181218191458	4801
1.3.0.20190206223817	2598
1.3.0.20190221150417	2456
1.3.1.20190301150258	5346
1.3.1.20190419203205	4851
1.3.2.20190419203205	4829
1.3.3.20190419203205	4676
1.4.0	2474
1.4.1	2532
1.4.2	2455
1.4.3	2497
2.0.0	2737
2.0.1	2400
2.0.2	2603
2.0.3	2398
2.0.3.1	2934
2.0.4	2423
2.6.3	948
2.7.0	858
