version	total
0.1.20160301181511	3016
0.1.20160318153100	3042
0.1.20160331153549	3024
0.1.20160412193510	3089
0.1.20160517202250	5296
0.1.20161031135838	2965
0.1.20161123074954	3914
0.1.20170818194607	2904
0.1.20171010180436	2926
0.1.20171211211613	4081
1.2.0.20180905185317	2539
1.2.0.20181108215719	2484
1.2.0.20181109162613	2576
1.2.0.20181121194423	2489
1.2.1	2621
1.3.0.20181130020805	2506
1.3.0.20190205182514	2428
1.3.0.20190221150417	378
1.3.1.20190301150258	3280
1.3.1.20190402172810	2395
1.3.2.20190402172810	2328
1.3.3.20190402172810	2418
1.4.0	2510
1.4.1	2010
1.4.2	1785
1.4.3	1664
2.0.0	1582
2.0.1	1711
2.0.2	437
2.0.3	218
2.0.3.1	374
2.0.4	294
2.1.0	248
2.1.1	318
2.1.2	243
2.2.0	191
2.2.1	135
2.2.2	126
2.3.0	67
2.3.1	27
2.3.2	14
