version	total
1.0.20160323	4370
1.0.20160311144647	4394
1.0.20160314171956	4376
1.0.20160318143738	4497
1.0.20160401183214	4374
1.0.20160406195023	4397
1.0.20160411202258	4431
1.0.20160421150319	4464
1.0.20160502202716	5758
1.0.20160715171107	8244
1.0.20161031135838	4466
1.0.20161123235904	4638
1.0.20161230191227	4684
1.0.20170216151734	4560
1.0.20170327202303	4564
1.0.20170414202629	4795
1.0.20170914161842	4475
1.0.20171010180436	5096
1.0.20171211211613	4458
1.0.20180216164101	5617
1.3.0.20181218191458	4067
1.3.0.20190206223817	1884
1.3.0.20190221150417	1745
1.3.1.20190301150258	4566
1.3.1.20190419203205	4076
1.3.2.20190419203205	4057
1.3.3.20190419203205	4293
1.4.0	1765
1.4.1	1825
1.4.2	1747
1.4.3	1788
2.0.0	2026
2.0.1	1692
2.0.2	1893
2.0.3	1689
2.0.3.1	2194
2.0.4	1714
2.6.3	234
2.7.0	138
