version	total
0.1.20160301181511	4612
0.1.20160318153100	4691
0.1.20160331153549	4615
0.1.20160412193510	4625
0.1.20160517202250	7050
0.1.20161031135838	4559
0.1.20161123074954	5514
0.1.20170818194607	4503
0.1.20171010180436	4562
0.1.20171211211613	5849
1.2.0.20180905185317	4135
1.2.0.20181108215719	4087
1.2.0.20181109162613	4161
1.2.0.20181121194423	4106
1.2.1	4203
1.3.0.20181130020805	4043
1.3.0.20190205182514	4054
1.3.0.20190221150417	1873
1.3.1.20190301150258	5422
1.3.1.20190402172810	4216
1.3.2.20190402172810	4140
1.3.3.20190402172810	4226
1.4.0	4302
1.4.1	3812
1.4.2	3582
1.4.3	3464
2.0.0	3376
2.0.1	3498
2.0.2	1940
2.0.3	1724
2.0.3.1	1891
2.0.4	1801
2.1.0	1757
2.1.1	1830
2.1.2	1748
2.2.0	1702
2.2.1	1645
2.2.2	1642
2.3.0	1582
2.3.1	1542
2.3.2	1533
2.3.3	1378
2.4.0	1350
2.4.1	1242
2.4.2	1095
2.4.3	1044
2.4.4	920
2.5.0	854
2.6.0	642
2.6.1	611
2.6.2	559
2.6.3	556
2.7.0	304
2.7.1	134
