version	total
1.0.20160323	3806
1.0.20160311144647	3832
1.0.20160314171956	3821
1.0.20160318143738	3939
1.0.20160401183214	3819
1.0.20160406195023	3845
1.0.20160411202258	3871
1.0.20160421150319	3906
1.0.20160502202716	5203
1.0.20160715171107	7224
1.0.20161031135838	3906
1.0.20161123235904	4077
1.0.20161230191227	4111
1.0.20170216151734	3991
1.0.20170327202303	3994
1.0.20170414202629	4234
1.0.20170914161842	3911
1.0.20171010180436	4490
1.0.20171211211613	3899
1.0.20180216164101	4999
1.3.0.20181218191458	3501
1.3.0.20190206223817	1358
1.3.0.20190221150417	1221
1.3.1.20190301150258	3931
1.3.1.20190419203205	3452
1.3.2.20190419203205	3428
1.3.3.20190419203205	3689
1.4.0	1245
1.4.1	1305
1.4.2	1230
1.4.3	1267
2.0.0	1505
2.0.1	1175
2.0.2	1375
2.0.3	1171
2.0.3.1	1635
2.0.4	1195
