version	total
1.0.20160323	2871
1.0.20160311144647	2906
1.0.20160314171956	2904
1.0.20160318143738	2984
1.0.20160401183214	2903
1.0.20160406195023	2936
1.0.20160411202258	2957
1.0.20160421150319	2990
1.0.20160502202716	4251
1.0.20160715171107	5503
1.0.20161031135838	2981
1.0.20161123235904	3121
1.0.20161230191227	3174
1.0.20170216151734	3051
1.0.20170327202303	3029
1.0.20170414202629	3262
1.0.20170914161842	2977
1.0.20171010180436	3465
1.0.20171211211613	2980
1.0.20180216164101	3959
1.3.0.20181218191458	2555
1.3.0.20190206223817	422
1.3.0.20190221150417	336
1.3.1.20190301150258	2845
1.3.1.20190419203205	2357
1.3.2.20190419203205	2334
1.3.3.20190419203205	2632
1.4.0	325
1.4.1	392
1.4.2	315
1.4.3	347
2.0.0	585
2.0.1	264
2.0.2	462
2.0.3	260
2.0.3.1	662
2.0.4	278
