version	total
1.0.20160323	2874
1.0.20160311144647	2909
1.0.20160314171956	2907
1.0.20160318143738	2987
1.0.20160401183214	2906
1.0.20160406195023	2939
1.0.20160411202258	2960
1.0.20160421150319	2990
1.0.20160502202716	4254
1.0.20160715171107	5503
1.0.20161031135838	2981
1.0.20161123235904	3124
1.0.20161230191227	3177
1.0.20170216151734	3054
1.0.20170327202303	3032
1.0.20170414202629	3265
1.0.20170914161842	2980
1.0.20171010180436	3465
1.0.20171211211613	2980
1.0.20180216164101	3959
1.3.0.20181218191458	2558
1.3.0.20190206223817	425
1.3.0.20190221150417	336
1.3.1.20190301150258	2848
1.3.1.20190419203205	2359
1.3.2.20190419203205	2337
1.3.3.20190419203205	2632
1.4.0	327
1.4.1	394
1.4.2	317
1.4.3	349
2.0.0	588
2.0.1	267
2.0.2	465
2.0.3	264
2.0.3.1	665
2.0.4	281
