version	total
0.1.20160301181511	4492
0.1.20160318153100	4569
0.1.20160331153549	4496
0.1.20160412193510	4537
0.1.20160517202250	6926
0.1.20161031135838	4441
0.1.20161123074954	5395
0.1.20170818194607	4385
0.1.20171010180436	4442
0.1.20171211211613	5726
1.2.0.20180905185317	4015
1.2.0.20181108215719	3969
1.2.0.20181109162613	4041
1.2.0.20181121194423	3986
1.2.1	4084
1.3.0.20181130020805	3925
1.3.0.20190205182514	3935
1.3.0.20190221150417	1757
1.3.1.20190301150258	5285
1.3.1.20190402172810	4087
1.3.2.20190402172810	4011
1.3.3.20190402172810	4096
1.4.0	4173
1.4.1	3682
1.4.2	3452
1.4.3	3335
2.0.0	3246
2.0.1	3368
2.0.2	1821
2.0.3	1605
2.0.3.1	1772
2.0.4	1682
2.1.0	1638
2.1.1	1711
2.1.2	1629
2.2.0	1583
2.2.1	1527
2.2.2	1523
2.3.0	1463
2.3.1	1423
2.3.2	1414
2.3.3	1259
2.4.0	1231
2.4.1	1122
2.4.2	977
2.4.3	925
2.4.4	801
2.5.0	735
2.6.0	523
2.6.1	492
2.6.2	439
2.6.3	429
2.7.0	182
