version	total
0.1.20160301181511	5403
0.1.20160318153100	5497
0.1.20160331153549	5394
0.1.20160412193510	4978
0.1.20160517202250	7913
0.1.20161031135838	5338
0.1.20161123074954	6307
0.1.20170818194607	5281
0.1.20171010180436	5360
0.1.20171211211613	6711
1.2.0.20180905185317	4918
1.2.0.20181108215719	4866
1.2.0.20181109162613	4944
1.2.0.20181121194423	4886
1.2.1	4984
1.3.0.20181130020805	4797
1.3.0.20190205182514	4650
1.3.0.20190221150417	2482
1.3.1.20190301150258	6214
1.3.1.20190402172810	5079
1.3.2.20190402172810	5004
1.3.3.20190402172810	5090
1.4.0	5175
1.4.1	4673
1.4.2	4451
1.4.3	4339
2.0.0	4249
2.0.1	4360
2.0.2	2701
2.0.3	2480
2.0.3.1	2651
2.0.4	2559
2.1.0	2513
2.1.1	2588
2.1.2	2506
2.2.0	2458
2.2.1	2402
2.2.2	2401
2.3.0	2339
2.3.1	2301
2.3.2	2288
2.3.3	2137
2.4.0	2107
2.4.1	2011
2.4.2	1851
2.4.3	1800
2.4.4	1678
2.5.0	1613
2.6.0	1401
2.6.1	1370
2.6.2	1318
2.6.3	1359
2.7.0	1062
2.7.1	896
2.7.2	663
2.7.3	569
2.7.4	493
3.0.0	298
