version	total
1.0.20160323	2853
1.0.20160311144647	2889
1.0.20160314171956	2886
1.0.20160318143738	2966
1.0.20160401183214	2886
1.0.20160406195023	2919
1.0.20160411202258	2940
1.0.20160421150319	2983
1.0.20160502202716	4233
1.0.20160715171107	5486
1.0.20161031135838	2973
1.0.20161123235904	3103
1.0.20161230191227	3157
1.0.20170216151734	3035
1.0.20170327202303	3010
1.0.20170414202629	3244
1.0.20170914161842	2960
1.0.20171010180436	3458
1.0.20171211211613	2971
1.0.20180216164101	3952
1.3.0.20181218191458	2537
1.3.0.20190206223817	404
1.3.0.20190221150417	329
1.3.1.20190301150258	2826
1.3.1.20190419203205	2336
1.3.2.20190419203205	2310
1.3.3.20190419203205	2623
1.4.0	306
1.4.1	374
1.4.2	297
1.4.3	329
2.0.0	567
2.0.1	245
2.0.2	444
2.0.3	242
2.0.3.1	644
2.0.4	259
