version	total
1.0.20160323	4277
1.0.20160311144647	4301
1.0.20160314171956	4282
1.0.20160318143738	4403
1.0.20160401183214	4280
1.0.20160406195023	4303
1.0.20160411202258	4338
1.0.20160421150319	4369
1.0.20160502202716	5664
1.0.20160715171107	8063
1.0.20161031135838	4376
1.0.20161123235904	4548
1.0.20161230191227	4591
1.0.20170216151734	4468
1.0.20170327202303	4472
1.0.20170414202629	4705
1.0.20170914161842	4382
1.0.20171010180436	5002
1.0.20171211211613	4369
1.0.20180216164101	5523
1.3.0.20181218191458	3972
1.3.0.20190206223817	1792
1.3.0.20190221150417	1653
1.3.1.20190301150258	4471
1.3.1.20190419203205	3980
1.3.2.20190419203205	3960
1.3.3.20190419203205	4202
1.4.0	1674
1.4.1	1733
1.4.2	1656
1.4.3	1697
2.0.0	1934
2.0.1	1601
2.0.2	1802
2.0.3	1598
2.0.3.1	2101
2.0.4	1623
2.6.3	143
2.7.0	45
