version	total
1.0.20160323	4851
1.0.20160311144647	4874
1.0.20160314171956	4853
1.0.20160318143738	4977
1.0.20160401183214	4852
1.0.20160406195023	4868
1.0.20160411202258	4912
1.0.20160421150319	4945
1.0.20160502202716	6236
1.0.20160715171107	9076
1.0.20161031135838	4891
1.0.20161123235904	5117
1.0.20161230191227	5166
1.0.20170216151734	5044
1.0.20170327202303	5044
1.0.20170414202629	5276
1.0.20170914161842	4955
1.0.20171010180436	5444
1.0.20171211211613	4906
1.0.20180216164101	6124
1.3.0.20181218191458	4556
1.3.0.20190206223817	2362
1.3.0.20190221150417	2224
1.3.1.20190301150258	5075
1.3.1.20190419203205	4583
1.3.2.20190419203205	4564
1.3.3.20190419203205	4562
1.4.0	2240
1.4.1	2298
1.4.2	2220
1.4.3	2262
2.0.0	2500
2.0.1	2166
2.0.2	2368
2.0.3	2164
2.0.3.1	2685
2.0.4	2188
2.6.3	714
2.7.0	623
