version	total
0.1.20160301181511	3675
0.1.20160318153100	3740
0.1.20160331153549	3683
0.1.20160412193510	3742
0.1.20160517202250	6029
0.1.20161031135838	3639
0.1.20161123074954	4576
0.1.20170818194607	3584
0.1.20171010180436	3619
0.1.20171211211613	4837
1.2.0.20180905185317	3201
1.2.0.20181108215719	3171
1.2.0.20181109162613	3225
1.2.0.20181121194423	3180
1.2.1	3273
1.3.0.20181130020805	3148
1.3.0.20190205182514	3112
1.3.0.20190221150417	1017
1.3.1.20190301150258	4178
1.3.1.20190402172810	3174
1.3.2.20190402172810	3082
1.3.3.20190402172810	3163
1.4.0	3257
1.4.1	2759
1.4.2	2534
1.4.3	2413
2.0.0	2323
2.0.1	2453
2.0.2	1066
2.0.3	851
2.0.3.1	1011
2.0.4	926
2.1.0	882
2.1.1	957
2.1.2	875
2.2.0	827
2.2.1	773
2.2.2	763
2.3.0	707
2.3.1	665
2.3.2	659
2.3.3	504
2.4.0	469
2.4.1	353
2.4.2	221
2.4.3	168
2.4.4	40
