version	total
0.1.20160301181511	4614
0.1.20160318153100	4693
0.1.20160331153549	4617
0.1.20160412193510	4626
0.1.20160517202250	7052
0.1.20161031135838	4561
0.1.20161123074954	5516
0.1.20170818194607	4505
0.1.20171010180436	4564
0.1.20171211211613	5851
1.2.0.20180905185317	4137
1.2.0.20181108215719	4089
1.2.0.20181109162613	4163
1.2.0.20181121194423	4108
1.2.1	4205
1.3.0.20181130020805	4045
1.3.0.20190205182514	4056
1.3.0.20190221150417	1875
1.3.1.20190301150258	5424
1.3.1.20190402172810	4218
1.3.2.20190402172810	4142
1.3.3.20190402172810	4227
1.4.0	4304
1.4.1	3814
1.4.2	3584
1.4.3	3466
2.0.0	3378
2.0.1	3500
2.0.2	1942
2.0.3	1726
2.0.3.1	1893
2.0.4	1803
2.1.0	1759
2.1.1	1832
2.1.2	1750
2.2.0	1704
2.2.1	1647
2.2.2	1644
2.3.0	1584
2.3.1	1544
2.3.2	1535
2.3.3	1380
2.4.0	1352
2.4.1	1244
2.4.2	1097
2.4.3	1046
2.4.4	922
2.5.0	856
2.6.0	644
2.6.1	613
2.6.2	561
2.6.3	558
2.7.0	306
2.7.1	136
