version	total
1.0.20160323	4627
1.0.20160311144647	4647
1.0.20160314171956	4628
1.0.20160318143738	4753
1.0.20160401183214	4627
1.0.20160406195023	4645
1.0.20160411202258	4687
1.0.20160421150319	4719
1.0.20160502202716	6013
1.0.20160715171107	8722
1.0.20161031135838	4709
1.0.20161123235904	4892
1.0.20161230191227	4940
1.0.20170216151734	4816
1.0.20170327202303	4819
1.0.20170414202629	5049
1.0.20170914161842	4729
1.0.20171010180436	5316
1.0.20171211211613	4699
1.0.20180216164101	5883
1.3.0.20181218191458	4326
1.3.0.20190206223817	2138
1.3.0.20190221150417	2001
1.3.1.20190301150258	4837
1.3.1.20190419203205	4344
1.3.2.20190419203205	4326
1.3.3.20190419203205	4445
1.4.0	2018
1.4.1	2077
1.4.2	1999
1.4.3	2041
2.0.0	2279
2.0.1	1945
2.0.2	2146
2.0.3	1942
2.0.3.1	2456
2.0.4	1966
2.6.3	492
2.7.0	398
