version	total
0.1.20160301181511	4028
0.1.20160318153100	4095
0.1.20160331153549	4034
0.1.20160412193510	4084
0.1.20160517202250	6424
0.1.20161031135838	3981
0.1.20161123074954	4927
0.1.20170818194607	3926
0.1.20171010180436	3970
0.1.20171211211613	5225
1.2.0.20180905185317	3551
1.2.0.20181108215719	3513
1.2.0.20181109162613	3576
1.2.0.20181121194423	3527
1.2.1	3624
1.3.0.20181130020805	3480
1.3.0.20190205182514	3471
1.3.0.20190221150417	1339
1.3.1.20190301150258	4687
1.3.1.20190402172810	3580
1.3.2.20190402172810	3496
1.3.3.20190402172810	3577
1.4.0	3670
1.4.1	3172
1.4.2	2946
1.4.3	2826
2.0.0	2735
2.0.1	2863
2.0.2	1397
2.0.3	1183
2.0.3.1	1343
2.0.4	1257
2.1.0	1214
2.1.1	1289
2.1.2	1206
2.2.0	1159
2.2.1	1104
2.2.2	1095
2.3.0	1039
2.3.1	998
2.3.2	990
2.3.3	835
2.4.0	801
2.4.1	687
2.4.2	553
2.4.3	500
2.4.4	377
2.5.0	311
2.6.0	96
2.6.1	62
