version	total
1.0.20160323	4131
1.0.20160311144647	4151
1.0.20160314171956	4133
1.0.20160318143738	4258
1.0.20160401183214	4134
1.0.20160406195023	4156
1.0.20160411202258	4192
1.0.20160421150319	4225
1.0.20160502202716	5517
1.0.20160715171107	7806
1.0.20161031135838	4225
1.0.20161123235904	4398
1.0.20161230191227	4442
1.0.20170216151734	4318
1.0.20170327202303	4323
1.0.20170414202629	4557
1.0.20170914161842	4232
1.0.20171010180436	4846
1.0.20171211211613	4220
1.0.20180216164101	5366
1.3.0.20181218191458	3829
1.3.0.20190206223817	1669
1.3.0.20190221150417	1530
1.3.1.20190301150258	4316
1.3.1.20190419203205	3826
1.3.2.20190419203205	3807
1.3.3.20190419203205	4053
1.4.0	1548
1.4.1	1608
1.4.2	1531
1.4.3	1570
2.0.0	1808
2.0.1	1476
2.0.2	1676
2.0.3	1473
2.0.3.1	1972
2.0.4	1498
