version	total
0.1.20160301181511	3626
0.1.20160318153100	3689
0.1.20160331153549	3632
0.1.20160412193510	3691
0.1.20160517202250	5971
0.1.20161031135838	3588
0.1.20161123074954	4524
0.1.20170818194607	3533
0.1.20171010180436	3567
0.1.20171211211613	4779
1.2.0.20180905185317	3150
1.2.0.20181108215719	3120
1.2.0.20181109162613	3175
1.2.0.20181121194423	3128
1.2.1	3221
1.3.0.20181130020805	3100
1.3.0.20190205182514	3060
1.3.0.20190221150417	969
1.3.1.20190301150258	4109
1.3.1.20190402172810	3118
1.3.2.20190402172810	3026
1.3.3.20190402172810	3107
1.4.0	3201
1.4.1	2703
1.4.2	2477
1.4.3	2357
2.0.0	2267
2.0.1	2397
2.0.2	1018
2.0.3	803
2.0.3.1	965
2.0.4	878
2.1.0	834
2.1.1	909
2.1.2	827
2.2.0	779
2.2.1	725
2.2.2	715
2.3.0	659
2.3.1	617
2.3.2	611
2.3.3	456
2.4.0	421
2.4.1	305
2.4.2	173
2.4.3	119
