version	total
0.1.20160301181511	5043
0.1.20160318153100	5135
0.1.20160331153549	5045
0.1.20160412193510	4849
0.1.20160517202250	7501
0.1.20161031135838	4990
0.1.20161123074954	5948
0.1.20170818194607	4931
0.1.20171010180436	4999
0.1.20171211211613	6300
1.2.0.20180905185317	4567
1.2.0.20181108215719	4516
1.2.0.20181109162613	4592
1.2.0.20181121194423	4535
1.2.1	4634
1.3.0.20181130020805	4469
1.3.0.20190205182514	4444
1.3.0.20190221150417	2278
1.3.1.20190301150258	5864
1.3.1.20190402172810	4666
1.3.2.20190402172810	4594
1.3.3.20190402172810	4676
1.4.0	4756
1.4.1	4265
1.4.2	4037
1.4.3	3918
2.0.0	3832
2.0.1	3948
2.0.2	2369
2.0.3	2152
2.0.3.1	2318
2.0.4	2230
2.1.0	2183
2.1.1	2257
2.1.2	2175
2.2.0	2129
2.2.1	2072
2.2.2	2070
2.3.0	2008
2.3.1	1969
2.3.2	1959
2.3.3	1804
2.4.0	1776
2.4.1	1671
2.4.2	1521
2.4.3	1470
2.4.4	1347
2.5.0	1281
2.6.0	1069
2.6.1	1038
2.6.2	986
2.6.3	998
2.7.0	732
2.7.1	565
2.7.2	334
2.7.3	235
2.7.4	149
