version	total
1.0.20160323	5014
1.0.20160311144647	5039
1.0.20160314171956	5013
1.0.20160318143738	5142
1.0.20160401183214	5016
1.0.20160406195023	5022
1.0.20160411202258	5074
1.0.20160421150319	5108
1.0.20160502202716	6399
1.0.20160715171107	9236
1.0.20161031135838	4979
1.0.20161123235904	5279
1.0.20161230191227	5334
1.0.20170216151734	5207
1.0.20170327202303	5206
1.0.20170414202629	5436
1.0.20170914161842	5116
1.0.20171010180436	5535
1.0.20171211211613	4998
1.0.20180216164101	6302
1.3.0.20181218191458	4721
1.3.0.20190206223817	2520
1.3.0.20190221150417	2378
1.3.1.20190301150258	5253
1.3.1.20190419203205	4757
1.3.2.20190419203205	4738
1.3.3.20190419203205	4637
1.4.0	2396
1.4.1	2455
1.4.2	2377
1.4.3	2419
2.0.0	2658
2.0.1	2323
2.0.2	2526
2.0.3	2320
2.0.3.1	2852
2.0.4	2344
2.6.3	870
2.7.0	780
