version	total
1.0.20160323	4901
1.0.20160311144647	4925
1.0.20160314171956	4903
1.0.20160318143738	5026
1.0.20160401183214	4902
1.0.20160406195023	4917
1.0.20160411202258	4963
1.0.20160421150319	4995
1.0.20160502202716	6286
1.0.20160715171107	9127
1.0.20161031135838	4917
1.0.20161123235904	5167
1.0.20161230191227	5218
1.0.20170216151734	5094
1.0.20170327202303	5093
1.0.20170414202629	5325
1.0.20170914161842	5004
1.0.20171010180436	5470
1.0.20171211211613	4936
1.0.20180216164101	6174
1.3.0.20181218191458	4605
1.3.0.20190206223817	2412
1.3.0.20190221150417	2272
1.3.1.20190301150258	5131
1.3.1.20190419203205	4635
1.3.2.20190419203205	4615
1.3.3.20190419203205	4584
1.4.0	2288
1.4.1	2347
1.4.2	2269
1.4.3	2311
2.0.0	2550
2.0.1	2215
2.0.2	2417
2.0.3	2213
2.0.3.1	2735
2.0.4	2237
2.6.3	763
2.7.0	672
