version	total
0.1.20160301181511	4617
0.1.20160318153100	4696
0.1.20160331153549	4620
0.1.20160412193510	4628
0.1.20160517202250	7056
0.1.20161031135838	4564
0.1.20161123074954	5519
0.1.20170818194607	4508
0.1.20171010180436	4567
0.1.20171211211613	5855
1.2.0.20180905185317	4140
1.2.0.20181108215719	4092
1.2.0.20181109162613	4166
1.2.0.20181121194423	4111
1.2.1	4208
1.3.0.20181130020805	4047
1.3.0.20190205182514	4058
1.3.0.20190221150417	1877
1.3.1.20190301150258	5426
1.3.1.20190402172810	4220
1.3.2.20190402172810	4144
1.3.3.20190402172810	4229
1.4.0	4306
1.4.1	3816
1.4.2	3586
1.4.3	3468
2.0.0	3379
2.0.1	3501
2.0.2	1943
2.0.3	1727
2.0.3.1	1895
2.0.4	1804
2.1.0	1761
2.1.1	1834
2.1.2	1752
2.2.0	1706
2.2.1	1649
2.2.2	1646
2.3.0	1586
2.3.1	1546
2.3.2	1537
2.3.3	1382
2.4.0	1354
2.4.1	1246
2.4.2	1099
2.4.3	1048
2.4.4	924
2.5.0	858
2.6.0	646
2.6.1	615
2.6.2	563
2.6.3	560
2.7.0	308
2.7.1	138
