version	total
1.0.20160323	3061
1.0.20160311144647	3089
1.0.20160314171956	3082
1.0.20160318143738	3186
1.0.20160401183214	3079
1.0.20160406195023	3113
1.0.20160411202258	3131
1.0.20160421150319	3161
1.0.20160502202716	4451
1.0.20160715171107	5839
1.0.20161031135838	3158
1.0.20161123235904	3319
1.0.20161230191227	3354
1.0.20170216151734	3233
1.0.20170327202303	3230
1.0.20170414202629	3467
1.0.20170914161842	3158
1.0.20171010180436	3652
1.0.20171211211613	3156
1.0.20180216164101	4153
1.3.0.20181218191458	2755
1.3.0.20190206223817	626
1.3.0.20190221150417	505
1.3.1.20190301150258	3055
1.3.1.20190419203205	2569
1.3.2.20190419203205	2552
1.3.3.20190419203205	2826
1.4.0	518
1.4.1	584
1.4.2	507
1.4.3	542
2.0.0	779
2.0.1	454
2.0.2	657
2.0.3	451
2.0.3.1	844
2.0.4	473
