version	total
1.0.20160323	4592
1.0.20160311144647	4611
1.0.20160314171956	4594
1.0.20160318143738	4718
1.0.20160401183214	4593
1.0.20160406195023	4611
1.0.20160411202258	4651
1.0.20160421150319	4683
1.0.20160502202716	5978
1.0.20160715171107	8659
1.0.20161031135838	4677
1.0.20161123235904	4857
1.0.20161230191227	4905
1.0.20170216151734	4781
1.0.20170327202303	4785
1.0.20170414202629	5014
1.0.20170914161842	4695
1.0.20171010180436	5296
1.0.20171211211613	4667
1.0.20180216164101	5846
1.3.0.20181218191458	4291
1.3.0.20190206223817	2104
1.3.0.20190221150417	1965
1.3.1.20190301150258	4800
1.3.1.20190419203205	4308
1.3.2.20190419203205	4289
1.3.3.20190419203205	4430
1.4.0	1984
1.4.1	2043
1.4.2	1965
1.4.3	2007
2.0.0	2245
2.0.1	1911
2.0.2	2112
2.0.3	1908
2.0.3.1	2422
2.0.4	1932
2.6.3	457
2.7.0	363
