version	total
0.1.20160301181511	3904
0.1.20160318153100	3966
0.1.20160331153549	3910
0.1.20160412193510	3961
0.1.20160517202250	6284
0.1.20161031135838	3858
0.1.20161123074954	4804
0.1.20170818194607	3804
0.1.20171010180436	3846
0.1.20171211211613	5084
1.2.0.20180905185317	3427
1.2.0.20181108215719	3390
1.2.0.20181109162613	3450
1.2.0.20181121194423	3401
1.2.1	3499
1.3.0.20181130020805	3360
1.3.0.20190205182514	3337
1.3.0.20190221150417	1222
1.3.1.20190301150258	4483
1.3.1.20190402172810	3425
1.3.2.20190402172810	3340
1.3.3.20190402172810	3421
1.4.0	3515
1.4.1	3017
1.4.2	2791
1.4.3	2671
2.0.0	2580
2.0.1	2708
2.0.2	1279
2.0.3	1064
2.0.3.1	1224
2.0.4	1139
2.1.0	1095
2.1.1	1170
2.1.2	1087
2.2.0	1039
2.2.1	985
2.2.2	976
2.3.0	919
2.3.1	879
2.3.2	871
2.3.3	716
2.4.0	682
2.4.1	568
2.4.2	434
2.4.3	381
2.4.4	258
2.5.0	189
