version	total
0.1.20160301181511	5052
0.1.20160318153100	5144
0.1.20160331153549	5054
0.1.20160412193510	4853
0.1.20160517202250	7511
0.1.20161031135838	4999
0.1.20161123074954	5958
0.1.20170818194607	4940
0.1.20171010180436	5008
0.1.20171211211613	6310
1.2.0.20180905185317	4576
1.2.0.20181108215719	4525
1.2.0.20181109162613	4601
1.2.0.20181121194423	4544
1.2.1	4643
1.3.0.20181130020805	4478
1.3.0.20190205182514	4450
1.3.0.20190221150417	2285
1.3.1.20190301150258	5876
1.3.1.20190402172810	4678
1.3.2.20190402172810	4605
1.3.3.20190402172810	4687
1.4.0	4768
1.4.1	4276
1.4.2	4048
1.4.3	3930
2.0.0	3843
2.0.1	3959
2.0.2	2378
2.0.3	2161
2.0.3.1	2327
2.0.4	2239
2.1.0	2193
2.1.1	2267
2.1.2	2185
2.2.0	2139
2.2.1	2082
2.2.2	2080
2.3.0	2018
2.3.1	1979
2.3.2	1969
2.3.3	1814
2.4.0	1786
2.4.1	1681
2.4.2	1531
2.4.3	1480
2.4.4	1357
2.5.0	1291
2.6.0	1079
2.6.1	1048
2.6.2	996
2.6.3	1009
2.7.0	742
2.7.1	575
2.7.2	344
2.7.3	245
2.7.4	159
