version	total
1.0.20160323	3635
1.0.20160311144647	3658
1.0.20160314171956	3652
1.0.20160318143738	3763
1.0.20160401183214	3648
1.0.20160406195023	3677
1.0.20160411202258	3698
1.0.20160421150319	3731
1.0.20160502202716	5029
1.0.20160715171107	6912
1.0.20161031135838	3732
1.0.20161123235904	3904
1.0.20161230191227	3934
1.0.20170216151734	3815
1.0.20170327202303	3818
1.0.20170414202629	4056
1.0.20170914161842	3738
1.0.20171010180436	4294
1.0.20171211211613	3728
1.0.20180216164101	4795
1.3.0.20181218191458	3329
1.3.0.20190206223817	1195
1.3.0.20190221150417	1059
1.3.1.20190301150258	3719
1.3.1.20190419203205	3242
1.3.2.20190419203205	3220
1.3.3.20190419203205	3485
1.4.0	1086
1.4.1	1148
1.4.2	1072
1.4.3	1108
2.0.0	1346
2.0.1	1017
2.0.2	1217
2.0.3	1013
2.0.3.1	1463
2.0.4	1038
