version	total
0.1.20160301181511	5380
0.1.20160318153100	5475
0.1.20160331153549	5374
0.1.20160412193510	4971
0.1.20160517202250	7884
0.1.20161031135838	5317
0.1.20161123074954	6284
0.1.20170818194607	5260
0.1.20171010180436	5338
0.1.20171211211613	6685
1.2.0.20180905185317	4898
1.2.0.20181108215719	4844
1.2.0.20181109162613	4923
1.2.0.20181121194423	4866
1.2.1	4964
1.3.0.20181130020805	4776
1.3.0.20190205182514	4636
1.3.0.20190221150417	2473
1.3.1.20190301150258	6183
1.3.1.20190402172810	5049
1.3.2.20190402172810	4976
1.3.3.20190402172810	5061
1.4.0	5146
1.4.1	4645
1.4.2	4422
1.4.3	4309
2.0.0	4220
2.0.1	4329
2.0.2	2684
2.0.3	2463
2.0.3.1	2634
2.0.4	2542
2.1.0	2496
2.1.1	2571
2.1.2	2489
2.2.0	2441
2.2.1	2385
2.2.2	2384
2.3.0	2322
2.3.1	2284
2.3.2	2271
2.3.3	2120
2.4.0	2090
2.4.1	1994
2.4.2	1834
2.4.3	1783
2.4.4	1661
2.5.0	1596
2.6.0	1384
2.6.1	1353
2.6.2	1300
2.6.3	1341
2.7.0	1045
2.7.1	879
2.7.2	646
2.7.3	552
2.7.4	474
3.0.0	275
