version	total
0.1.20160301181511	3880
0.1.20160318153100	3942
0.1.20160331153549	3886
0.1.20160412193510	3939
0.1.20160517202250	6258
0.1.20161031135838	3835
0.1.20161123074954	4780
0.1.20170818194607	3782
0.1.20171010180436	3821
0.1.20171211211613	5060
1.2.0.20180905185317	3403
1.2.0.20181108215719	3368
1.2.0.20181109162613	3426
1.2.0.20181121194423	3381
1.2.1	3475
1.3.0.20181130020805	3338
1.3.0.20190205182514	3314
1.3.0.20190221150417	1201
1.3.1.20190301150258	4450
1.3.1.20190402172810	3399
1.3.2.20190402172810	3311
1.3.3.20190402172810	3393
1.4.0	3487
1.4.1	2988
1.4.2	2763
1.4.3	2642
2.0.0	2552
2.0.1	2680
2.0.2	1256
2.0.3	1041
2.0.3.1	1201
2.0.4	1116
2.1.0	1073
2.1.1	1148
2.1.2	1065
2.2.0	1017
2.2.1	963
2.2.2	954
2.3.0	897
2.3.1	856
2.3.2	849
2.3.3	694
2.4.0	660
2.4.1	546
2.4.2	412
2.4.3	359
2.4.4	236
2.5.0	169
