version	total
0.1.20160301181511	5147
0.1.20160318153100	5245
0.1.20160331153549	5147
0.1.20160412193510	4895
0.1.20160517202250	7615
0.1.20161031135838	5094
0.1.20161123074954	6052
0.1.20170818194607	5034
0.1.20171010180436	5104
0.1.20171211211613	6418
1.2.0.20180905185317	4671
1.2.0.20181108215719	4622
1.2.0.20181109162613	4695
1.2.0.20181121194423	4639
1.2.1	4737
1.3.0.20181130020805	4565
1.3.0.20190205182514	4506
1.3.0.20190221150417	2355
1.3.1.20190301150258	5955
1.3.1.20190402172810	4779
1.3.2.20190402172810	4709
1.3.3.20190402172810	4787
1.4.0	4873
1.4.1	4379
1.4.2	4153
1.4.3	4032
2.0.0	3947
2.0.1	4061
2.0.2	2466
2.0.3	2250
2.0.3.1	2419
2.0.4	2327
2.1.0	2282
2.1.1	2355
2.1.2	2275
2.2.0	2227
2.2.1	2170
2.2.2	2170
2.3.0	2107
2.3.1	2068
2.3.2	2056
2.3.3	1903
2.4.0	1874
2.4.1	1780
2.4.2	1618
2.4.3	1567
2.4.4	1446
2.5.0	1379
2.6.0	1170
2.6.1	1137
2.6.2	1085
2.6.3	1106
2.7.0	830
2.7.1	663
2.7.2	434
2.7.3	335
2.7.4	255
