version	total
0.1.20160301181511	3053
0.1.20160318153100	3082
0.1.20160331153549	3062
0.1.20160412193510	3122
0.1.20160517202250	5339
0.1.20161031135838	3004
0.1.20161123074954	3950
0.1.20170818194607	2943
0.1.20171010180436	2967
0.1.20171211211613	4125
1.2.0.20180905185317	2576
1.2.0.20181108215719	2521
1.2.0.20181109162613	2610
1.2.0.20181121194423	2528
1.2.1	2655
1.3.0.20181130020805	2542
1.3.0.20190205182514	2465
1.3.0.20190221150417	416
1.3.1.20190301150258	3322
1.3.1.20190402172810	2435
1.3.2.20190402172810	2367
1.3.3.20190402172810	2457
1.4.0	2547
1.4.1	2049
1.4.2	1821
1.4.3	1701
2.0.0	1616
2.0.1	1744
2.0.2	469
2.0.3	252
2.0.3.1	411
2.0.4	328
2.1.0	282
2.1.1	354
2.1.2	275
2.2.0	226
2.2.1	170
2.2.2	158
2.3.0	101
2.3.1	61
2.3.2	50
