version	total
0.1.20160301181511	3984
0.1.20160318153100	4047
0.1.20160331153549	3991
0.1.20160412193510	4042
0.1.20160517202250	6374
0.1.20161031135838	3939
0.1.20161123074954	4884
0.1.20170818194607	3884
0.1.20171010180436	3926
0.1.20171211211613	5176
1.2.0.20180905185317	3507
1.2.0.20181108215719	3470
1.2.0.20181109162613	3531
1.2.0.20181121194423	3483
1.2.1	3579
1.3.0.20181130020805	3440
1.3.0.20190205182514	3426
1.3.0.20190221150417	1300
1.3.1.20190301150258	4617
1.3.1.20190402172810	3528
1.3.2.20190402172810	3443
1.3.3.20190402172810	3523
1.4.0	3617
1.4.1	3119
1.4.2	2893
1.4.3	2773
2.0.0	2682
2.0.1	2810
2.0.2	1357
2.0.3	1142
2.0.3.1	1302
2.0.4	1217
2.1.0	1174
2.1.1	1249
2.1.2	1166
2.2.0	1119
2.2.1	1064
2.2.2	1055
2.3.0	999
2.3.1	958
2.3.2	950
2.3.3	795
2.4.0	761
2.4.1	647
2.4.2	513
2.4.3	460
2.4.4	337
2.5.0	270
2.6.0	54
