version	total
0.1.20160301181511	4361
0.1.20160318153100	4432
0.1.20160331153549	4364
0.1.20160412193510	4406
0.1.20160517202250	6789
0.1.20161031135838	4308
0.1.20161123074954	5264
0.1.20170818194607	4253
0.1.20171010180436	4310
0.1.20171211211613	5588
1.2.0.20180905185317	3884
1.2.0.20181108215719	3838
1.2.0.20181109162613	3909
1.2.0.20181121194423	3857
1.2.1	3953
1.3.0.20181130020805	3799
1.3.0.20190205182514	3803
1.3.0.20190221150417	1633
1.3.1.20190301150258	5142
1.3.1.20190402172810	3957
1.3.2.20190402172810	3880
1.3.3.20190402172810	3966
1.4.0	4046
1.4.1	3553
1.4.2	3324
1.4.3	3210
2.0.0	3118
2.0.1	3242
2.0.2	1698
2.0.3	1483
2.0.3.1	1648
2.0.4	1559
2.1.0	1516
2.1.1	1589
2.1.2	1507
2.2.0	1461
2.2.1	1406
2.2.2	1400
2.3.0	1341
2.3.1	1302
2.3.2	1292
2.3.3	1137
2.4.0	1108
2.4.1	998
2.4.2	855
2.4.3	802
2.4.4	678
2.5.0	612
2.6.0	399
2.6.1	368
2.6.2	315
2.6.3	284
2.7.0	38
