version	total
0.1.20160301181511	3861
0.1.20160318153100	3923
0.1.20160331153549	3868
0.1.20160412193510	3921
0.1.20160517202250	6239
0.1.20161031135838	3817
0.1.20161123074954	4761
0.1.20170818194607	3763
0.1.20171010180436	3803
0.1.20171211211613	5039
1.2.0.20180905185317	3385
1.2.0.20181108215719	3350
1.2.0.20181109162613	3408
1.2.0.20181121194423	3361
1.2.1	3457
1.3.0.20181130020805	3320
1.3.0.20190205182514	3295
1.3.0.20190221150417	1182
1.3.1.20190301150258	4432
1.3.1.20190402172810	3381
1.3.2.20190402172810	3293
1.3.3.20190402172810	3375
1.4.0	3468
1.4.1	2970
1.4.2	2745
1.4.3	2624
2.0.0	2534
2.0.1	2662
2.0.2	1237
2.0.3	1022
2.0.3.1	1182
2.0.4	1097
2.1.0	1052
2.1.1	1127
2.1.2	1045
2.2.0	997
2.2.1	943
2.2.2	934
2.3.0	877
2.3.1	836
2.3.2	829
2.3.3	674
2.4.0	641
2.4.1	527
2.4.2	393
2.4.3	339
2.4.4	217
2.5.0	146
