version	total
1.0.20160323	2754
1.0.20160311144647	2787
1.0.20160314171956	2785
1.0.20160318143738	2863
1.0.20160401183214	2788
1.0.20160406195023	2822
1.0.20160411202258	2840
1.0.20160421150319	2910
1.0.20160502202716	4133
1.0.20160715171107	5333
1.0.20161031135838	2889
1.0.20161123235904	2996
1.0.20161230191227	3054
1.0.20170216151734	2927
1.0.20170327202303	2904
1.0.20170414202629	3135
1.0.20170914161842	2857
1.0.20171010180436	3368
1.0.20171211211613	2878
1.0.20180216164101	3860
1.3.0.20181218191458	2434
1.3.0.20190206223817	349
1.3.0.20190221150417	299
1.3.1.20190301150258	2709
1.3.1.20190419203205	2215
1.3.2.20190419203205	2183
1.3.3.20190419203205	2531
1.4.0	249
1.4.1	319
1.4.2	241
1.4.3	273
2.0.0	511
2.0.1	189
2.0.2	388
2.0.3	186
2.0.3.1	580
2.0.4	186
