version	total
0.1.20160301181511	4730
0.1.20160318153100	4812
0.1.20160331153549	4731
0.1.20160412193510	4705
0.1.20160517202250	7172
0.1.20161031135838	4679
0.1.20161123074954	5632
0.1.20170818194607	4623
0.1.20171010180436	4681
0.1.20171211211613	5973
1.2.0.20180905185317	4254
1.2.0.20181108215719	4206
1.2.0.20181109162613	4279
1.2.0.20181121194423	4225
1.2.1	4322
1.3.0.20181130020805	4162
1.3.0.20190205182514	4173
1.3.0.20190221150417	1990
1.3.1.20190301150258	5550
1.3.1.20190402172810	4341
1.3.2.20190402172810	4264
1.3.3.20190402172810	4349
1.4.0	4427
1.4.1	3937
1.4.2	3707
1.4.3	3588
2.0.0	3500
2.0.1	3619
2.0.2	2060
2.0.3	1843
2.0.3.1	2009
2.0.4	1921
2.1.0	1877
2.1.1	1950
2.1.2	1868
2.2.0	1822
2.2.1	1765
2.2.2	1762
2.3.0	1702
2.3.1	1662
2.3.2	1653
2.3.3	1498
2.4.0	1470
2.4.1	1364
2.4.2	1215
2.4.3	1163
2.4.4	1040
2.5.0	974
2.6.0	762
2.6.1	731
2.6.2	679
2.6.3	682
2.7.0	425
2.7.1	258
2.7.2	6
