version	total
0.1.20160301181511	4811
0.1.20160318153100	4895
0.1.20160331153549	4813
0.1.20160412193510	4743
0.1.20160517202250	7254
0.1.20161031135838	4757
0.1.20161123074954	5714
0.1.20170818194607	4701
0.1.20171010180436	4762
0.1.20171211211613	6052
1.2.0.20180905185317	4335
1.2.0.20181108215719	4285
1.2.0.20181109162613	4360
1.2.0.20181121194423	4304
1.2.1	4403
1.3.0.20181130020805	4240
1.3.0.20190205182514	4246
1.3.0.20190221150417	2064
1.3.1.20190301150258	5625
1.3.1.20190402172810	4422
1.3.2.20190402172810	4347
1.3.3.20190402172810	4432
1.4.0	4510
1.4.1	4019
1.4.2	3790
1.4.3	3670
2.0.0	3583
2.0.1	3702
2.0.2	2141
2.0.3	1924
2.0.3.1	2090
2.0.4	2002
2.1.0	1958
2.1.1	2031
2.1.2	1949
2.2.0	1903
2.2.1	1846
2.2.2	1843
2.3.0	1783
2.3.1	1743
2.3.2	1734
2.3.3	1579
2.4.0	1551
2.4.1	1446
2.4.2	1296
2.4.3	1244
2.4.4	1121
2.5.0	1054
2.6.0	842
2.6.1	811
2.6.2	760
2.6.3	765
2.7.0	506
2.7.1	339
2.7.2	100
