version	total
0.1.20160301181511	3393
0.1.20160318153100	3455
0.1.20160331153549	3401
0.1.20160412193510	3460
0.1.20160517202250	5711
0.1.20161031135838	3356
0.1.20161123074954	4294
0.1.20170818194607	3299
0.1.20171010180436	3335
0.1.20171211211613	4519
1.2.0.20180905185317	2919
1.2.0.20181108215719	2888
1.2.0.20181109162613	2946
1.2.0.20181121194423	2900
1.2.1	2992
1.3.0.20181130020805	2877
1.3.0.20190205182514	2817
1.3.0.20190221150417	743
1.3.1.20190301150258	3790
1.3.1.20190402172810	2854
1.3.2.20190402172810	2765
1.3.3.20190402172810	2846
1.4.0	2939
1.4.1	2441
1.4.2	2217
1.4.3	2096
2.0.0	2009
2.0.1	2138
2.0.2	794
2.0.3	577
2.0.3.1	739
2.0.4	653
2.1.0	607
2.1.1	682
2.1.2	601
2.2.0	551
2.2.1	496
2.2.2	485
2.3.0	429
2.3.1	387
2.3.2	383
2.3.3	226
2.4.0	185
2.4.1	68
