version	total
0.1.20160301181511	3829
0.1.20160318153100	3891
0.1.20160331153549	3836
0.1.20160412193510	3890
0.1.20160517202250	6201
0.1.20161031135838	3787
0.1.20161123074954	4729
0.1.20170818194607	3732
0.1.20171010180436	3770
0.1.20171211211613	5004
1.2.0.20180905185317	3353
1.2.0.20181108215719	3319
1.2.0.20181109162613	3376
1.2.0.20181121194423	3331
1.2.1	3425
1.3.0.20181130020805	3291
1.3.0.20190205182514	3264
1.3.0.20190221150417	1155
1.3.1.20190301150258	4383
1.3.1.20190402172810	3342
1.3.2.20190402172810	3254
1.3.3.20190402172810	3334
1.4.0	3429
1.4.1	2929
1.4.2	2706
1.4.3	2585
2.0.0	2495
2.0.1	2623
2.0.2	1208
2.0.3	993
2.0.3.1	1153
2.0.4	1068
2.1.0	1024
2.1.1	1099
2.1.2	1017
2.2.0	969
2.2.1	915
2.2.2	905
2.3.0	849
2.3.1	808
2.3.2	801
2.3.3	646
2.4.0	612
2.4.1	498
2.4.2	364
2.4.3	310
2.4.4	187
2.5.0	119
