version	total
1.0.20160323	2919
1.0.20160311144647	2952
1.0.20160314171956	2950
1.0.20160318143738	3033
1.0.20160401183214	2948
1.0.20160406195023	2981
1.0.20160411202258	3002
1.0.20160421150319	3033
1.0.20160502202716	4300
1.0.20160715171107	5588
1.0.20161031135838	3024
1.0.20161123235904	3170
1.0.20161230191227	3220
1.0.20170216151734	3097
1.0.20170327202303	3078
1.0.20170414202629	3311
1.0.20170914161842	3024
1.0.20171010180436	3508
1.0.20171211211613	3023
1.0.20180216164101	4007
1.3.0.20181218191458	2605
1.3.0.20190206223817	474
1.3.0.20190221150417	381
1.3.1.20190301150258	2896
1.3.1.20190419203205	2408
1.3.2.20190419203205	2385
1.3.3.20190419203205	2680
1.4.0	374
1.4.1	441
1.4.2	364
1.4.3	398
2.0.0	637
2.0.1	313
2.0.2	512
2.0.3	311
2.0.3.1	712
2.0.4	329
