version	total
0.1.20160301181511	4952
0.1.20160318153100	5036
0.1.20160331153549	4954
0.1.20160412193510	4813
0.1.20160517202250	7403
0.1.20161031135838	4900
0.1.20161123074954	5857
0.1.20170818194607	4842
0.1.20171010180436	4905
0.1.20171211211613	6204
1.2.0.20180905185317	4477
1.2.0.20181108215719	4426
1.2.0.20181109162613	4503
1.2.0.20181121194423	4446
1.2.1	4544
1.3.0.20181130020805	4381
1.3.0.20190205182514	4381
1.3.0.20190221150417	2200
1.3.1.20190301150258	5788
1.3.1.20190402172810	4573
1.3.2.20190402172810	4498
1.3.3.20190402172810	4583
1.4.0	4661
1.4.1	4169
1.4.2	3943
1.4.3	3821
2.0.0	3736
2.0.1	3854
2.0.2	2280
2.0.3	2063
2.0.3.1	2229
2.0.4	2141
2.1.0	2095
2.1.1	2169
2.1.2	2087
2.2.0	2041
2.2.1	1983
2.2.2	1981
2.3.0	1919
2.3.1	1880
2.3.2	1870
2.3.3	1715
2.4.0	1687
2.4.1	1582
2.4.2	1432
2.4.3	1381
2.4.4	1258
2.5.0	1193
2.6.0	981
2.6.1	950
2.6.2	898
2.6.3	907
2.7.0	644
2.7.1	477
2.7.2	246
2.7.3	146
2.7.4	56
