version	total
1.0.20160323	2985
1.0.20160311144647	3020
1.0.20160314171956	3017
1.0.20160318143738	3105
1.0.20160401183214	3013
1.0.20160406195023	3047
1.0.20160411202258	3066
1.0.20160421150319	3095
1.0.20160502202716	4369
1.0.20160715171107	5713
1.0.20161031135838	3089
1.0.20161123235904	3241
1.0.20161230191227	3289
1.0.20170216151734	3167
1.0.20170327202303	3148
1.0.20170414202629	3384
1.0.20170914161842	3093
1.0.20171010180436	3582
1.0.20171211211613	3092
1.0.20180216164101	4082
1.3.0.20181218191458	2677
1.3.0.20190206223817	544
1.3.0.20190221150417	443
1.3.1.20190301150258	2967
1.3.1.20190419203205	2480
1.3.2.20190419203205	2457
1.3.3.20190419203205	2748
1.4.0	440
1.4.1	508
1.4.2	431
1.4.3	465
2.0.0	701
2.0.1	377
2.0.2	580
2.0.3	377
2.0.3.1	779
2.0.4	394
