version	total
0.1.20160301181511	3925
0.1.20160318153100	3987
0.1.20160331153549	3932
0.1.20160412193510	3983
0.1.20160517202250	6306
0.1.20161031135838	3880
0.1.20161123074954	4825
0.1.20170818194607	3825
0.1.20171010180436	3867
0.1.20171211211613	5106
1.2.0.20180905185317	3448
1.2.0.20181108215719	3411
1.2.0.20181109162613	3471
1.2.0.20181121194423	3422
1.2.1	3520
1.3.0.20181130020805	3381
1.3.0.20190205182514	3360
1.3.0.20190221150417	1243
1.3.1.20190301150258	4513
1.3.1.20190402172810	3450
1.3.2.20190402172810	3365
1.3.3.20190402172810	3446
1.4.0	3540
1.4.1	3042
1.4.2	2816
1.4.3	2696
2.0.0	2605
2.0.1	2733
2.0.2	1300
2.0.3	1085
2.0.3.1	1245
2.0.4	1160
2.1.0	1116
2.1.1	1191
2.1.2	1108
2.2.0	1062
2.2.1	1007
2.2.2	998
2.3.0	941
2.3.1	901
2.3.2	893
2.3.3	738
2.4.0	704
2.4.1	590
2.4.2	456
2.4.3	403
2.4.4	280
2.5.0	210
