version	total
0.1.20160301181511	2917
0.1.20160318153100	2938
0.1.20160331153549	2926
0.1.20160412193510	3020
0.1.20160517202250	5191
0.1.20161031135838	2863
0.1.20161123074954	3809
0.1.20170818194607	2803
0.1.20171010180436	2824
0.1.20171211211613	3972
1.2.0.20180905185317	2441
1.2.0.20181108215719	2381
1.2.0.20181109162613	2476
1.2.0.20181121194423	2389
1.2.1	2518
1.3.0.20181130020805	2407
1.3.0.20190205182514	2340
1.3.0.20190221150417	311
1.3.1.20190301150258	3167
1.3.1.20190402172810	2282
1.3.2.20190402172810	2220
1.3.3.20190402172810	2304
1.4.0	2435
1.4.1	1934
1.4.2	1707
1.4.3	1587
2.0.0	1495
2.0.1	1623
2.0.2	397
2.0.3	178
2.0.3.1	309
2.0.4	252
2.1.0	214
2.1.1	283
2.1.2	208
2.2.0	157
2.2.1	101
2.2.2	90
