version	total
1.0.20160323	4045
1.0.20160311144647	4066
1.0.20160314171956	4053
1.0.20160318143738	4175
1.0.20160401183214	4053
1.0.20160406195023	4076
1.0.20160411202258	4107
1.0.20160421150319	4142
1.0.20160502202716	5435
1.0.20160715171107	7656
1.0.20161031135838	4144
1.0.20161123235904	4316
1.0.20161230191227	4354
1.0.20170216151734	4231
1.0.20170327202303	4231
1.0.20170414202629	4472
1.0.20170914161842	4150
1.0.20171010180436	4761
1.0.20171211211613	4137
1.0.20180216164101	5271
1.3.0.20181218191458	3737
1.3.0.20190206223817	1579
1.3.0.20190221150417	1442
1.3.1.20190301150258	4218
1.3.1.20190419203205	3736
1.3.2.20190419203205	3713
1.3.3.20190419203205	3975
1.4.0	1465
1.4.1	1524
1.4.2	1449
1.4.3	1488
2.0.0	1724
2.0.1	1394
2.0.2	1594
2.0.3	1390
2.0.3.1	1877
2.0.4	1415
