version	total
0.1.20160301181511	3818
0.1.20160318153100	3881
0.1.20160331153549	3825
0.1.20160412193510	3880
0.1.20160517202250	6189
0.1.20161031135838	3777
0.1.20161123074954	4718
0.1.20170818194607	3722
0.1.20171010180436	3760
0.1.20171211211613	4992
1.2.0.20180905185317	3343
1.2.0.20181108215719	3309
1.2.0.20181109162613	3366
1.2.0.20181121194423	3321
1.2.1	3415
1.3.0.20181130020805	3282
1.3.0.20190205182514	3254
1.3.0.20190221150417	1146
1.3.1.20190301150258	4368
1.3.1.20190402172810	3331
1.3.2.20190402172810	3243
1.3.3.20190402172810	3323
1.4.0	3417
1.4.1	2918
1.4.2	2694
1.4.3	2574
2.0.0	2484
2.0.1	2612
2.0.2	1199
2.0.3	984
2.0.3.1	1144
2.0.4	1059
2.1.0	1015
2.1.1	1090
2.1.2	1008
2.2.0	960
2.2.1	906
2.2.2	896
2.3.0	840
2.3.1	799
2.3.2	792
2.3.3	637
2.4.0	603
2.4.1	489
2.4.2	355
2.4.3	301
2.4.4	178
2.5.0	110
