version	total
0.1.20160301181511	5151
0.1.20160318153100	5249
0.1.20160331153549	5150
0.1.20160412193510	4897
0.1.20160517202250	7619
0.1.20161031135838	5098
0.1.20161123074954	6056
0.1.20170818194607	5038
0.1.20171010180436	5108
0.1.20171211211613	6422
1.2.0.20180905185317	4675
1.2.0.20181108215719	4626
1.2.0.20181109162613	4699
1.2.0.20181121194423	4643
1.2.1	4741
1.3.0.20181130020805	4569
1.3.0.20190205182514	4509
1.3.0.20190221150417	2359
1.3.1.20190301150258	5958
1.3.1.20190402172810	4783
1.3.2.20190402172810	4713
1.3.3.20190402172810	4791
1.4.0	4877
1.4.1	4383
1.4.2	4157
1.4.3	4036
2.0.0	3951
2.0.1	4065
2.0.2	2470
2.0.3	2254
2.0.3.1	2423
2.0.4	2331
2.1.0	2286
2.1.1	2359
2.1.2	2279
2.2.0	2231
2.2.1	2174
2.2.2	2174
2.3.0	2111
2.3.1	2072
2.3.2	2060
2.3.3	1907
2.4.0	1878
2.4.1	1784
2.4.2	1622
2.4.3	1572
2.4.4	1451
2.5.0	1383
2.6.0	1174
2.6.1	1141
2.6.2	1089
2.6.3	1110
2.7.0	834
2.7.1	668
2.7.2	438
2.7.3	339
2.7.4	259
