version	total
0.1.20160301181511	2834
0.1.20160318153100	2853
0.1.20160331153549	2846
0.1.20160412193510	2942
0.1.20160517202250	5104
0.1.20161031135838	2784
0.1.20161123074954	3729
0.1.20170818194607	2723
0.1.20171010180436	2743
0.1.20171211211613	3886
1.2.0.20180905185317	2359
1.2.0.20181108215719	2297
1.2.0.20181109162613	2393
1.2.0.20181121194423	2307
1.2.1	2438
1.3.0.20181130020805	2327
1.3.0.20190205182514	2254
1.3.0.20190221150417	283
1.3.1.20190301150258	3060
1.3.1.20190402172810	2191
1.3.2.20190402172810	2130
1.3.3.20190402172810	2213
1.4.0	2345
1.4.1	1844
1.4.2	1613
1.4.3	1497
2.0.0	1404
2.0.1	1531
2.0.2	369
2.0.3	152
2.0.3.1	281
2.0.4	224
2.1.0	188
2.1.1	256
2.1.2	182
2.2.0	130
2.2.1	70
2.2.2	32
