version	total
1.0.20160323	2759
1.0.20160311144647	2792
1.0.20160314171956	2790
1.0.20160318143738	2868
1.0.20160401183214	2793
1.0.20160406195023	2827
1.0.20160411202258	2845
1.0.20160421150319	2915
1.0.20160502202716	4138
1.0.20160715171107	5342
1.0.20161031135838	2894
1.0.20161123235904	3001
1.0.20161230191227	3059
1.0.20170216151734	2932
1.0.20170327202303	2909
1.0.20170414202629	3140
1.0.20170914161842	2862
1.0.20171010180436	3374
1.0.20171211211613	2883
1.0.20180216164101	3866
1.3.0.20181218191458	2439
1.3.0.20190206223817	350
1.3.0.20190221150417	300
1.3.1.20190301150258	2716
1.3.1.20190419203205	2222
1.3.2.20190419203205	2190
1.3.3.20190419203205	2538
1.4.0	250
1.4.1	320
1.4.2	242
1.4.3	274
2.0.0	512
2.0.1	190
2.0.2	389
2.0.3	187
2.0.3.1	582
2.0.4	187
