version	total
0.1.20160301181511	4467
0.1.20160318153100	4544
0.1.20160331153549	4471
0.1.20160412193510	4512
0.1.20160517202250	6901
0.1.20161031135838	4416
0.1.20161123074954	5370
0.1.20170818194607	4360
0.1.20171010180436	4417
0.1.20171211211613	5700
1.2.0.20180905185317	3990
1.2.0.20181108215719	3944
1.2.0.20181109162613	4016
1.2.0.20181121194423	3963
1.2.1	4060
1.3.0.20181130020805	3900
1.3.0.20190205182514	3909
1.3.0.20190221150417	1733
1.3.1.20190301150258	5256
1.3.1.20190402172810	4062
1.3.2.20190402172810	3984
1.3.3.20190402172810	4070
1.4.0	4148
1.4.1	3657
1.4.2	3426
1.4.3	3310
2.0.0	3219
2.0.1	3342
2.0.2	1796
2.0.3	1581
2.0.3.1	1747
2.0.4	1657
2.1.0	1613
2.1.1	1686
2.1.2	1604
2.2.0	1558
2.2.1	1502
2.2.2	1498
2.3.0	1438
2.3.1	1399
2.3.2	1389
2.3.3	1235
2.4.0	1206
2.4.1	1098
2.4.2	953
2.4.3	900
2.4.4	776
2.5.0	711
2.6.0	498
2.6.1	467
2.6.2	414
2.6.3	404
2.7.0	157
