version	total
1.0.20160323	2459
1.0.20160311144647	2492
1.0.20160314171956	2490
1.0.20160318143738	2566
1.0.20160401183214	2497
1.0.20160406195023	2526
1.0.20160411202258	2545
1.0.20160421150319	2614
1.0.20160502202716	3833
1.0.20160715171107	4761
1.0.20161031135838	2588
1.0.20161123235904	2697
1.0.20161230191227	2753
1.0.20170216151734	2625
1.0.20170327202303	2602
1.0.20170414202629	2835
1.0.20170914161842	2553
1.0.20171010180436	3050
1.0.20171211211613	2577
1.0.20180216164101	3540
1.3.0.20181218191458	2133
1.3.0.20190206223817	203
1.3.0.20190221150417	161
1.3.1.20190301150258	2381
1.3.1.20190419203205	1879
1.3.2.20190419203205	1848
1.3.3.20190419203205	2205
1.4.0	107
1.4.1	178
1.4.2	98
1.4.3	125
2.0.0	363
2.0.1	46
2.0.2	244
2.0.3	41
2.0.3.1	417
2.0.4	31
