version	total
1.0.20160323	4179
1.0.20160311144647	4200
1.0.20160314171956	4181
1.0.20160318143738	4305
1.0.20160401183214	4182
1.0.20160406195023	4205
1.0.20160411202258	4240
1.0.20160421150319	4273
1.0.20160502202716	5566
1.0.20160715171107	7900
1.0.20161031135838	4277
1.0.20161123235904	4449
1.0.20161230191227	4492
1.0.20170216151734	4368
1.0.20170327202303	4375
1.0.20170414202629	4608
1.0.20170914161842	4282
1.0.20171010180436	4901
1.0.20171211211613	4270
1.0.20180216164101	5423
1.3.0.20181218191458	3879
1.3.0.20190206223817	1717
1.3.0.20190221150417	1578
1.3.1.20190301150258	4372
1.3.1.20190419203205	3883
1.3.2.20190419203205	3863
1.3.3.20190419203205	4107
1.4.0	1596
1.4.1	1656
1.4.2	1579
1.4.3	1618
2.0.0	1856
2.0.1	1524
2.0.2	1724
2.0.3	1521
2.0.3.1	2022
2.0.4	1546
2.6.3	64
