version	total
1.0.20160323	4433
1.0.20160311144647	4457
1.0.20160314171956	4438
1.0.20160318143738	4559
1.0.20160401183214	4437
1.0.20160406195023	4460
1.0.20160411202258	4494
1.0.20160421150319	4528
1.0.20160502202716	5821
1.0.20160715171107	8367
1.0.20161031135838	4528
1.0.20161123235904	4701
1.0.20161230191227	4747
1.0.20170216151734	4623
1.0.20170327202303	4627
1.0.20170414202629	4857
1.0.20170914161842	4539
1.0.20171010180436	5157
1.0.20171211211613	4520
1.0.20180216164101	5681
1.3.0.20181218191458	4130
1.3.0.20190206223817	1947
1.3.0.20190221150417	1809
1.3.1.20190301150258	4631
1.3.1.20190419203205	4141
1.3.2.20190419203205	4122
1.3.3.20190419203205	4326
1.4.0	1828
1.4.1	1888
1.4.2	1810
1.4.3	1851
2.0.0	2089
2.0.1	1755
2.0.2	1956
2.0.3	1752
2.0.3.1	2259
2.0.4	1777
2.6.3	299
2.7.0	204
