version	total
0.1.20160301181511	2911
0.1.20160318153100	2932
0.1.20160331153549	2921
0.1.20160412193510	3015
0.1.20160517202250	5186
0.1.20161031135838	2858
0.1.20161123074954	3804
0.1.20170818194607	2798
0.1.20171010180436	2819
0.1.20171211211613	3967
1.2.0.20180905185317	2436
1.2.0.20181108215719	2377
1.2.0.20181109162613	2470
1.2.0.20181121194423	2384
1.2.1	2514
1.3.0.20181130020805	2402
1.3.0.20190205182514	2335
1.3.0.20190221150417	311
1.3.1.20190301150258	3162
1.3.1.20190402172810	2278
1.3.2.20190402172810	2216
1.3.3.20190402172810	2300
1.4.0	2430
1.4.1	1929
1.4.2	1702
1.4.3	1582
2.0.0	1490
2.0.1	1618
2.0.2	397
2.0.3	178
2.0.3.1	309
2.0.4	252
2.1.0	214
2.1.1	283
2.1.2	208
2.2.0	157
2.2.1	101
2.2.2	87
