version	total
0.1.20160301181511	3961
0.1.20160318153100	4024
0.1.20160331153549	3968
0.1.20160412193510	4019
0.1.20160517202250	6348
0.1.20161031135838	3916
0.1.20161123074954	4861
0.1.20170818194607	3861
0.1.20171010180436	3903
0.1.20171211211613	5150
1.2.0.20180905185317	3484
1.2.0.20181108215719	3447
1.2.0.20181109162613	3508
1.2.0.20181121194423	3459
1.2.1	3556
1.3.0.20181130020805	3417
1.3.0.20190205182514	3399
1.3.0.20190221150417	1276
1.3.1.20190301150258	4579
1.3.1.20190402172810	3498
1.3.2.20190402172810	3414
1.3.3.20190402172810	3494
1.4.0	3588
1.4.1	3090
1.4.2	2864
1.4.3	2744
2.0.0	2653
2.0.1	2781
2.0.2	1333
2.0.3	1118
2.0.3.1	1278
2.0.4	1193
2.1.0	1150
2.1.1	1225
2.1.2	1142
2.2.0	1095
2.2.1	1040
2.2.2	1031
2.3.0	975
2.3.1	934
2.3.2	926
2.3.3	771
2.4.0	737
2.4.1	623
2.4.2	489
2.4.3	436
2.4.4	313
2.5.0	246
2.6.0	24
