version	total
0.1.20160301181511	2849
0.1.20160318153100	2868
0.1.20160331153549	2859
0.1.20160412193510	2954
0.1.20160517202250	5117
0.1.20161031135838	2797
0.1.20161123074954	3742
0.1.20170818194607	2736
0.1.20171010180436	2756
0.1.20171211211613	3899
1.2.0.20180905185317	2371
1.2.0.20181108215719	2310
1.2.0.20181109162613	2407
1.2.0.20181121194423	2320
1.2.1	2451
1.3.0.20181130020805	2341
1.3.0.20190205182514	2267
1.3.0.20190221150417	293
1.3.1.20190301150258	3073
1.3.1.20190402172810	2204
1.3.2.20190402172810	2142
1.3.3.20190402172810	2226
1.4.0	2358
1.4.1	1856
1.4.2	1627
1.4.3	1509
2.0.0	1416
2.0.1	1543
2.0.2	379
2.0.3	161
2.0.3.1	292
2.0.4	234
2.1.0	197
2.1.1	265
2.1.2	191
2.2.0	140
2.2.1	81
2.2.2	55
