version	total
0.1.20160301181511	4376
0.1.20160318153100	4449
0.1.20160331153549	4379
0.1.20160412193510	4421
0.1.20160517202250	6804
0.1.20161031135838	4324
0.1.20161123074954	5279
0.1.20170818194607	4269
0.1.20171010180436	4325
0.1.20171211211613	5603
1.2.0.20180905185317	3899
1.2.0.20181108215719	3853
1.2.0.20181109162613	3924
1.2.0.20181121194423	3872
1.2.1	3968
1.3.0.20181130020805	3814
1.3.0.20190205182514	3819
1.3.0.20190221150417	1649
1.3.1.20190301150258	5157
1.3.1.20190402172810	3972
1.3.2.20190402172810	3895
1.3.3.20190402172810	3981
1.4.0	4061
1.4.1	3568
1.4.2	3339
1.4.3	3225
2.0.0	3133
2.0.1	3257
2.0.2	1714
2.0.3	1499
2.0.3.1	1664
2.0.4	1575
2.1.0	1532
2.1.1	1605
2.1.2	1523
2.2.0	1477
2.2.1	1422
2.2.2	1416
2.3.0	1357
2.3.1	1318
2.3.2	1308
2.3.3	1153
2.4.0	1124
2.4.1	1014
2.4.2	871
2.4.3	818
2.4.4	694
2.5.0	628
2.6.0	415
2.6.1	384
2.6.2	331
2.6.3	310
2.7.0	64
