version	total
0.1.20160301181511	4653
0.1.20160318153100	4732
0.1.20160331153549	4655
0.1.20160412193510	4660
0.1.20160517202250	7093
0.1.20161031135838	4600
0.1.20161123074954	5555
0.1.20170818194607	4544
0.1.20171010180436	4602
0.1.20171211211613	5892
1.2.0.20180905185317	4176
1.2.0.20181108215719	4127
1.2.0.20181109162613	4202
1.2.0.20181121194423	4147
1.2.1	4244
1.3.0.20181130020805	4083
1.3.0.20190205182514	4096
1.3.0.20190221150417	1914
1.3.1.20190301150258	5466
1.3.1.20190402172810	4258
1.3.2.20190402172810	4182
1.3.3.20190402172810	4267
1.4.0	4344
1.4.1	3854
1.4.2	3624
1.4.3	3505
2.0.0	3417
2.0.1	3537
2.0.2	1980
2.0.3	1764
2.0.3.1	1932
2.0.4	1841
2.1.0	1798
2.1.1	1871
2.1.2	1789
2.2.0	1743
2.2.1	1686
2.2.2	1683
2.3.0	1623
2.3.1	1583
2.3.2	1574
2.3.3	1419
2.4.0	1391
2.4.1	1283
2.4.2	1136
2.4.3	1085
2.4.4	961
2.5.0	895
2.6.0	683
2.6.1	652
2.6.2	600
2.6.3	601
2.7.0	346
2.7.1	177
