version	total
1.0.20160323	3574
1.0.20160311144647	3595
1.0.20160314171956	3592
1.0.20160318143738	3703
1.0.20160401183214	3588
1.0.20160406195023	3615
1.0.20160411202258	3634
1.0.20160421150319	3669
1.0.20160502202716	4969
1.0.20160715171107	6795
1.0.20161031135838	3670
1.0.20161123235904	3843
1.0.20161230191227	3870
1.0.20170216151734	3750
1.0.20170327202303	3756
1.0.20170414202629	3993
1.0.20170914161842	3676
1.0.20171010180436	4223
1.0.20171211211613	3666
1.0.20180216164101	4724
1.3.0.20181218191458	3268
1.3.0.20190206223817	1136
1.3.0.20190221150417	997
1.3.1.20190301150258	3650
1.3.1.20190419203205	3174
1.3.2.20190419203205	3152
1.3.3.20190419203205	3416
1.4.0	1028
1.4.1	1089
1.4.2	1013
1.4.3	1049
2.0.0	1287
2.0.1	958
2.0.2	1159
2.0.3	954
2.0.3.1	1396
2.0.4	979
