version	total
0.1.20160301181511	2679
0.1.20160318153100	2696
0.1.20160331153549	2689
0.1.20160412193510	2784
0.1.20160517202250	4928
0.1.20161031135838	2627
0.1.20161123074954	3575
0.1.20170818194607	2569
0.1.20171010180436	2586
0.1.20171211211613	3717
1.2.0.20180905185317	2212
1.2.0.20181108215719	2152
1.2.0.20181109162613	2245
1.2.0.20181121194423	2155
1.2.1	2288
1.3.0.20181130020805	2181
1.3.0.20190205182514	2098
1.3.0.20190221150417	208
1.3.1.20190301150258	2862
1.3.1.20190402172810	2021
1.3.2.20190402172810	1963
1.3.3.20190402172810	2040
1.4.0	2178
1.4.1	1672
1.4.2	1443
1.4.3	1330
2.0.0	1240
2.0.1	1365
2.0.2	292
2.0.3	75
2.0.3.1	205
2.0.4	148
2.1.0	111
2.1.1	179
2.1.2	107
2.2.0	53
