version	total
1.0.20160323	3491
1.0.20160311144647	3512
1.0.20160314171956	3509
1.0.20160318143738	3620
1.0.20160401183214	3506
1.0.20160406195023	3532
1.0.20160411202258	3551
1.0.20160421150319	3585
1.0.20160502202716	4886
1.0.20160715171107	6637
1.0.20161031135838	3586
1.0.20161123235904	3756
1.0.20161230191227	3787
1.0.20170216151734	3664
1.0.20170327202303	3670
1.0.20170414202629	3909
1.0.20170914161842	3593
1.0.20171010180436	4129
1.0.20171211211613	3582
1.0.20180216164101	4627
1.3.0.20181218191458	3186
1.3.0.20190206223817	1056
1.3.0.20190221150417	917
1.3.1.20190301150258	3558
1.3.1.20190419203205	3083
1.3.2.20190419203205	3061
1.3.3.20190419203205	3325
1.4.0	947
1.4.1	1009
1.4.2	933
1.4.3	969
2.0.0	1207
2.0.1	878
2.0.2	1078
2.0.3	874
2.0.3.1	1311
2.0.4	899
