version	total
1.0.20160323	2686
1.0.20160311144647	2718
1.0.20160314171956	2716
1.0.20160318143738	2791
1.0.20160401183214	2720
1.0.20160406195023	2754
1.0.20160411202258	2771
1.0.20160421150319	2842
1.0.20160502202716	4061
1.0.20160715171107	5200
1.0.20161031135838	2818
1.0.20161123235904	2925
1.0.20161230191227	2983
1.0.20170216151734	2857
1.0.20170327202303	2833
1.0.20170414202629	3061
1.0.20170914161842	2784
1.0.20171010180436	3297
1.0.20171211211613	2807
1.0.20180216164101	3791
1.3.0.20181218191458	2361
1.3.0.20190206223817	317
1.3.0.20190221150417	272
1.3.1.20190301150258	2631
1.3.1.20190419203205	2133
1.3.2.20190419203205	2104
1.3.3.20190419203205	2456
1.4.0	218
1.4.1	290
1.4.2	212
1.4.3	242
2.0.0	480
2.0.1	159
2.0.2	358
2.0.3	157
2.0.3.1	546
2.0.4	145
