version	total
0.1.20160301181511	4351
0.1.20160318153100	4422
0.1.20160331153549	4354
0.1.20160412193510	4397
0.1.20160517202250	6779
0.1.20161031135838	4298
0.1.20161123074954	5254
0.1.20170818194607	4243
0.1.20171010180436	4300
0.1.20171211211613	5578
1.2.0.20180905185317	3874
1.2.0.20181108215719	3828
1.2.0.20181109162613	3899
1.2.0.20181121194423	3847
1.2.1	3943
1.3.0.20181130020805	3789
1.3.0.20190205182514	3794
1.3.0.20190221150417	1624
1.3.1.20190301150258	5133
1.3.1.20190402172810	3946
1.3.2.20190402172810	3870
1.3.3.20190402172810	3956
1.4.0	4036
1.4.1	3543
1.4.2	3313
1.4.3	3200
2.0.0	3108
2.0.1	3232
2.0.2	1688
2.0.3	1473
2.0.3.1	1638
2.0.4	1549
2.1.0	1506
2.1.1	1579
2.1.2	1497
2.2.0	1451
2.2.1	1396
2.2.2	1390
2.3.0	1331
2.3.1	1292
2.3.2	1282
2.3.3	1127
2.4.0	1098
2.4.1	988
2.4.2	845
2.4.3	792
2.4.4	668
2.5.0	602
2.6.0	389
2.6.1	358
2.6.2	305
2.6.3	269
2.7.0	6
