version	total
1.0.20160323	4085
1.0.20160311144647	4106
1.0.20160314171956	4088
1.0.20160318143738	4212
1.0.20160401183214	4089
1.0.20160406195023	4111
1.0.20160411202258	4147
1.0.20160421150319	4180
1.0.20160502202716	5472
1.0.20160715171107	7717
1.0.20161031135838	4176
1.0.20161123235904	4353
1.0.20161230191227	4396
1.0.20170216151734	4272
1.0.20170327202303	4271
1.0.20170414202629	4511
1.0.20170914161842	4186
1.0.20171010180436	4800
1.0.20171211211613	4172
1.0.20180216164101	5316
1.3.0.20181218191458	3782
1.3.0.20190206223817	1617
1.3.0.20190221150417	1481
1.3.1.20190301150258	4264
1.3.1.20190419203205	3779
1.3.2.20190419203205	3758
1.3.3.20190419203205	4011
1.4.0	1501
1.4.1	1562
1.4.2	1485
1.4.3	1524
2.0.0	1762
2.0.1	1431
2.0.2	1631
2.0.3	1427
2.0.3.1	1922
2.0.4	1453
