version	total
1.0.20160323	4615
1.0.20160311144647	4635
1.0.20160314171956	4618
1.0.20160318143738	4743
1.0.20160401183214	4617
1.0.20160406195023	4635
1.0.20160411202258	4675
1.0.20160421150319	4708
1.0.20160502202716	6003
1.0.20160715171107	8704
1.0.20161031135838	4700
1.0.20161123235904	4882
1.0.20161230191227	4928
1.0.20170216151734	4804
1.0.20170327202303	4809
1.0.20170414202629	5039
1.0.20170914161842	4719
1.0.20171010180436	5311
1.0.20171211211613	4690
1.0.20180216164101	5872
1.3.0.20181218191458	4314
1.3.0.20190206223817	2128
1.3.0.20190221150417	1989
1.3.1.20190301150258	4825
1.3.1.20190419203205	4334
1.3.2.20190419203205	4316
1.3.3.20190419203205	4441
1.4.0	2008
1.4.1	2067
1.4.2	1989
1.4.3	2031
2.0.0	2269
2.0.1	1935
2.0.2	2136
2.0.3	1932
2.0.3.1	2444
2.0.4	1956
2.6.3	482
2.7.0	388
