version	total
0.1.20160301181511	4850
0.1.20160318153100	4934
0.1.20160331153549	4852
0.1.20160412193510	4764
0.1.20160517202250	7294
0.1.20161031135838	4796
0.1.20161123074954	5753
0.1.20170818194607	4740
0.1.20171010180436	4801
0.1.20171211211613	6092
1.2.0.20180905185317	4374
1.2.0.20181108215719	4324
1.2.0.20181109162613	4399
1.2.0.20181121194423	4343
1.2.1	4441
1.3.0.20181130020805	4279
1.3.0.20190205182514	4284
1.3.0.20190221150417	2101
1.3.1.20190301150258	5667
1.3.1.20190402172810	4463
1.3.2.20190402172810	4387
1.3.3.20190402172810	4472
1.4.0	4550
1.4.1	4059
1.4.2	3830
1.4.3	3710
2.0.0	3624
2.0.1	3743
2.0.2	2180
2.0.3	1963
2.0.3.1	2129
2.0.4	2041
2.1.0	1997
2.1.1	2070
2.1.2	1988
2.2.0	1942
2.2.1	1885
2.2.2	1882
2.3.0	1821
2.3.1	1781
2.3.2	1772
2.3.3	1617
2.4.0	1589
2.4.1	1484
2.4.2	1334
2.4.3	1282
2.4.4	1159
2.5.0	1093
2.6.0	881
2.6.1	850
2.6.2	799
2.6.3	805
2.7.0	545
2.7.1	378
2.7.2	146
2.7.3	42
