version	total
0.1.20160301181511	5005
0.1.20160318153100	5095
0.1.20160331153549	5007
0.1.20160412193510	4834
0.1.20160517202250	7458
0.1.20161031135838	4952
0.1.20161123074954	5910
0.1.20170818194607	4894
0.1.20171010180436	4959
0.1.20171211211613	6258
1.2.0.20180905185317	4530
1.2.0.20181108215719	4478
1.2.0.20181109162613	4556
1.2.0.20181121194423	4498
1.2.1	4597
1.3.0.20181130020805	4433
1.3.0.20190205182514	4424
1.3.0.20190221150417	2248
1.3.1.20190301150258	5841
1.3.1.20190402172810	4629
1.3.2.20190402172810	4555
1.3.3.20190402172810	4640
1.4.0	4718
1.4.1	4226
1.4.2	4000
1.4.3	3878
2.0.0	3793
2.0.1	3911
2.0.2	2333
2.0.3	2116
2.0.3.1	2282
2.0.4	2194
2.1.0	2148
2.1.1	2222
2.1.2	2140
2.2.0	2093
2.2.1	2036
2.2.2	2034
2.3.0	1973
2.3.1	1934
2.3.2	1924
2.3.3	1769
2.4.0	1741
2.4.1	1636
2.4.2	1486
2.4.3	1435
2.4.4	1312
2.5.0	1245
2.6.0	1033
2.6.1	1002
2.6.2	950
2.6.3	962
2.7.0	697
2.7.1	530
2.7.2	299
2.7.3	199
2.7.4	110
