version	total
0.1.20160301181511	4697
0.1.20160318153100	4776
0.1.20160331153549	4698
0.1.20160412193510	4688
0.1.20160517202250	7138
0.1.20161031135838	4644
0.1.20161123074954	5599
0.1.20170818194607	4588
0.1.20171010180436	4646
0.1.20171211211613	5937
1.2.0.20180905185317	4220
1.2.0.20181108215719	4171
1.2.0.20181109162613	4246
1.2.0.20181121194423	4190
1.2.1	4288
1.3.0.20181130020805	4127
1.3.0.20190205182514	4140
1.3.0.20190221150417	1957
1.3.1.20190301150258	5513
1.3.1.20190402172810	4304
1.3.2.20190402172810	4228
1.3.3.20190402172810	4313
1.4.0	4390
1.4.1	3900
1.4.2	3670
1.4.3	3551
2.0.0	3464
2.0.1	3583
2.0.2	2025
2.0.3	1809
2.0.3.1	1976
2.0.4	1886
2.1.0	1842
2.1.1	1915
2.1.2	1833
2.2.0	1787
2.2.1	1730
2.2.2	1727
2.3.0	1667
2.3.1	1627
2.3.2	1618
2.3.3	1463
2.4.0	1435
2.4.1	1329
2.4.2	1179
2.4.3	1129
2.4.4	1005
2.5.0	939
2.6.0	727
2.6.1	696
2.6.2	644
2.6.3	645
2.7.0	390
2.7.1	222
