version	total
0.1.20160301181511	2840
0.1.20160318153100	2858
0.1.20160331153549	2851
0.1.20160412193510	2946
0.1.20160517202250	5109
0.1.20161031135838	2789
0.1.20161123074954	3734
0.1.20170818194607	2728
0.1.20171010180436	2748
0.1.20171211211613	3891
1.2.0.20180905185317	2363
1.2.0.20181108215719	2302
1.2.0.20181109162613	2398
1.2.0.20181121194423	2312
1.2.1	2443
1.3.0.20181130020805	2333
1.3.0.20190205182514	2258
1.3.0.20190221150417	287
1.3.1.20190301150258	3065
1.3.1.20190402172810	2196
1.3.2.20190402172810	2134
1.3.3.20190402172810	2218
1.4.0	2350
1.4.1	1848
1.4.2	1619
1.4.3	1501
2.0.0	1408
2.0.1	1535
2.0.2	372
2.0.3	155
2.0.3.1	285
2.0.4	227
2.1.0	191
2.1.1	259
2.1.2	185
2.2.0	133
2.2.1	73
2.2.2	39
