version	total
1.0.20160323	3168
1.0.20160311144647	3193
1.0.20160314171956	3185
1.0.20160318143738	3295
1.0.20160401183214	3183
1.0.20160406195023	3215
1.0.20160411202258	3233
1.0.20160421150319	3265
1.0.20160502202716	4560
1.0.20160715171107	6036
1.0.20161031135838	3262
1.0.20161123235904	3430
1.0.20161230191227	3459
1.0.20170216151734	3338
1.0.20170327202303	3339
1.0.20170414202629	3576
1.0.20170914161842	3263
1.0.20171010180436	3766
1.0.20171211211613	3259
1.0.20180216164101	4267
1.3.0.20181218191458	2866
1.3.0.20190206223817	734
1.3.0.20190221150417	605
1.3.1.20190301150258	3181
1.3.1.20190419203205	2700
1.3.2.20190419203205	2678
1.3.3.20190419203205	2948
1.4.0	627
1.4.1	693
1.4.2	615
1.4.3	649
2.0.0	888
2.0.1	559
2.0.2	762
2.0.3	556
2.0.3.1	958
2.0.4	580
