version	total
0.1.20160301181511	3981
0.1.20160318153100	4044
0.1.20160331153549	3988
0.1.20160412193510	4039
0.1.20160517202250	6370
0.1.20161031135838	3936
0.1.20161123074954	4881
0.1.20170818194607	3881
0.1.20171010180436	3923
0.1.20171211211613	5172
1.2.0.20180905185317	3504
1.2.0.20181108215719	3467
1.2.0.20181109162613	3528
1.2.0.20181121194423	3480
1.2.1	3576
1.3.0.20181130020805	3437
1.3.0.20190205182514	3421
1.3.0.20190221150417	1296
1.3.1.20190301150258	4609
1.3.1.20190402172810	3523
1.3.2.20190402172810	3438
1.3.3.20190402172810	3518
1.4.0	3612
1.4.1	3114
1.4.2	2888
1.4.3	2768
2.0.0	2677
2.0.1	2805
2.0.2	1353
2.0.3	1138
2.0.3.1	1298
2.0.4	1213
2.1.0	1170
2.1.1	1245
2.1.2	1162
2.2.0	1115
2.2.1	1060
2.2.2	1051
2.3.0	995
2.3.1	954
2.3.2	946
2.3.3	791
2.4.0	757
2.4.1	643
2.4.2	509
2.4.3	456
2.4.4	333
2.5.0	266
2.6.0	49
