version	total
0.1.20160301181511	4541
0.1.20160318153100	4618
0.1.20160331153549	4544
0.1.20160412193510	4581
0.1.20160517202250	6976
0.1.20161031135838	4490
0.1.20161123074954	5444
0.1.20170818194607	4434
0.1.20171010180436	4491
0.1.20171211211613	5776
1.2.0.20180905185317	4064
1.2.0.20181108215719	4017
1.2.0.20181109162613	4090
1.2.0.20181121194423	4035
1.2.1	4133
1.3.0.20181130020805	3974
1.3.0.20190205182514	3984
1.3.0.20190221150417	1806
1.3.1.20190301150258	5335
1.3.1.20190402172810	4138
1.3.2.20190402172810	4061
1.3.3.20190402172810	4147
1.4.0	4224
1.4.1	3733
1.4.2	3503
1.4.3	3385
2.0.0	3297
2.0.1	3419
2.0.2	1870
2.0.3	1654
2.0.3.1	1821
2.0.4	1731
2.1.0	1687
2.1.1	1760
2.1.2	1678
2.2.0	1632
2.2.1	1576
2.2.2	1572
2.3.0	1512
2.3.1	1472
2.3.2	1463
2.3.3	1308
2.4.0	1280
2.4.1	1171
2.4.2	1026
2.4.3	974
2.4.4	850
2.5.0	784
2.6.0	572
2.6.1	541
2.6.2	488
2.6.3	480
2.7.0	233
2.7.1	62
