version	total
0.1.20160301181511	4041
0.1.20160318153100	4110
0.1.20160331153549	4047
0.1.20160412193510	4097
0.1.20160517202250	6438
0.1.20161031135838	3994
0.1.20161123074954	4940
0.1.20170818194607	3939
0.1.20171010180436	3985
0.1.20171211211613	5239
1.2.0.20180905185317	3565
1.2.0.20181108215719	3526
1.2.0.20181109162613	3589
1.2.0.20181121194423	3540
1.2.1	3637
1.3.0.20181130020805	3493
1.3.0.20190205182514	3485
1.3.0.20190221150417	1352
1.3.1.20190301150258	4705
1.3.1.20190402172810	3595
1.3.2.20190402172810	3511
1.3.3.20190402172810	3592
1.4.0	3685
1.4.1	3187
1.4.2	2961
1.4.3	2841
2.0.0	2750
2.0.1	2878
2.0.2	1410
2.0.3	1196
2.0.3.1	1356
2.0.4	1270
2.1.0	1227
2.1.1	1302
2.1.2	1219
2.2.0	1172
2.2.1	1117
2.2.2	1108
2.3.0	1052
2.3.1	1011
2.3.2	1003
2.3.3	848
2.4.0	814
2.4.1	700
2.4.2	566
2.4.3	513
2.4.4	390
2.5.0	324
2.6.0	109
2.6.1	76
