version	total
0.1.20160301181511	4371
0.1.20160318153100	4444
0.1.20160331153549	4374
0.1.20160412193510	4416
0.1.20160517202250	6799
0.1.20161031135838	4319
0.1.20161123074954	5274
0.1.20170818194607	4264
0.1.20171010180436	4320
0.1.20171211211613	5598
1.2.0.20180905185317	3894
1.2.0.20181108215719	3848
1.2.0.20181109162613	3919
1.2.0.20181121194423	3867
1.2.1	3963
1.3.0.20181130020805	3809
1.3.0.20190205182514	3814
1.3.0.20190221150417	1644
1.3.1.20190301150258	5152
1.3.1.20190402172810	3967
1.3.2.20190402172810	3890
1.3.3.20190402172810	3976
1.4.0	4056
1.4.1	3563
1.4.2	3334
1.4.3	3220
2.0.0	3128
2.0.1	3252
2.0.2	1709
2.0.3	1494
2.0.3.1	1659
2.0.4	1570
2.1.0	1527
2.1.1	1600
2.1.2	1518
2.2.0	1472
2.2.1	1417
2.2.2	1411
2.3.0	1352
2.3.1	1313
2.3.2	1303
2.3.3	1148
2.4.0	1119
2.4.1	1009
2.4.2	866
2.4.3	813
2.4.4	689
2.5.0	623
2.6.0	410
2.6.1	379
2.6.2	326
2.6.3	302
2.7.0	56
