version	total
1.0.20160323	4724
1.0.20160311144647	4745
1.0.20160314171956	4725
1.0.20160318143738	4850
1.0.20160401183214	4724
1.0.20160406195023	4740
1.0.20160411202258	4784
1.0.20160421150319	4817
1.0.20160502202716	6110
1.0.20160715171107	8905
1.0.20161031135838	4801
1.0.20161123235904	4989
1.0.20161230191227	5037
1.0.20170216151734	4914
1.0.20170327202303	4916
1.0.20170414202629	5146
1.0.20170914161842	4826
1.0.20171010180436	5369
1.0.20171211211613	4792
1.0.20180216164101	5981
1.3.0.20181218191458	4425
1.3.0.20190206223817	2237
1.3.0.20190221150417	2098
1.3.1.20190301150258	4936
1.3.1.20190419203205	4443
1.3.2.20190419203205	4425
1.3.3.20190419203205	4494
1.4.0	2116
1.4.1	2175
1.4.2	2097
1.4.3	2139
2.0.0	2377
2.0.1	2043
2.0.2	2244
2.0.3	2040
2.0.3.1	2556
2.0.4	2064
2.6.3	590
2.7.0	499
