version	total
1.0.20160323	4241
1.0.20160311144647	4263
1.0.20160314171956	4245
1.0.20160318143738	4368
1.0.20160401183214	4245
1.0.20160406195023	4267
1.0.20160411202258	4302
1.0.20160421150319	4335
1.0.20160502202716	5629
1.0.20160715171107	8007
1.0.20161031135838	4342
1.0.20161123235904	4512
1.0.20161230191227	4554
1.0.20170216151734	4430
1.0.20170327202303	4437
1.0.20170414202629	4671
1.0.20170914161842	4346
1.0.20171010180436	4966
1.0.20171211211613	4333
1.0.20180216164101	5488
1.3.0.20181218191458	3941
1.3.0.20190206223817	1764
1.3.0.20190221150417	1625
1.3.1.20190301150258	4438
1.3.1.20190419203205	3950
1.3.2.20190419203205	3930
1.3.3.20190419203205	4174
1.4.0	1645
1.4.1	1704
1.4.2	1627
1.4.3	1668
2.0.0	1904
2.0.1	1572
2.0.2	1772
2.0.3	1569
2.0.3.1	2071
2.0.4	1594
2.6.3	113
