version	total
0.1.20160301181511	3820
0.1.20160318153100	3883
0.1.20160331153549	3828
0.1.20160412193510	3882
0.1.20160517202250	6191
0.1.20161031135838	3779
0.1.20161123074954	4721
0.1.20170818194607	3724
0.1.20171010180436	3762
0.1.20171211211613	4994
1.2.0.20180905185317	3345
1.2.0.20181108215719	3311
1.2.0.20181109162613	3368
1.2.0.20181121194423	3323
1.2.1	3417
1.3.0.20181130020805	3284
1.3.0.20190205182514	3256
1.3.0.20190221150417	1148
1.3.1.20190301150258	4370
1.3.1.20190402172810	3333
1.3.2.20190402172810	3245
1.3.3.20190402172810	3325
1.4.0	3420
1.4.1	2920
1.4.2	2697
1.4.3	2576
2.0.0	2486
2.0.1	2614
2.0.2	1201
2.0.3	986
2.0.3.1	1146
2.0.4	1061
2.1.0	1017
2.1.1	1092
2.1.2	1010
2.2.0	962
2.2.1	908
2.2.2	898
2.3.0	842
2.3.1	801
2.3.2	794
2.3.3	639
2.4.0	605
2.4.1	491
2.4.2	357
2.4.3	303
2.4.4	180
2.5.0	112
