version	total
0.1.20160301181511	3856
0.1.20160318153100	3918
0.1.20160331153549	3863
0.1.20160412193510	3915
0.1.20160517202250	6233
0.1.20161031135838	3812
0.1.20161123074954	4756
0.1.20170818194607	3758
0.1.20171010180436	3798
0.1.20171211211613	5033
1.2.0.20180905185317	3380
1.2.0.20181108215719	3345
1.2.0.20181109162613	3403
1.2.0.20181121194423	3356
1.2.1	3452
1.3.0.20181130020805	3315
1.3.0.20190205182514	3290
1.3.0.20190221150417	1178
1.3.1.20190301150258	4422
1.3.1.20190402172810	3373
1.3.2.20190402172810	3286
1.3.3.20190402172810	3367
1.4.0	3461
1.4.1	2962
1.4.2	2738
1.4.3	2617
2.0.0	2527
2.0.1	2655
2.0.2	1233
2.0.3	1018
2.0.3.1	1178
2.0.4	1093
2.1.0	1048
2.1.1	1123
2.1.2	1041
2.2.0	994
2.2.1	940
2.2.2	931
2.3.0	874
2.3.1	833
2.3.2	826
2.3.3	671
2.4.0	637
2.4.1	523
2.4.2	389
2.4.3	335
2.4.4	213
2.5.0	142
