version	total
0.1.20160301181511	3337
0.1.20160318153100	3400
0.1.20160331153549	3346
0.1.20160412193510	3405
0.1.20160517202250	5647
0.1.20161031135838	3301
0.1.20161123074954	4240
0.1.20170818194607	3244
0.1.20171010180436	3280
0.1.20171211211613	4452
1.2.0.20180905185317	2866
1.2.0.20181108215719	2832
1.2.0.20181109162613	2892
1.2.0.20181121194423	2844
1.2.1	2937
1.3.0.20181130020805	2824
1.3.0.20190205182514	2759
1.3.0.20190221150417	692
1.3.1.20190301150258	3698
1.3.1.20190402172810	2784
1.3.2.20190402172810	2696
1.3.3.20190402172810	2778
1.4.0	2871
1.4.1	2374
1.4.2	2149
1.4.3	2029
2.0.0	1940
2.0.1	2069
2.0.2	743
2.0.3	526
2.0.3.1	688
2.0.4	602
2.1.0	556
2.1.1	631
2.1.2	550
2.2.0	500
2.2.1	445
2.2.2	434
2.3.0	378
2.3.1	335
2.3.2	331
2.3.3	174
2.4.0	132
