version	total
0.1.20160301181511	3650
0.1.20160318153100	3713
0.1.20160331153549	3656
0.1.20160412193510	3715
0.1.20160517202250	5999
0.1.20161031135838	3612
0.1.20161123074954	4549
0.1.20170818194607	3557
0.1.20171010180436	3592
0.1.20171211211613	4807
1.2.0.20180905185317	3174
1.2.0.20181108215719	3144
1.2.0.20181109162613	3198
1.2.0.20181121194423	3153
1.2.1	3245
1.3.0.20181130020805	3122
1.3.0.20190205182514	3084
1.3.0.20190221150417	991
1.3.1.20190301150258	4141
1.3.1.20190402172810	3144
1.3.2.20190402172810	3052
1.3.3.20190402172810	3133
1.4.0	3227
1.4.1	2729
1.4.2	2504
1.4.3	2383
2.0.0	2293
2.0.1	2423
2.0.2	1040
2.0.3	825
2.0.3.1	985
2.0.4	900
2.1.0	856
2.1.1	931
2.1.2	849
2.2.0	801
2.2.1	747
2.2.2	737
2.3.0	681
2.3.1	639
2.3.2	633
2.3.3	478
2.4.0	443
2.4.1	327
2.4.2	195
2.4.3	142
