version	total
1.0.20160323	4905
1.0.20160311144647	4931
1.0.20160314171956	4907
1.0.20160318143738	5031
1.0.20160401183214	4906
1.0.20160406195023	4921
1.0.20160411202258	4967
1.0.20160421150319	5000
1.0.20160502202716	6290
1.0.20160715171107	9129
1.0.20161031135838	4918
1.0.20161123235904	5171
1.0.20161230191227	5222
1.0.20170216151734	5098
1.0.20170327202303	5097
1.0.20170414202629	5329
1.0.20170914161842	5009
1.0.20171010180436	5471
1.0.20171211211613	4937
1.0.20180216164101	6181
1.3.0.20181218191458	4609
1.3.0.20190206223817	2416
1.3.0.20190221150417	2277
1.3.1.20190301150258	5135
1.3.1.20190419203205	4639
1.3.2.20190419203205	4621
1.3.3.20190419203205	4584
1.4.0	2292
1.4.1	2351
1.4.2	2273
1.4.3	2315
2.0.0	2554
2.0.1	2219
2.0.2	2421
2.0.3	2217
2.0.3.1	2739
2.0.4	2241
2.6.3	767
2.7.0	676
