version	total
1.0.20160323	3781
1.0.20160311144647	3806
1.0.20160314171956	3795
1.0.20160318143738	3911
1.0.20160401183214	3794
1.0.20160406195023	3819
1.0.20160411202258	3845
1.0.20160421150319	3878
1.0.20160502202716	5175
1.0.20160715171107	7179
1.0.20161031135838	3880
1.0.20161123235904	4052
1.0.20161230191227	4086
1.0.20170216151734	3965
1.0.20170327202303	3967
1.0.20170414202629	4205
1.0.20170914161842	3886
1.0.20171010180436	4458
1.0.20171211211613	3873
1.0.20180216164101	4965
1.3.0.20181218191458	3475
1.3.0.20190206223817	1334
1.3.0.20190221150417	1198
1.3.1.20190301150258	3896
1.3.1.20190419203205	3416
1.3.2.20190419203205	3391
1.3.3.20190419203205	3655
1.4.0	1222
1.4.1	1283
1.4.2	1207
1.4.3	1243
2.0.0	1482
2.0.1	1152
2.0.2	1353
2.0.3	1148
2.0.3.1	1610
2.0.4	1173
