version	total
1.0.20160323	3982
1.0.20160311144647	4003
1.0.20160314171956	3990
1.0.20160318143738	4110
1.0.20160401183214	3989
1.0.20160406195023	4013
1.0.20160411202258	4044
1.0.20160421150319	4079
1.0.20160502202716	5373
1.0.20160715171107	7537
1.0.20161031135838	4080
1.0.20161123235904	4252
1.0.20161230191227	4288
1.0.20170216151734	4168
1.0.20170327202303	4165
1.0.20170414202629	4407
1.0.20170914161842	4084
1.0.20171010180436	4692
1.0.20171211211613	4073
1.0.20180216164101	5200
1.3.0.20181218191458	3674
1.3.0.20190206223817	1517
1.3.0.20190221150417	1379
1.3.1.20190301150258	4147
1.3.1.20190419203205	3665
1.3.2.20190419203205	3643
1.3.3.20190419203205	3903
1.4.0	1403
1.4.1	1462
1.4.2	1386
1.4.3	1424
2.0.0	1662
2.0.1	1331
2.0.2	1532
2.0.3	1327
2.0.3.1	1810
2.0.4	1352
