version	total
0.1.20160301181511	3667
0.1.20160318153100	3732
0.1.20160331153549	3675
0.1.20160412193510	3734
0.1.20160517202250	6021
0.1.20161031135838	3631
0.1.20161123074954	4568
0.1.20170818194607	3576
0.1.20171010180436	3611
0.1.20171211211613	4829
1.2.0.20180905185317	3193
1.2.0.20181108215719	3163
1.2.0.20181109162613	3217
1.2.0.20181121194423	3172
1.2.1	3265
1.3.0.20181130020805	3140
1.3.0.20190205182514	3104
1.3.0.20190221150417	1009
1.3.1.20190301150258	4170
1.3.1.20190402172810	3166
1.3.2.20190402172810	3074
1.3.3.20190402172810	3155
1.4.0	3249
1.4.1	2751
1.4.2	2526
1.4.3	2405
2.0.0	2315
2.0.1	2445
2.0.2	1058
2.0.3	843
2.0.3.1	1003
2.0.4	918
2.1.0	874
2.1.1	949
2.1.2	867
2.2.0	819
2.2.1	765
2.2.2	755
2.3.0	699
2.3.1	657
2.3.2	651
2.3.3	496
2.4.0	461
2.4.1	345
2.4.2	213
2.4.3	160
2.4.4	28
