version	total
1.0.20160323	4661
1.0.20160311144647	4683
1.0.20160314171956	4664
1.0.20160318143738	4789
1.0.20160401183214	4663
1.0.20160406195023	4681
1.0.20160411202258	4723
1.0.20160421150319	4755
1.0.20160502202716	6049
1.0.20160715171107	8788
1.0.20161031135838	4742
1.0.20161123235904	4928
1.0.20161230191227	4974
1.0.20170216151734	4851
1.0.20170327202303	4855
1.0.20170414202629	5085
1.0.20170914161842	4765
1.0.20171010180436	5334
1.0.20171211211613	4733
1.0.20180216164101	5919
1.3.0.20181218191458	4362
1.3.0.20190206223817	2175
1.3.0.20190221150417	2038
1.3.1.20190301150258	4871
1.3.1.20190419203205	4380
1.3.2.20190419203205	4362
1.3.3.20190419203205	4462
1.4.0	2055
1.4.1	2114
1.4.2	2036
1.4.3	2078
2.0.0	2316
2.0.1	1982
2.0.2	2183
2.0.3	1979
2.0.3.1	2492
2.0.4	2003
2.6.3	529
2.7.0	435
