version	total
1.0.20160323	3808
1.0.20160311144647	3834
1.0.20160314171956	3823
1.0.20160318143738	3941
1.0.20160401183214	3821
1.0.20160406195023	3847
1.0.20160411202258	3873
1.0.20160421150319	3908
1.0.20160502202716	5205
1.0.20160715171107	7228
1.0.20161031135838	3908
1.0.20161123235904	4079
1.0.20161230191227	4113
1.0.20170216151734	3993
1.0.20170327202303	3996
1.0.20170414202629	4236
1.0.20170914161842	3913
1.0.20171010180436	4492
1.0.20171211211613	3901
1.0.20180216164101	5001
1.3.0.20181218191458	3503
1.3.0.20190206223817	1360
1.3.0.20190221150417	1223
1.3.1.20190301150258	3933
1.3.1.20190419203205	3454
1.3.2.20190419203205	3430
1.3.3.20190419203205	3691
1.4.0	1247
1.4.1	1307
1.4.2	1232
1.4.3	1269
2.0.0	1507
2.0.1	1177
2.0.2	1377
2.0.3	1173
2.0.3.1	1637
2.0.4	1197
