version	total
1.0.20160323	3864
1.0.20160311144647	3888
1.0.20160314171956	3877
1.0.20160318143738	3995
1.0.20160401183214	3874
1.0.20160406195023	3900
1.0.20160411202258	3926
1.0.20160421150319	3962
1.0.20160502202716	5259
1.0.20160715171107	7329
1.0.20161031135838	3963
1.0.20161123235904	4132
1.0.20161230191227	4167
1.0.20170216151734	4047
1.0.20170327202303	4049
1.0.20170414202629	4289
1.0.20170914161842	3969
1.0.20171010180436	4554
1.0.20171211211613	3956
1.0.20180216164101	5061
1.3.0.20181218191458	3556
1.3.0.20190206223817	1413
1.3.0.20190221150417	1275
1.3.1.20190301150258	3998
1.3.1.20190419203205	3518
1.3.2.20190419203205	3494
1.3.3.20190419203205	3757
1.4.0	1300
1.4.1	1360
1.4.2	1284
1.4.3	1322
2.0.0	1560
2.0.1	1229
2.0.2	1429
2.0.3	1225
2.0.3.1	1695
2.0.4	1250
