version	total
0.1.20160301181511	3969
0.1.20160318153100	4032
0.1.20160331153549	3976
0.1.20160412193510	4027
0.1.20160517202250	6356
0.1.20161031135838	3924
0.1.20161123074954	4869
0.1.20170818194607	3869
0.1.20171010180436	3911
0.1.20171211211613	5158
1.2.0.20180905185317	3492
1.2.0.20181108215719	3455
1.2.0.20181109162613	3516
1.2.0.20181121194423	3468
1.2.1	3564
1.3.0.20181130020805	3425
1.3.0.20190205182514	3408
1.3.0.20190221150417	1285
1.3.1.20190301150258	4587
1.3.1.20190402172810	3506
1.3.2.20190402172810	3422
1.3.3.20190402172810	3502
1.4.0	3596
1.4.1	3098
1.4.2	2872
1.4.3	2752
2.0.0	2661
2.0.1	2789
2.0.2	1342
2.0.3	1127
2.0.3.1	1287
2.0.4	1202
2.1.0	1159
2.1.1	1234
2.1.2	1151
2.2.0	1104
2.2.1	1049
2.2.2	1040
2.3.0	984
2.3.1	943
2.3.2	935
2.3.3	780
2.4.0	746
2.4.1	632
2.4.2	498
2.4.3	445
2.4.4	322
2.5.0	255
2.6.0	37
