version	total
0.1.20160301181511	2950
0.1.20160318153100	2975
0.1.20160331153549	2958
0.1.20160412193510	3052
0.1.20160517202250	5224
0.1.20161031135838	2899
0.1.20161123074954	3842
0.1.20170818194607	2836
0.1.20171010180436	2859
0.1.20171211211613	4006
1.2.0.20180905185317	2472
1.2.0.20181108215719	2418
1.2.0.20181109162613	2509
1.2.0.20181121194423	2423
1.2.1	2553
1.3.0.20181130020805	2440
1.3.0.20190205182514	2375
1.3.0.20190221150417	313
1.3.1.20190301150258	3209
1.3.1.20190402172810	2321
1.3.2.20190402172810	2259
1.3.3.20190402172810	2344
1.4.0	2470
1.4.1	1968
1.4.2	1743
1.4.3	1622
2.0.0	1530
2.0.1	1661
2.0.2	399
2.0.3	180
2.0.3.1	312
2.0.4	254
2.1.0	216
2.1.1	285
2.1.2	209
2.2.0	158
2.2.1	102
2.2.2	93
2.3.0	31
