version	total
0.1.20160301181511	4738
0.1.20160318153100	4820
0.1.20160331153549	4739
0.1.20160412193510	4706
0.1.20160517202250	7180
0.1.20161031135838	4684
0.1.20161123074954	5640
0.1.20170818194607	4628
0.1.20171010180436	4689
0.1.20171211211613	5978
1.2.0.20180905185317	4262
1.2.0.20181108215719	4212
1.2.0.20181109162613	4287
1.2.0.20181121194423	4231
1.2.1	4330
1.3.0.20181130020805	4167
1.3.0.20190205182514	4175
1.3.0.20190221150417	1992
1.3.1.20190301150258	5552
1.3.1.20190402172810	4347
1.3.2.20190402172810	4272
1.3.3.20190402172810	4357
1.4.0	4435
1.4.1	3945
1.4.2	3715
1.4.3	3596
2.0.0	3508
2.0.1	3627
2.0.2	2068
2.0.3	1851
2.0.3.1	2017
2.0.4	1929
2.1.0	1885
2.1.1	1958
2.1.2	1876
2.2.0	1830
2.2.1	1773
2.2.2	1770
2.3.0	1710
2.3.1	1670
2.3.2	1661
2.3.3	1506
2.4.0	1478
2.4.1	1372
2.4.2	1223
2.4.3	1171
2.4.4	1048
2.5.0	982
2.6.0	770
2.6.1	739
2.6.2	687
2.6.3	690
2.7.0	433
2.7.1	266
2.7.2	23
