version	total
1.0.20160323	3970
1.0.20160311144647	3991
1.0.20160314171956	3979
1.0.20160318143738	4099
1.0.20160401183214	3978
1.0.20160406195023	4002
1.0.20160411202258	4032
1.0.20160421150319	4066
1.0.20160502202716	5361
1.0.20160715171107	7517
1.0.20161031135838	4069
1.0.20161123235904	4239
1.0.20161230191227	4274
1.0.20170216151734	4156
1.0.20170327202303	4154
1.0.20170414202629	4396
1.0.20170914161842	4073
1.0.20171010180436	4679
1.0.20171211211613	4062
1.0.20180216164101	5190
1.3.0.20181218191458	3664
1.3.0.20190206223817	1508
1.3.0.20190221150417	1369
1.3.1.20190301150258	4137
1.3.1.20190419203205	3656
1.3.2.20190419203205	3633
1.3.3.20190419203205	3894
1.4.0	1394
1.4.1	1453
1.4.2	1377
1.4.3	1415
2.0.0	1653
2.0.1	1322
2.0.2	1523
2.0.3	1318
2.0.3.1	1800
2.0.4	1343
