version	total
1.0.20160323	4349
1.0.20160311144647	4373
1.0.20160314171956	4355
1.0.20160318143738	4476
1.0.20160401183214	4353
1.0.20160406195023	4376
1.0.20160411202258	4410
1.0.20160421150319	4442
1.0.20160502202716	5737
1.0.20160715171107	8205
1.0.20161031135838	4446
1.0.20161123235904	4617
1.0.20161230191227	4663
1.0.20170216151734	4539
1.0.20170327202303	4543
1.0.20170414202629	4775
1.0.20170914161842	4454
1.0.20171010180436	5075
1.0.20171211211613	4439
1.0.20180216164101	5596
1.3.0.20181218191458	4046
1.3.0.20190206223817	1863
1.3.0.20190221150417	1724
1.3.1.20190301150258	4544
1.3.1.20190419203205	4054
1.3.2.20190419203205	4034
1.3.3.20190419203205	4278
1.4.0	1744
1.4.1	1804
1.4.2	1726
1.4.3	1767
2.0.0	2005
2.0.1	1671
2.0.2	1872
2.0.3	1668
2.0.3.1	2172
2.0.4	1693
2.6.3	213
2.7.0	117
