version	total
0.1.20160301181511	5274
0.1.20160318153100	5367
0.1.20160331153549	5267
0.1.20160412193510	4943
0.1.20160517202250	7751
0.1.20161031135838	5221
0.1.20161123074954	6179
0.1.20170818194607	5159
0.1.20171010180436	5226
0.1.20171211211613	6560
1.2.0.20180905185317	4795
1.2.0.20181108215719	4744
1.2.0.20181109162613	4820
1.2.0.20181121194423	4764
1.2.1	4860
1.3.0.20181130020805	4687
1.3.0.20190205182514	4580
1.3.0.20190221150417	2432
1.3.1.20190301150258	6066
1.3.1.20190402172810	4922
1.3.2.20190402172810	4849
1.3.3.20190402172810	4935
1.4.0	5018
1.4.1	4522
1.4.2	4296
1.4.3	4177
2.0.0	4094
2.0.1	4203
2.0.2	2587
2.0.3	2370
2.0.3.1	2537
2.0.4	2448
2.1.0	2402
2.1.1	2476
2.1.2	2394
2.2.0	2347
2.2.1	2292
2.2.2	2289
2.3.0	2227
2.3.1	2190
2.3.2	2176
2.3.3	2025
2.4.0	1996
2.4.1	1901
2.4.2	1739
2.4.3	1689
2.4.4	1567
2.5.0	1501
2.6.0	1290
2.6.1	1259
2.6.2	1206
2.6.3	1232
2.7.0	951
2.7.1	785
2.7.2	555
2.7.3	457
2.7.4	379
3.0.0	159
