version	total
0.1.20160301181511	4505
0.1.20160318153100	4582
0.1.20160331153549	4508
0.1.20160412193510	4549
0.1.20160517202250	6940
0.1.20161031135838	4454
0.1.20161123074954	5408
0.1.20170818194607	4398
0.1.20171010180436	4455
0.1.20171211211613	5740
1.2.0.20180905185317	4028
1.2.0.20181108215719	3981
1.2.0.20181109162613	4054
1.2.0.20181121194423	3999
1.2.1	4096
1.3.0.20181130020805	3938
1.3.0.20190205182514	3949
1.3.0.20190221150417	1770
1.3.1.20190301150258	5300
1.3.1.20190402172810	4102
1.3.2.20190402172810	4025
1.3.3.20190402172810	4110
1.4.0	4188
1.4.1	3697
1.4.2	3467
1.4.3	3349
2.0.0	3261
2.0.1	3383
2.0.2	1834
2.0.3	1618
2.0.3.1	1785
2.0.4	1695
2.1.0	1651
2.1.1	1724
2.1.2	1642
2.2.0	1596
2.2.1	1540
2.2.2	1536
2.3.0	1476
2.3.1	1436
2.3.2	1427
2.3.3	1272
2.4.0	1244
2.4.1	1135
2.4.2	990
2.4.3	938
2.4.4	814
2.5.0	748
2.6.0	536
2.6.1	505
2.6.2	452
2.6.3	443
2.7.0	196
2.7.1	24
