version	total
1.0.20160323	3170
1.0.20160311144647	3195
1.0.20160314171956	3187
1.0.20160318143738	3297
1.0.20160401183214	3185
1.0.20160406195023	3217
1.0.20160411202258	3235
1.0.20160421150319	3267
1.0.20160502202716	4562
1.0.20160715171107	6040
1.0.20161031135838	3265
1.0.20161123235904	3432
1.0.20161230191227	3461
1.0.20170216151734	3342
1.0.20170327202303	3342
1.0.20170414202629	3578
1.0.20170914161842	3266
1.0.20171010180436	3768
1.0.20171211211613	3261
1.0.20180216164101	4269
1.3.0.20181218191458	2868
1.3.0.20190206223817	736
1.3.0.20190221150417	607
1.3.1.20190301150258	3183
1.3.1.20190419203205	2703
1.3.2.20190419203205	2680
1.3.3.20190419203205	2950
1.4.0	629
1.4.1	695
1.4.2	617
1.4.3	651
2.0.0	890
2.0.1	561
2.0.2	764
2.0.3	558
2.0.3.1	960
2.0.4	582
