version	total
0.1.20160301181511	5206
0.1.20160318153100	5302
0.1.20160331153549	5205
0.1.20160412193510	4917
0.1.20160517202250	7680
0.1.20161031135838	5154
0.1.20161123074954	6114
0.1.20170818194607	5093
0.1.20171010180436	5161
0.1.20171211211613	6482
1.2.0.20180905185317	4729
1.2.0.20181108215719	4679
1.2.0.20181109162613	4753
1.2.0.20181121194423	4699
1.2.1	4793
1.3.0.20181130020805	4623
1.3.0.20190205182514	4540
1.3.0.20190221150417	2395
1.3.1.20190301150258	5997
1.3.1.20190402172810	4844
1.3.2.20190402172810	4773
1.3.3.20190402172810	4851
1.4.0	4935
1.4.1	4442
1.4.2	4217
1.4.3	4098
2.0.0	4011
2.0.1	4125
2.0.2	2524
2.0.3	2307
2.0.3.1	2475
2.0.4	2385
2.1.0	2339
2.1.1	2413
2.1.2	2332
2.2.0	2285
2.2.1	2229
2.2.2	2226
2.3.0	2163
2.3.1	2126
2.3.2	2112
2.3.3	1961
2.4.0	1932
2.4.1	1838
2.4.2	1675
2.4.3	1626
2.4.4	1503
2.5.0	1437
2.6.0	1227
2.6.1	1195
2.6.2	1143
2.6.3	1164
2.7.0	887
2.7.1	720
2.7.2	491
2.7.3	392
2.7.4	312
3.0.0	68
