version	total
0.1.20160301181511	3190
0.1.20160318153100	3236
0.1.20160331153549	3197
0.1.20160412193510	3257
0.1.20160517202250	5484
0.1.20161031135838	3146
0.1.20161123074954	4087
0.1.20170818194607	3090
0.1.20171010180436	3120
0.1.20171211211613	4280
1.2.0.20180905185317	2716
1.2.0.20181108215719	2673
1.2.0.20181109162613	2747
1.2.0.20181121194423	2682
1.2.1	2790
1.3.0.20181130020805	2678
1.3.0.20190205182514	2603
1.3.0.20190221150417	550
1.3.1.20190301150258	3487
1.3.1.20190402172810	2597
1.3.2.20190402172810	2517
1.3.3.20190402172810	2605
1.4.0	2695
1.4.1	2198
1.4.2	1973
1.4.3	1852
2.0.0	1762
2.0.1	1893
2.0.2	600
2.0.3	383
2.0.3.1	546
2.0.4	459
2.1.0	412
2.1.1	486
2.1.2	406
2.2.0	357
2.2.1	300
2.2.2	289
2.3.0	232
2.3.1	191
2.3.2	185
2.3.3	24
