version	total
1.0.20160323	5123
1.0.20160311144647	5152
1.0.20160314171956	5122
1.0.20160318143738	5251
1.0.20160401183214	5126
1.0.20160406195023	5117
1.0.20160411202258	5180
1.0.20160421150319	5219
1.0.20160502202716	6514
1.0.20160715171107	9341
1.0.20161031135838	5037
1.0.20161123235904	5385
1.0.20161230191227	5441
1.0.20170216151734	5313
1.0.20170327202303	5312
1.0.20170414202629	5543
1.0.20170914161842	5227
1.0.20171010180436	5592
1.0.20171211211613	5056
1.0.20180216164101	6422
1.3.0.20181218191458	4826
1.3.0.20190206223817	2622
1.3.0.20190221150417	2481
1.3.1.20190301150258	5378
1.3.1.20190419203205	4883
1.3.2.20190419203205	4860
1.3.3.20190419203205	4691
1.4.0	2498
1.4.1	2556
1.4.2	2480
1.4.3	2521
2.0.0	2760
2.0.1	2424
2.0.2	2626
2.0.3	2422
2.0.3.1	2959
2.0.4	2448
2.6.3	973
2.7.0	882
