version	total
0.1.20160301181511	2620
0.1.20160318153100	2638
0.1.20160331153549	2630
0.1.20160412193510	2724
0.1.20160517202250	4864
0.1.20161031135838	2567
0.1.20161123074954	3516
0.1.20170818194607	2511
0.1.20171010180436	2527
0.1.20171211211613	3652
1.2.0.20180905185317	2153
1.2.0.20181108215719	2093
1.2.0.20181109162613	2187
1.2.0.20181121194423	2097
1.2.1	2229
1.3.0.20181130020805	2124
1.3.0.20190205182514	2036
1.3.0.20190221150417	177
1.3.1.20190301150258	2786
1.3.1.20190402172810	1957
1.3.2.20190402172810	1897
1.3.3.20190402172810	1975
1.4.0	2112
1.4.1	1606
1.4.2	1377
1.4.3	1266
2.0.0	1172
2.0.1	1299
2.0.2	261
2.0.3	44
2.0.3.1	174
2.0.4	117
2.1.0	80
2.1.1	149
2.1.2	77
2.2.0	15
