version	total
1.0.20160323	3939
1.0.20160311144647	3960
1.0.20160314171956	3948
1.0.20160318143738	4068
1.0.20160401183214	3947
1.0.20160406195023	3971
1.0.20160411202258	3999
1.0.20160421150319	4035
1.0.20160502202716	5331
1.0.20160715171107	7460
1.0.20161031135838	4036
1.0.20161123235904	4207
1.0.20161230191227	4242
1.0.20170216151734	4124
1.0.20170327202303	4122
1.0.20170414202629	4364
1.0.20170914161842	4042
1.0.20171010180436	4642
1.0.20171211211613	4031
1.0.20180216164101	5154
1.3.0.20181218191458	3634
1.3.0.20190206223817	1478
1.3.0.20190221150417	1339
1.3.1.20190301150258	4098
1.3.1.20190419203205	3619
1.3.2.20190419203205	3595
1.3.3.20190419203205	3854
1.4.0	1363
1.4.1	1423
1.4.2	1347
1.4.3	1385
2.0.0	1623
2.0.1	1292
2.0.2	1493
2.0.3	1288
2.0.3.1	1765
2.0.4	1313
