version	total
1.0.20160323	5172
1.0.20160311144647	5202
1.0.20160314171956	5169
1.0.20160318143738	5300
1.0.20160401183214	5172
1.0.20160406195023	5156
1.0.20160411202258	5229
1.0.20160421150319	5268
1.0.20160502202716	6563
1.0.20160715171107	9366
1.0.20161031135838	5055
1.0.20161123235904	5433
1.0.20161230191227	5490
1.0.20170216151734	5362
1.0.20170327202303	5360
1.0.20170414202629	5592
1.0.20170914161842	5272
1.0.20171010180436	5617
1.0.20171211211613	5075
1.0.20180216164101	6479
1.3.0.20181218191458	4872
1.3.0.20190206223817	2664
1.3.0.20190221150417	2524
1.3.1.20190301150258	5434
1.3.1.20190419203205	4945
1.3.2.20190419203205	4923
1.3.3.20190419203205	4721
1.4.0	2540
1.4.1	2597
1.4.2	2520
1.4.3	2562
2.0.0	2803
2.0.1	2465
2.0.2	2668
2.0.3	2463
2.0.3.1	3009
2.0.4	2489
2.6.3	1017
2.7.0	925
