version	total
1.0.20160323	4004
1.0.20160311144647	4025
1.0.20160314171956	4012
1.0.20160318143738	4133
1.0.20160401183214	4011
1.0.20160406195023	4035
1.0.20160411202258	4066
1.0.20160421150319	4101
1.0.20160502202716	5395
1.0.20160715171107	7579
1.0.20161031135838	4102
1.0.20161123235904	4275
1.0.20161230191227	4312
1.0.20170216151734	4190
1.0.20170327202303	4190
1.0.20170414202629	4429
1.0.20170914161842	4107
1.0.20171010180436	4717
1.0.20171211211613	4095
1.0.20180216164101	5224
1.3.0.20181218191458	3696
1.3.0.20190206223817	1539
1.3.0.20190221150417	1401
1.3.1.20190301150258	4173
1.3.1.20190419203205	3692
1.3.2.20190419203205	3669
1.3.3.20190419203205	3931
1.4.0	1425
1.4.1	1484
1.4.2	1408
1.4.3	1446
2.0.0	1684
2.0.1	1354
2.0.2	1554
2.0.3	1349
2.0.3.1	1834
2.0.4	1375
