version	total
0.1.20160301181511	3784
0.1.20160318153100	3848
0.1.20160331153549	3791
0.1.20160412193510	3849
0.1.20160517202250	6147
0.1.20161031135838	3744
0.1.20161123074954	4685
0.1.20170818194607	3688
0.1.20171010180436	3726
0.1.20171211211613	4954
1.2.0.20180905185317	3310
1.2.0.20181108215719	3276
1.2.0.20181109162613	3333
1.2.0.20181121194423	3286
1.2.1	3382
1.3.0.20181130020805	3250
1.3.0.20190205182514	3223
1.3.0.20190221150417	1120
1.3.1.20190301150258	4316
1.3.1.20190402172810	3290
1.3.2.20190402172810	3201
1.3.3.20190402172810	3282
1.4.0	3376
1.4.1	2878
1.4.2	2653
1.4.3	2533
2.0.0	2444
2.0.1	2572
2.0.2	1171
2.0.3	956
2.0.3.1	1116
2.0.4	1031
2.1.0	986
2.1.1	1061
2.1.2	979
2.2.0	932
2.2.1	878
2.2.2	868
2.3.0	812
2.3.1	770
2.3.2	764
2.3.3	609
2.4.0	574
2.4.1	460
2.4.2	327
2.4.3	273
2.4.4	150
2.5.0	78
