version	total
1.0.20160323	5213
1.0.20160311144647	5240
1.0.20160314171956	5204
1.0.20160318143738	5337
1.0.20160401183214	5205
1.0.20160406195023	5185
1.0.20160411202258	5267
1.0.20160421150319	5307
1.0.20160502202716	6601
1.0.20160715171107	9396
1.0.20161031135838	5076
1.0.20161123235904	5469
1.0.20161230191227	5526
1.0.20170216151734	5399
1.0.20170327202303	5396
1.0.20170414202629	5628
1.0.20170914161842	5304
1.0.20171010180436	5638
1.0.20171211211613	5093
1.0.20180216164101	6525
1.3.0.20181218191458	4909
1.3.0.20190206223817	2699
1.3.0.20190221150417	2560
1.3.1.20190301150258	5480
1.3.1.20190419203205	4988
1.3.2.20190419203205	4969
1.3.3.20190419203205	4739
1.4.0	2574
1.4.1	2631
1.4.2	2554
1.4.3	2595
2.0.0	2839
2.0.1	2499
2.0.2	2704
2.0.3	2498
2.0.3.1	3053
2.0.4	2525
2.6.3	1052
2.7.0	960
