version	total
0.1.20160301181511	4693
0.1.20160318153100	4772
0.1.20160331153549	4694
0.1.20160412193510	4686
0.1.20160517202250	7134
0.1.20161031135838	4640
0.1.20161123074954	5595
0.1.20170818194607	4584
0.1.20171010180436	4642
0.1.20171211211613	5933
1.2.0.20180905185317	4216
1.2.0.20181108215719	4167
1.2.0.20181109162613	4242
1.2.0.20181121194423	4186
1.2.1	4284
1.3.0.20181130020805	4123
1.3.0.20190205182514	4136
1.3.0.20190221150417	1953
1.3.1.20190301150258	5509
1.3.1.20190402172810	4300
1.3.2.20190402172810	4224
1.3.3.20190402172810	4309
1.4.0	4386
1.4.1	3896
1.4.2	3666
1.4.3	3547
2.0.0	3459
2.0.1	3578
2.0.2	2020
2.0.3	1804
2.0.3.1	1972
2.0.4	1881
2.1.0	1838
2.1.1	1911
2.1.2	1829
2.2.0	1783
2.2.1	1726
2.2.2	1723
2.3.0	1663
2.3.1	1623
2.3.2	1614
2.3.3	1459
2.4.0	1431
2.4.1	1325
2.4.2	1175
2.4.3	1125
2.4.4	1001
2.5.0	935
2.6.0	723
2.6.1	692
2.6.2	640
2.6.3	641
2.7.0	386
2.7.1	218
