version	total
1.0.20160323	3096
1.0.20160311144647	3122
1.0.20160314171956	3116
1.0.20160318143738	3220
1.0.20160401183214	3112
1.0.20160406195023	3144
1.0.20160411202258	3162
1.0.20160421150319	3195
1.0.20160502202716	4486
1.0.20160715171107	5899
1.0.20161031135838	3191
1.0.20161123235904	3353
1.0.20161230191227	3387
1.0.20170216151734	3265
1.0.20170327202303	3264
1.0.20170414202629	3501
1.0.20170914161842	3192
1.0.20171010180436	3688
1.0.20171211211613	3187
1.0.20180216164101	4187
1.3.0.20181218191458	2790
1.3.0.20190206223817	661
1.3.0.20190221150417	536
1.3.1.20190301150258	3098
1.3.1.20190419203205	2615
1.3.2.20190419203205	2594
1.3.3.20190419203205	2870
1.4.0	553
1.4.1	618
1.4.2	541
1.4.3	576
2.0.0	814
2.0.1	486
2.0.2	689
2.0.3	483
2.0.3.1	880
2.0.4	506
