version	total
0.1.20160301181511	4241
0.1.20160318153100	4314
0.1.20160331153549	4247
0.1.20160412193510	4288
0.1.20160517202250	6664
0.1.20161031135838	4189
0.1.20161123074954	5142
0.1.20170818194607	4136
0.1.20171010180436	4190
0.1.20171211211613	5463
1.2.0.20180905185317	3768
1.2.0.20181108215719	3722
1.2.0.20181109162613	3789
1.2.0.20181121194423	3736
1.2.1	3837
1.3.0.20181130020805	3685
1.3.0.20190205182514	3688
1.3.0.20190221150417	1531
1.3.1.20190301150258	5002
1.3.1.20190402172810	3828
1.3.2.20190402172810	3751
1.3.3.20190402172810	3833
1.4.0	3921
1.4.1	3426
1.4.2	3198
1.4.3	3084
2.0.0	2989
2.0.1	3118
2.0.2	1596
2.0.3	1382
2.0.3.1	1545
2.0.4	1456
2.1.0	1414
2.1.1	1488
2.1.2	1406
2.2.0	1358
2.2.1	1303
2.2.2	1295
2.3.0	1239
2.3.1	1198
2.3.2	1189
2.3.3	1034
2.4.0	1004
2.4.1	892
2.4.2	753
2.4.3	700
2.4.4	577
2.5.0	510
2.6.0	297
2.6.1	265
2.6.2	214
2.6.3	165
