version	total
1.0.20160323	2674
1.0.20160311144647	2706
1.0.20160314171956	2704
1.0.20160318143738	2779
1.0.20160401183214	2709
1.0.20160406195023	2744
1.0.20160411202258	2759
1.0.20160421150319	2831
1.0.20160502202716	4049
1.0.20160715171107	5178
1.0.20161031135838	2806
1.0.20161123235904	2913
1.0.20161230191227	2971
1.0.20170216151734	2845
1.0.20170327202303	2821
1.0.20170414202629	3049
1.0.20170914161842	2772
1.0.20171010180436	3284
1.0.20171211211613	2795
1.0.20180216164101	3778
1.3.0.20181218191458	2350
1.3.0.20190206223817	311
1.3.0.20190221150417	267
1.3.1.20190301150258	2618
1.3.1.20190419203205	2120
1.3.2.20190419203205	2091
1.3.3.20190419203205	2444
1.4.0	212
1.4.1	284
1.4.2	206
1.4.3	236
2.0.0	474
2.0.1	153
2.0.2	352
2.0.3	151
2.0.3.1	538
2.0.4	138
