version	total
1.0.20160323	2912
1.0.20160311144647	2944
1.0.20160314171956	2944
1.0.20160318143738	3027
1.0.20160401183214	2942
1.0.20160406195023	2973
1.0.20160411202258	2994
1.0.20160421150319	3025
1.0.20160502202716	4294
1.0.20160715171107	5572
1.0.20161031135838	3016
1.0.20161123235904	3164
1.0.20161230191227	3214
1.0.20170216151734	3091
1.0.20170327202303	3072
1.0.20170414202629	3305
1.0.20170914161842	3018
1.0.20171010180436	3500
1.0.20171211211613	3015
1.0.20180216164101	3999
1.3.0.20181218191458	2599
1.3.0.20190206223817	468
1.3.0.20190221150417	373
1.3.1.20190301150258	2890
1.3.1.20190419203205	2402
1.3.2.20190419203205	2379
1.3.3.20190419203205	2672
1.4.0	368
1.4.1	435
1.4.2	358
1.4.3	392
2.0.0	631
2.0.1	307
2.0.2	506
2.0.3	305
2.0.3.1	706
2.0.4	323
