version	total
0.1.20160301181511	4262
0.1.20160318153100	4334
0.1.20160331153549	4267
0.1.20160412193510	4308
0.1.20160517202250	6685
0.1.20161031135838	4210
0.1.20161123074954	5164
0.1.20170818194607	4157
0.1.20171010180436	4211
0.1.20171211211613	5484
1.2.0.20180905185317	3788
1.2.0.20181108215719	3742
1.2.0.20181109162613	3812
1.2.0.20181121194423	3757
1.2.1	3857
1.3.0.20181130020805	3705
1.3.0.20190205182514	3708
1.3.0.20190221150417	1553
1.3.1.20190301150258	5023
1.3.1.20190402172810	3851
1.3.2.20190402172810	3777
1.3.3.20190402172810	3862
1.4.0	3945
1.4.1	3449
1.4.2	3221
1.4.3	3107
2.0.0	3015
2.0.1	3141
2.0.2	1617
2.0.3	1404
2.0.3.1	1568
2.0.4	1479
2.1.0	1437
2.1.1	1510
2.1.2	1428
2.2.0	1382
2.2.1	1326
2.2.2	1319
2.3.0	1261
2.3.1	1222
2.3.2	1211
2.3.3	1058
2.4.0	1028
2.4.1	917
2.4.2	775
2.4.3	722
2.4.4	599
2.5.0	531
2.6.0	319
2.6.1	288
2.6.2	236
2.6.3	191
