version	total
1.0.20160323	4454
1.0.20160311144647	4477
1.0.20160314171956	4457
1.0.20160318143738	4580
1.0.20160401183214	4456
1.0.20160406195023	4479
1.0.20160411202258	4515
1.0.20160421150319	4549
1.0.20160502202716	5842
1.0.20160715171107	8402
1.0.20161031135838	4546
1.0.20161123235904	4721
1.0.20161230191227	4768
1.0.20170216151734	4644
1.0.20170327202303	4648
1.0.20170414202629	4878
1.0.20170914161842	4558
1.0.20171010180436	5175
1.0.20171211211613	4538
1.0.20180216164101	5704
1.3.0.20181218191458	4153
1.3.0.20190206223817	1968
1.3.0.20190221150417	1830
1.3.1.20190301150258	4656
1.3.1.20190419203205	4165
1.3.2.20190419203205	4146
1.3.3.20190419203205	4341
1.4.0	1848
1.4.1	1908
1.4.2	1829
1.4.3	1871
2.0.0	2109
2.0.1	1775
2.0.2	1976
2.0.3	1772
2.0.3.1	2282
2.0.4	1797
2.6.3	320
2.7.0	226
