version	total
1.0.20160323	3207
1.0.20160311144647	3231
1.0.20160314171956	3226
1.0.20160318143738	3336
1.0.20160401183214	3224
1.0.20160406195023	3253
1.0.20160411202258	3271
1.0.20160421150319	3304
1.0.20160502202716	4603
1.0.20160715171107	6108
1.0.20161031135838	3302
1.0.20161123235904	3472
1.0.20161230191227	3502
1.0.20170216151734	3379
1.0.20170327202303	3386
1.0.20170414202629	3622
1.0.20170914161842	3306
1.0.20171010180436	3814
1.0.20171211211613	3297
1.0.20180216164101	4311
1.3.0.20181218191458	2909
1.3.0.20190206223817	775
1.3.0.20190221150417	642
1.3.1.20190301150258	3229
1.3.1.20190419203205	2754
1.3.2.20190419203205	2730
1.3.3.20190419203205	2999
1.4.0	668
1.4.1	732
1.4.2	655
1.4.3	688
2.0.0	927
2.0.1	600
2.0.2	800
2.0.3	596
2.0.3.1	999
2.0.4	620
