version	total
0.1.20160301181511	2855
0.1.20160318153100	2874
0.1.20160331153549	2865
0.1.20160412193510	2960
0.1.20160517202250	5123
0.1.20161031135838	2803
0.1.20161123074954	3748
0.1.20170818194607	2742
0.1.20171010180436	2762
0.1.20171211211613	3905
1.2.0.20180905185317	2378
1.2.0.20181108215719	2316
1.2.0.20181109162613	2413
1.2.0.20181121194423	2326
1.2.1	2457
1.3.0.20181130020805	2347
1.3.0.20190205182514	2273
1.3.0.20190221150417	296
1.3.1.20190301150258	3079
1.3.1.20190402172810	2210
1.3.2.20190402172810	2148
1.3.3.20190402172810	2232
1.4.0	2364
1.4.1	1862
1.4.2	1633
1.4.3	1515
2.0.0	1422
2.0.1	1549
2.0.2	382
2.0.3	164
2.0.3.1	295
2.0.4	237
2.1.0	200
2.1.1	268
2.1.2	194
2.2.0	143
2.2.1	84
2.2.2	61
