version	total
1.0.20160323	3259
1.0.20160311144647	3282
1.0.20160314171956	3278
1.0.20160318143738	3389
1.0.20160401183214	3276
1.0.20160406195023	3304
1.0.20160411202258	3322
1.0.20160421150319	3356
1.0.20160502202716	4655
1.0.20160715171107	6203
1.0.20161031135838	3354
1.0.20161123235904	3525
1.0.20161230191227	3554
1.0.20170216151734	3431
1.0.20170327202303	3438
1.0.20170414202629	3674
1.0.20170914161842	3360
1.0.20171010180436	3874
1.0.20171211211613	3350
1.0.20180216164101	4372
1.3.0.20181218191458	2961
1.3.0.20190206223817	826
1.3.0.20190221150417	691
1.3.1.20190301150258	3297
1.3.1.20190419203205	2820
1.3.2.20190419203205	2797
1.3.3.20190419203205	3065
1.4.0	718
1.4.1	782
1.4.2	705
1.4.3	738
2.0.0	978
2.0.1	650
2.0.2	850
2.0.3	646
2.0.3.1	1056
2.0.4	671
