version	total
0.1.20160301181511	4345
0.1.20160318153100	4416
0.1.20160331153549	4348
0.1.20160412193510	4391
0.1.20160517202250	6773
0.1.20161031135838	4292
0.1.20161123074954	5248
0.1.20170818194607	4237
0.1.20171010180436	4294
0.1.20171211211613	5572
1.2.0.20180905185317	3868
1.2.0.20181108215719	3822
1.2.0.20181109162613	3893
1.2.0.20181121194423	3841
1.2.1	3937
1.3.0.20181130020805	3783
1.3.0.20190205182514	3788
1.3.0.20190221150417	1618
1.3.1.20190301150258	5127
1.3.1.20190402172810	3940
1.3.2.20190402172810	3864
1.3.3.20190402172810	3950
1.4.0	4030
1.4.1	3537
1.4.2	3307
1.4.3	3194
2.0.0	3102
2.0.1	3226
2.0.2	1682
2.0.3	1467
2.0.3.1	1632
2.0.4	1543
2.1.0	1500
2.1.1	1573
2.1.2	1491
2.2.0	1445
2.2.1	1390
2.2.2	1384
2.3.0	1325
2.3.1	1286
2.3.2	1276
2.3.3	1121
2.4.0	1092
2.4.1	982
2.4.2	839
2.4.3	786
2.4.4	662
2.5.0	596
2.6.0	383
2.6.1	352
2.6.2	299
2.6.3	262
