version	total
1.0.20160323	4811
1.0.20160311144647	4833
1.0.20160314171956	4813
1.0.20160318143738	4936
1.0.20160401183214	4812
1.0.20160406195023	4828
1.0.20160411202258	4871
1.0.20160421150319	4904
1.0.20160502202716	6196
1.0.20160715171107	9032
1.0.20161031135838	4868
1.0.20161123235904	5075
1.0.20161230191227	5123
1.0.20170216151734	5001
1.0.20170327202303	5002
1.0.20170414202629	5233
1.0.20170914161842	4913
1.0.20171010180436	5420
1.0.20171211211613	4873
1.0.20180216164101	6077
1.3.0.20181218191458	4509
1.3.0.20190206223817	2321
1.3.0.20190221150417	2181
1.3.1.20190301150258	5030
1.3.1.20190419203205	4539
1.3.2.20190419203205	4520
1.3.3.20190419203205	4543
1.4.0	2200
1.4.1	2258
1.4.2	2180
1.4.3	2222
2.0.0	2460
2.0.1	2126
2.0.2	2328
2.0.3	2124
2.0.3.1	2642
2.0.4	2148
2.6.3	674
2.7.0	582
