version	total
0.1.20160301181511	4925
0.1.20160318153100	5009
0.1.20160331153549	4927
0.1.20160412193510	4800
0.1.20160517202250	7373
0.1.20161031135838	4872
0.1.20161123074954	5829
0.1.20170818194607	4815
0.1.20171010180436	4877
0.1.20171211211613	6172
1.2.0.20180905185317	4450
1.2.0.20181108215719	4400
1.2.0.20181109162613	4475
1.2.0.20181121194423	4419
1.2.1	4516
1.3.0.20181130020805	4354
1.3.0.20190205182514	4356
1.3.0.20190221150417	2175
1.3.1.20190301150258	5751
1.3.1.20190402172810	4541
1.3.2.20190402172810	4467
1.3.3.20190402172810	4552
1.4.0	4631
1.4.1	4139
1.4.2	3910
1.4.3	3791
2.0.0	3705
2.0.1	3823
2.0.2	2255
2.0.3	2038
2.0.3.1	2204
2.0.4	2116
2.1.0	2071
2.1.1	2145
2.1.2	2063
2.2.0	2017
2.2.1	1959
2.2.2	1957
2.3.0	1895
2.3.1	1856
2.3.2	1846
2.3.3	1691
2.4.0	1663
2.4.1	1558
2.4.2	1408
2.4.3	1357
2.4.4	1234
2.5.0	1168
2.6.0	956
2.6.1	925
2.6.2	873
2.6.3	881
2.7.0	619
2.7.1	452
2.7.2	221
2.7.3	121
2.7.4	25
