version	total
0.1.20160301181511	2701
0.1.20160318153100	2719
0.1.20160331153549	2711
0.1.20160412193510	2806
0.1.20160517202250	4953
0.1.20161031135838	2649
0.1.20161123074954	3597
0.1.20170818194607	2591
0.1.20171010180436	2608
0.1.20171211211613	3741
1.2.0.20180905185317	2235
1.2.0.20181108215719	2174
1.2.0.20181109162613	2267
1.2.0.20181121194423	2177
1.2.1	2310
1.3.0.20181130020805	2203
1.3.0.20190205182514	2125
1.3.0.20190221150417	220
1.3.1.20190301150258	2894
1.3.1.20190402172810	2047
1.3.2.20190402172810	1990
1.3.3.20190402172810	2066
1.4.0	2204
1.4.1	1699
1.4.2	1470
1.4.3	1356
2.0.0	1266
2.0.1	1393
2.0.2	305
2.0.3	86
2.0.3.1	218
2.0.4	161
2.1.0	125
2.1.1	192
2.1.2	119
2.2.0	66
