version	total
1.0.20160323	2779
1.0.20160311144647	2812
1.0.20160314171956	2810
1.0.20160318143738	2889
1.0.20160401183214	2813
1.0.20160406195023	2847
1.0.20160411202258	2865
1.0.20160421150319	2935
1.0.20160502202716	4158
1.0.20160715171107	5381
1.0.20161031135838	2914
1.0.20161123235904	3022
1.0.20161230191227	3080
1.0.20170216151734	2953
1.0.20170327202303	2929
1.0.20170414202629	3163
1.0.20170914161842	2883
1.0.20171010180436	3396
1.0.20171211211613	2903
1.0.20180216164101	3887
1.3.0.20181218191458	2460
1.3.0.20190206223817	351
1.3.0.20190221150417	301
1.3.1.20190301150258	2738
1.3.1.20190419203205	2245
1.3.2.20190419203205	2212
1.3.3.20190419203205	2560
1.4.0	252
1.4.1	322
1.4.2	243
1.4.3	276
2.0.0	514
2.0.1	192
2.0.2	391
2.0.3	189
2.0.3.1	587
2.0.4	194
