version	total
1.0.20160323	4655
1.0.20160311144647	4677
1.0.20160314171956	4658
1.0.20160318143738	4783
1.0.20160401183214	4657
1.0.20160406195023	4675
1.0.20160411202258	4717
1.0.20160421150319	4748
1.0.20160502202716	6043
1.0.20160715171107	8778
1.0.20161031135838	4737
1.0.20161123235904	4922
1.0.20161230191227	4968
1.0.20170216151734	4845
1.0.20170327202303	4849
1.0.20170414202629	5079
1.0.20170914161842	4759
1.0.20171010180436	5331
1.0.20171211211613	4728
1.0.20180216164101	5912
1.3.0.20181218191458	4356
1.3.0.20190206223817	2169
1.3.0.20190221150417	2031
1.3.1.20190301150258	4865
1.3.1.20190419203205	4374
1.3.2.20190419203205	4356
1.3.3.20190419203205	4460
1.4.0	2049
1.4.1	2108
1.4.2	2030
1.4.3	2072
2.0.0	2310
2.0.1	1976
2.0.2	2177
2.0.3	1973
2.0.3.1	2486
2.0.4	1997
2.6.3	523
2.7.0	429
