version	total
1.0.20160323	5266
1.0.20160311144647	5293
1.0.20160314171956	5256
1.0.20160318143738	5390
1.0.20160401183214	5257
1.0.20160406195023	5231
1.0.20160411202258	5320
1.0.20160421150319	5360
1.0.20160502202716	6654
1.0.20160715171107	9449
1.0.20161031135838	5106
1.0.20161123235904	5521
1.0.20161230191227	5579
1.0.20170216151734	5454
1.0.20170327202303	5449
1.0.20170414202629	5680
1.0.20170914161842	5356
1.0.20171010180436	5666
1.0.20171211211613	5124
1.0.20180216164101	6586
1.3.0.20181218191458	4963
1.3.0.20190206223817	2748
1.3.0.20190221150417	2608
1.3.1.20190301150258	5546
1.3.1.20190419203205	5053
1.3.2.20190419203205	5032
1.3.3.20190419203205	4761
1.4.0	2622
1.4.1	2679
1.4.2	2602
1.4.3	2644
2.0.0	2887
2.0.1	2549
2.0.2	2752
2.0.3	2546
2.0.3.1	3105
2.0.4	2573
2.6.3	1100
2.7.0	1009
