version	total
1.0.20160323	4059
1.0.20160311144647	4081
1.0.20160314171956	4067
1.0.20160318143738	4189
1.0.20160401183214	4067
1.0.20160406195023	4091
1.0.20160411202258	4121
1.0.20160421150319	4156
1.0.20160502202716	5448
1.0.20160715171107	7682
1.0.20161031135838	4157
1.0.20161123235904	4330
1.0.20161230191227	4369
1.0.20170216151734	4245
1.0.20170327202303	4244
1.0.20170414202629	4486
1.0.20170914161842	4166
1.0.20171010180436	4776
1.0.20171211211613	4152
1.0.20180216164101	5287
1.3.0.20181218191458	3754
1.3.0.20190206223817	1594
1.3.0.20190221150417	1456
1.3.1.20190301150258	4233
1.3.1.20190419203205	3751
1.3.2.20190419203205	3728
1.3.3.20190419203205	3989
1.4.0	1479
1.4.1	1539
1.4.2	1463
1.4.3	1502
2.0.0	1739
2.0.1	1408
2.0.2	1608
2.0.3	1404
2.0.3.1	1892
2.0.4	1430
