version	total
1.0.20160323	2855
1.0.20160311144647	2891
1.0.20160314171956	2888
1.0.20160318143738	2968
1.0.20160401183214	2888
1.0.20160406195023	2921
1.0.20160411202258	2942
1.0.20160421150319	2984
1.0.20160502202716	4235
1.0.20160715171107	5488
1.0.20161031135838	2974
1.0.20161123235904	3105
1.0.20161230191227	3159
1.0.20170216151734	3037
1.0.20170327202303	3012
1.0.20170414202629	3246
1.0.20170914161842	2962
1.0.20171010180436	3459
1.0.20171211211613	2972
1.0.20180216164101	3953
1.3.0.20181218191458	2539
1.3.0.20190206223817	406
1.3.0.20190221150417	330
1.3.1.20190301150258	2828
1.3.1.20190419203205	2338
1.3.2.20190419203205	2312
1.3.3.20190419203205	2624
1.4.0	308
1.4.1	376
1.4.2	299
1.4.3	331
2.0.0	569
2.0.1	247
2.0.2	446
2.0.3	244
2.0.3.1	646
2.0.4	261
