version	total
1.0.20160323	4289
1.0.20160311144647	4313
1.0.20160314171956	4296
1.0.20160318143738	4417
1.0.20160401183214	4294
1.0.20160406195023	4317
1.0.20160411202258	4350
1.0.20160421150319	4383
1.0.20160502202716	5678
1.0.20160715171107	8089
1.0.20161031135838	4388
1.0.20161123235904	4560
1.0.20161230191227	4601
1.0.20170216151734	4478
1.0.20170327202303	4485
1.0.20170414202629	4717
1.0.20170914161842	4394
1.0.20171010180436	5014
1.0.20171211211613	4381
1.0.20180216164101	5535
1.3.0.20181218191458	3982
1.3.0.20190206223817	1804
1.3.0.20190221150417	1665
1.3.1.20190301150258	4481
1.3.1.20190419203205	3992
1.3.2.20190419203205	3972
1.3.3.20190419203205	4215
1.4.0	1686
1.4.1	1745
1.4.2	1668
1.4.3	1709
2.0.0	1946
2.0.1	1613
2.0.2	1814
2.0.3	1610
2.0.3.1	2111
2.0.4	1635
2.6.3	156
2.7.0	58
