version	total
1.0.20160323	3550
1.0.20160311144647	3571
1.0.20160314171956	3568
1.0.20160318143738	3679
1.0.20160401183214	3565
1.0.20160406195023	3591
1.0.20160411202258	3610
1.0.20160421150319	3645
1.0.20160502202716	4945
1.0.20160715171107	6748
1.0.20161031135838	3646
1.0.20161123235904	3817
1.0.20161230191227	3846
1.0.20170216151734	3726
1.0.20170327202303	3730
1.0.20170414202629	3969
1.0.20170914161842	3652
1.0.20171010180436	4198
1.0.20171211211613	3642
1.0.20180216164101	4698
1.3.0.20181218191458	3243
1.3.0.20190206223817	1112
1.3.0.20190221150417	973
1.3.1.20190301150258	3624
1.3.1.20190419203205	3148
1.3.2.20190419203205	3125
1.3.3.20190419203205	3390
1.4.0	1004
1.4.1	1065
1.4.2	989
1.4.3	1025
2.0.0	1263
2.0.1	934
2.0.2	1135
2.0.3	930
2.0.3.1	1371
2.0.4	955
