version	total
1.0.20160323	4685
1.0.20160311144647	4706
1.0.20160314171956	4686
1.0.20160318143738	4811
1.0.20160401183214	4685
1.0.20160406195023	4703
1.0.20160411202258	4745
1.0.20160421150319	4777
1.0.20160502202716	6071
1.0.20160715171107	8832
1.0.20161031135838	4764
1.0.20161123235904	4950
1.0.20161230191227	4998
1.0.20170216151734	4875
1.0.20170327202303	4877
1.0.20170414202629	5108
1.0.20170914161842	4787
1.0.20171010180436	5346
1.0.20171211211613	4755
1.0.20180216164101	5941
1.3.0.20181218191458	4386
1.3.0.20190206223817	2198
1.3.0.20190221150417	2059
1.3.1.20190301150258	4895
1.3.1.20190419203205	4402
1.3.2.20190419203205	4384
1.3.3.20190419203205	4473
1.4.0	2077
1.4.1	2136
1.4.2	2058
1.4.3	2100
2.0.0	2338
2.0.1	2004
2.0.2	2205
2.0.3	2001
2.0.3.1	2516
2.0.4	2025
2.6.3	551
2.7.0	460
