version	total
1.0.20160323	4262
1.0.20160311144647	4284
1.0.20160314171956	4265
1.0.20160318143738	4387
1.0.20160401183214	4265
1.0.20160406195023	4288
1.0.20160411202258	4323
1.0.20160421150319	4354
1.0.20160502202716	5649
1.0.20160715171107	8044
1.0.20161031135838	4362
1.0.20161123235904	4533
1.0.20161230191227	4576
1.0.20170216151734	4453
1.0.20170327202303	4457
1.0.20170414202629	4690
1.0.20170914161842	4367
1.0.20171010180436	4987
1.0.20171211211613	4354
1.0.20180216164101	5508
1.3.0.20181218191458	3962
1.3.0.20190206223817	1779
1.3.0.20190221150417	1640
1.3.1.20190301150258	4461
1.3.1.20190419203205	3970
1.3.2.20190419203205	3950
1.3.3.20190419203205	4193
1.4.0	1661
1.4.1	1720
1.4.2	1643
1.4.3	1684
2.0.0	1921
2.0.1	1588
2.0.2	1789
2.0.3	1585
2.0.3.1	2088
2.0.4	1610
2.6.3	130
2.7.0	32
