version	total
1.0.20160323	5083
1.0.20160311144647	5111
1.0.20160314171956	5083
1.0.20160318143738	5211
1.0.20160401183214	5085
1.0.20160406195023	5087
1.0.20160411202258	5143
1.0.20160421150319	5179
1.0.20160502202716	6471
1.0.20160715171107	9303
1.0.20161031135838	5013
1.0.20161123235904	5347
1.0.20161230191227	5403
1.0.20170216151734	5274
1.0.20170327202303	5275
1.0.20170414202629	5506
1.0.20170914161842	5187
1.0.20171010180436	5569
1.0.20171211211613	5034
1.0.20180216164101	6374
1.3.0.20181218191458	4788
1.3.0.20190206223817	2587
1.3.0.20190221150417	2445
1.3.1.20190301150258	5329
1.3.1.20190419203205	4834
1.3.2.20190419203205	4813
1.3.3.20190419203205	4667
1.4.0	2463
1.4.1	2521
1.4.2	2444
1.4.3	2486
2.0.0	2726
2.0.1	2389
2.0.2	2592
2.0.3	2387
2.0.3.1	2922
2.0.4	2412
2.6.3	937
2.7.0	847
