version	total
0.1.20160301181511	4979
0.1.20160318153100	5068
0.1.20160331153549	4981
0.1.20160412193510	4824
0.1.20160517202250	7431
0.1.20161031135838	4929
0.1.20161123074954	5884
0.1.20170818194607	4871
0.1.20171010180436	4933
0.1.20171211211613	6234
1.2.0.20180905185317	4504
1.2.0.20181108215719	4455
1.2.0.20181109162613	4530
1.2.0.20181121194423	4475
1.2.1	4571
1.3.0.20181130020805	4410
1.3.0.20190205182514	4403
1.3.0.20190221150417	2226
1.3.1.20190301150258	5815
1.3.1.20190402172810	4604
1.3.2.20190402172810	4527
1.3.3.20190402172810	4612
1.4.0	4690
1.4.1	4198
1.4.2	3972
1.4.3	3850
2.0.0	3765
2.0.1	3883
2.0.2	2307
2.0.3	2090
2.0.3.1	2256
2.0.4	2168
2.1.0	2123
2.1.1	2197
2.1.2	2115
2.2.0	2069
2.2.1	2011
2.2.2	2009
2.3.0	1947
2.3.1	1908
2.3.2	1898
2.3.3	1743
2.4.0	1715
2.4.1	1610
2.4.2	1460
2.4.3	1409
2.4.4	1286
2.5.0	1221
2.6.0	1009
2.6.1	978
2.6.2	926
2.6.3	937
2.7.0	672
2.7.1	505
2.7.2	274
2.7.3	174
2.7.4	85
