version	total
0.1.20160301181511	4096
0.1.20160318153100	4165
0.1.20160331153549	4103
0.1.20160412193510	4154
0.1.20160517202250	6508
0.1.20161031135838	4054
0.1.20161123074954	4997
0.1.20170818194607	3997
0.1.20171010180436	4041
0.1.20171211211613	5311
1.2.0.20180905185317	3622
1.2.0.20181108215719	3584
1.2.0.20181109162613	3645
1.2.0.20181121194423	3596
1.2.1	3694
1.3.0.20181130020805	3551
1.3.0.20190205182514	3544
1.3.0.20190221150417	1400
1.3.1.20190301150258	4819
1.3.1.20190402172810	3672
1.3.2.20190402172810	3588
1.3.3.20190402172810	3669
1.4.0	3761
1.4.1	3264
1.4.2	3037
1.4.3	2918
2.0.0	2827
2.0.1	2955
2.0.2	1456
2.0.3	1242
2.0.3.1	1402
2.0.4	1316
2.1.0	1273
2.1.1	1348
2.1.2	1266
2.2.0	1218
2.2.1	1163
2.2.2	1154
2.3.0	1098
2.3.1	1057
2.3.2	1049
2.3.3	894
2.4.0	860
2.4.1	746
2.4.2	612
2.4.3	559
2.4.4	436
2.5.0	370
2.6.0	155
2.6.1	123
2.6.2	71
