version	total
0.1.20160301181511	5334
0.1.20160318153100	5424
0.1.20160331153549	5328
0.1.20160412193510	4958
0.1.20160517202250	7826
0.1.20161031135838	5275
0.1.20161123074954	6238
0.1.20170818194607	5215
0.1.20171010180436	5290
0.1.20171211211613	6629
1.2.0.20180905185317	4852
1.2.0.20181108215719	4800
1.2.0.20181109162613	4877
1.2.0.20181121194423	4821
1.2.1	4918
1.3.0.20181130020805	4737
1.3.0.20190205182514	4606
1.3.0.20190221150417	2451
1.3.1.20190301150258	6128
1.3.1.20190402172810	4996
1.3.2.20190402172810	4921
1.3.3.20190402172810	5006
1.4.0	5091
1.4.1	4590
1.4.2	4367
1.4.3	4255
2.0.0	4165
2.0.1	4273
2.0.2	2640
2.0.3	2421
2.0.3.1	2591
2.0.4	2500
2.1.0	2454
2.1.1	2529
2.1.2	2446
2.2.0	2398
2.2.1	2343
2.2.2	2341
2.3.0	2279
2.3.1	2241
2.3.2	2228
2.3.3	2077
2.4.0	2047
2.4.1	1951
2.4.2	1791
2.4.3	1740
2.4.4	1618
2.5.0	1553
2.6.0	1342
2.6.1	1310
2.6.2	1257
2.6.3	1289
2.7.0	1002
2.7.1	836
2.7.2	605
2.7.3	509
2.7.4	430
3.0.0	217
