version	total
1.0.20160323	3717
1.0.20160311144647	3742
1.0.20160314171956	3733
1.0.20160318143738	3848
1.0.20160401183214	3731
1.0.20160406195023	3756
1.0.20160411202258	3780
1.0.20160421150319	3815
1.0.20160502202716	5113
1.0.20160715171107	7058
1.0.20161031135838	3815
1.0.20161123235904	3985
1.0.20161230191227	4019
1.0.20170216151734	3898
1.0.20170327202303	3901
1.0.20170414202629	4140
1.0.20170914161842	3821
1.0.20171010180436	4386
1.0.20171211211613	3808
1.0.20180216164101	4892
1.3.0.20181218191458	3409
1.3.0.20190206223817	1271
1.3.0.20190221150417	1134
1.3.1.20190301150258	3817
1.3.1.20190419203205	3339
1.3.2.20190419203205	3316
1.3.3.20190419203205	3579
1.4.0	1159
1.4.1	1221
1.4.2	1145
1.4.3	1181
2.0.0	1420
2.0.1	1090
2.0.2	1290
2.0.3	1086
2.0.3.1	1542
2.0.4	1111
