version	total
0.1.20160301181511	2654
0.1.20160318153100	2671
0.1.20160331153549	2664
0.1.20160412193510	2759
0.1.20160517202250	4900
0.1.20161031135838	2602
0.1.20161123074954	3550
0.1.20170818194607	2544
0.1.20171010180436	2561
0.1.20171211211613	3688
1.2.0.20180905185317	2187
1.2.0.20181108215719	2127
1.2.0.20181109162613	2220
1.2.0.20181121194423	2130
1.2.1	2263
1.3.0.20181130020805	2157
1.3.0.20190205182514	2072
1.3.0.20190221150417	195
1.3.1.20190301150258	2827
1.3.1.20190402172810	1993
1.3.2.20190402172810	1935
1.3.3.20190402172810	2012
1.4.0	2150
1.4.1	1644
1.4.2	1415
1.4.3	1302
2.0.0	1210
2.0.1	1337
2.0.2	279
2.0.3	62
2.0.3.1	192
2.0.4	135
2.1.0	98
2.1.1	166
2.1.2	94
2.2.0	39
