version	total
0.1.20160301181511	5169
0.1.20160318153100	5266
0.1.20160331153549	5168
0.1.20160412193510	4904
0.1.20160517202250	7640
0.1.20161031135838	5117
0.1.20161123074954	6075
0.1.20170818194607	5057
0.1.20171010180436	5124
0.1.20171211211613	6443
1.2.0.20180905185317	4692
1.2.0.20181108215719	4642
1.2.0.20181109162613	4717
1.2.0.20181121194423	4661
1.2.1	4757
1.3.0.20181130020805	4586
1.3.0.20190205182514	4519
1.3.0.20190221150417	2372
1.3.1.20190301150258	5968
1.3.1.20190402172810	4801
1.3.2.20190402172810	4732
1.3.3.20190402172810	4810
1.4.0	4895
1.4.1	4400
1.4.2	4177
1.4.3	4055
2.0.0	3969
2.0.1	4083
2.0.2	2487
2.0.3	2271
2.0.3.1	2439
2.0.4	2349
2.1.0	2303
2.1.1	2376
2.1.2	2295
2.2.0	2248
2.2.1	2192
2.2.2	2190
2.3.0	2127
2.3.1	2090
2.3.2	2076
2.3.3	1925
2.4.0	1895
2.4.1	1802
2.4.2	1638
2.4.3	1590
2.4.4	1467
2.5.0	1401
2.6.0	1191
2.6.1	1159
2.6.2	1107
2.6.3	1126
2.7.0	851
2.7.1	684
2.7.2	455
2.7.3	356
2.7.4	276
3.0.0	7
