version	total
0.1.20160301181511	4185
0.1.20160318153100	4253
0.1.20160331153549	4193
0.1.20160412193510	4240
0.1.20160517202250	6606
0.1.20161031135838	4139
0.1.20161123074954	5087
0.1.20170818194607	4084
0.1.20171010180436	4132
0.1.20171211211613	5406
1.2.0.20180905185317	3711
1.2.0.20181108215719	3670
1.2.0.20181109162613	3734
1.2.0.20181121194423	3684
1.2.1	3783
1.3.0.20181130020805	3635
1.3.0.20190205182514	3635
1.3.0.20190221150417	1484
1.3.1.20190301150258	4940
1.3.1.20190402172810	3770
1.3.2.20190402172810	3690
1.3.3.20190402172810	3772
1.4.0	3862
1.4.1	3365
1.4.2	3138
1.4.3	3019
2.0.0	2929
2.0.1	3056
2.0.2	1543
2.0.3	1329
2.0.3.1	1489
2.0.4	1403
2.1.0	1360
2.1.1	1435
2.1.2	1353
2.2.0	1305
2.2.1	1250
2.2.2	1241
2.3.0	1185
2.3.1	1144
2.3.2	1136
2.3.3	981
2.4.0	949
2.4.1	835
2.4.2	699
2.4.3	646
2.4.4	523
2.5.0	456
2.6.0	242
2.6.1	210
2.6.2	159
2.6.3	100
