version	total
0.1.20160301181511	5210
0.1.20160318153100	5306
0.1.20160331153549	5209
0.1.20160412193510	4918
0.1.20160517202250	7684
0.1.20161031135838	5159
0.1.20161123074954	6118
0.1.20170818194607	5097
0.1.20171010180436	5165
0.1.20171211211613	6486
1.2.0.20180905185317	4733
1.2.0.20181108215719	4683
1.2.0.20181109162613	4757
1.2.0.20181121194423	4703
1.2.1	4798
1.3.0.20181130020805	4627
1.3.0.20190205182514	4542
1.3.0.20190221150417	2397
1.3.1.20190301150258	5999
1.3.1.20190402172810	4848
1.3.2.20190402172810	4777
1.3.3.20190402172810	4855
1.4.0	4939
1.4.1	4446
1.4.2	4221
1.4.3	4102
2.0.0	4016
2.0.1	4130
2.0.2	2529
2.0.3	2312
2.0.3.1	2479
2.0.4	2390
2.1.0	2343
2.1.1	2417
2.1.2	2336
2.2.0	2289
2.2.1	2233
2.2.2	2230
2.3.0	2167
2.3.1	2130
2.3.2	2116
2.3.3	1965
2.4.0	1936
2.4.1	1842
2.4.2	1679
2.4.3	1630
2.4.4	1507
2.5.0	1441
2.6.0	1231
2.6.1	1199
2.6.2	1147
2.6.3	1168
2.7.0	891
2.7.1	724
2.7.2	495
2.7.3	396
2.7.4	316
3.0.0	72
