version	total
1.0.20160323	2646
1.0.20160311144647	2677
1.0.20160314171956	2675
1.0.20160318143738	2751
1.0.20160401183214	2680
1.0.20160406195023	2714
1.0.20160411202258	2731
1.0.20160421150319	2801
1.0.20160502202716	4021
1.0.20160715171107	5121
1.0.20161031135838	2777
1.0.20161123235904	2885
1.0.20161230191227	2943
1.0.20170216151734	2817
1.0.20170327202303	2793
1.0.20170414202629	3021
1.0.20170914161842	2742
1.0.20171010180436	3256
1.0.20171211211613	2767
1.0.20180216164101	3750
1.3.0.20181218191458	2322
1.3.0.20190206223817	297
1.3.0.20190221150417	253
1.3.1.20190301150258	2590
1.3.1.20190419203205	2092
1.3.2.20190419203205	2063
1.3.3.20190419203205	2416
1.4.0	198
1.4.1	269
1.4.2	191
1.4.3	220
2.0.0	459
2.0.1	139
2.0.2	338
2.0.3	136
2.0.3.1	524
2.0.4	123
