version	total
0.1.20160301181511	2940
0.1.20160318153100	2962
0.1.20160331153549	2949
0.1.20160412193510	3043
0.1.20160517202250	5214
0.1.20161031135838	2888
0.1.20161123074954	3833
0.1.20170818194607	2826
0.1.20171010180436	2848
0.1.20171211211613	3995
1.2.0.20180905185317	2461
1.2.0.20181108215719	2407
1.2.0.20181109162613	2499
1.2.0.20181121194423	2412
1.2.1	2544
1.3.0.20181130020805	2429
1.3.0.20190205182514	2365
1.3.0.20190221150417	311
1.3.1.20190301150258	3195
1.3.1.20190402172810	2308
1.3.2.20190402172810	2248
1.3.3.20190402172810	2333
1.4.0	2460
1.4.1	1958
1.4.2	1733
1.4.3	1612
2.0.0	1520
2.0.1	1651
2.0.2	398
2.0.3	179
2.0.3.1	309
2.0.4	253
2.1.0	215
2.1.1	284
2.1.2	208
2.2.0	157
2.2.1	101
2.2.2	92
2.3.0	24
