version	total
0.1.20160301181511	4005
0.1.20160318153100	4068
0.1.20160331153549	4012
0.1.20160412193510	4063
0.1.20160517202250	6397
0.1.20161031135838	3960
0.1.20161123074954	4905
0.1.20170818194607	3905
0.1.20171010180436	3947
0.1.20171211211613	5199
1.2.0.20180905185317	3528
1.2.0.20181108215719	3491
1.2.0.20181109162613	3552
1.2.0.20181121194423	3506
1.2.1	3601
1.3.0.20181130020805	3460
1.3.0.20190205182514	3447
1.3.0.20190221150417	1320
1.3.1.20190301150258	4642
1.3.1.20190402172810	3550
1.3.2.20190402172810	3465
1.3.3.20190402172810	3546
1.4.0	3639
1.4.1	3141
1.4.2	2915
1.4.3	2795
2.0.0	2704
2.0.1	2832
2.0.2	1377
2.0.3	1163
2.0.3.1	1322
2.0.4	1237
2.1.0	1194
2.1.1	1269
2.1.2	1186
2.2.0	1139
2.2.1	1084
2.2.2	1075
2.3.0	1019
2.3.1	978
2.3.2	970
2.3.3	815
2.4.0	781
2.4.1	667
2.4.2	533
2.4.3	480
2.4.4	357
2.5.0	291
2.6.0	75
2.6.1	40
