version	total
0.1.20160301181511	4721
0.1.20160318153100	4803
0.1.20160331153549	4722
0.1.20160412193510	4700
0.1.20160517202250	7162
0.1.20161031135838	4670
0.1.20161123074954	5623
0.1.20170818194607	4614
0.1.20171010180436	4672
0.1.20171211211613	5963
1.2.0.20180905185317	4245
1.2.0.20181108215719	4197
1.2.0.20181109162613	4270
1.2.0.20181121194423	4216
1.2.1	4313
1.3.0.20181130020805	4153
1.3.0.20190205182514	4163
1.3.0.20190221150417	1981
1.3.1.20190301150258	5536
1.3.1.20190402172810	4330
1.3.2.20190402172810	4253
1.3.3.20190402172810	4338
1.4.0	4416
1.4.1	3926
1.4.2	3696
1.4.3	3577
2.0.0	3489
2.0.1	3608
2.0.2	2051
2.0.3	1834
2.0.3.1	2000
2.0.4	1912
2.1.0	1868
2.1.1	1941
2.1.2	1859
2.2.0	1813
2.2.1	1756
2.2.2	1753
2.3.0	1693
2.3.1	1653
2.3.2	1644
2.3.3	1489
2.4.0	1461
2.4.1	1355
2.4.2	1206
2.4.3	1155
2.4.4	1031
2.5.0	965
2.6.0	753
2.6.1	722
2.6.2	670
2.6.3	672
2.7.0	416
2.7.1	248
