version	total
1.0.20160323	3629
1.0.20160311144647	3651
1.0.20160314171956	3646
1.0.20160318143738	3756
1.0.20160401183214	3642
1.0.20160406195023	3671
1.0.20160411202258	3691
1.0.20160421150319	3727
1.0.20160502202716	5023
1.0.20160715171107	6902
1.0.20161031135838	3726
1.0.20161123235904	3898
1.0.20161230191227	3927
1.0.20170216151734	3809
1.0.20170327202303	3812
1.0.20170414202629	4049
1.0.20170914161842	3731
1.0.20171010180436	4286
1.0.20171211211613	3721
1.0.20180216164101	4788
1.3.0.20181218191458	3324
1.3.0.20190206223817	1190
1.3.0.20190221150417	1054
1.3.1.20190301150258	3712
1.3.1.20190419203205	3235
1.3.2.20190419203205	3213
1.3.3.20190419203205	3478
1.4.0	1081
1.4.1	1143
1.4.2	1067
1.4.3	1103
2.0.0	1341
2.0.1	1012
2.0.2	1212
2.0.3	1008
2.0.3.1	1457
2.0.4	1033
