version	total
1.0.20160323	4496
1.0.20160311144647	4518
1.0.20160314171956	4500
1.0.20160318143738	4623
1.0.20160401183214	4499
1.0.20160406195023	4521
1.0.20160411202258	4558
1.0.20160421150319	4590
1.0.20160502202716	5885
1.0.20160715171107	8485
1.0.20161031135838	4589
1.0.20161123235904	4764
1.0.20161230191227	4811
1.0.20170216151734	4687
1.0.20170327202303	4691
1.0.20170414202629	4921
1.0.20170914161842	4601
1.0.20171010180436	5218
1.0.20171211211613	4580
1.0.20180216164101	5750
1.3.0.20181218191458	4195
1.3.0.20190206223817	2010
1.3.0.20190221150417	1872
1.3.1.20190301150258	4701
1.3.1.20190419203205	4211
1.3.2.20190419203205	4191
1.3.3.20190419203205	4375
1.4.0	1890
1.4.1	1949
1.4.2	1871
1.4.3	1913
2.0.0	2151
2.0.1	1817
2.0.2	2018
2.0.3	1814
2.0.3.1	2326
2.0.4	1839
2.6.3	363
2.7.0	269
