version	total
0.1.20160301181511	5421
0.1.20160318153100	5517
0.1.20160331153549	5412
0.1.20160412193510	4981
0.1.20160517202250	7933
0.1.20161031135838	5358
0.1.20161123074954	6326
0.1.20170818194607	5299
0.1.20171010180436	5378
0.1.20171211211613	6732
1.2.0.20180905185317	4936
1.2.0.20181108215719	4884
1.2.0.20181109162613	4964
1.2.0.20181121194423	4904
1.2.1	5002
1.3.0.20181130020805	4814
1.3.0.20190205182514	4663
1.3.0.20190221150417	2493
1.3.1.20190301150258	6234
1.3.1.20190402172810	5100
1.3.2.20190402172810	5025
1.3.3.20190402172810	5110
1.4.0	5199
1.4.1	4697
1.4.2	4472
1.4.3	4363
2.0.0	4270
2.0.1	4381
2.0.2	2719
2.0.3	2498
2.0.3.1	2669
2.0.4	2577
2.1.0	2531
2.1.1	2607
2.1.2	2524
2.2.0	2476
2.2.1	2420
2.2.2	2419
2.3.0	2357
2.3.1	2320
2.3.2	2307
2.3.3	2156
2.4.0	2124
2.4.1	2029
2.4.2	1869
2.4.3	1818
2.4.4	1696
2.5.0	1631
2.6.0	1419
2.6.1	1388
2.6.2	1336
2.6.3	1382
2.7.0	1080
2.7.1	914
2.7.2	681
2.7.3	586
2.7.4	511
3.0.0	319
