version	total
0.1.20160301181511	3008
0.1.20160318153100	3033
0.1.20160331153549	3016
0.1.20160412193510	3085
0.1.20160517202250	5287
0.1.20161031135838	2957
0.1.20161123074954	3905
0.1.20170818194607	2896
0.1.20171010180436	2917
0.1.20171211211613	4072
1.2.0.20180905185317	2531
1.2.0.20181108215719	2476
1.2.0.20181109162613	2568
1.2.0.20181121194423	2481
1.2.1	2611
1.3.0.20181130020805	2497
1.3.0.20190205182514	2423
1.3.0.20190221150417	370
1.3.1.20190301150258	3273
1.3.1.20190402172810	2384
1.3.2.20190402172810	2319
1.3.3.20190402172810	2407
1.4.0	2506
1.4.1	2007
1.4.2	1780
1.4.3	1661
2.0.0	1578
2.0.1	1705
2.0.2	434
2.0.3	215
2.0.3.1	366
2.0.4	290
2.1.0	245
2.1.1	315
2.1.2	240
2.2.0	188
2.2.1	132
2.2.2	123
2.3.0	64
2.3.1	24
2.3.2	4
