version	total
1.0.20160323	5276
1.0.20160311144647	5303
1.0.20160314171956	5266
1.0.20160318143738	5400
1.0.20160401183214	5267
1.0.20160406195023	5238
1.0.20160411202258	5330
1.0.20160421150319	5370
1.0.20160502202716	6664
1.0.20160715171107	9458
1.0.20161031135838	5111
1.0.20161123235904	5531
1.0.20161230191227	5589
1.0.20170216151734	5464
1.0.20170327202303	5459
1.0.20170414202629	5692
1.0.20170914161842	5366
1.0.20171010180436	5668
1.0.20171211211613	5130
1.0.20180216164101	6597
1.3.0.20181218191458	4973
1.3.0.20190206223817	2759
1.3.0.20190221150417	2619
1.3.1.20190301150258	5558
1.3.1.20190419203205	5065
1.3.2.20190419203205	5044
1.3.3.20190419203205	4764
1.4.0	2633
1.4.1	2690
1.4.2	2613
1.4.3	2655
2.0.0	2898
2.0.1	2560
2.0.2	2763
2.0.3	2557
2.0.3.1	3119
2.0.4	2583
2.6.3	1111
2.7.0	1020
