version	total
1.0.20160323	5033
1.0.20160311144647	5060
1.0.20160314171956	5032
1.0.20160318143738	5161
1.0.20160401183214	5034
1.0.20160406195023	5039
1.0.20160411202258	5092
1.0.20160421150319	5129
1.0.20160502202716	6419
1.0.20160715171107	9254
1.0.20161031135838	4988
1.0.20161123235904	5297
1.0.20161230191227	5353
1.0.20170216151734	5224
1.0.20170327202303	5225
1.0.20170414202629	5456
1.0.20170914161842	5137
1.0.20171010180436	5547
1.0.20171211211613	5008
1.0.20180216164101	6322
1.3.0.20181218191458	4738
1.3.0.20190206223817	2538
1.3.0.20190221150417	2396
1.3.1.20190301150258	5275
1.3.1.20190419203205	4780
1.3.2.20190419203205	4758
1.3.3.20190419203205	4647
1.4.0	2413
1.4.1	2472
1.4.2	2395
1.4.3	2437
2.0.0	2677
2.0.1	2340
2.0.2	2543
2.0.3	2337
2.0.3.1	2872
2.0.4	2362
2.6.3	888
2.7.0	798
