version	total
0.1.20160301181511	5172
0.1.20160318153100	5269
0.1.20160331153549	5170
0.1.20160412193510	4906
0.1.20160517202250	7643
0.1.20161031135838	5120
0.1.20161123074954	6077
0.1.20170818194607	5060
0.1.20171010180436	5127
0.1.20171211211613	6447
1.2.0.20180905185317	4696
1.2.0.20181108215719	4645
1.2.0.20181109162613	4720
1.2.0.20181121194423	4664
1.2.1	4760
1.3.0.20181130020805	4589
1.3.0.20190205182514	4522
1.3.0.20190221150417	2374
1.3.1.20190301150258	5975
1.3.1.20190402172810	4806
1.3.2.20190402172810	4736
1.3.3.20190402172810	4815
1.4.0	4900
1.4.1	4405
1.4.2	4182
1.4.3	4060
2.0.0	3974
2.0.1	4088
2.0.2	2491
2.0.3	2274
2.0.3.1	2442
2.0.4	2352
2.1.0	2306
2.1.1	2379
2.1.2	2298
2.2.0	2251
2.2.1	2195
2.2.2	2193
2.3.0	2130
2.3.1	2093
2.3.2	2078
2.3.3	1928
2.4.0	1899
2.4.1	1805
2.4.2	1641
2.4.3	1593
2.4.4	1470
2.5.0	1404
2.6.0	1194
2.6.1	1162
2.6.2	1110
2.6.3	1130
2.7.0	854
2.7.1	687
2.7.2	458
2.7.3	359
2.7.4	279
3.0.0	13
