version	total
1.0.20160323	3520
1.0.20160311144647	3541
1.0.20160314171956	3538
1.0.20160318143738	3649
1.0.20160401183214	3536
1.0.20160406195023	3561
1.0.20160411202258	3580
1.0.20160421150319	3615
1.0.20160502202716	4915
1.0.20160715171107	6690
1.0.20161031135838	3615
1.0.20161123235904	3785
1.0.20161230191227	3814
1.0.20170216151734	3694
1.0.20170327202303	3699
1.0.20170414202629	3939
1.0.20170914161842	3623
1.0.20171010180436	4163
1.0.20171211211613	3611
1.0.20180216164101	4663
1.3.0.20181218191458	3214
1.3.0.20190206223817	1083
1.3.0.20190221150417	944
1.3.1.20190301150258	3591
1.3.1.20190419203205	3117
1.3.2.20190419203205	3094
1.3.3.20190419203205	3358
1.4.0	974
1.4.1	1036
1.4.2	960
1.4.3	996
2.0.0	1234
2.0.1	905
2.0.2	1105
2.0.3	901
2.0.3.1	1340
2.0.4	926
