version	total
0.1.20160301181511	4227
0.1.20160318153100	4301
0.1.20160331153549	4234
0.1.20160412193510	4275
0.1.20160517202250	6650
0.1.20161031135838	4176
0.1.20161123074954	5129
0.1.20170818194607	4123
0.1.20171010180436	4177
0.1.20171211211613	5449
1.2.0.20180905185317	3755
1.2.0.20181108215719	3709
1.2.0.20181109162613	3776
1.2.0.20181121194423	3724
1.2.1	3824
1.3.0.20181130020805	3672
1.3.0.20190205182514	3674
1.3.0.20190221150417	1518
1.3.1.20190301150258	4984
1.3.1.20190402172810	3813
1.3.2.20190402172810	3736
1.3.3.20190402172810	3818
1.4.0	3906
1.4.1	3411
1.4.2	3183
1.4.3	3068
2.0.0	2974
2.0.1	3103
2.0.2	1583
2.0.3	1369
2.0.3.1	1532
2.0.4	1443
2.1.0	1401
2.1.1	1475
2.1.2	1393
2.2.0	1345
2.2.1	1290
2.2.2	1282
2.3.0	1226
2.3.1	1185
2.3.2	1176
2.3.3	1021
2.4.0	989
2.4.1	877
2.4.2	740
2.4.3	687
2.4.4	564
2.5.0	497
2.6.0	284
2.6.1	252
2.6.2	201
2.6.3	148
