version	total
0.1.20160301181511	4423
0.1.20160318153100	4497
0.1.20160331153549	4427
0.1.20160412193510	4468
0.1.20160517202250	6856
0.1.20161031135838	4371
0.1.20161123074954	5326
0.1.20170818194607	4316
0.1.20171010180436	4372
0.1.20171211211613	5654
1.2.0.20180905185317	3946
1.2.0.20181108215719	3901
1.2.0.20181109162613	3971
1.2.0.20181121194423	3918
1.2.1	4016
1.3.0.20181130020805	3855
1.3.0.20190205182514	3864
1.3.0.20190221150417	1689
1.3.1.20190301150258	5208
1.3.1.20190402172810	4016
1.3.2.20190402172810	3938
1.3.3.20190402172810	4024
1.4.0	4103
1.4.1	3611
1.4.2	3380
1.4.3	3266
2.0.0	3174
2.0.1	3298
2.0.2	1752
2.0.3	1537
2.0.3.1	1703
2.0.4	1613
2.1.0	1569
2.1.1	1642
2.1.2	1560
2.2.0	1514
2.2.1	1459
2.2.2	1453
2.3.0	1394
2.3.1	1355
2.3.2	1345
2.3.3	1191
2.4.0	1162
2.4.1	1053
2.4.2	909
2.4.3	856
2.4.4	732
2.5.0	667
2.6.0	454
2.6.1	423
2.6.2	370
2.6.3	359
2.7.0	113
