version	total
0.1.20160301181511	2867
0.1.20160318153100	2888
0.1.20160331153549	2877
0.1.20160412193510	2971
0.1.20160517202250	5137
0.1.20161031135838	2814
0.1.20161123074954	3760
0.1.20170818194607	2753
0.1.20171010180436	2775
0.1.20171211211613	3919
1.2.0.20180905185317	2392
1.2.0.20181108215719	2331
1.2.0.20181109162613	2426
1.2.0.20181121194423	2339
1.2.1	2470
1.3.0.20181130020805	2358
1.3.0.20190205182514	2286
1.3.0.20190221150417	302
1.3.1.20190301150258	3097
1.3.1.20190402172810	2226
1.3.2.20190402172810	2163
1.3.3.20190402172810	2247
1.4.0	2378
1.4.1	1876
1.4.2	1648
1.4.3	1529
2.0.0	1437
2.0.1	1563
2.0.2	388
2.0.3	170
2.0.3.1	301
2.0.4	243
2.1.0	206
2.1.1	274
2.1.2	200
2.2.0	149
2.2.1	90
2.2.2	69
