version	total
0.1.20160301181511	3677
0.1.20160318153100	3742
0.1.20160331153549	3685
0.1.20160412193510	3744
0.1.20160517202250	6031
0.1.20161031135838	3641
0.1.20161123074954	4578
0.1.20170818194607	3586
0.1.20171010180436	3621
0.1.20171211211613	4839
1.2.0.20180905185317	3202
1.2.0.20181108215719	3173
1.2.0.20181109162613	3227
1.2.0.20181121194423	3182
1.2.1	3275
1.3.0.20181130020805	3150
1.3.0.20190205182514	3114
1.3.0.20190221150417	1019
1.3.1.20190301150258	4180
1.3.1.20190402172810	3176
1.3.2.20190402172810	3084
1.3.3.20190402172810	3165
1.4.0	3259
1.4.1	2761
1.4.2	2536
1.4.3	2415
2.0.0	2325
2.0.1	2455
2.0.2	1068
2.0.3	853
2.0.3.1	1013
2.0.4	928
2.1.0	884
2.1.1	959
2.1.2	877
2.2.0	829
2.2.1	775
2.2.2	765
2.3.0	709
2.3.1	667
2.3.2	661
2.3.3	506
2.4.0	471
2.4.1	355
2.4.2	223
2.4.3	170
2.4.4	42
