version	total
0.1.20160301181511	4303
0.1.20160318153100	4374
0.1.20160331153549	4306
0.1.20160412193510	4349
0.1.20160517202250	6727
0.1.20161031135838	4250
0.1.20161123074954	5206
0.1.20170818194607	4195
0.1.20171010180436	4252
0.1.20171211211613	5526
1.2.0.20180905185317	3826
1.2.0.20181108215719	3780
1.2.0.20181109162613	3851
1.2.0.20181121194423	3798
1.2.1	3895
1.3.0.20181130020805	3743
1.3.0.20190205182514	3747
1.3.0.20190221150417	1593
1.3.1.20190301150258	5067
1.3.1.20190402172810	3892
1.3.2.20190402172810	3816
1.3.3.20190402172810	3902
1.4.0	3983
1.4.1	3489
1.4.2	3259
1.4.3	3146
2.0.0	3054
2.0.1	3179
2.0.2	1657
2.0.3	1442
2.0.3.1	1607
2.0.4	1518
2.1.0	1475
2.1.1	1548
2.1.2	1466
2.2.0	1420
2.2.1	1365
2.2.2	1359
2.3.0	1300
2.3.1	1261
2.3.2	1251
2.3.3	1096
2.4.0	1067
2.4.1	956
2.4.2	814
2.4.3	761
2.4.4	637
2.5.0	571
2.6.0	358
2.6.1	327
2.6.2	274
2.6.3	234
