version	total
1.0.20160323	3542
1.0.20160311144647	3563
1.0.20160314171956	3560
1.0.20160318143738	3671
1.0.20160401183214	3558
1.0.20160406195023	3583
1.0.20160411202258	3602
1.0.20160421150319	3637
1.0.20160502202716	4937
1.0.20160715171107	6732
1.0.20161031135838	3638
1.0.20161123235904	3809
1.0.20161230191227	3838
1.0.20170216151734	3718
1.0.20170327202303	3722
1.0.20170414202629	3961
1.0.20170914161842	3644
1.0.20171010180436	4190
1.0.20171211211613	3634
1.0.20180216164101	4690
1.3.0.20181218191458	3235
1.3.0.20190206223817	1104
1.3.0.20190221150417	965
1.3.1.20190301150258	3616
1.3.1.20190419203205	3140
1.3.2.20190419203205	3117
1.3.3.20190419203205	3382
1.4.0	996
1.4.1	1057
1.4.2	981
1.4.3	1017
2.0.0	1255
2.0.1	926
2.0.2	1127
2.0.3	922
2.0.3.1	1363
2.0.4	947
