version	total
1.0.20160323	2557
1.0.20160311144647	2591
1.0.20160314171956	2587
1.0.20160318143738	2664
1.0.20160401183214	2595
1.0.20160406195023	2626
1.0.20160411202258	2644
1.0.20160421150319	2712
1.0.20160502202716	3932
1.0.20160715171107	4952
1.0.20161031135838	2688
1.0.20161123235904	2798
1.0.20161230191227	2853
1.0.20170216151734	2727
1.0.20170327202303	2703
1.0.20170414202629	2935
1.0.20170914161842	2653
1.0.20171010180436	3157
1.0.20171211211613	2681
1.0.20180216164101	3649
1.3.0.20181218191458	2233
1.3.0.20190206223817	252
1.3.0.20190221150417	208
1.3.1.20190301150258	2490
1.3.1.20190419203205	1989
1.3.2.20190419203205	1958
1.3.3.20190419203205	2315
1.4.0	156
1.4.1	224
1.4.2	145
1.4.3	175
2.0.0	414
2.0.1	94
2.0.2	293
2.0.3	91
2.0.3.1	476
2.0.4	78
