version	total
1.0.20160323	2698
1.0.20160311144647	2730
1.0.20160314171956	2728
1.0.20160318143738	2803
1.0.20160401183214	2732
1.0.20160406195023	2766
1.0.20160411202258	2783
1.0.20160421150319	2853
1.0.20160502202716	4074
1.0.20160715171107	5222
1.0.20161031135838	2830
1.0.20161123235904	2937
1.0.20161230191227	2995
1.0.20170216151734	2869
1.0.20170327202303	2845
1.0.20170414202629	3073
1.0.20170914161842	2796
1.0.20171010180436	3308
1.0.20171211211613	2819
1.0.20180216164101	3801
1.3.0.20181218191458	2373
1.3.0.20190206223817	325
1.3.0.20190221150417	279
1.3.1.20190301150258	2643
1.3.1.20190419203205	2146
1.3.2.20190419203205	2116
1.3.3.20190419203205	2467
1.4.0	226
1.4.1	298
1.4.2	220
1.4.3	250
2.0.0	488
2.0.1	167
2.0.2	366
2.0.3	165
2.0.3.1	554
2.0.4	156
