version	total
0.1.20160301181511	4921
0.1.20160318153100	5005
0.1.20160331153549	4923
0.1.20160412193510	4797
0.1.20160517202250	7367
0.1.20161031135838	4868
0.1.20161123074954	5825
0.1.20170818194607	4811
0.1.20171010180436	4873
0.1.20171211211613	6166
1.2.0.20180905185317	4446
1.2.0.20181108215719	4396
1.2.0.20181109162613	4471
1.2.0.20181121194423	4415
1.2.1	4512
1.3.0.20181130020805	4351
1.3.0.20190205182514	4352
1.3.0.20190221150417	2172
1.3.1.20190301150258	5743
1.3.1.20190402172810	4536
1.3.2.20190402172810	4462
1.3.3.20190402172810	4547
1.4.0	4626
1.4.1	4134
1.4.2	3905
1.4.3	3786
2.0.0	3700
2.0.1	3818
2.0.2	2252
2.0.3	2035
2.0.3.1	2201
2.0.4	2113
2.1.0	2068
2.1.1	2142
2.1.2	2060
2.2.0	2014
2.2.1	1956
2.2.2	1954
2.3.0	1892
2.3.1	1853
2.3.2	1843
2.3.3	1688
2.4.0	1660
2.4.1	1555
2.4.2	1405
2.4.3	1354
2.4.4	1231
2.5.0	1165
2.6.0	953
2.6.1	922
2.6.2	870
2.6.3	877
2.7.0	616
2.7.1	449
2.7.2	218
2.7.3	118
2.7.4	22
