version	total
0.1.20160301181511	4191
0.1.20160318153100	4259
0.1.20160331153549	4199
0.1.20160412193510	4246
0.1.20160517202250	6613
0.1.20161031135838	4145
0.1.20161123074954	5093
0.1.20170818194607	4090
0.1.20171010180436	4138
0.1.20171211211613	5412
1.2.0.20180905185317	3717
1.2.0.20181108215719	3676
1.2.0.20181109162613	3740
1.2.0.20181121194423	3689
1.2.1	3789
1.3.0.20181130020805	3641
1.3.0.20190205182514	3641
1.3.0.20190221150417	1490
1.3.1.20190301150258	4946
1.3.1.20190402172810	3776
1.3.2.20190402172810	3696
1.3.3.20190402172810	3778
1.4.0	3868
1.4.1	3371
1.4.2	3144
1.4.3	3025
2.0.0	2935
2.0.1	3062
2.0.2	1549
2.0.3	1335
2.0.3.1	1495
2.0.4	1409
2.1.0	1366
2.1.1	1441
2.1.2	1359
2.2.0	1311
2.2.1	1256
2.2.2	1247
2.3.0	1191
2.3.1	1150
2.3.2	1142
2.3.3	987
2.4.0	955
2.4.1	841
2.4.2	705
2.4.3	652
2.4.4	530
2.5.0	463
2.6.0	249
2.6.1	217
2.6.2	166
2.6.3	109
