version	total
0.1.20160301181511	3628
0.1.20160318153100	3691
0.1.20160331153549	3634
0.1.20160412193510	3693
0.1.20160517202250	5973
0.1.20161031135838	3590
0.1.20161123074954	4526
0.1.20170818194607	3535
0.1.20171010180436	3569
0.1.20171211211613	4781
1.2.0.20180905185317	3152
1.2.0.20181108215719	3122
1.2.0.20181109162613	3177
1.2.0.20181121194423	3130
1.2.1	3223
1.3.0.20181130020805	3102
1.3.0.20190205182514	3062
1.3.0.20190221150417	971
1.3.1.20190301150258	4111
1.3.1.20190402172810	3120
1.3.2.20190402172810	3028
1.3.3.20190402172810	3109
1.4.0	3203
1.4.1	2705
1.4.2	2479
1.4.3	2359
2.0.0	2269
2.0.1	2399
2.0.2	1020
2.0.3	805
2.0.3.1	966
2.0.4	880
2.1.0	836
2.1.1	911
2.1.2	829
2.2.0	781
2.2.1	727
2.2.2	717
2.3.0	661
2.3.1	619
2.3.2	613
2.3.3	458
2.4.0	423
2.4.1	307
2.4.2	175
2.4.3	121
