version	total
0.1.20160301181511	5083
0.1.20160318153100	5176
0.1.20160331153549	5084
0.1.20160412193510	4866
0.1.20160517202250	7544
0.1.20161031135838	5029
0.1.20161123074954	5988
0.1.20170818194607	4971
0.1.20171010180436	5039
0.1.20171211211613	6345
1.2.0.20180905185317	4607
1.2.0.20181108215719	4557
1.2.0.20181109162613	4632
1.2.0.20181121194423	4574
1.2.1	4675
1.3.0.20181130020805	4505
1.3.0.20190205182514	4467
1.3.0.20190221150417	2309
1.3.1.20190301150258	5901
1.3.1.20190402172810	4710
1.3.2.20190402172810	4639
1.3.3.20190402172810	4721
1.4.0	4806
1.4.1	4314
1.4.2	4086
1.4.3	3967
2.0.0	3883
2.0.1	3997
2.0.2	2408
2.0.3	2193
2.0.3.1	2358
2.0.4	2270
2.1.0	2224
2.1.1	2297
2.1.2	2217
2.2.0	2169
2.2.1	2112
2.2.2	2111
2.3.0	2048
2.3.1	2009
2.3.2	1999
2.3.3	1844
2.4.0	1816
2.4.1	1713
2.4.2	1561
2.4.3	1509
2.4.4	1388
2.5.0	1321
2.6.0	1111
2.6.1	1078
2.6.2	1027
2.6.3	1043
2.7.0	772
2.7.1	605
2.7.2	375
2.7.3	275
2.7.4	189
