version	total
0.1.20160301181511	3162
0.1.20160318153100	3207
0.1.20160331153549	3171
0.1.20160412193510	3232
0.1.20160517202250	5455
0.1.20161031135838	3119
0.1.20161123074954	4060
0.1.20170818194607	3059
0.1.20171010180436	3091
0.1.20171211211613	4250
1.2.0.20180905185317	2688
1.2.0.20181108215719	2643
1.2.0.20181109162613	2719
1.2.0.20181121194423	2652
1.2.1	2765
1.3.0.20181130020805	2651
1.3.0.20190205182514	2577
1.3.0.20190221150417	524
1.3.1.20190301150258	3456
1.3.1.20190402172810	2564
1.3.2.20190402172810	2488
1.3.3.20190402172810	2575
1.4.0	2666
1.4.1	2169
1.4.2	1942
1.4.3	1819
2.0.0	1732
2.0.1	1864
2.0.2	575
2.0.3	358
2.0.3.1	519
2.0.4	434
2.1.0	387
2.1.1	460
2.1.2	379
2.2.0	331
2.2.1	274
2.2.2	262
2.3.0	206
2.3.1	165
2.3.2	157
