version	total
1.0.20160323	2777
1.0.20160311144647	2810
1.0.20160314171956	2808
1.0.20160318143738	2887
1.0.20160401183214	2811
1.0.20160406195023	2845
1.0.20160411202258	2863
1.0.20160421150319	2933
1.0.20160502202716	4156
1.0.20160715171107	5377
1.0.20161031135838	2912
1.0.20161123235904	3019
1.0.20161230191227	3078
1.0.20170216151734	2951
1.0.20170327202303	2927
1.0.20170414202629	3161
1.0.20170914161842	2881
1.0.20171010180436	3394
1.0.20171211211613	2901
1.0.20180216164101	3885
1.3.0.20181218191458	2458
1.3.0.20190206223817	351
1.3.0.20190221150417	301
1.3.1.20190301150258	2736
1.3.1.20190419203205	2243
1.3.2.20190419203205	2210
1.3.3.20190419203205	2558
1.4.0	252
1.4.1	322
1.4.2	243
1.4.3	276
2.0.0	514
2.0.1	192
2.0.2	391
2.0.3	189
2.0.3.1	587
2.0.4	194
