version	total
1.0.20160323	3880
1.0.20160311144647	3903
1.0.20160314171956	3892
1.0.20160318143738	4011
1.0.20160401183214	3890
1.0.20160406195023	3914
1.0.20160411202258	3942
1.0.20160421150319	3978
1.0.20160502202716	5273
1.0.20160715171107	7354
1.0.20161031135838	3978
1.0.20161123235904	4147
1.0.20161230191227	4183
1.0.20170216151734	4063
1.0.20170327202303	4064
1.0.20170414202629	4305
1.0.20170914161842	3984
1.0.20171010180436	4574
1.0.20171211211613	3971
1.0.20180216164101	5082
1.3.0.20181218191458	3572
1.3.0.20190206223817	1427
1.3.0.20190221150417	1289
1.3.1.20190301150258	4020
1.3.1.20190419203205	3540
1.3.2.20190419203205	3516
1.3.3.20190419203205	3779
1.4.0	1313
1.4.1	1373
1.4.2	1297
1.4.3	1335
2.0.0	1573
2.0.1	1242
2.0.2	1442
2.0.3	1238
2.0.3.1	1712
2.0.4	1263
