version	total
1.0.20160323	4328
1.0.20160311144647	4353
1.0.20160314171956	4334
1.0.20160318143738	4455
1.0.20160401183214	4333
1.0.20160406195023	4355
1.0.20160411202258	4390
1.0.20160421150319	4421
1.0.20160502202716	5717
1.0.20160715171107	8164
1.0.20161031135838	4426
1.0.20161123235904	4597
1.0.20161230191227	4642
1.0.20170216151734	4519
1.0.20170327202303	4523
1.0.20170414202629	4755
1.0.20170914161842	4433
1.0.20171010180436	5053
1.0.20171211211613	4419
1.0.20180216164101	5575
1.3.0.20181218191458	4025
1.3.0.20190206223817	1842
1.3.0.20190221150417	1703
1.3.1.20190301150258	4522
1.3.1.20190419203205	4032
1.3.2.20190419203205	4012
1.3.3.20190419203205	4256
1.4.0	1724
1.4.1	1783
1.4.2	1706
1.4.3	1747
2.0.0	1984
2.0.1	1651
2.0.2	1852
2.0.3	1648
2.0.3.1	2152
2.0.4	1673
2.6.3	194
2.7.0	97
