version	total
0.1.20160301181511	4384
0.1.20160318153100	4457
0.1.20160331153549	4387
0.1.20160412193510	4430
0.1.20160517202250	6815
0.1.20161031135838	4333
0.1.20161123074954	5287
0.1.20170818194607	4278
0.1.20171010180436	4333
0.1.20171211211613	5616
1.2.0.20180905185317	3907
1.2.0.20181108215719	3862
1.2.0.20181109162613	3932
1.2.0.20181121194423	3881
1.2.1	3976
1.3.0.20181130020805	3822
1.3.0.20190205182514	3829
1.3.0.20190221150417	1657
1.3.1.20190301150258	5175
1.3.1.20190402172810	3983
1.3.2.20190402172810	3904
1.3.3.20190402172810	3989
1.4.0	4069
1.4.1	3577
1.4.2	3347
1.4.3	3233
2.0.0	3141
2.0.1	3265
2.0.2	1720
2.0.3	1505
2.0.3.1	1670
2.0.4	1581
2.1.0	1538
2.1.1	1611
2.1.2	1529
2.2.0	1483
2.2.1	1428
2.2.2	1422
2.3.0	1363
2.3.1	1324
2.3.2	1314
2.3.3	1160
2.4.0	1131
2.4.1	1022
2.4.2	878
2.4.3	825
2.4.4	701
2.5.0	636
2.6.0	423
2.6.1	392
2.6.2	339
2.6.3	324
2.7.0	75
