version	total
1.0.20160323	4460
1.0.20160311144647	4483
1.0.20160314171956	4463
1.0.20160318143738	4586
1.0.20160401183214	4462
1.0.20160406195023	4485
1.0.20160411202258	4521
1.0.20160421150319	4555
1.0.20160502202716	5848
1.0.20160715171107	8414
1.0.20161031135838	4552
1.0.20161123235904	4727
1.0.20161230191227	4774
1.0.20170216151734	4650
1.0.20170327202303	4654
1.0.20170414202629	4884
1.0.20170914161842	4564
1.0.20171010180436	5181
1.0.20171211211613	4544
1.0.20180216164101	5710
1.3.0.20181218191458	4159
1.3.0.20190206223817	1974
1.3.0.20190221150417	1836
1.3.1.20190301150258	4662
1.3.1.20190419203205	4171
1.3.2.20190419203205	4152
1.3.3.20190419203205	4344
1.4.0	1854
1.4.1	1914
1.4.2	1835
1.4.3	1877
2.0.0	2115
2.0.1	1781
2.0.2	1982
2.0.3	1778
2.0.3.1	2288
2.0.4	1803
2.6.3	326
2.7.0	232
