version	total
1.0.20160323	3642
1.0.20160311144647	3665
1.0.20160314171956	3659
1.0.20160318143738	3772
1.0.20160401183214	3657
1.0.20160406195023	3684
1.0.20160411202258	3705
1.0.20160421150319	3738
1.0.20160502202716	5036
1.0.20160715171107	6925
1.0.20161031135838	3741
1.0.20161123235904	3911
1.0.20161230191227	3941
1.0.20170216151734	3822
1.0.20170327202303	3825
1.0.20170414202629	4063
1.0.20170914161842	3745
1.0.20171010180436	4302
1.0.20171211211613	3735
1.0.20180216164101	4803
1.3.0.20181218191458	3336
1.3.0.20190206223817	1202
1.3.0.20190221150417	1066
1.3.1.20190301150258	3728
1.3.1.20190419203205	3251
1.3.2.20190419203205	3229
1.3.3.20190419203205	3494
1.4.0	1093
1.4.1	1155
1.4.2	1079
1.4.3	1115
2.0.0	1353
2.0.1	1024
2.0.2	1224
2.0.3	1020
2.0.3.1	1471
2.0.4	1045
