version	total
0.1.20160301181511	5241
0.1.20160318153100	5337
0.1.20160331153549	5239
0.1.20160412193510	4931
0.1.20160517202250	7716
0.1.20161031135838	5190
0.1.20161123074954	6148
0.1.20170818194607	5127
0.1.20171010180436	5195
0.1.20171211211613	6521
1.2.0.20180905185317	4765
1.2.0.20181108215719	4713
1.2.0.20181109162613	4787
1.2.0.20181121194423	4733
1.2.1	4827
1.3.0.20181130020805	4657
1.3.0.20190205182514	4559
1.3.0.20190221150417	2414
1.3.1.20190301150258	6027
1.3.1.20190402172810	4884
1.3.2.20190402172810	4811
1.3.3.20190402172810	4889
1.4.0	4973
1.4.1	4481
1.4.2	4256
1.4.3	4137
2.0.0	4051
2.0.1	4163
2.0.2	2557
2.0.3	2340
2.0.3.1	2508
2.0.4	2418
2.1.0	2372
2.1.1	2446
2.1.2	2365
2.2.0	2318
2.2.1	2262
2.2.2	2259
2.3.0	2196
2.3.1	2159
2.3.2	2145
2.3.3	1994
2.4.0	1965
2.4.1	1871
2.4.2	1708
2.4.3	1659
2.4.4	1536
2.5.0	1470
2.6.0	1260
2.6.1	1228
2.6.2	1176
2.6.3	1198
2.7.0	920
2.7.1	753
2.7.2	524
2.7.3	425
2.7.4	347
3.0.0	123
