version	total
1.0.20160323	4537
1.0.20160311144647	4559
1.0.20160314171956	4541
1.0.20160318143738	4664
1.0.20160401183214	4540
1.0.20160406195023	4562
1.0.20160411202258	4599
1.0.20160421150319	4631
1.0.20160502202716	5926
1.0.20160715171107	8565
1.0.20161031135838	4629
1.0.20161123235904	4805
1.0.20161230191227	4852
1.0.20170216151734	4728
1.0.20170327202303	4732
1.0.20170414202629	4962
1.0.20170914161842	4642
1.0.20171010180436	5256
1.0.20171211211613	4620
1.0.20180216164101	5791
1.3.0.20181218191458	4236
1.3.0.20190206223817	2051
1.3.0.20190221150417	1913
1.3.1.20190301150258	4742
1.3.1.20190419203205	4252
1.3.2.20190419203205	4232
1.3.3.20190419203205	4402
1.4.0	1931
1.4.1	1990
1.4.2	1912
1.4.3	1954
2.0.0	2192
2.0.1	1858
2.0.2	2059
2.0.3	1855
2.0.3.1	2367
2.0.4	1880
2.6.3	404
2.7.0	310
