version	total
1.0.20160323	4547
1.0.20160311144647	4569
1.0.20160314171956	4551
1.0.20160318143738	4674
1.0.20160401183214	4550
1.0.20160406195023	4572
1.0.20160411202258	4609
1.0.20160421150319	4640
1.0.20160502202716	5935
1.0.20160715171107	8584
1.0.20161031135838	4639
1.0.20161123235904	4814
1.0.20161230191227	4862
1.0.20170216151734	4738
1.0.20170327202303	4742
1.0.20170414202629	4971
1.0.20170914161842	4652
1.0.20171010180436	5266
1.0.20171211211613	4629
1.0.20180216164101	5802
1.3.0.20181218191458	4246
1.3.0.20190206223817	2061
1.3.0.20190221150417	1922
1.3.1.20190301150258	4753
1.3.1.20190419203205	4263
1.3.2.20190419203205	4244
1.3.3.20190419203205	4408
1.4.0	1941
1.4.1	2000
1.4.2	1922
1.4.3	1964
2.0.0	2202
2.0.1	1868
2.0.2	2069
2.0.3	1865
2.0.3.1	2378
2.0.4	1889
2.6.3	414
2.7.0	320
