version	total
0.1.20160301181511	4392
0.1.20160318153100	4465
0.1.20160331153549	4395
0.1.20160412193510	4437
0.1.20160517202250	6823
0.1.20161031135838	4340
0.1.20161123074954	5295
0.1.20170818194607	4285
0.1.20171010180436	4341
0.1.20171211211613	5623
1.2.0.20180905185317	3915
1.2.0.20181108215719	3870
1.2.0.20181109162613	3940
1.2.0.20181121194423	3888
1.2.1	3984
1.3.0.20181130020805	3829
1.3.0.20190205182514	3836
1.3.0.20190221150417	1664
1.3.1.20190301150258	5182
1.3.1.20190402172810	3990
1.3.2.20190402172810	3912
1.3.3.20190402172810	3997
1.4.0	4077
1.4.1	3585
1.4.2	3355
1.4.3	3241
2.0.0	3149
2.0.1	3273
2.0.2	1728
2.0.3	1513
2.0.3.1	1678
2.0.4	1589
2.1.0	1546
2.1.1	1619
2.1.2	1537
2.2.0	1491
2.2.1	1436
2.2.2	1430
2.3.0	1371
2.3.1	1332
2.3.2	1322
2.3.3	1168
2.4.0	1139
2.4.1	1030
2.4.2	886
2.4.3	833
2.4.4	709
2.5.0	644
2.6.0	431
2.6.1	400
2.6.2	347
2.6.3	336
2.7.0	90
