version	total
1.0.20160323	5187
1.0.20160311144647	5216
1.0.20160314171956	5184
1.0.20160318143738	5315
1.0.20160401183214	5187
1.0.20160406195023	5169
1.0.20160411202258	5244
1.0.20160421150319	5283
1.0.20160502202716	6578
1.0.20160715171107	9381
1.0.20161031135838	5063
1.0.20161123235904	5448
1.0.20161230191227	5505
1.0.20170216151734	5377
1.0.20170327202303	5375
1.0.20170414202629	5607
1.0.20170914161842	5287
1.0.20171010180436	5622
1.0.20171211211613	5083
1.0.20180216164101	6495
1.3.0.20181218191458	4887
1.3.0.20190206223817	2679
1.3.0.20190221150417	2539
1.3.1.20190301150258	5451
1.3.1.20190419203205	4962
1.3.2.20190419203205	4940
1.3.3.20190419203205	4724
1.4.0	2555
1.4.1	2612
1.4.2	2535
1.4.3	2577
2.0.0	2818
2.0.1	2480
2.0.2	2683
2.0.3	2478
2.0.3.1	3025
2.0.4	2504
2.6.3	1032
2.7.0	940
