version	total
0.1.20160301181511	3910
0.1.20160318153100	3972
0.1.20160331153549	3917
0.1.20160412193510	3967
0.1.20160517202250	6290
0.1.20161031135838	3864
0.1.20161123074954	4810
0.1.20170818194607	3810
0.1.20171010180436	3852
0.1.20171211211613	5090
1.2.0.20180905185317	3433
1.2.0.20181108215719	3396
1.2.0.20181109162613	3456
1.2.0.20181121194423	3407
1.2.1	3505
1.3.0.20181130020805	3366
1.3.0.20190205182514	3344
1.3.0.20190221150417	1228
1.3.1.20190301150258	4493
1.3.1.20190402172810	3433
1.3.2.20190402172810	3348
1.3.3.20190402172810	3429
1.4.0	3523
1.4.1	3025
1.4.2	2799
1.4.3	2679
2.0.0	2588
2.0.1	2716
2.0.2	1285
2.0.3	1070
2.0.3.1	1230
2.0.4	1145
2.1.0	1101
2.1.1	1176
2.1.2	1093
2.2.0	1047
2.2.1	992
2.2.2	983
2.3.0	926
2.3.1	886
2.3.2	878
2.3.3	723
2.4.0	689
2.4.1	575
2.4.2	441
2.4.3	388
2.4.4	265
2.5.0	195
