version	total
1.0.20160323	2568
1.0.20160311144647	2602
1.0.20160314171956	2598
1.0.20160318143738	2675
1.0.20160401183214	2606
1.0.20160406195023	2637
1.0.20160411202258	2655
1.0.20160421150319	2723
1.0.20160502202716	3942
1.0.20160715171107	4974
1.0.20161031135838	2699
1.0.20161123235904	2810
1.0.20161230191227	2864
1.0.20170216151734	2738
1.0.20170327202303	2714
1.0.20170414202629	2946
1.0.20170914161842	2664
1.0.20171010180436	3169
1.0.20171211211613	2692
1.0.20180216164101	3661
1.3.0.20181218191458	2245
1.3.0.20190206223817	258
1.3.0.20190221150417	215
1.3.1.20190301150258	2503
1.3.1.20190419203205	2003
1.3.2.20190419203205	1972
1.3.3.20190419203205	2328
1.4.0	162
1.4.1	231
1.4.2	153
1.4.3	182
2.0.0	420
2.0.1	100
2.0.2	299
2.0.3	96
2.0.3.1	484
2.0.4	86
