version	total
0.1.20160301181511	2658
0.1.20160318153100	2675
0.1.20160331153549	2668
0.1.20160412193510	2763
0.1.20160517202250	4904
0.1.20161031135838	2606
0.1.20161123074954	3554
0.1.20170818194607	2548
0.1.20171010180436	2565
0.1.20171211211613	3692
1.2.0.20180905185317	2191
1.2.0.20181108215719	2131
1.2.0.20181109162613	2224
1.2.0.20181121194423	2134
1.2.1	2267
1.3.0.20181130020805	2161
1.3.0.20190205182514	2076
1.3.0.20190221150417	197
1.3.1.20190301150258	2831
1.3.1.20190402172810	1997
1.3.2.20190402172810	1939
1.3.3.20190402172810	2016
1.4.0	2154
1.4.1	1648
1.4.2	1419
1.4.3	1306
2.0.0	1214
2.0.1	1341
2.0.2	281
2.0.3	64
2.0.3.1	194
2.0.4	137
2.1.0	100
2.1.1	168
2.1.2	96
2.2.0	41
