version	total
1.0.20160323	4475
1.0.20160311144647	4497
1.0.20160314171956	4479
1.0.20160318143738	4602
1.0.20160401183214	4478
1.0.20160406195023	4500
1.0.20160411202258	4537
1.0.20160421150319	4570
1.0.20160502202716	5864
1.0.20160715171107	8444
1.0.20161031135838	4568
1.0.20161123235904	4743
1.0.20161230191227	4790
1.0.20170216151734	4666
1.0.20170327202303	4670
1.0.20170414202629	4900
1.0.20170914161842	4580
1.0.20171010180436	5196
1.0.20171211211613	4560
1.0.20180216164101	5728
1.3.0.20181218191458	4174
1.3.0.20190206223817	1989
1.3.0.20190221150417	1851
1.3.1.20190301150258	4679
1.3.1.20190419203205	4188
1.3.2.20190419203205	4169
1.3.3.20190419203205	4354
1.4.0	1869
1.4.1	1928
1.4.2	1850
1.4.3	1892
2.0.0	2130
2.0.1	1796
2.0.2	1997
2.0.3	1793
2.0.3.1	2304
2.0.4	1818
2.6.3	341
2.7.0	247
