version	total
1.0.20160323	5045
1.0.20160311144647	5072
1.0.20160314171956	5045
1.0.20160318143738	5173
1.0.20160401183214	5046
1.0.20160406195023	5051
1.0.20160411202258	5105
1.0.20160421150319	5141
1.0.20160502202716	6432
1.0.20160715171107	9266
1.0.20161031135838	4994
1.0.20161123235904	5309
1.0.20161230191227	5365
1.0.20170216151734	5236
1.0.20170327202303	5237
1.0.20170414202629	5468
1.0.20170914161842	5149
1.0.20171010180436	5552
1.0.20171211211613	5014
1.0.20180216164101	6334
1.3.0.20181218191458	4750
1.3.0.20190206223817	2550
1.3.0.20190221150417	2408
1.3.1.20190301150258	5287
1.3.1.20190419203205	4792
1.3.2.20190419203205	4771
1.3.3.20190419203205	4652
1.4.0	2426
1.4.1	2484
1.4.2	2407
1.4.3	2449
2.0.0	2689
2.0.1	2352
2.0.2	2555
2.0.3	2350
2.0.3.1	2884
2.0.4	2375
2.6.3	900
2.7.0	810
