version	total
1.0.20160323	2677
1.0.20160311144647	2709
1.0.20160314171956	2707
1.0.20160318143738	2782
1.0.20160401183214	2711
1.0.20160406195023	2746
1.0.20160411202258	2762
1.0.20160421150319	2834
1.0.20160502202716	4052
1.0.20160715171107	5183
1.0.20161031135838	2809
1.0.20161123235904	2916
1.0.20161230191227	2974
1.0.20170216151734	2848
1.0.20170327202303	2824
1.0.20170414202629	3052
1.0.20170914161842	2775
1.0.20171010180436	3288
1.0.20171211211613	2798
1.0.20180216164101	3782
1.3.0.20181218191458	2353
1.3.0.20190206223817	312
1.3.0.20190221150417	268
1.3.1.20190301150258	2623
1.3.1.20190419203205	2125
1.3.2.20190419203205	2096
1.3.3.20190419203205	2449
1.4.0	213
1.4.1	285
1.4.2	207
1.4.3	237
2.0.0	475
2.0.1	154
2.0.2	353
2.0.3	152
2.0.3.1	540
2.0.4	139
