version	total
1.0.20160323	4443
1.0.20160311144647	4466
1.0.20160314171956	4447
1.0.20160318143738	4569
1.0.20160401183214	4446
1.0.20160406195023	4469
1.0.20160411202258	4504
1.0.20160421150319	4538
1.0.20160502202716	5831
1.0.20160715171107	8385
1.0.20161031135838	4537
1.0.20161123235904	4711
1.0.20161230191227	4757
1.0.20170216151734	4633
1.0.20170327202303	4637
1.0.20170414202629	4867
1.0.20170914161842	4548
1.0.20171010180436	5166
1.0.20171211211613	4529
1.0.20180216164101	5692
1.3.0.20181218191458	4142
1.3.0.20190206223817	1957
1.3.0.20190221150417	1819
1.3.1.20190301150258	4643
1.3.1.20190419203205	4153
1.3.2.20190419203205	4134
1.3.3.20190419203205	4333
1.4.0	1838
1.4.1	1898
1.4.2	1820
1.4.3	1861
2.0.0	2099
2.0.1	1765
2.0.2	1966
2.0.3	1762
2.0.3.1	2270
2.0.4	1787
2.6.3	309
2.7.0	215
