version	total
0.1.20160301181511	4234
0.1.20160318153100	4307
0.1.20160331153549	4240
0.1.20160412193510	4281
0.1.20160517202250	6656
0.1.20161031135838	4182
0.1.20161123074954	5135
0.1.20170818194607	4129
0.1.20171010180436	4183
0.1.20171211211613	5455
1.2.0.20180905185317	3761
1.2.0.20181108215719	3715
1.2.0.20181109162613	3782
1.2.0.20181121194423	3730
1.2.1	3830
1.3.0.20181130020805	3678
1.3.0.20190205182514	3680
1.3.0.20190221150417	1524
1.3.1.20190301150258	4990
1.3.1.20190402172810	3819
1.3.2.20190402172810	3742
1.3.3.20190402172810	3824
1.4.0	3912
1.4.1	3417
1.4.2	3189
1.4.3	3075
2.0.0	2980
2.0.1	3109
2.0.2	1589
2.0.3	1375
2.0.3.1	1538
2.0.4	1449
2.1.0	1407
2.1.1	1481
2.1.2	1399
2.2.0	1351
2.2.1	1296
2.2.2	1288
2.3.0	1232
2.3.1	1191
2.3.2	1182
2.3.3	1027
2.4.0	995
2.4.1	884
2.4.2	746
2.4.3	693
2.4.4	570
2.5.0	503
2.6.0	290
2.6.1	258
2.6.2	207
2.6.3	157
