version	total
1.0.20160323	4926
1.0.20160311144647	4952
1.0.20160314171956	4928
1.0.20160318143738	5052
1.0.20160401183214	4927
1.0.20160406195023	4941
1.0.20160411202258	4988
1.0.20160421150319	5021
1.0.20160502202716	6311
1.0.20160715171107	9150
1.0.20161031135838	4929
1.0.20161123235904	5193
1.0.20161230191227	5243
1.0.20170216151734	5119
1.0.20170327202303	5118
1.0.20170414202629	5350
1.0.20170914161842	5030
1.0.20171010180436	5482
1.0.20171211211613	4948
1.0.20180216164101	6204
1.3.0.20181218191458	4630
1.3.0.20190206223817	2437
1.3.0.20190221150417	2298
1.3.1.20190301150258	5158
1.3.1.20190419203205	4662
1.3.2.20190419203205	4644
1.3.3.20190419203205	4595
1.4.0	2313
1.4.1	2372
1.4.2	2294
1.4.3	2336
2.0.0	2575
2.0.1	2240
2.0.2	2442
2.0.3	2238
2.0.3.1	2761
2.0.4	2262
2.6.3	788
2.7.0	697
