version	total
0.1.20160301181511	5024
0.1.20160318153100	5115
0.1.20160331153549	5026
0.1.20160412193510	4840
0.1.20160517202250	7479
0.1.20161031135838	4970
0.1.20161123074954	5929
0.1.20170818194607	4912
0.1.20171010180436	4977
0.1.20171211211613	6277
1.2.0.20180905185317	4548
1.2.0.20181108215719	4496
1.2.0.20181109162613	4574
1.2.0.20181121194423	4517
1.2.1	4616
1.3.0.20181130020805	4451
1.3.0.20190205182514	4433
1.3.0.20190221150417	2261
1.3.1.20190301150258	5851
1.3.1.20190402172810	4648
1.3.2.20190402172810	4575
1.3.3.20190402172810	4658
1.4.0	4736
1.4.1	4245
1.4.2	4018
1.4.3	3897
2.0.0	3811
2.0.1	3929
2.0.2	2351
2.0.3	2134
2.0.3.1	2300
2.0.4	2212
2.1.0	2167
2.1.1	2241
2.1.2	2159
2.2.0	2112
2.2.1	2055
2.2.2	2053
2.3.0	1991
2.3.1	1952
2.3.2	1942
2.3.3	1787
2.4.0	1759
2.4.1	1654
2.4.2	1504
2.4.3	1453
2.4.4	1330
2.5.0	1264
2.6.0	1052
2.6.1	1021
2.6.2	969
2.6.3	981
2.7.0	715
2.7.1	548
2.7.2	317
2.7.3	218
2.7.4	132
