version	total
0.1.20160301181511	3228
0.1.20160318153100	3280
0.1.20160331153549	3237
0.1.20160412193510	3295
0.1.20160517202250	5529
0.1.20161031135838	3189
0.1.20161123074954	4130
0.1.20170818194607	3131
0.1.20171010180436	3164
0.1.20171211211613	4328
1.2.0.20180905185317	2755
1.2.0.20181108215719	2717
1.2.0.20181109162613	2783
1.2.0.20181121194423	2726
1.2.1	2828
1.3.0.20181130020805	2715
1.3.0.20190205182514	2645
1.3.0.20190221150417	588
1.3.1.20190301150258	3549
1.3.1.20190402172810	2650
1.3.2.20190402172810	2570
1.3.3.20190402172810	2652
1.4.0	2745
1.4.1	2249
1.4.2	2022
1.4.3	1904
2.0.0	1813
2.0.1	1942
2.0.2	637
2.0.3	420
2.0.3.1	583
2.0.4	495
2.1.0	451
2.1.1	524
2.1.2	443
2.2.0	393
2.2.1	339
2.2.2	329
2.3.0	270
2.3.1	228
2.3.2	223
2.3.3	65
2.4.0	4
