version	total
0.1.20160301181511	2724
0.1.20160318153100	2742
0.1.20160331153549	2734
0.1.20160412193510	2829
0.1.20160517202250	4979
0.1.20161031135838	2672
0.1.20161123074954	3620
0.1.20170818194607	2614
0.1.20171010180436	2631
0.1.20171211211613	3765
1.2.0.20180905185317	2256
1.2.0.20181108215719	2195
1.2.0.20181109162613	2288
1.2.0.20181121194423	2200
1.2.1	2333
1.3.0.20181130020805	2225
1.3.0.20190205182514	2149
1.3.0.20190221150417	232
1.3.1.20190301150258	2926
1.3.1.20190402172810	2073
1.3.2.20190402172810	2016
1.3.3.20190402172810	2092
1.4.0	2230
1.4.1	1725
1.4.2	1496
1.4.3	1382
2.0.0	1291
2.0.1	1419
2.0.2	317
2.0.3	98
2.0.3.1	230
2.0.4	173
2.1.0	137
2.1.1	204
2.1.2	131
2.2.0	79
2.2.1	17
