version	total
1.0.20160323	3722
1.0.20160311144647	3747
1.0.20160314171956	3738
1.0.20160318143738	3853
1.0.20160401183214	3736
1.0.20160406195023	3761
1.0.20160411202258	3785
1.0.20160421150319	3819
1.0.20160502202716	5118
1.0.20160715171107	7067
1.0.20161031135838	3820
1.0.20161123235904	3990
1.0.20161230191227	4024
1.0.20170216151734	3903
1.0.20170327202303	3906
1.0.20170414202629	4145
1.0.20170914161842	3826
1.0.20171010180436	4392
1.0.20171211211613	3813
1.0.20180216164101	4897
1.3.0.20181218191458	3414
1.3.0.20190206223817	1276
1.3.0.20190221150417	1138
1.3.1.20190301150258	3824
1.3.1.20190419203205	3347
1.3.2.20190419203205	3323
1.3.3.20190419203205	3586
1.4.0	1164
1.4.1	1226
1.4.2	1150
1.4.3	1186
2.0.0	1425
2.0.1	1095
2.0.2	1296
2.0.3	1091
2.0.3.1	1548
2.0.4	1116
