version	total
1.0.20160323	5125
1.0.20160311144647	5154
1.0.20160314171956	5124
1.0.20160318143738	5253
1.0.20160401183214	5128
1.0.20160406195023	5119
1.0.20160411202258	5182
1.0.20160421150319	5221
1.0.20160502202716	6516
1.0.20160715171107	9343
1.0.20161031135838	5038
1.0.20161123235904	5387
1.0.20161230191227	5443
1.0.20170216151734	5315
1.0.20170327202303	5314
1.0.20170414202629	5545
1.0.20170914161842	5229
1.0.20171010180436	5592
1.0.20171211211613	5057
1.0.20180216164101	6424
1.3.0.20181218191458	4828
1.3.0.20190206223817	2625
1.3.0.20190221150417	2484
1.3.1.20190301150258	5380
1.3.1.20190419203205	4885
1.3.2.20190419203205	4862
1.3.3.20190419203205	4691
1.4.0	2501
1.4.1	2559
1.4.2	2483
1.4.3	2524
2.0.0	2763
2.0.1	2427
2.0.2	2629
2.0.3	2425
2.0.3.1	2963
2.0.4	2451
2.6.3	976
2.7.0	885
