version	total
0.1.20160301181511	3232
0.1.20160318153100	3284
0.1.20160331153549	3241
0.1.20160412193510	3299
0.1.20160517202250	5533
0.1.20161031135838	3193
0.1.20161123074954	4134
0.1.20170818194607	3135
0.1.20171010180436	3168
0.1.20171211211613	4332
1.2.0.20180905185317	2759
1.2.0.20181108215719	2721
1.2.0.20181109162613	2787
1.2.0.20181121194423	2730
1.2.1	2832
1.3.0.20181130020805	2719
1.3.0.20190205182514	2650
1.3.0.20190221150417	593
1.3.1.20190301150258	3553
1.3.1.20190402172810	2654
1.3.2.20190402172810	2574
1.3.3.20190402172810	2656
1.4.0	2749
1.4.1	2253
1.4.2	2026
1.4.3	1908
2.0.0	1817
2.0.1	1946
2.0.2	642
2.0.3	425
2.0.3.1	588
2.0.4	500
2.1.0	455
2.1.1	529
2.1.2	448
2.2.0	398
2.2.1	344
2.2.2	333
2.3.0	275
2.3.1	233
2.3.2	228
2.3.3	70
2.4.0	21
