version	total
1.0.20160323	2503
1.0.20160311144647	2537
1.0.20160314171956	2533
1.0.20160318143738	2610
1.0.20160401183214	2541
1.0.20160406195023	2572
1.0.20160411202258	2590
1.0.20160421150319	2658
1.0.20160502202716	3878
1.0.20160715171107	4848
1.0.20161031135838	2634
1.0.20161123235904	2743
1.0.20161230191227	2798
1.0.20170216151734	2671
1.0.20170327202303	2648
1.0.20170414202629	2881
1.0.20170914161842	2599
1.0.20171010180436	3097
1.0.20171211211613	2627
1.0.20180216164101	3587
1.3.0.20181218191458	2179
1.3.0.20190206223817	223
1.3.0.20190221150417	180
1.3.1.20190301150258	2431
1.3.1.20190419203205	1930
1.3.2.20190419203205	1899
1.3.3.20190419203205	2255
1.4.0	129
1.4.1	197
1.4.2	117
1.4.3	148
2.0.0	386
2.0.1	66
2.0.2	264
2.0.3	62
2.0.3.1	447
2.0.4	50
