version	total
1.0.20160323	2770
1.0.20160311144647	2803
1.0.20160314171956	2801
1.0.20160318143738	2879
1.0.20160401183214	2804
1.0.20160406195023	2838
1.0.20160411202258	2856
1.0.20160421150319	2926
1.0.20160502202716	4149
1.0.20160715171107	5363
1.0.20161031135838	2905
1.0.20161123235904	3012
1.0.20161230191227	3070
1.0.20170216151734	2943
1.0.20170327202303	2920
1.0.20170414202629	3151
1.0.20170914161842	2873
1.0.20171010180436	3387
1.0.20171211211613	2894
1.0.20180216164101	3878
1.3.0.20181218191458	2450
1.3.0.20190206223817	351
1.3.0.20190221150417	301
1.3.1.20190301150258	2729
1.3.1.20190419203205	2235
1.3.2.20190419203205	2203
1.3.3.20190419203205	2551
1.4.0	252
1.4.1	321
1.4.2	243
1.4.3	276
2.0.0	514
2.0.1	192
2.0.2	391
2.0.3	189
2.0.3.1	586
2.0.4	190
