version	total
0.1.20160301181511	5227
0.1.20160318153100	5323
0.1.20160331153549	5225
0.1.20160412193510	4925
0.1.20160517202250	7700
0.1.20161031135838	5175
0.1.20161123074954	6134
0.1.20170818194607	5113
0.1.20171010180436	5181
0.1.20171211211613	6502
1.2.0.20180905185317	4749
1.2.0.20181108215719	4699
1.2.0.20181109162613	4773
1.2.0.20181121194423	4719
1.2.1	4814
1.3.0.20181130020805	4643
1.3.0.20190205182514	4550
1.3.0.20190221150417	2407
1.3.1.20190301150258	6007
1.3.1.20190402172810	4864
1.3.2.20190402172810	4793
1.3.3.20190402172810	4871
1.4.0	4955
1.4.1	4462
1.4.2	4238
1.4.3	4118
2.0.0	4031
2.0.1	4145
2.0.2	2544
2.0.3	2327
2.0.3.1	2495
2.0.4	2405
2.1.0	2359
2.1.1	2433
2.1.2	2352
2.2.0	2305
2.2.1	2249
2.2.2	2246
2.3.0	2183
2.3.1	2146
2.3.2	2132
2.3.3	1981
2.4.0	1952
2.4.1	1858
2.4.2	1695
2.4.3	1646
2.4.4	1523
2.5.0	1457
2.6.0	1247
2.6.1	1215
2.6.2	1163
2.6.3	1184
2.7.0	907
2.7.1	740
2.7.2	511
2.7.3	412
2.7.4	334
3.0.0	93
