version	total
0.1.20160301181511	3707
0.1.20160318153100	3772
0.1.20160331153549	3715
0.1.20160412193510	3774
0.1.20160517202250	6064
0.1.20161031135838	3671
0.1.20161123074954	4608
0.1.20170818194607	3616
0.1.20171010180436	3651
0.1.20171211211613	4872
1.2.0.20180905185317	3232
1.2.0.20181108215719	3203
1.2.0.20181109162613	3257
1.2.0.20181121194423	3212
1.2.1	3305
1.3.0.20181130020805	3179
1.3.0.20190205182514	3145
1.3.0.20190221150417	1048
1.3.1.20190301150258	4219
1.3.1.20190402172810	3209
1.3.2.20190402172810	3117
1.3.3.20190402172810	3198
1.4.0	3292
1.4.1	2794
1.4.2	2569
1.4.3	2448
2.0.0	2358
2.0.1	2488
2.0.2	1097
2.0.3	882
2.0.3.1	1042
2.0.4	957
2.1.0	913
2.1.1	988
2.1.2	906
2.2.0	858
2.2.1	804
2.2.2	794
2.3.0	738
2.3.1	696
2.3.2	690
2.3.3	535
2.4.0	500
2.4.1	384
2.4.2	252
2.4.3	199
2.4.4	73
