version	total
0.1.20160301181511	4486
0.1.20160318153100	4563
0.1.20160331153549	4490
0.1.20160412193510	4531
0.1.20160517202250	6920
0.1.20161031135838	4435
0.1.20161123074954	5389
0.1.20170818194607	4379
0.1.20171010180436	4436
0.1.20171211211613	5720
1.2.0.20180905185317	4009
1.2.0.20181108215719	3963
1.2.0.20181109162613	4035
1.2.0.20181121194423	3980
1.2.1	4078
1.3.0.20181130020805	3919
1.3.0.20190205182514	3929
1.3.0.20190221150417	1751
1.3.1.20190301150258	5279
1.3.1.20190402172810	4081
1.3.2.20190402172810	4005
1.3.3.20190402172810	4090
1.4.0	4167
1.4.1	3676
1.4.2	3446
1.4.3	3329
2.0.0	3239
2.0.1	3361
2.0.2	1814
2.0.3	1598
2.0.3.1	1766
2.0.4	1675
2.1.0	1632
2.1.1	1705
2.1.2	1623
2.2.0	1577
2.2.1	1521
2.2.2	1517
2.3.0	1457
2.3.1	1417
2.3.2	1408
2.3.3	1253
2.4.0	1225
2.4.1	1116
2.4.2	971
2.4.3	919
2.4.4	795
2.5.0	729
2.6.0	517
2.6.1	486
2.6.2	433
2.6.3	423
2.7.0	176
