version	total
0.1.20160301181511	3986
0.1.20160318153100	4049
0.1.20160331153549	3993
0.1.20160412193510	4044
0.1.20160517202250	6376
0.1.20161031135838	3941
0.1.20161123074954	4886
0.1.20170818194607	3886
0.1.20171010180436	3928
0.1.20171211211613	5178
1.2.0.20180905185317	3509
1.2.0.20181108215719	3472
1.2.0.20181109162613	3533
1.2.0.20181121194423	3485
1.2.1	3582
1.3.0.20181130020805	3442
1.3.0.20190205182514	3428
1.3.0.20190221150417	1302
1.3.1.20190301150258	4619
1.3.1.20190402172810	3530
1.3.2.20190402172810	3445
1.3.3.20190402172810	3525
1.4.0	3619
1.4.1	3121
1.4.2	2895
1.4.3	2775
2.0.0	2684
2.0.1	2812
2.0.2	1359
2.0.3	1144
2.0.3.1	1304
2.0.4	1219
2.1.0	1176
2.1.1	1251
2.1.2	1168
2.2.0	1121
2.2.1	1066
2.2.2	1057
2.3.0	1001
2.3.1	960
2.3.2	952
2.3.3	797
2.4.0	763
2.4.1	649
2.4.2	515
2.4.3	462
2.4.4	339
2.5.0	273
2.6.0	56
