version	total
0.1.20160301181511	3077
0.1.20160318153100	3111
0.1.20160331153549	3087
0.1.20160412193510	3149
0.1.20160517202250	5365
0.1.20161031135838	3031
0.1.20161123074954	3974
0.1.20170818194607	2968
0.1.20171010180436	2997
0.1.20171211211613	4152
1.2.0.20180905185317	2600
1.2.0.20181108215719	2548
1.2.0.20181109162613	2635
1.2.0.20181121194423	2557
1.2.1	2680
1.3.0.20181130020805	2566
1.3.0.20190205182514	2490
1.3.0.20190221150417	440
1.3.1.20190301150258	3351
1.3.1.20190402172810	2464
1.3.2.20190402172810	2392
1.3.3.20190402172810	2483
1.4.0	2574
1.4.1	2076
1.4.2	1848
1.4.3	1727
2.0.0	1643
2.0.1	1771
2.0.2	493
2.0.3	276
2.0.3.1	435
2.0.4	352
2.1.0	306
2.1.1	378
2.1.2	299
2.2.0	250
2.2.1	194
2.2.2	182
2.3.0	125
2.3.1	85
2.3.2	75
