version	total
1.0.20160323	2989
1.0.20160311144647	3024
1.0.20160314171956	3020
1.0.20160318143738	3109
1.0.20160401183214	3018
1.0.20160406195023	3051
1.0.20160411202258	3070
1.0.20160421150319	3099
1.0.20160502202716	4373
1.0.20160715171107	5721
1.0.20161031135838	3093
1.0.20161123235904	3245
1.0.20161230191227	3292
1.0.20170216151734	3172
1.0.20170327202303	3152
1.0.20170414202629	3389
1.0.20170914161842	3096
1.0.20171010180436	3587
1.0.20171211211613	3096
1.0.20180216164101	4086
1.3.0.20181218191458	2681
1.3.0.20190206223817	548
1.3.0.20190221150417	447
1.3.1.20190301150258	2971
1.3.1.20190419203205	2484
1.3.2.20190419203205	2462
1.3.3.20190419203205	2752
1.4.0	444
1.4.1	512
1.4.2	435
1.4.3	469
2.0.0	705
2.0.1	382
2.0.2	584
2.0.3	381
2.0.3.1	783
2.0.4	398
