version	total
0.1.20160301181511	4659
0.1.20160318153100	4738
0.1.20160331153549	4661
0.1.20160412193510	4664
0.1.20160517202250	7099
0.1.20161031135838	4606
0.1.20161123074954	5561
0.1.20170818194607	4550
0.1.20171010180436	4608
0.1.20171211211613	5898
1.2.0.20180905185317	4182
1.2.0.20181108215719	4133
1.2.0.20181109162613	4208
1.2.0.20181121194423	4153
1.2.1	4251
1.3.0.20181130020805	4089
1.3.0.20190205182514	4102
1.3.0.20190221150417	1920
1.3.1.20190301150258	5472
1.3.1.20190402172810	4264
1.3.2.20190402172810	4189
1.3.3.20190402172810	4274
1.4.0	4351
1.4.1	3861
1.4.2	3631
1.4.3	3512
2.0.0	3424
2.0.1	3544
2.0.2	1987
2.0.3	1771
2.0.3.1	1938
2.0.4	1848
2.1.0	1804
2.1.1	1877
2.1.2	1795
2.2.0	1749
2.2.1	1692
2.2.2	1689
2.3.0	1630
2.3.1	1590
2.3.2	1581
2.3.3	1426
2.4.0	1398
2.4.1	1290
2.4.2	1143
2.4.3	1092
2.4.4	968
2.5.0	901
2.6.0	689
2.6.1	658
2.6.2	606
2.6.3	607
2.7.0	352
2.7.1	183
