version	total
0.1.20160301181511	4230
0.1.20160318153100	4303
0.1.20160331153549	4236
0.1.20160412193510	4277
0.1.20160517202250	6652
0.1.20161031135838	4178
0.1.20161123074954	5131
0.1.20170818194607	4125
0.1.20171010180436	4179
0.1.20171211211613	5451
1.2.0.20180905185317	3757
1.2.0.20181108215719	3711
1.2.0.20181109162613	3778
1.2.0.20181121194423	3726
1.2.1	3826
1.3.0.20181130020805	3674
1.3.0.20190205182514	3676
1.3.0.20190221150417	1520
1.3.1.20190301150258	4986
1.3.1.20190402172810	3815
1.3.2.20190402172810	3738
1.3.3.20190402172810	3820
1.4.0	3908
1.4.1	3413
1.4.2	3185
1.4.3	3071
2.0.0	2976
2.0.1	3105
2.0.2	1585
2.0.3	1371
2.0.3.1	1534
2.0.4	1445
2.1.0	1403
2.1.1	1477
2.1.2	1395
2.2.0	1347
2.2.1	1292
2.2.2	1284
2.3.0	1228
2.3.1	1187
2.3.2	1178
2.3.3	1023
2.4.0	991
2.4.1	879
2.4.2	742
2.4.3	689
2.4.4	566
2.5.0	499
2.6.0	286
2.6.1	254
2.6.2	203
2.6.3	150
