version	total
1.0.20160323	4227
1.0.20160311144647	4248
1.0.20160314171956	4230
1.0.20160318143738	4353
1.0.20160401183214	4230
1.0.20160406195023	4252
1.0.20160411202258	4288
1.0.20160421150319	4321
1.0.20160502202716	5614
1.0.20160715171107	7978
1.0.20161031135838	4324
1.0.20161123235904	4497
1.0.20161230191227	4540
1.0.20170216151734	4416
1.0.20170327202303	4422
1.0.20170414202629	4656
1.0.20170914161842	4330
1.0.20171010180436	4950
1.0.20171211211613	4317
1.0.20180216164101	5473
1.3.0.20181218191458	3925
1.3.0.20190206223817	1750
1.3.0.20190221150417	1611
1.3.1.20190301150258	4422
1.3.1.20190419203205	3933
1.3.2.20190419203205	3913
1.3.3.20190419203205	4156
1.4.0	1629
1.4.1	1689
1.4.2	1612
1.4.3	1651
2.0.0	1889
2.0.1	1557
2.0.2	1757
2.0.3	1554
2.0.3.1	2056
2.0.4	1579
2.6.3	97
