version	total
1.0.20160323	2574
1.0.20160311144647	2608
1.0.20160314171956	2604
1.0.20160318143738	2681
1.0.20160401183214	2612
1.0.20160406195023	2643
1.0.20160411202258	2661
1.0.20160421150319	2729
1.0.20160502202716	3948
1.0.20160715171107	4986
1.0.20161031135838	2705
1.0.20161123235904	2816
1.0.20161230191227	2870
1.0.20170216151734	2744
1.0.20170327202303	2720
1.0.20170414202629	2952
1.0.20170914161842	2670
1.0.20171010180436	3175
1.0.20171211211613	2698
1.0.20180216164101	3667
1.3.0.20181218191458	2251
1.3.0.20190206223817	261
1.3.0.20190221150417	218
1.3.1.20190301150258	2509
1.3.1.20190419203205	2009
1.3.2.20190419203205	1978
1.3.3.20190419203205	2334
1.4.0	165
1.4.1	234
1.4.2	156
1.4.3	185
2.0.0	423
2.0.1	103
2.0.2	302
2.0.3	99
2.0.3.1	487
2.0.4	89
