version	total
1.0.20160323	3874
1.0.20160311144647	3897
1.0.20160314171956	3886
1.0.20160318143738	4005
1.0.20160401183214	3884
1.0.20160406195023	3908
1.0.20160411202258	3936
1.0.20160421150319	3972
1.0.20160502202716	5268
1.0.20160715171107	7342
1.0.20161031135838	3972
1.0.20161123235904	4142
1.0.20161230191227	4177
1.0.20170216151734	4057
1.0.20170327202303	4059
1.0.20170414202629	4299
1.0.20170914161842	3978
1.0.20171010180436	4568
1.0.20171211211613	3965
1.0.20180216164101	5076
1.3.0.20181218191458	3566
1.3.0.20190206223817	1421
1.3.0.20190221150417	1283
1.3.1.20190301150258	4014
1.3.1.20190419203205	3534
1.3.2.20190419203205	3511
1.3.3.20190419203205	3773
1.4.0	1307
1.4.1	1367
1.4.2	1291
1.4.3	1329
2.0.0	1567
2.0.1	1236
2.0.2	1436
2.0.3	1232
2.0.3.1	1706
2.0.4	1257
