version	total
1.0.20160323	4598
1.0.20160311144647	4618
1.0.20160314171956	4599
1.0.20160318143738	4726
1.0.20160401183214	4598
1.0.20160406195023	4616
1.0.20160411202258	4658
1.0.20160421150319	4691
1.0.20160502202716	5986
1.0.20160715171107	8667
1.0.20161031135838	4681
1.0.20161123235904	4864
1.0.20161230191227	4911
1.0.20170216151734	4787
1.0.20170327202303	4792
1.0.20170414202629	5022
1.0.20170914161842	4700
1.0.20171010180436	5298
1.0.20171211211613	4671
1.0.20180216164101	5854
1.3.0.20181218191458	4297
1.3.0.20190206223817	2112
1.3.0.20190221150417	1973
1.3.1.20190301150258	4806
1.3.1.20190419203205	4315
1.3.2.20190419203205	4296
1.3.3.20190419203205	4431
1.4.0	1991
1.4.1	2050
1.4.2	1972
1.4.3	2014
2.0.0	2252
2.0.1	1918
2.0.2	2119
2.0.3	1915
2.0.3.1	2428
2.0.4	1939
2.6.3	464
2.7.0	370
