version	total
1.0.20160323	3594
1.0.20160311144647	3615
1.0.20160314171956	3612
1.0.20160318143738	3723
1.0.20160401183214	3609
1.0.20160406195023	3635
1.0.20160411202258	3654
1.0.20160421150319	3690
1.0.20160502202716	4989
1.0.20160715171107	6833
1.0.20161031135838	3692
1.0.20161123235904	3863
1.0.20161230191227	3890
1.0.20170216151734	3771
1.0.20170327202303	3776
1.0.20170414202629	4015
1.0.20170914161842	3696
1.0.20171010180436	4247
1.0.20171211211613	3686
1.0.20180216164101	4748
1.3.0.20181218191458	3289
1.3.0.20190206223817	1156
1.3.0.20190221150417	1018
1.3.1.20190301150258	3674
1.3.1.20190419203205	3199
1.3.2.20190419203205	3177
1.3.3.20190419203205	3440
1.4.0	1048
1.4.1	1109
1.4.2	1034
1.4.3	1070
2.0.0	1308
2.0.1	979
2.0.2	1179
2.0.3	975
2.0.3.1	1419
2.0.4	1000
