version	total
1.0.20160323	2821
1.0.20160311144647	2857
1.0.20160314171956	2854
1.0.20160318143738	2933
1.0.20160401183214	2854
1.0.20160406195023	2888
1.0.20160411202258	2907
1.0.20160421150319	2965
1.0.20160502202716	4200
1.0.20160715171107	5449
1.0.20161031135838	2953
1.0.20161123235904	3070
1.0.20161230191227	3126
1.0.20170216151734	3003
1.0.20170327202303	2977
1.0.20170414202629	3210
1.0.20170914161842	2928
1.0.20171010180436	3440
1.0.20171211211613	2946
1.0.20180216164101	3932
1.3.0.20181218191458	2504
1.3.0.20190206223817	372
1.3.0.20190221150417	312
1.3.1.20190301150258	2790
1.3.1.20190419203205	2301
1.3.2.20190419203205	2273
1.3.3.20190419203205	2602
1.4.0	274
1.4.1	342
1.4.2	265
1.4.3	297
2.0.0	535
2.0.1	213
2.0.2	411
2.0.3	210
2.0.3.1	613
2.0.4	227
