version	total
1.0.20160323	4380
1.0.20160311144647	4404
1.0.20160314171956	4386
1.0.20160318143738	4507
1.0.20160401183214	4384
1.0.20160406195023	4407
1.0.20160411202258	4441
1.0.20160421150319	4474
1.0.20160502202716	5768
1.0.20160715171107	8264
1.0.20161031135838	4476
1.0.20161123235904	4648
1.0.20161230191227	4694
1.0.20170216151734	4570
1.0.20170327202303	4574
1.0.20170414202629	4805
1.0.20170914161842	4486
1.0.20171010180436	5106
1.0.20171211211613	4468
1.0.20180216164101	5627
1.3.0.20181218191458	4077
1.3.0.20190206223817	1894
1.3.0.20190221150417	1755
1.3.1.20190301150258	4576
1.3.1.20190419203205	4086
1.3.2.20190419203205	4067
1.3.3.20190419203205	4298
1.4.0	1775
1.4.1	1835
1.4.2	1757
1.4.3	1798
2.0.0	2036
2.0.1	1702
2.0.2	1903
2.0.3	1699
2.0.3.1	2204
2.0.4	1724
2.6.3	244
2.7.0	148
