version	total
0.1.20160301181511	4588
0.1.20160318153100	4667
0.1.20160331153549	4591
0.1.20160412193510	4612
0.1.20160517202250	7024
0.1.20161031135838	4536
0.1.20161123074954	5490
0.1.20170818194607	4480
0.1.20171010180436	4538
0.1.20171211211613	5824
1.2.0.20180905185317	4111
1.2.0.20181108215719	4064
1.2.0.20181109162613	4137
1.2.0.20181121194423	4082
1.2.1	4179
1.3.0.20181130020805	4020
1.3.0.20190205182514	4031
1.3.0.20190221150417	1851
1.3.1.20190301150258	5390
1.3.1.20190402172810	4189
1.3.2.20190402172810	4112
1.3.3.20190402172810	4197
1.4.0	4274
1.4.1	3784
1.4.2	3554
1.4.3	3436
2.0.0	3347
2.0.1	3470
2.0.2	1917
2.0.3	1701
2.0.3.1	1868
2.0.4	1777
2.1.0	1734
2.1.1	1807
2.1.2	1725
2.2.0	1679
2.2.1	1622
2.2.2	1619
2.3.0	1559
2.3.1	1519
2.3.2	1510
2.3.3	1355
2.4.0	1327
2.4.1	1219
2.4.2	1072
2.4.3	1021
2.4.4	897
2.5.0	831
2.6.0	619
2.6.1	588
2.6.2	536
2.6.3	532
2.7.0	281
2.7.1	111
