version	total
1.0.20160323	3524
1.0.20160311144647	3545
1.0.20160314171956	3542
1.0.20160318143738	3653
1.0.20160401183214	3540
1.0.20160406195023	3565
1.0.20160411202258	3584
1.0.20160421150319	3619
1.0.20160502202716	4919
1.0.20160715171107	6698
1.0.20161031135838	3619
1.0.20161123235904	3790
1.0.20161230191227	3818
1.0.20170216151734	3699
1.0.20170327202303	3703
1.0.20170414202629	3943
1.0.20170914161842	3625
1.0.20171010180436	4167
1.0.20171211211613	3616
1.0.20180216164101	4668
1.3.0.20181218191458	3218
1.3.0.20190206223817	1087
1.3.0.20190221150417	948
1.3.1.20190301150258	3597
1.3.1.20190419203205	3121
1.3.2.20190419203205	3098
1.3.3.20190419203205	3362
1.4.0	979
1.4.1	1040
1.4.2	964
1.4.3	1000
2.0.0	1238
2.0.1	909
2.0.2	1110
2.0.3	905
2.0.3.1	1344
2.0.4	930
