version	total
0.1.20160301181511	3128
0.1.20160318153100	3164
0.1.20160331153549	3137
0.1.20160412193510	3198
0.1.20160517202250	5416
0.1.20161031135838	3081
0.1.20161123074954	4025
0.1.20170818194607	3017
0.1.20171010180436	3047
0.1.20171211211613	4203
1.2.0.20180905185317	2649
1.2.0.20181108215719	2597
1.2.0.20181109162613	2684
1.2.0.20181121194423	2608
1.2.1	2729
1.3.0.20181130020805	2615
1.3.0.20190205182514	2540
1.3.0.20190221150417	490
1.3.1.20190301150258	3406
1.3.1.20190402172810	2515
1.3.2.20190402172810	2445
1.3.3.20190402172810	2534
1.4.0	2626
1.4.1	2127
1.4.2	1899
1.4.3	1778
2.0.0	1694
2.0.1	1823
2.0.2	542
2.0.3	325
2.0.3.1	485
2.0.4	402
2.1.0	353
2.1.1	426
2.1.2	345
2.2.0	298
2.2.1	241
2.2.2	229
2.3.0	173
2.3.1	132
2.3.2	123
