version	total
0.1.20160301181511	4763
0.1.20160318153100	4845
0.1.20160331153549	4764
0.1.20160412193510	4719
0.1.20160517202250	7205
0.1.20161031135838	4709
0.1.20161123074954	5665
0.1.20170818194607	4653
0.1.20171010180436	4714
0.1.20171211211613	6004
1.2.0.20180905185317	4287
1.2.0.20181108215719	4237
1.2.0.20181109162613	4312
1.2.0.20181121194423	4256
1.2.1	4355
1.3.0.20181130020805	4192
1.3.0.20190205182514	4200
1.3.0.20190221150417	2016
1.3.1.20190301150258	5580
1.3.1.20190402172810	4374
1.3.2.20190402172810	4299
1.3.3.20190402172810	4384
1.4.0	4462
1.4.1	3971
1.4.2	3742
1.4.3	3622
2.0.0	3535
2.0.1	3654
2.0.2	2092
2.0.3	1875
2.0.3.1	2041
2.0.4	1953
2.1.0	1908
2.1.1	1981
2.1.2	1899
2.2.0	1853
2.2.1	1796
2.2.2	1793
2.3.0	1733
2.3.1	1693
2.3.2	1684
2.3.3	1529
2.4.0	1501
2.4.1	1396
2.4.2	1246
2.4.3	1194
2.4.4	1071
2.5.0	1004
2.6.0	793
2.6.1	762
2.6.2	711
2.6.3	715
2.7.0	457
2.7.1	290
2.7.2	51
