version	total
0.1.20160301181511	2802
0.1.20160318153100	2821
0.1.20160331153549	2814
0.1.20160412193510	2911
0.1.20160517202250	5068
0.1.20161031135838	2752
0.1.20161123074954	3697
0.1.20170818194607	2691
0.1.20171010180436	2711
0.1.20171211211613	3851
1.2.0.20180905185317	2329
1.2.0.20181108215719	2267
1.2.0.20181109162613	2363
1.2.0.20181121194423	2277
1.2.1	2408
1.3.0.20181130020805	2298
1.3.0.20190205182514	2224
1.3.0.20190221150417	268
1.3.1.20190301150258	3026
1.3.1.20190402172810	2160
1.3.2.20190402172810	2099
1.3.3.20190402172810	2182
1.4.0	2314
1.4.1	1812
1.4.2	1582
1.4.3	1466
2.0.0	1373
2.0.1	1500
2.0.2	354
2.0.3	137
2.0.3.1	266
2.0.4	209
2.1.0	174
2.1.1	242
2.1.2	168
2.2.0	115
2.2.1	54
