version	total
1.0.20160323	4540
1.0.20160311144647	4562
1.0.20160314171956	4545
1.0.20160318143738	4668
1.0.20160401183214	4544
1.0.20160406195023	4566
1.0.20160411202258	4602
1.0.20160421150319	4635
1.0.20160502202716	5930
1.0.20160715171107	8573
1.0.20161031135838	4633
1.0.20161123235904	4809
1.0.20161230191227	4855
1.0.20170216151734	4731
1.0.20170327202303	4736
1.0.20170414202629	4966
1.0.20170914161842	4646
1.0.20171010180436	5260
1.0.20171211211613	4624
1.0.20180216164101	5795
1.3.0.20181218191458	4239
1.3.0.20190206223817	2055
1.3.0.20190221150417	1917
1.3.1.20190301150258	4745
1.3.1.20190419203205	4256
1.3.2.20190419203205	4236
1.3.3.20190419203205	4404
1.4.0	1935
1.4.1	1994
1.4.2	1916
1.4.3	1958
2.0.0	2196
2.0.1	1862
2.0.2	2063
2.0.3	1859
2.0.3.1	2370
2.0.4	1884
2.6.3	408
2.7.0	314
