version	total
1.0.20160323	3709
1.0.20160311144647	3734
1.0.20160314171956	3725
1.0.20160318143738	3840
1.0.20160401183214	3723
1.0.20160406195023	3748
1.0.20160411202258	3772
1.0.20160421150319	3806
1.0.20160502202716	5105
1.0.20160715171107	7042
1.0.20161031135838	3807
1.0.20161123235904	3977
1.0.20161230191227	4011
1.0.20170216151734	3890
1.0.20170327202303	3893
1.0.20170414202629	4132
1.0.20170914161842	3813
1.0.20171010180436	4378
1.0.20171211211613	3800
1.0.20180216164101	4882
1.3.0.20181218191458	3401
1.3.0.20190206223817	1263
1.3.0.20190221150417	1125
1.3.1.20190301150258	3809
1.3.1.20190419203205	3331
1.3.2.20190419203205	3308
1.3.3.20190419203205	3571
1.4.0	1151
1.4.1	1213
1.4.2	1137
1.4.3	1173
2.0.0	1412
2.0.1	1082
2.0.2	1282
2.0.3	1078
2.0.3.1	1534
2.0.4	1103
