version	total
0.1.20160301181511	2720
0.1.20160318153100	2738
0.1.20160331153549	2730
0.1.20160412193510	2825
0.1.20160517202250	4973
0.1.20161031135838	2668
0.1.20161123074954	3616
0.1.20170818194607	2610
0.1.20171010180436	2627
0.1.20171211211613	3761
1.2.0.20180905185317	2254
1.2.0.20181108215719	2193
1.2.0.20181109162613	2286
1.2.0.20181121194423	2198
1.2.1	2331
1.3.0.20181130020805	2223
1.3.0.20190205182514	2146
1.3.0.20190221150417	230
1.3.1.20190301150258	2924
1.3.1.20190402172810	2071
1.3.2.20190402172810	2014
1.3.3.20190402172810	2090
1.4.0	2228
1.4.1	1723
1.4.2	1494
1.4.3	1380
2.0.0	1289
2.0.1	1417
2.0.2	315
2.0.3	96
2.0.3.1	228
2.0.4	171
2.1.0	135
2.1.1	202
2.1.2	129
2.2.0	77
2.2.1	14
