version	total
1.0.20160323	4330
1.0.20160311144647	4355
1.0.20160314171956	4336
1.0.20160318143738	4457
1.0.20160401183214	4335
1.0.20160406195023	4357
1.0.20160411202258	4392
1.0.20160421150319	4423
1.0.20160502202716	5719
1.0.20160715171107	8168
1.0.20161031135838	4428
1.0.20161123235904	4599
1.0.20161230191227	4644
1.0.20170216151734	4521
1.0.20170327202303	4525
1.0.20170414202629	4757
1.0.20170914161842	4435
1.0.20171010180436	5055
1.0.20171211211613	4421
1.0.20180216164101	5577
1.3.0.20181218191458	4027
1.3.0.20190206223817	1844
1.3.0.20190221150417	1705
1.3.1.20190301150258	4524
1.3.1.20190419203205	4034
1.3.2.20190419203205	4014
1.3.3.20190419203205	4258
1.4.0	1726
1.4.1	1785
1.4.2	1708
1.4.3	1749
2.0.0	1986
2.0.1	1653
2.0.2	1854
2.0.3	1650
2.0.3.1	2154
2.0.4	1675
2.6.3	196
2.7.0	99
