version	total
1.0.20160323	2497
1.0.20160311144647	2530
1.0.20160314171956	2527
1.0.20160318143738	2604
1.0.20160401183214	2534
1.0.20160406195023	2565
1.0.20160411202258	2583
1.0.20160421150319	2652
1.0.20160502202716	3871
1.0.20160715171107	4835
1.0.20161031135838	2627
1.0.20161123235904	2736
1.0.20161230191227	2791
1.0.20170216151734	2664
1.0.20170327202303	2641
1.0.20170414202629	2874
1.0.20170914161842	2592
1.0.20171010180436	3089
1.0.20171211211613	2620
1.0.20180216164101	3579
1.3.0.20181218191458	2172
1.3.0.20190206223817	220
1.3.0.20190221150417	177
1.3.1.20190301150258	2422
1.3.1.20190419203205	1921
1.3.2.20190419203205	1890
1.3.3.20190419203205	2246
1.4.0	125
1.4.1	194
1.4.2	114
1.4.3	145
2.0.0	382
2.0.1	63
2.0.2	261
2.0.3	59
2.0.3.1	442
2.0.4	47
