version	total
1.0.20160323	4763
1.0.20160311144647	4785
1.0.20160314171956	4765
1.0.20160318143738	4890
1.0.20160401183214	4764
1.0.20160406195023	4780
1.0.20160411202258	4823
1.0.20160421150319	4856
1.0.20160502202716	6149
1.0.20160715171107	8977
1.0.20161031135838	4837
1.0.20161123235904	5028
1.0.20161230191227	5076
1.0.20170216151734	4953
1.0.20170327202303	4954
1.0.20170414202629	5185
1.0.20170914161842	4866
1.0.20171010180436	5389
1.0.20171211211613	4831
1.0.20180216164101	6023
1.3.0.20181218191458	4464
1.3.0.20190206223817	2276
1.3.0.20190221150417	2138
1.3.1.20190301150258	4978
1.3.1.20190419203205	4487
1.3.2.20190419203205	4467
1.3.3.20190419203205	4515
1.4.0	2156
1.4.1	2214
1.4.2	2136
1.4.3	2178
2.0.0	2416
2.0.1	2082
2.0.2	2284
2.0.3	2080
2.0.3.1	2596
2.0.4	2103
2.6.3	630
2.7.0	539
