version	total
1.0.20160323	4942
1.0.20160311144647	4967
1.0.20160314171956	4943
1.0.20160318143738	5068
1.0.20160401183214	4942
1.0.20160406195023	4955
1.0.20160411202258	5004
1.0.20160421150319	5037
1.0.20160502202716	6327
1.0.20160715171107	9168
1.0.20161031135838	4939
1.0.20161123235904	5208
1.0.20161230191227	5258
1.0.20170216151734	5135
1.0.20170327202303	5134
1.0.20170414202629	5366
1.0.20170914161842	5044
1.0.20171010180436	5491
1.0.20171211211613	4957
1.0.20180216164101	6222
1.3.0.20181218191458	4645
1.3.0.20190206223817	2452
1.3.0.20190221150417	2313
1.3.1.20190301150258	5175
1.3.1.20190419203205	4679
1.3.2.20190419203205	4661
1.3.3.20190419203205	4602
1.4.0	2329
1.4.1	2388
1.4.2	2310
1.4.3	2351
2.0.0	2591
2.0.1	2256
2.0.2	2457
2.0.3	2253
2.0.3.1	2780
2.0.4	2277
2.6.3	803
2.7.0	712
