version	total
0.1.20160301181511	3042
0.1.20160318153100	3071
0.1.20160331153549	3050
0.1.20160412193510	3110
0.1.20160517202250	5327
0.1.20161031135838	2992
0.1.20161123074954	3939
0.1.20170818194607	2930
0.1.20171010180436	2954
0.1.20171211211613	4112
1.2.0.20180905185317	2566
1.2.0.20181108215719	2511
1.2.0.20181109162613	2600
1.2.0.20181121194423	2518
1.2.1	2645
1.3.0.20181130020805	2532
1.3.0.20190205182514	2453
1.3.0.20190221150417	405
1.3.1.20190301150258	3312
1.3.1.20190402172810	2425
1.3.2.20190402172810	2357
1.3.3.20190402172810	2447
1.4.0	2537
1.4.1	2039
1.4.2	1811
1.4.3	1690
2.0.0	1605
2.0.1	1734
2.0.2	458
2.0.3	242
2.0.3.1	399
2.0.4	317
2.1.0	271
2.1.1	341
2.1.2	265
2.2.0	214
2.2.1	159
2.2.2	148
2.3.0	90
2.3.1	49
2.3.2	38
