version	total
0.1.20160301181511	3996
0.1.20160318153100	4059
0.1.20160331153549	4003
0.1.20160412193510	4054
0.1.20160517202250	6386
0.1.20161031135838	3951
0.1.20161123074954	4896
0.1.20170818194607	3896
0.1.20171010180436	3938
0.1.20171211211613	5188
1.2.0.20180905185317	3519
1.2.0.20181108215719	3482
1.2.0.20181109162613	3543
1.2.0.20181121194423	3496
1.2.1	3592
1.3.0.20181130020805	3452
1.3.0.20190205182514	3438
1.3.0.20190221150417	1312
1.3.1.20190301150258	4629
1.3.1.20190402172810	3540
1.3.2.20190402172810	3455
1.3.3.20190402172810	3536
1.4.0	3629
1.4.1	3131
1.4.2	2905
1.4.3	2785
2.0.0	2694
2.0.1	2822
2.0.2	1369
2.0.3	1154
2.0.3.1	1314
2.0.4	1229
2.1.0	1186
2.1.1	1261
2.1.2	1178
2.2.0	1131
2.2.1	1076
2.2.2	1067
2.3.0	1011
2.3.1	970
2.3.2	962
2.3.3	807
2.4.0	773
2.4.1	659
2.4.2	525
2.4.3	472
2.4.4	349
2.5.0	283
2.6.0	67
2.6.1	32
