version	total
0.1.20160301181511	4765
0.1.20160318153100	4847
0.1.20160331153549	4766
0.1.20160412193510	4720
0.1.20160517202250	7207
0.1.20161031135838	4711
0.1.20161123074954	5667
0.1.20170818194607	4655
0.1.20171010180436	4716
0.1.20171211211613	6006
1.2.0.20180905185317	4289
1.2.0.20181108215719	4239
1.2.0.20181109162613	4314
1.2.0.20181121194423	4258
1.2.1	4357
1.3.0.20181130020805	4194
1.3.0.20190205182514	4201
1.3.0.20190221150417	2017
1.3.1.20190301150258	5581
1.3.1.20190402172810	4376
1.3.2.20190402172810	4301
1.3.3.20190402172810	4386
1.4.0	4464
1.4.1	3973
1.4.2	3744
1.4.3	3624
2.0.0	3537
2.0.1	3656
2.0.2	2094
2.0.3	1877
2.0.3.1	2043
2.0.4	1955
2.1.0	1911
2.1.1	1984
2.1.2	1902
2.2.0	1856
2.2.1	1799
2.2.2	1796
2.3.0	1736
2.3.1	1696
2.3.2	1687
2.3.3	1532
2.4.0	1504
2.4.1	1399
2.4.2	1249
2.4.3	1197
2.4.4	1074
2.5.0	1007
2.6.0	795
2.6.1	764
2.6.2	713
2.6.3	717
2.7.0	459
2.7.1	292
2.7.2	53
