version	total
1.0.20160323	4033
1.0.20160311144647	4054
1.0.20160314171956	4041
1.0.20160318143738	4163
1.0.20160401183214	4040
1.0.20160406195023	4064
1.0.20160411202258	4095
1.0.20160421150319	4130
1.0.20160502202716	5424
1.0.20160715171107	7634
1.0.20161031135838	4133
1.0.20161123235904	4304
1.0.20161230191227	4341
1.0.20170216151734	4219
1.0.20170327202303	4219
1.0.20170414202629	4459
1.0.20170914161842	4136
1.0.20171010180436	4750
1.0.20171211211613	4126
1.0.20180216164101	5257
1.3.0.20181218191458	3725
1.3.0.20190206223817	1567
1.3.0.20190221150417	1429
1.3.1.20190301150258	4205
1.3.1.20190419203205	3724
1.3.2.20190419203205	3701
1.3.3.20190419203205	3964
1.4.0	1453
1.4.1	1512
1.4.2	1437
1.4.3	1476
2.0.0	1712
2.0.1	1382
2.0.2	1582
2.0.3	1378
2.0.3.1	1865
2.0.4	1403
