version	total
1.0.20160323	5089
1.0.20160311144647	5117
1.0.20160314171956	5089
1.0.20160318143738	5217
1.0.20160401183214	5091
1.0.20160406195023	5093
1.0.20160411202258	5148
1.0.20160421150319	5185
1.0.20160502202716	6477
1.0.20160715171107	9309
1.0.20161031135838	5017
1.0.20161123235904	5353
1.0.20161230191227	5409
1.0.20170216151734	5280
1.0.20170327202303	5280
1.0.20170414202629	5512
1.0.20170914161842	5193
1.0.20171010180436	5575
1.0.20171211211613	5038
1.0.20180216164101	6382
1.3.0.20181218191458	4794
1.3.0.20190206223817	2591
1.3.0.20190221150417	2449
1.3.1.20190301150258	5339
1.3.1.20190419203205	4844
1.3.2.20190419203205	4823
1.3.3.20190419203205	4675
1.4.0	2467
1.4.1	2525
1.4.2	2448
1.4.3	2490
2.0.0	2730
2.0.1	2393
2.0.2	2596
2.0.3	2391
2.0.3.1	2926
2.0.4	2416
2.6.3	941
2.7.0	851
