version	total
0.1.20160301181511	2728
0.1.20160318153100	2746
0.1.20160331153549	2738
0.1.20160412193510	2833
0.1.20160517202250	4983
0.1.20161031135838	2676
0.1.20161123074954	3624
0.1.20170818194607	2618
0.1.20171010180436	2636
0.1.20171211211613	3769
1.2.0.20180905185317	2261
1.2.0.20181108215719	2199
1.2.0.20181109162613	2292
1.2.0.20181121194423	2204
1.2.1	2337
1.3.0.20181130020805	2229
1.3.0.20190205182514	2153
1.3.0.20190221150417	234
1.3.1.20190301150258	2931
1.3.1.20190402172810	2078
1.3.2.20190402172810	2020
1.3.3.20190402172810	2096
1.4.0	2234
1.4.1	1729
1.4.2	1501
1.4.3	1386
2.0.0	1296
2.0.1	1424
2.0.2	319
2.0.3	100
2.0.3.1	232
2.0.4	175
2.1.0	139
2.1.1	206
2.1.2	133
2.2.0	81
2.2.1	19
