version	total
1.0.20160323	4027
1.0.20160311144647	4048
1.0.20160314171956	4035
1.0.20160318143738	4156
1.0.20160401183214	4034
1.0.20160406195023	4058
1.0.20160411202258	4089
1.0.20160421150319	4124
1.0.20160502202716	5417
1.0.20160715171107	7622
1.0.20161031135838	4127
1.0.20161123235904	4299
1.0.20161230191227	4335
1.0.20170216151734	4213
1.0.20170327202303	4213
1.0.20170414202629	4453
1.0.20170914161842	4130
1.0.20171010180436	4743
1.0.20171211211613	4119
1.0.20180216164101	5251
1.3.0.20181218191458	3719
1.3.0.20190206223817	1561
1.3.0.20190221150417	1423
1.3.1.20190301150258	4199
1.3.1.20190419203205	3718
1.3.2.20190419203205	3696
1.3.3.20190419203205	3958
1.4.0	1447
1.4.1	1506
1.4.2	1431
1.4.3	1470
2.0.0	1706
2.0.1	1376
2.0.2	1576
2.0.3	1372
2.0.3.1	1859
2.0.4	1397
