version	total
1.0.20160323	3740
1.0.20160311144647	3765
1.0.20160314171956	3756
1.0.20160318143738	3871
1.0.20160401183214	3755
1.0.20160406195023	3779
1.0.20160411202258	3803
1.0.20160421150319	3837
1.0.20160502202716	5136
1.0.20160715171107	7104
1.0.20161031135838	3839
1.0.20161123235904	4009
1.0.20161230191227	4042
1.0.20170216151734	3922
1.0.20170327202303	3925
1.0.20170414202629	4163
1.0.20170914161842	3844
1.0.20171010180436	4411
1.0.20171211211613	3832
1.0.20180216164101	4916
1.3.0.20181218191458	3433
1.3.0.20190206223817	1294
1.3.0.20190221150417	1156
1.3.1.20190301150258	3844
1.3.1.20190419203205	3365
1.3.2.20190419203205	3341
1.3.3.20190419203205	3605
1.4.0	1183
1.4.1	1244
1.4.2	1168
1.4.3	1204
2.0.0	1443
2.0.1	1113
2.0.2	1314
2.0.3	1109
2.0.3.1	1566
2.0.4	1134
