version	total
0.1.20160301181511	5132
0.1.20160318153100	5230
0.1.20160331153549	5132
0.1.20160412193510	4890
0.1.20160517202250	7596
0.1.20161031135838	5078
0.1.20161123074954	6036
0.1.20170818194607	5019
0.1.20171010180436	5089
0.1.20171211211613	6401
1.2.0.20180905185317	4656
1.2.0.20181108215719	4607
1.2.0.20181109162613	4680
1.2.0.20181121194423	4624
1.2.1	4721
1.3.0.20181130020805	4551
1.3.0.20190205182514	4498
1.3.0.20190221150417	2345
1.3.1.20190301150258	5942
1.3.1.20190402172810	4762
1.3.2.20190402172810	4691
1.3.3.20190402172810	4770
1.4.0	4854
1.4.1	4362
1.4.2	4136
1.4.3	4015
2.0.0	3930
2.0.1	4044
2.0.2	2451
2.0.3	2235
2.0.3.1	2403
2.0.4	2312
2.1.0	2267
2.1.1	2340
2.1.2	2260
2.2.0	2212
2.2.1	2155
2.2.2	2154
2.3.0	2091
2.3.1	2053
2.3.2	2041
2.3.3	1888
2.4.0	1859
2.4.1	1764
2.4.2	1603
2.4.3	1552
2.4.4	1431
2.5.0	1364
2.6.0	1154
2.6.1	1122
2.6.2	1070
2.6.3	1088
2.7.0	815
2.7.1	648
2.7.2	419
2.7.3	319
2.7.4	239
