version	total
1.0.20160323	2608
1.0.20160311144647	2640
1.0.20160314171956	2636
1.0.20160318143738	2713
1.0.20160401183214	2643
1.0.20160406195023	2674
1.0.20160411202258	2694
1.0.20160421150319	2762
1.0.20160502202716	3981
1.0.20160715171107	5046
1.0.20161031135838	2739
1.0.20161123235904	2850
1.0.20161230191227	2904
1.0.20170216151734	2779
1.0.20170327202303	2756
1.0.20170414202629	2985
1.0.20170914161842	2704
1.0.20171010180436	3217
1.0.20171211211613	2731
1.0.20180216164101	3709
1.3.0.20181218191458	2287
1.3.0.20190206223817	277
1.3.0.20190221150417	234
1.3.1.20190301150258	2555
1.3.1.20190419203205	2055
1.3.2.20190419203205	2024
1.3.3.20190419203205	2380
1.4.0	180
1.4.1	250
1.4.2	172
1.4.3	201
2.0.0	439
2.0.1	119
2.0.2	318
2.0.3	116
2.0.3.1	505
2.0.4	104
