version	total
0.1.20160301181511	2853
0.1.20160318153100	2872
0.1.20160331153549	2863
0.1.20160412193510	2958
0.1.20160517202250	5121
0.1.20161031135838	2801
0.1.20161123074954	3746
0.1.20170818194607	2740
0.1.20171010180436	2760
0.1.20171211211613	3903
1.2.0.20180905185317	2375
1.2.0.20181108215719	2314
1.2.0.20181109162613	2411
1.2.0.20181121194423	2324
1.2.1	2455
1.3.0.20181130020805	2345
1.3.0.20190205182514	2271
1.3.0.20190221150417	295
1.3.1.20190301150258	3077
1.3.1.20190402172810	2208
1.3.2.20190402172810	2146
1.3.3.20190402172810	2230
1.4.0	2362
1.4.1	1860
1.4.2	1631
1.4.3	1513
2.0.0	1420
2.0.1	1547
2.0.2	381
2.0.3	163
2.0.3.1	294
2.0.4	236
2.1.0	199
2.1.1	267
2.1.2	193
2.2.0	142
2.2.1	83
2.2.2	60
