version	total
0.1.20160301181511	5261
0.1.20160318153100	5354
0.1.20160331153549	5256
0.1.20160412193510	4938
0.1.20160517202250	7736
0.1.20161031135838	5208
0.1.20161123074954	6167
0.1.20170818194607	5146
0.1.20171010180436	5213
0.1.20171211211613	6544
1.2.0.20180905185317	4782
1.2.0.20181108215719	4731
1.2.0.20181109162613	4809
1.2.0.20181121194423	4751
1.2.1	4848
1.3.0.20181130020805	4675
1.3.0.20190205182514	4571
1.3.0.20190221150417	2425
1.3.1.20190301150258	6049
1.3.1.20190402172810	4906
1.3.2.20190402172810	4833
1.3.3.20190402172810	4920
1.4.0	5002
1.4.1	4506
1.4.2	4280
1.4.3	4161
2.0.0	4078
2.0.1	4187
2.0.2	2575
2.0.3	2358
2.0.3.1	2527
2.0.4	2436
2.1.0	2390
2.1.1	2464
2.1.2	2382
2.2.0	2335
2.2.1	2280
2.2.2	2277
2.3.0	2215
2.3.1	2178
2.3.2	2164
2.3.3	2013
2.4.0	1984
2.4.1	1889
2.4.2	1727
2.4.3	1677
2.4.4	1555
2.5.0	1489
2.6.0	1278
2.6.1	1247
2.6.2	1194
2.6.3	1218
2.7.0	939
2.7.1	772
2.7.2	542
2.7.3	444
2.7.4	366
3.0.0	145
