version	total
0.1.20160301181511	3013
0.1.20160318153100	3039
0.1.20160331153549	3020
0.1.20160412193510	3087
0.1.20160517202250	5291
0.1.20161031135838	2962
0.1.20161123074954	3909
0.1.20170818194607	2901
0.1.20171010180436	2923
0.1.20171211211613	4077
1.2.0.20180905185317	2536
1.2.0.20181108215719	2482
1.2.0.20181109162613	2573
1.2.0.20181121194423	2487
1.2.1	2615
1.3.0.20181130020805	2502
1.3.0.20190205182514	2425
1.3.0.20190221150417	374
1.3.1.20190301150258	3275
1.3.1.20190402172810	2390
1.3.2.20190402172810	2323
1.3.3.20190402172810	2411
1.4.0	2508
1.4.1	2009
1.4.2	1782
1.4.3	1663
2.0.0	1580
2.0.1	1707
2.0.2	436
2.0.3	217
2.0.3.1	371
2.0.4	292
2.1.0	247
2.1.1	317
2.1.2	242
2.2.0	190
2.2.1	134
2.2.2	125
2.3.0	66
2.3.1	26
2.3.2	13
