version	total
0.1.20160301181511	5319
0.1.20160318153100	5409
0.1.20160331153549	5313
0.1.20160412193510	4956
0.1.20160517202250	7810
0.1.20161031135838	5260
0.1.20161123074954	6223
0.1.20170818194607	5200
0.1.20171010180436	5275
0.1.20171211211613	6613
1.2.0.20180905185317	4837
1.2.0.20181108215719	4785
1.2.0.20181109162613	4862
1.2.0.20181121194423	4806
1.2.1	4903
1.3.0.20181130020805	4722
1.3.0.20190205182514	4597
1.3.0.20190221150417	2443
1.3.1.20190301150258	6115
1.3.1.20190402172810	4979
1.3.2.20190402172810	4904
1.3.3.20190402172810	4989
1.4.0	5074
1.4.1	4573
1.4.2	4350
1.4.3	4239
2.0.0	4149
2.0.1	4256
2.0.2	2625
2.0.3	2406
2.0.3.1	2576
2.0.4	2485
2.1.0	2439
2.1.1	2514
2.1.2	2431
2.2.0	2383
2.2.1	2328
2.2.2	2326
2.3.0	2264
2.3.1	2226
2.3.2	2213
2.3.3	2062
2.4.0	2032
2.4.1	1936
2.4.2	1776
2.4.3	1725
2.4.4	1603
2.5.0	1538
2.6.0	1327
2.6.1	1295
2.6.2	1242
2.6.3	1273
2.7.0	987
2.7.1	821
2.7.2	590
2.7.3	494
2.7.4	415
3.0.0	201
