version	total
0.1.20160301181511	4266
0.1.20160318153100	4339
0.1.20160331153549	4272
0.1.20160412193510	4313
0.1.20160517202250	6692
0.1.20161031135838	4215
0.1.20161123074954	5169
0.1.20170818194607	4161
0.1.20171010180436	4216
0.1.20171211211613	5490
1.2.0.20180905185317	3792
1.2.0.20181108215719	3746
1.2.0.20181109162613	3816
1.2.0.20181121194423	3763
1.2.1	3861
1.3.0.20181130020805	3709
1.3.0.20190205182514	3713
1.3.0.20190221150417	1557
1.3.1.20190301150258	5027
1.3.1.20190402172810	3855
1.3.2.20190402172810	3782
1.3.3.20190402172810	3866
1.4.0	3949
1.4.1	3453
1.4.2	3225
1.4.3	3111
2.0.0	3020
2.0.1	3145
2.0.2	1623
2.0.3	1408
2.0.3.1	1573
2.0.4	1484
2.1.0	1441
2.1.1	1514
2.1.2	1432
2.2.0	1386
2.2.1	1330
2.2.2	1323
2.3.0	1265
2.3.1	1226
2.3.2	1216
2.3.3	1062
2.4.0	1032
2.4.1	921
2.4.2	780
2.4.3	727
2.4.4	603
2.5.0	536
2.6.0	324
2.6.1	292
2.6.2	240
2.6.3	196
