version	total
1.0.20160323	4062
1.0.20160311144647	4084
1.0.20160314171956	4070
1.0.20160318143738	4191
1.0.20160401183214	4070
1.0.20160406195023	4094
1.0.20160411202258	4124
1.0.20160421150319	4159
1.0.20160502202716	5451
1.0.20160715171107	7687
1.0.20161031135838	4160
1.0.20161123235904	4333
1.0.20161230191227	4372
1.0.20170216151734	4248
1.0.20170327202303	4247
1.0.20170414202629	4489
1.0.20170914161842	4169
1.0.20171010180436	4780
1.0.20171211211613	4155
1.0.20180216164101	5291
1.3.0.20181218191458	3757
1.3.0.20190206223817	1595
1.3.0.20190221150417	1458
1.3.1.20190301150258	4238
1.3.1.20190419203205	3756
1.3.2.20190419203205	3733
1.3.3.20190419203205	3994
1.4.0	1481
1.4.1	1541
1.4.2	1465
1.4.3	1504
2.0.0	1741
2.0.1	1410
2.0.2	1610
2.0.3	1406
2.0.3.1	1894
2.0.4	1432
