version	total
0.1.20160301181511	3681
0.1.20160318153100	3746
0.1.20160331153549	3689
0.1.20160412193510	3748
0.1.20160517202250	6035
0.1.20161031135838	3645
0.1.20161123074954	4582
0.1.20170818194607	3590
0.1.20171010180436	3625
0.1.20171211211613	4843
1.2.0.20180905185317	3207
1.2.0.20181108215719	3177
1.2.0.20181109162613	3231
1.2.0.20181121194423	3186
1.2.1	3279
1.3.0.20181130020805	3154
1.3.0.20190205182514	3118
1.3.0.20190221150417	1023
1.3.1.20190301150258	4184
1.3.1.20190402172810	3180
1.3.2.20190402172810	3088
1.3.3.20190402172810	3169
1.4.0	3263
1.4.1	2765
1.4.2	2540
1.4.3	2419
2.0.0	2329
2.0.1	2459
2.0.2	1072
2.0.3	857
2.0.3.1	1017
2.0.4	932
2.1.0	888
2.1.1	963
2.1.2	881
2.2.0	833
2.2.1	779
2.2.2	769
2.3.0	713
2.3.1	671
2.3.2	665
2.3.3	510
2.4.0	475
2.4.1	359
2.4.2	227
2.4.3	174
2.4.4	46
