version	total
0.1.20160301181511	2617
0.1.20160318153100	2634
0.1.20160331153549	2627
0.1.20160412193510	2721
0.1.20160517202250	4858
0.1.20161031135838	2564
0.1.20161123074954	3513
0.1.20170818194607	2508
0.1.20171010180436	2524
0.1.20171211211613	3647
1.2.0.20180905185317	2150
1.2.0.20181108215719	2089
1.2.0.20181109162613	2184
1.2.0.20181121194423	2093
1.2.1	2226
1.3.0.20181130020805	2121
1.3.0.20190205182514	2033
1.3.0.20190221150417	176
1.3.1.20190301150258	2778
1.3.1.20190402172810	1952
1.3.2.20190402172810	1892
1.3.3.20190402172810	1969
1.4.0	2105
1.4.1	1601
1.4.2	1370
1.4.3	1259
2.0.0	1167
2.0.1	1294
2.0.2	260
2.0.3	43
2.0.3.1	173
2.0.4	116
2.1.0	79
2.1.1	148
2.1.2	76
2.2.0	12
