version	total
1.0.20160323	2732
1.0.20160311144647	2765
1.0.20160314171956	2763
1.0.20160318143738	2841
1.0.20160401183214	2766
1.0.20160406195023	2800
1.0.20160411202258	2818
1.0.20160421150319	2888
1.0.20160502202716	4111
1.0.20160715171107	5291
1.0.20161031135838	2866
1.0.20161123235904	2973
1.0.20161230191227	3032
1.0.20170216151734	2905
1.0.20170327202303	2881
1.0.20170414202629	3112
1.0.20170914161842	2834
1.0.20171010180436	3344
1.0.20171211211613	2855
1.0.20180216164101	3836
1.3.0.20181218191458	2411
1.3.0.20190206223817	346
1.3.0.20190221150417	296
1.3.1.20190301150258	2683
1.3.1.20190419203205	2188
1.3.2.20190419203205	2157
1.3.3.20190419203205	2505
1.4.0	246
1.4.1	316
1.4.2	238
1.4.3	270
2.0.0	507
2.0.1	186
2.0.2	385
2.0.3	183
2.0.3.1	574
2.0.4	181
