version	total
1.0.20160323	5072
1.0.20160311144647	5099
1.0.20160314171956	5072
1.0.20160318143738	5200
1.0.20160401183214	5074
1.0.20160406195023	5077
1.0.20160411202258	5131
1.0.20160421150319	5168
1.0.20160502202716	6460
1.0.20160715171107	9292
1.0.20161031135838	5007
1.0.20161123235904	5336
1.0.20161230191227	5392
1.0.20170216151734	5263
1.0.20170327202303	5264
1.0.20170414202629	5495
1.0.20170914161842	5176
1.0.20171010180436	5564
1.0.20171211211613	5028
1.0.20180216164101	6362
1.3.0.20181218191458	4777
1.3.0.20190206223817	2577
1.3.0.20190221150417	2435
1.3.1.20190301150258	5316
1.3.1.20190419203205	4821
1.3.2.20190419203205	4800
1.3.3.20190419203205	4662
1.4.0	2453
1.4.1	2511
1.4.2	2434
1.4.3	2476
2.0.0	2716
2.0.1	2379
2.0.2	2582
2.0.3	2377
2.0.3.1	2912
2.0.4	2402
2.6.3	927
2.7.0	837
