version	total
0.1.20160301181511	3391
0.1.20160318153100	3453
0.1.20160331153549	3399
0.1.20160412193510	3458
0.1.20160517202250	5709
0.1.20161031135838	3354
0.1.20161123074954	4292
0.1.20170818194607	3297
0.1.20171010180436	3333
0.1.20171211211613	4517
1.2.0.20180905185317	2917
1.2.0.20181108215719	2886
1.2.0.20181109162613	2944
1.2.0.20181121194423	2898
1.2.1	2990
1.3.0.20181130020805	2875
1.3.0.20190205182514	2815
1.3.0.20190221150417	741
1.3.1.20190301150258	3788
1.3.1.20190402172810	2852
1.3.2.20190402172810	2763
1.3.3.20190402172810	2844
1.4.0	2937
1.4.1	2439
1.4.2	2215
1.4.3	2094
2.0.0	2007
2.0.1	2136
2.0.2	792
2.0.3	575
2.0.3.1	737
2.0.4	651
2.1.0	605
2.1.1	680
2.1.2	599
2.2.0	549
2.2.1	494
2.2.2	483
2.3.0	427
2.3.1	385
2.3.2	381
2.3.3	224
2.4.0	183
2.4.1	66
