version	total
0.1.20160301181511	4677
0.1.20160318153100	4756
0.1.20160331153549	4679
0.1.20160412193510	4677
0.1.20160517202250	7117
0.1.20161031135838	4624
0.1.20161123074954	5579
0.1.20170818194607	4568
0.1.20171010180436	4626
0.1.20171211211613	5916
1.2.0.20180905185317	4200
1.2.0.20181108215719	4151
1.2.0.20181109162613	4226
1.2.0.20181121194423	4171
1.2.1	4268
1.3.0.20181130020805	4107
1.3.0.20190205182514	4119
1.3.0.20190221150417	1937
1.3.1.20190301150258	5489
1.3.1.20190402172810	4282
1.3.2.20190402172810	4206
1.3.3.20190402172810	4291
1.4.0	4368
1.4.1	3878
1.4.2	3648
1.4.3	3529
2.0.0	3441
2.0.1	3561
2.0.2	2004
2.0.3	1788
2.0.3.1	1956
2.0.4	1865
2.1.0	1822
2.1.1	1895
2.1.2	1813
2.2.0	1767
2.2.1	1710
2.2.2	1707
2.3.0	1647
2.3.1	1607
2.3.2	1598
2.3.3	1443
2.4.0	1415
2.4.1	1309
2.4.2	1160
2.4.3	1109
2.4.4	985
2.5.0	919
2.6.0	707
2.6.1	676
2.6.2	624
2.6.3	625
2.7.0	370
2.7.1	202
