version	total
1.0.20160323	4316
1.0.20160311144647	4341
1.0.20160314171956	4323
1.0.20160318143738	4444
1.0.20160401183214	4322
1.0.20160406195023	4344
1.0.20160411202258	4378
1.0.20160421150319	4411
1.0.20160502202716	5706
1.0.20160715171107	8142
1.0.20161031135838	4415
1.0.20161123235904	4586
1.0.20161230191227	4630
1.0.20170216151734	4507
1.0.20170327202303	4512
1.0.20170414202629	4744
1.0.20170914161842	4422
1.0.20171010180436	5042
1.0.20171211211613	4408
1.0.20180216164101	5565
1.3.0.20181218191458	4013
1.3.0.20190206223817	1831
1.3.0.20190221150417	1693
1.3.1.20190301150258	4510
1.3.1.20190419203205	4021
1.3.2.20190419203205	4001
1.3.3.20190419203205	4245
1.4.0	1713
1.4.1	1772
1.4.2	1695
1.4.3	1736
2.0.0	1973
2.0.1	1640
2.0.2	1841
2.0.3	1637
2.0.3.1	2140
2.0.4	1662
2.6.3	183
2.7.0	85
