version	total
0.1.20160301181511	3872
0.1.20160318153100	3933
0.1.20160331153549	3878
0.1.20160412193510	3931
0.1.20160517202250	6250
0.1.20161031135838	3827
0.1.20161123074954	4772
0.1.20170818194607	3774
0.1.20171010180436	3813
0.1.20171211211613	5051
1.2.0.20180905185317	3395
1.2.0.20181108215719	3360
1.2.0.20181109162613	3418
1.2.0.20181121194423	3371
1.2.1	3467
1.3.0.20181130020805	3330
1.3.0.20190205182514	3306
1.3.0.20190221150417	1193
1.3.1.20190301150258	4442
1.3.1.20190402172810	3391
1.3.2.20190402172810	3303
1.3.3.20190402172810	3385
1.4.0	3478
1.4.1	2980
1.4.2	2755
1.4.3	2634
2.0.0	2544
2.0.1	2672
2.0.2	1248
2.0.3	1033
2.0.3.1	1193
2.0.4	1108
2.1.0	1064
2.1.1	1139
2.1.2	1056
2.2.0	1008
2.2.1	954
2.2.2	945
2.3.0	888
2.3.1	847
2.3.2	840
2.3.3	685
2.4.0	651
2.4.1	537
2.4.2	403
2.4.3	350
2.4.4	227
2.5.0	159
