version	total
0.1.20160301181511	4775
0.1.20160318153100	4857
0.1.20160331153549	4776
0.1.20160412193510	4725
0.1.20160517202250	7217
0.1.20161031135838	4721
0.1.20161123074954	5677
0.1.20170818194607	4665
0.1.20171010180436	4726
0.1.20171211211613	6016
1.2.0.20180905185317	4299
1.2.0.20181108215719	4249
1.2.0.20181109162613	4324
1.2.0.20181121194423	4268
1.2.1	4367
1.3.0.20181130020805	4204
1.3.0.20190205182514	4211
1.3.0.20190221150417	2027
1.3.1.20190301150258	5591
1.3.1.20190402172810	4386
1.3.2.20190402172810	4311
1.3.3.20190402172810	4396
1.4.0	4474
1.4.1	3983
1.4.2	3754
1.4.3	3634
2.0.0	3547
2.0.1	3666
2.0.2	2104
2.0.3	1887
2.0.3.1	2053
2.0.4	1965
2.1.0	1921
2.1.1	1994
2.1.2	1912
2.2.0	1866
2.2.1	1809
2.2.2	1806
2.3.0	1746
2.3.1	1706
2.3.2	1697
2.3.3	1542
2.4.0	1514
2.4.1	1409
2.4.2	1259
2.4.3	1207
2.4.4	1084
2.5.0	1017
2.6.0	805
2.6.1	774
2.6.2	723
2.6.3	727
2.7.0	469
2.7.1	302
2.7.2	63
