version	total
0.1.20160301181511	4742
0.1.20160318153100	4824
0.1.20160331153549	4743
0.1.20160412193510	4709
0.1.20160517202250	7184
0.1.20161031135838	4690
0.1.20161123074954	5644
0.1.20170818194607	4634
0.1.20171010180436	4693
0.1.20171211211613	5984
1.2.0.20180905185317	4266
1.2.0.20181108215719	4218
1.2.0.20181109162613	4291
1.2.0.20181121194423	4237
1.2.1	4334
1.3.0.20181130020805	4173
1.3.0.20190205182514	4181
1.3.0.20190221150417	1998
1.3.1.20190301150258	5558
1.3.1.20190402172810	4353
1.3.2.20190402172810	4276
1.3.3.20190402172810	4361
1.4.0	4439
1.4.1	3949
1.4.2	3719
1.4.3	3600
2.0.0	3512
2.0.1	3631
2.0.2	2072
2.0.3	1855
2.0.3.1	2021
2.0.4	1933
2.1.0	1889
2.1.1	1962
2.1.2	1880
2.2.0	1834
2.2.1	1777
2.2.2	1774
2.3.0	1714
2.3.1	1674
2.3.2	1665
2.3.3	1510
2.4.0	1482
2.4.1	1377
2.4.2	1227
2.4.3	1175
2.4.4	1052
2.5.0	986
2.6.0	774
2.6.1	743
2.6.2	691
2.6.3	694
2.7.0	437
2.7.1	270
2.7.2	28
