version	total
0.1.20160301181511	2824
0.1.20160318153100	2843
0.1.20160331153549	2836
0.1.20160412193510	2932
0.1.20160517202250	5094
0.1.20161031135838	2774
0.1.20161123074954	3719
0.1.20170818194607	2713
0.1.20171010180436	2733
0.1.20171211211613	3876
1.2.0.20180905185317	2349
1.2.0.20181108215719	2287
1.2.0.20181109162613	2383
1.2.0.20181121194423	2297
1.2.1	2428
1.3.0.20181130020805	2317
1.3.0.20190205182514	2244
1.3.0.20190221150417	278
1.3.1.20190301150258	3050
1.3.1.20190402172810	2181
1.3.2.20190402172810	2120
1.3.3.20190402172810	2203
1.4.0	2335
1.4.1	1834
1.4.2	1603
1.4.3	1487
2.0.0	1394
2.0.1	1521
2.0.2	364
2.0.3	147
2.0.3.1	276
2.0.4	219
2.1.0	183
2.1.1	251
2.1.2	177
2.2.0	125
2.2.1	65
2.2.2	21
