version	total
1.0.20160323	4205
1.0.20160311144647	4226
1.0.20160314171956	4207
1.0.20160318143738	4331
1.0.20160401183214	4208
1.0.20160406195023	4231
1.0.20160411202258	4266
1.0.20160421150319	4299
1.0.20160502202716	5591
1.0.20160715171107	7936
1.0.20161031135838	4303
1.0.20161123235904	4475
1.0.20161230191227	4518
1.0.20170216151734	4394
1.0.20170327202303	4400
1.0.20170414202629	4634
1.0.20170914161842	4308
1.0.20171010180436	4929
1.0.20171211211613	4296
1.0.20180216164101	5451
1.3.0.20181218191458	3903
1.3.0.20190206223817	1727
1.3.0.20190221150417	1588
1.3.1.20190301150258	4400
1.3.1.20190419203205	3911
1.3.2.20190419203205	3891
1.3.3.20190419203205	4135
1.4.0	1606
1.4.1	1666
1.4.2	1589
1.4.3	1628
2.0.0	1866
2.0.1	1534
2.0.2	1734
2.0.3	1531
2.0.3.1	2032
2.0.4	1556
2.6.3	74
