version	total
1.0.20160323	4318
1.0.20160311144647	4343
1.0.20160314171956	4324
1.0.20160318143738	4445
1.0.20160401183214	4323
1.0.20160406195023	4345
1.0.20160411202258	4380
1.0.20160421150319	4411
1.0.20160502202716	5707
1.0.20160715171107	8144
1.0.20161031135838	4416
1.0.20161123235904	4587
1.0.20161230191227	4632
1.0.20170216151734	4509
1.0.20170327202303	4513
1.0.20170414202629	4745
1.0.20170914161842	4423
1.0.20171010180436	5043
1.0.20171211211613	4409
1.0.20180216164101	5565
1.3.0.20181218191458	4015
1.3.0.20190206223817	1832
1.3.0.20190221150417	1693
1.3.1.20190301150258	4512
1.3.1.20190419203205	4022
1.3.2.20190419203205	4002
1.3.3.20190419203205	4246
1.4.0	1714
1.4.1	1773
1.4.2	1696
1.4.3	1737
2.0.0	1974
2.0.1	1641
2.0.2	1842
2.0.3	1638
2.0.3.1	2142
2.0.4	1663
2.6.3	184
2.7.0	86
