version	total
0.1.20160301181511	4110
0.1.20160318153100	4178
0.1.20160331153549	4116
0.1.20160412193510	4166
0.1.20160517202250	6522
0.1.20161031135838	4065
0.1.20161123074954	5011
0.1.20170818194607	4008
0.1.20171010180436	4054
0.1.20171211211613	5323
1.2.0.20180905185317	3635
1.2.0.20181108215719	3595
1.2.0.20181109162613	3658
1.2.0.20181121194423	3608
1.2.1	3707
1.3.0.20181130020805	3562
1.3.0.20190205182514	3557
1.3.0.20190221150417	1412
1.3.1.20190301150258	4835
1.3.1.20190402172810	3685
1.3.2.20190402172810	3604
1.3.3.20190402172810	3685
1.4.0	3776
1.4.1	3279
1.4.2	3052
1.4.3	2933
2.0.0	2842
2.0.1	2970
2.0.2	1470
2.0.3	1256
2.0.3.1	1416
2.0.4	1330
2.1.0	1287
2.1.1	1362
2.1.2	1280
2.2.0	1232
2.2.1	1177
2.2.2	1168
2.3.0	1112
2.3.1	1071
2.3.2	1063
2.3.3	908
2.4.0	874
2.4.1	761
2.4.2	626
2.4.3	573
2.4.4	450
2.5.0	383
2.6.0	169
2.6.1	137
2.6.2	85
