version	total
0.1.20160301181511	5045
0.1.20160318153100	5137
0.1.20160331153549	5047
0.1.20160412193510	4849
0.1.20160517202250	7503
0.1.20161031135838	4992
0.1.20161123074954	5951
0.1.20170818194607	4933
0.1.20171010180436	5001
0.1.20171211211613	6302
1.2.0.20180905185317	4569
1.2.0.20181108215719	4518
1.2.0.20181109162613	4594
1.2.0.20181121194423	4537
1.2.1	4636
1.3.0.20181130020805	4471
1.3.0.20190205182514	4444
1.3.0.20190221150417	2279
1.3.1.20190301150258	5866
1.3.1.20190402172810	4669
1.3.2.20190402172810	4596
1.3.3.20190402172810	4678
1.4.0	4758
1.4.1	4266
1.4.2	4038
1.4.3	3920
2.0.0	3833
2.0.1	3949
2.0.2	2370
2.0.3	2153
2.0.3.1	2320
2.0.4	2231
2.1.0	2186
2.1.1	2260
2.1.2	2178
2.2.0	2131
2.2.1	2074
2.2.2	2072
2.3.0	2010
2.3.1	1971
2.3.2	1961
2.3.3	1806
2.4.0	1778
2.4.1	1673
2.4.2	1523
2.4.3	1472
2.4.4	1349
2.5.0	1284
2.6.0	1072
2.6.1	1041
2.6.2	989
2.6.3	1001
2.7.0	735
2.7.1	568
2.7.2	337
2.7.3	238
2.7.4	152
