version	total
0.1.20160301181511	5163
0.1.20160318153100	5260
0.1.20160331153549	5161
0.1.20160412193510	4902
0.1.20160517202250	7634
0.1.20161031135838	5111
0.1.20161123074954	6069
0.1.20170818194607	5051
0.1.20171010180436	5118
0.1.20171211211613	6437
1.2.0.20180905185317	4686
1.2.0.20181108215719	4636
1.2.0.20181109162613	4711
1.2.0.20181121194423	4655
1.2.1	4751
1.3.0.20181130020805	4580
1.3.0.20190205182514	4516
1.3.0.20190221150417	2367
1.3.1.20190301150258	5965
1.3.1.20190402172810	4795
1.3.2.20190402172810	4726
1.3.3.20190402172810	4804
1.4.0	4889
1.4.1	4394
1.4.2	4171
1.4.3	4049
2.0.0	3963
2.0.1	4077
2.0.2	2481
2.0.3	2265
2.0.3.1	2433
2.0.4	2343
2.1.0	2297
2.1.1	2370
2.1.2	2289
2.2.0	2242
2.2.1	2186
2.2.2	2184
2.3.0	2121
2.3.1	2084
2.3.2	2070
2.3.3	1919
2.4.0	1889
2.4.1	1795
2.4.2	1632
2.4.3	1584
2.4.4	1461
2.5.0	1395
2.6.0	1185
2.6.1	1153
2.6.2	1101
2.6.3	1120
2.7.0	844
2.7.1	678
2.7.2	449
2.7.3	350
2.7.4	270
