version	total
1.0.20160323	2703
1.0.20160311144647	2735
1.0.20160314171956	2733
1.0.20160318143738	2809
1.0.20160401183214	2737
1.0.20160406195023	2771
1.0.20160411202258	2788
1.0.20160421150319	2858
1.0.20160502202716	4079
1.0.20160715171107	5232
1.0.20161031135838	2835
1.0.20161123235904	2942
1.0.20161230191227	3002
1.0.20170216151734	2874
1.0.20170327202303	2850
1.0.20170414202629	3080
1.0.20170914161842	2802
1.0.20171010180436	3313
1.0.20171211211613	2824
1.0.20180216164101	3806
1.3.0.20181218191458	2380
1.3.0.20190206223817	330
1.3.0.20190221150417	283
1.3.1.20190301150258	2648
1.3.1.20190419203205	2151
1.3.2.20190419203205	2121
1.3.3.20190419203205	2472
1.4.0	230
1.4.1	302
1.4.2	224
1.4.3	254
2.0.0	493
2.0.1	171
2.0.2	370
2.0.3	169
2.0.3.1	558
2.0.4	163
