version	total
0.1.20160301181511	2615
0.1.20160318153100	2632
0.1.20160331153549	2625
0.1.20160412193510	2719
0.1.20160517202250	4856
0.1.20161031135838	2562
0.1.20161123074954	3511
0.1.20170818194607	2506
0.1.20171010180436	2522
0.1.20171211211613	3645
1.2.0.20180905185317	2148
1.2.0.20181108215719	2087
1.2.0.20181109162613	2182
1.2.0.20181121194423	2091
1.2.1	2224
1.3.0.20181130020805	2119
1.3.0.20190205182514	2031
1.3.0.20190221150417	175
1.3.1.20190301150258	2776
1.3.1.20190402172810	1950
1.3.2.20190402172810	1890
1.3.3.20190402172810	1967
1.4.0	2103
1.4.1	1599
1.4.2	1368
1.4.3	1257
2.0.0	1165
2.0.1	1292
2.0.2	259
2.0.3	42
2.0.3.1	172
2.0.4	115
2.1.0	78
2.1.1	147
2.1.2	75
2.2.0	10
