version	total
0.1.20160301181511	4570
0.1.20160318153100	4647
0.1.20160331153549	4573
0.1.20160412193510	4601
0.1.20160517202250	7005
0.1.20161031135838	4519
0.1.20161123074954	5472
0.1.20170818194607	4463
0.1.20171010180436	4520
0.1.20171211211613	5806
1.2.0.20180905185317	4093
1.2.0.20181108215719	4046
1.2.0.20181109162613	4119
1.2.0.20181121194423	4064
1.2.1	4162
1.3.0.20181130020805	4003
1.3.0.20190205182514	4013
1.3.0.20190221150417	1834
1.3.1.20190301150258	5368
1.3.1.20190402172810	4169
1.3.2.20190402172810	4092
1.3.3.20190402172810	4178
1.4.0	4254
1.4.1	3764
1.4.2	3534
1.4.3	3416
2.0.0	3326
2.0.1	3449
2.0.2	1898
2.0.3	1682
2.0.3.1	1850
2.0.4	1758
2.1.0	1716
2.1.1	1789
2.1.2	1707
2.2.0	1661
2.2.1	1604
2.2.2	1601
2.3.0	1541
2.3.1	1501
2.3.2	1492
2.3.3	1337
2.4.0	1309
2.4.1	1200
2.4.2	1054
2.4.3	1003
2.4.4	879
2.5.0	813
2.6.0	601
2.6.1	570
2.6.2	517
2.6.3	510
2.7.0	262
2.7.1	91
