version	total
1.0.20160323	4143
1.0.20160311144647	4163
1.0.20160314171956	4145
1.0.20160318143738	4270
1.0.20160401183214	4146
1.0.20160406195023	4169
1.0.20160411202258	4204
1.0.20160421150319	4237
1.0.20160502202716	5529
1.0.20160715171107	7830
1.0.20161031135838	4239
1.0.20161123235904	4410
1.0.20161230191227	4454
1.0.20170216151734	4330
1.0.20170327202303	4336
1.0.20170414202629	4570
1.0.20170914161842	4244
1.0.20171010180436	4858
1.0.20171211211613	4232
1.0.20180216164101	5380
1.3.0.20181218191458	3842
1.3.0.20190206223817	1681
1.3.0.20190221150417	1542
1.3.1.20190301150258	4329
1.3.1.20190419203205	3839
1.3.2.20190419203205	3820
1.3.3.20190419203205	4064
1.4.0	1560
1.4.1	1620
1.4.2	1543
1.4.3	1582
2.0.0	1820
2.0.1	1488
2.0.2	1688
2.0.3	1485
2.0.3.1	1984
2.0.4	1510
2.6.3	27
