version	total
1.0.20160323	2803
1.0.20160311144647	2838
1.0.20160314171956	2836
1.0.20160318143738	2916
1.0.20160401183214	2836
1.0.20160406195023	2871
1.0.20160411202258	2889
1.0.20160421150319	2956
1.0.20160502202716	4184
1.0.20160715171107	5427
1.0.20161031135838	2939
1.0.20161123235904	3052
1.0.20161230191227	3108
1.0.20170216151734	2983
1.0.20170327202303	2958
1.0.20170414202629	3193
1.0.20170914161842	2911
1.0.20171010180436	3425
1.0.20171211211613	2930
1.0.20180216164101	3915
1.3.0.20181218191458	2488
1.3.0.20190206223817	356
1.3.0.20190221150417	303
1.3.1.20190301150258	2771
1.3.1.20190419203205	2281
1.3.2.20190419203205	2251
1.3.3.20190419203205	2589
1.4.0	258
1.4.1	327
1.4.2	249
1.4.3	281
2.0.0	519
2.0.1	198
2.0.2	396
2.0.3	195
2.0.3.1	595
2.0.4	207
