version	total
1.0.20160323	5118
1.0.20160311144647	5148
1.0.20160314171956	5117
1.0.20160318143738	5246
1.0.20160401183214	5121
1.0.20160406195023	5112
1.0.20160411202258	5175
1.0.20160421150319	5214
1.0.20160502202716	6509
1.0.20160715171107	9336
1.0.20161031135838	5034
1.0.20161123235904	5380
1.0.20161230191227	5436
1.0.20170216151734	5308
1.0.20170327202303	5307
1.0.20170414202629	5538
1.0.20170914161842	5222
1.0.20171010180436	5588
1.0.20171211211613	5053
1.0.20180216164101	6416
1.3.0.20181218191458	4821
1.3.0.20190206223817	2618
1.3.0.20190221150417	2477
1.3.1.20190301150258	5371
1.3.1.20190419203205	4876
1.3.2.20190419203205	4853
1.3.3.20190419203205	4687
1.4.0	2494
1.4.1	2552
1.4.2	2476
1.4.3	2517
2.0.0	2756
2.0.1	2420
2.0.2	2622
2.0.3	2418
2.0.3.1	2955
2.0.4	2444
2.6.3	969
2.7.0	878
