version	total
1.0.20160323	3952
1.0.20160311144647	3973
1.0.20160314171956	3961
1.0.20160318143738	4081
1.0.20160401183214	3960
1.0.20160406195023	3984
1.0.20160411202258	4013
1.0.20160421150319	4048
1.0.20160502202716	5344
1.0.20160715171107	7483
1.0.20161031135838	4050
1.0.20161123235904	4221
1.0.20161230191227	4255
1.0.20170216151734	4138
1.0.20170327202303	4136
1.0.20170414202629	4378
1.0.20170914161842	4055
1.0.20171010180436	4658
1.0.20171211211613	4044
1.0.20180216164101	5170
1.3.0.20181218191458	3646
1.3.0.20190206223817	1490
1.3.0.20190221150417	1351
1.3.1.20190301150258	4115
1.3.1.20190419203205	3634
1.3.2.20190419203205	3612
1.3.3.20190419203205	3871
1.4.0	1376
1.4.1	1435
1.4.2	1359
1.4.3	1397
2.0.0	1635
2.0.1	1304
2.0.2	1505
2.0.3	1300
2.0.3.1	1779
2.0.4	1325
