version	total
1.0.20160323	4884
1.0.20160311144647	4908
1.0.20160314171956	4886
1.0.20160318143738	5010
1.0.20160401183214	4885
1.0.20160406195023	4901
1.0.20160411202258	4946
1.0.20160421150319	4978
1.0.20160502202716	6269
1.0.20160715171107	9111
1.0.20161031135838	4909
1.0.20161123235904	5150
1.0.20161230191227	5200
1.0.20170216151734	5077
1.0.20170327202303	5077
1.0.20170414202629	5309
1.0.20170914161842	4988
1.0.20171010180436	5462
1.0.20171211211613	4928
1.0.20180216164101	6159
1.3.0.20181218191458	4589
1.3.0.20190206223817	2396
1.3.0.20190221150417	2257
1.3.1.20190301150258	5112
1.3.1.20190419203205	4618
1.3.2.20190419203205	4599
1.3.3.20190419203205	4577
1.4.0	2272
1.4.1	2331
1.4.2	2253
1.4.3	2295
2.0.0	2533
2.0.1	2199
2.0.2	2401
2.0.3	2197
2.0.3.1	2719
2.0.4	2221
2.6.3	747
2.7.0	656
