version	total
1.0.20160323	4653
1.0.20160311144647	4675
1.0.20160314171956	4656
1.0.20160318143738	4781
1.0.20160401183214	4655
1.0.20160406195023	4673
1.0.20160411202258	4715
1.0.20160421150319	4747
1.0.20160502202716	6041
1.0.20160715171107	8776
1.0.20161031135838	4736
1.0.20161123235904	4920
1.0.20161230191227	4966
1.0.20170216151734	4843
1.0.20170327202303	4847
1.0.20170414202629	5077
1.0.20170914161842	4757
1.0.20171010180436	5330
1.0.20171211211613	4727
1.0.20180216164101	5911
1.3.0.20181218191458	4354
1.3.0.20190206223817	2167
1.3.0.20190221150417	2029
1.3.1.20190301150258	4863
1.3.1.20190419203205	4372
1.3.2.20190419203205	4354
1.3.3.20190419203205	4459
1.4.0	2047
1.4.1	2106
1.4.2	2028
1.4.3	2070
2.0.0	2308
2.0.1	1974
2.0.2	2175
2.0.3	1971
2.0.3.1	2484
2.0.4	1995
2.6.3	521
2.7.0	427
