version	total
1.0.20160323	3513
1.0.20160311144647	3534
1.0.20160314171956	3531
1.0.20160318143738	3642
1.0.20160401183214	3529
1.0.20160406195023	3554
1.0.20160411202258	3573
1.0.20160421150319	3608
1.0.20160502202716	4908
1.0.20160715171107	6677
1.0.20161031135838	3608
1.0.20161123235904	3778
1.0.20161230191227	3807
1.0.20170216151734	3687
1.0.20170327202303	3692
1.0.20170414202629	3932
1.0.20170914161842	3616
1.0.20171010180436	4155
1.0.20171211211613	3604
1.0.20180216164101	4655
1.3.0.20181218191458	3207
1.3.0.20190206223817	1076
1.3.0.20190221150417	937
1.3.1.20190301150258	3582
1.3.1.20190419203205	3107
1.3.2.20190419203205	3085
1.3.3.20190419203205	3349
1.4.0	967
1.4.1	1029
1.4.2	953
1.4.3	989
2.0.0	1227
2.0.1	898
2.0.2	1098
2.0.3	894
2.0.3.1	1332
2.0.4	919
