version	total
0.1.20160301181511	3097
0.1.20160318153100	3131
0.1.20160331153549	3105
0.1.20160412193510	3167
0.1.20160517202250	5383
0.1.20161031135838	3051
0.1.20161123074954	3992
0.1.20170818194607	2988
0.1.20171010180436	3018
0.1.20171211211613	4172
1.2.0.20180905185317	2620
1.2.0.20181108215719	2568
1.2.0.20181109162613	2654
1.2.0.20181121194423	2577
1.2.1	2698
1.3.0.20181130020805	2586
1.3.0.20190205182514	2508
1.3.0.20190221150417	458
1.3.1.20190301150258	3369
1.3.1.20190402172810	2484
1.3.2.20190402172810	2410
1.3.3.20190402172810	2501
1.4.0	2592
1.4.1	2094
1.4.2	1866
1.4.3	1745
2.0.0	1661
2.0.1	1789
2.0.2	511
2.0.3	294
2.0.3.1	454
2.0.4	370
2.1.0	324
2.1.1	396
2.1.2	317
2.2.0	268
2.2.1	212
2.2.2	200
2.3.0	143
2.3.1	103
2.3.2	93
