version	total
1.0.20160323	4803
1.0.20160311144647	4825
1.0.20160314171956	4805
1.0.20160318143738	4928
1.0.20160401183214	4804
1.0.20160406195023	4820
1.0.20160411202258	4863
1.0.20160421150319	4896
1.0.20160502202716	6188
1.0.20160715171107	9024
1.0.20161031135838	4864
1.0.20161123235904	5067
1.0.20161230191227	5115
1.0.20170216151734	4993
1.0.20170327202303	4994
1.0.20170414202629	5225
1.0.20170914161842	4905
1.0.20171010180436	5416
1.0.20171211211613	4866
1.0.20180216164101	6069
1.3.0.20181218191458	4501
1.3.0.20190206223817	2313
1.3.0.20190221150417	2174
1.3.1.20190301150258	5022
1.3.1.20190419203205	4531
1.3.2.20190419203205	4512
1.3.3.20190419203205	4539
1.4.0	2192
1.4.1	2250
1.4.2	2172
1.4.3	2214
2.0.0	2452
2.0.1	2118
2.0.2	2320
2.0.3	2116
2.0.3.1	2634
2.0.4	2140
2.6.3	666
2.7.0	574
