version	total
0.1.20160301181511	4970
0.1.20160318153100	5054
0.1.20160331153549	4972
0.1.20160412193510	4821
0.1.20160517202250	7421
0.1.20161031135838	4920
0.1.20161123074954	5875
0.1.20170818194607	4862
0.1.20171010180436	4923
0.1.20171211211613	6224
1.2.0.20180905185317	4495
1.2.0.20181108215719	4446
1.2.0.20181109162613	4521
1.2.0.20181121194423	4466
1.2.1	4562
1.3.0.20181130020805	4401
1.3.0.20190205182514	4394
1.3.0.20190221150417	2217
1.3.1.20190301150258	5801
1.3.1.20190402172810	4593
1.3.2.20190402172810	4516
1.3.3.20190402172810	4601
1.4.0	4679
1.4.1	4187
1.4.2	3961
1.4.3	3839
2.0.0	3754
2.0.1	3872
2.0.2	2298
2.0.3	2081
2.0.3.1	2247
2.0.4	2159
2.1.0	2114
2.1.1	2188
2.1.2	2106
2.2.0	2060
2.2.1	2002
2.2.2	2000
2.3.0	1938
2.3.1	1899
2.3.2	1889
2.3.3	1734
2.4.0	1706
2.4.1	1601
2.4.2	1451
2.4.3	1400
2.4.4	1277
2.5.0	1212
2.6.0	1000
2.6.1	969
2.6.2	917
2.6.3	927
2.7.0	663
2.7.1	496
2.7.2	265
2.7.3	165
2.7.4	75
