version	total
1.0.20160323	2728
1.0.20160311144647	2761
1.0.20160314171956	2759
1.0.20160318143738	2837
1.0.20160401183214	2762
1.0.20160406195023	2796
1.0.20160411202258	2814
1.0.20160421150319	2884
1.0.20160502202716	4107
1.0.20160715171107	5283
1.0.20161031135838	2862
1.0.20161123235904	2969
1.0.20161230191227	3028
1.0.20170216151734	2901
1.0.20170327202303	2877
1.0.20170414202629	3108
1.0.20170914161842	2829
1.0.20171010180436	3340
1.0.20171211211613	2851
1.0.20180216164101	3832
1.3.0.20181218191458	2407
1.3.0.20190206223817	346
1.3.0.20190221150417	296
1.3.1.20190301150258	2679
1.3.1.20190419203205	2183
1.3.2.20190419203205	2153
1.3.3.20190419203205	2501
1.4.0	246
1.4.1	316
1.4.2	238
1.4.3	270
2.0.0	507
2.0.1	186
2.0.2	385
2.0.3	183
2.0.3.1	574
2.0.4	180
