version	total
1.0.20160323	3079
1.0.20160311144647	3106
1.0.20160314171956	3101
1.0.20160318143738	3203
1.0.20160401183214	3097
1.0.20160406195023	3130
1.0.20160411202258	3147
1.0.20160421150319	3179
1.0.20160502202716	4469
1.0.20160715171107	5871
1.0.20161031135838	3175
1.0.20161123235904	3337
1.0.20161230191227	3371
1.0.20170216151734	3250
1.0.20170327202303	3248
1.0.20170414202629	3485
1.0.20170914161842	3175
1.0.20171010180436	3670
1.0.20171211211613	3172
1.0.20180216164101	4171
1.3.0.20181218191458	2773
1.3.0.20190206223817	645
1.3.0.20190221150417	522
1.3.1.20190301150258	3077
1.3.1.20190419203205	2591
1.3.2.20190419203205	2574
1.3.3.20190419203205	2845
1.4.0	537
1.4.1	602
1.4.2	525
1.4.3	560
2.0.0	798
2.0.1	471
2.0.2	675
2.0.3	469
2.0.3.1	864
2.0.4	491
