version	total
1.0.20160323	2862
1.0.20160311144647	2898
1.0.20160314171956	2895
1.0.20160318143738	2974
1.0.20160401183214	2894
1.0.20160406195023	2928
1.0.20160411202258	2949
1.0.20160421150319	2987
1.0.20160502202716	4241
1.0.20160715171107	5496
1.0.20161031135838	2978
1.0.20161123235904	3111
1.0.20161230191227	3165
1.0.20170216151734	3043
1.0.20170327202303	3018
1.0.20170414202629	3252
1.0.20170914161842	2968
1.0.20171010180436	3462
1.0.20171211211613	2976
1.0.20180216164101	3956
1.3.0.20181218191458	2545
1.3.0.20190206223817	412
1.3.0.20190221150417	333
1.3.1.20190301150258	2835
1.3.1.20190419203205	2344
1.3.2.20190419203205	2318
1.3.3.20190419203205	2627
1.4.0	314
1.4.1	382
1.4.2	305
1.4.3	337
2.0.0	575
2.0.1	254
2.0.2	452
2.0.3	250
2.0.3.1	652
2.0.4	268
