version	total
0.1.20160301181511	4661
0.1.20160318153100	4740
0.1.20160331153549	4663
0.1.20160412193510	4666
0.1.20160517202250	7101
0.1.20161031135838	4608
0.1.20161123074954	5563
0.1.20170818194607	4552
0.1.20171010180436	4610
0.1.20171211211613	5900
1.2.0.20180905185317	4184
1.2.0.20181108215719	4135
1.2.0.20181109162613	4210
1.2.0.20181121194423	4155
1.2.1	4252
1.3.0.20181130020805	4091
1.3.0.20190205182514	4104
1.3.0.20190221150417	1922
1.3.1.20190301150258	5474
1.3.1.20190402172810	4266
1.3.2.20190402172810	4190
1.3.3.20190402172810	4275
1.4.0	4352
1.4.1	3862
1.4.2	3632
1.4.3	3513
2.0.0	3426
2.0.1	3546
2.0.2	1989
2.0.3	1773
2.0.3.1	1940
2.0.4	1850
2.1.0	1806
2.1.1	1879
2.1.2	1797
2.2.0	1751
2.2.1	1694
2.2.2	1691
2.3.0	1631
2.3.1	1591
2.3.2	1582
2.3.3	1427
2.4.0	1399
2.4.1	1291
2.4.2	1144
2.4.3	1093
2.4.4	969
2.5.0	903
2.6.0	691
2.6.1	660
2.6.2	608
2.6.3	609
2.7.0	354
2.7.1	185
