version	total
1.0.20160323	5274
1.0.20160311144647	5301
1.0.20160314171956	5264
1.0.20160318143738	5398
1.0.20160401183214	5265
1.0.20160406195023	5237
1.0.20160411202258	5328
1.0.20160421150319	5368
1.0.20160502202716	6662
1.0.20160715171107	9458
1.0.20161031135838	5111
1.0.20161123235904	5529
1.0.20161230191227	5587
1.0.20170216151734	5462
1.0.20170327202303	5457
1.0.20170414202629	5690
1.0.20170914161842	5364
1.0.20171010180436	5668
1.0.20171211211613	5129
1.0.20180216164101	6595
1.3.0.20181218191458	4971
1.3.0.20190206223817	2757
1.3.0.20190221150417	2617
1.3.1.20190301150258	5556
1.3.1.20190419203205	5063
1.3.2.20190419203205	5042
1.3.3.20190419203205	4764
1.4.0	2631
1.4.1	2688
1.4.2	2611
1.4.3	2653
2.0.0	2896
2.0.1	2558
2.0.2	2761
2.0.3	2555
2.0.3.1	3117
2.0.4	2581
2.6.3	1109
2.7.0	1018
