version	total
0.1.20160301181511	4021
0.1.20160318153100	4087
0.1.20160331153549	4028
0.1.20160412193510	4078
0.1.20160517202250	6418
0.1.20161031135838	3975
0.1.20161123074954	4921
0.1.20170818194607	3920
0.1.20171010180436	3963
0.1.20171211211613	5219
1.2.0.20180905185317	3544
1.2.0.20181108215719	3506
1.2.0.20181109162613	3569
1.2.0.20181121194423	3520
1.2.1	3618
1.3.0.20181130020805	3474
1.3.0.20190205182514	3463
1.3.0.20190221150417	1332
1.3.1.20190301150258	4677
1.3.1.20190402172810	3572
1.3.2.20190402172810	3488
1.3.3.20190402172810	3569
1.4.0	3662
1.4.1	3164
1.4.2	2938
1.4.3	2818
2.0.0	2727
2.0.1	2855
2.0.2	1390
2.0.3	1176
2.0.3.1	1335
2.0.4	1250
2.1.0	1207
2.1.1	1282
2.1.2	1199
2.2.0	1152
2.2.1	1097
2.2.2	1088
2.3.0	1032
2.3.1	991
2.3.2	983
2.3.3	828
2.4.0	794
2.4.1	680
2.4.2	546
2.4.3	493
2.4.4	370
2.5.0	304
2.6.0	89
2.6.1	54
