version	total
0.1.20160301181511	4390
0.1.20160318153100	4463
0.1.20160331153549	4393
0.1.20160412193510	4436
0.1.20160517202250	6821
0.1.20161031135838	4339
0.1.20161123074954	5293
0.1.20170818194607	4284
0.1.20171010180436	4339
0.1.20171211211613	5622
1.2.0.20180905185317	3913
1.2.0.20181108215719	3869
1.2.0.20181109162613	3938
1.2.0.20181121194423	3887
1.2.1	3982
1.3.0.20181130020805	3828
1.3.0.20190205182514	3835
1.3.0.20190221150417	1663
1.3.1.20190301150258	5181
1.3.1.20190402172810	3989
1.3.2.20190402172810	3910
1.3.3.20190402172810	3995
1.4.0	4075
1.4.1	3583
1.4.2	3353
1.4.3	3239
2.0.0	3147
2.0.1	3271
2.0.2	1726
2.0.3	1511
2.0.3.1	1676
2.0.4	1587
2.1.0	1544
2.1.1	1617
2.1.2	1535
2.2.0	1489
2.2.1	1434
2.2.2	1428
2.3.0	1369
2.3.1	1330
2.3.2	1320
2.3.3	1166
2.4.0	1137
2.4.1	1028
2.4.2	884
2.4.3	831
2.4.4	707
2.5.0	642
2.6.0	429
2.6.1	398
2.6.2	345
2.6.3	334
2.7.0	88
