version	total
1.0.20160323	2530
1.0.20160311144647	2564
1.0.20160314171956	2560
1.0.20160318143738	2637
1.0.20160401183214	2568
1.0.20160406195023	2599
1.0.20160411202258	2617
1.0.20160421150319	2685
1.0.20160502202716	3905
1.0.20160715171107	4902
1.0.20161031135838	2661
1.0.20161123235904	2770
1.0.20161230191227	2825
1.0.20170216151734	2698
1.0.20170327202303	2675
1.0.20170414202629	2908
1.0.20170914161842	2626
1.0.20171010180436	3125
1.0.20171211211613	2654
1.0.20180216164101	3616
1.3.0.20181218191458	2206
1.3.0.20190206223817	237
1.3.0.20190221150417	194
1.3.1.20190301150258	2460
1.3.1.20190419203205	1959
1.3.2.20190419203205	1928
1.3.3.20190419203205	2285
1.4.0	143
1.4.1	211
1.4.2	131
1.4.3	162
2.0.0	400
2.0.1	80
2.0.2	278
2.0.3	76
2.0.3.1	462
2.0.4	64
