version	total
0.1.20160301181511	2754
0.1.20160318153100	2771
0.1.20160331153549	2765
0.1.20160412193510	2860
0.1.20160517202250	5015
0.1.20161031135838	2703
0.1.20161123074954	3648
0.1.20170818194607	2645
0.1.20171010180436	2665
0.1.20171211211613	3798
1.2.0.20180905185317	2284
1.2.0.20181108215719	2222
1.2.0.20181109162613	2315
1.2.0.20181121194423	2230
1.2.1	2359
1.3.0.20181130020805	2253
1.3.0.20190205182514	2178
1.3.0.20190221150417	245
1.3.1.20190301150258	2974
1.3.1.20190402172810	2109
1.3.2.20190402172810	2049
1.3.3.20190402172810	2130
1.4.0	2263
1.4.1	1762
1.4.2	1531
1.4.3	1417
2.0.0	1328
2.0.1	1454
2.0.2	331
2.0.3	113
2.0.3.1	243
2.0.4	186
2.1.0	151
2.1.1	218
2.1.2	145
2.2.0	92
2.2.1	31
