version	total
1.0.20160323	2726
1.0.20160311144647	2759
1.0.20160314171956	2757
1.0.20160318143738	2835
1.0.20160401183214	2760
1.0.20160406195023	2794
1.0.20160411202258	2812
1.0.20160421150319	2881
1.0.20160502202716	4105
1.0.20160715171107	5279
1.0.20161031135838	2860
1.0.20161123235904	2967
1.0.20161230191227	3026
1.0.20170216151734	2899
1.0.20170327202303	2875
1.0.20170414202629	3106
1.0.20170914161842	2827
1.0.20171010180436	3338
1.0.20171211211613	2849
1.0.20180216164101	3830
1.3.0.20181218191458	2405
1.3.0.20190206223817	345
1.3.0.20190221150417	295
1.3.1.20190301150258	2677
1.3.1.20190419203205	2180
1.3.2.20190419203205	2151
1.3.3.20190419203205	2499
1.4.0	244
1.4.1	315
1.4.2	237
1.4.3	269
2.0.0	506
2.0.1	185
2.0.2	384
2.0.3	182
2.0.3.1	573
2.0.4	179
