version	total
0.1.20160301181511	5239
0.1.20160318153100	5335
0.1.20160331153549	5236
0.1.20160412193510	4929
0.1.20160517202250	7713
0.1.20161031135838	5188
0.1.20161123074954	6145
0.1.20170818194607	5125
0.1.20171010180436	5193
0.1.20171211211613	6519
1.2.0.20180905185317	4763
1.2.0.20181108215719	4711
1.2.0.20181109162613	4785
1.2.0.20181121194423	4731
1.2.1	4826
1.3.0.20181130020805	4655
1.3.0.20190205182514	4558
1.3.0.20190221150417	2413
1.3.1.20190301150258	6025
1.3.1.20190402172810	4882
1.3.2.20190402172810	4810
1.3.3.20190402172810	4887
1.4.0	4971
1.4.1	4479
1.4.2	4254
1.4.3	4135
2.0.0	4048
2.0.1	4161
2.0.2	2555
2.0.3	2338
2.0.3.1	2506
2.0.4	2416
2.1.0	2370
2.1.1	2444
2.1.2	2363
2.2.0	2316
2.2.1	2260
2.2.2	2257
2.3.0	2194
2.3.1	2157
2.3.2	2143
2.3.3	1992
2.4.0	1963
2.4.1	1869
2.4.2	1706
2.4.3	1657
2.4.4	1534
2.5.0	1468
2.6.0	1258
2.6.1	1226
2.6.2	1174
2.6.3	1196
2.7.0	918
2.7.1	751
2.7.2	522
2.7.3	423
2.7.4	345
3.0.0	116
