version	total
0.1.20160301181511	4173
0.1.20160318153100	4241
0.1.20160331153549	4180
0.1.20160412193510	4228
0.1.20160517202250	6594
0.1.20161031135838	4127
0.1.20161123074954	5075
0.1.20170818194607	4072
0.1.20171010180436	4120
0.1.20171211211613	5394
1.2.0.20180905185317	3699
1.2.0.20181108215719	3658
1.2.0.20181109162613	3722
1.2.0.20181121194423	3672
1.2.1	3771
1.3.0.20181130020805	3623
1.3.0.20190205182514	3624
1.3.0.20190221150417	1473
1.3.1.20190301150258	4929
1.3.1.20190402172810	3758
1.3.2.20190402172810	3678
1.3.3.20190402172810	3760
1.4.0	3850
1.4.1	3353
1.4.2	3126
1.4.3	3007
2.0.0	2917
2.0.1	3044
2.0.2	1531
2.0.3	1317
2.0.3.1	1477
2.0.4	1391
2.1.0	1348
2.1.1	1423
2.1.2	1341
2.2.0	1293
2.2.1	1238
2.2.2	1229
2.3.0	1173
2.3.1	1132
2.3.2	1124
2.3.3	969
2.4.0	937
2.4.1	823
2.4.2	687
2.4.3	634
2.4.4	511
2.5.0	444
2.6.0	230
2.6.1	198
2.6.2	147
2.6.3	85
