version	total
0.1.20160301181511	2726
0.1.20160318153100	2744
0.1.20160331153549	2736
0.1.20160412193510	2831
0.1.20160517202250	4981
0.1.20161031135838	2674
0.1.20161123074954	3622
0.1.20170818194607	2616
0.1.20171010180436	2633
0.1.20171211211613	3767
1.2.0.20180905185317	2258
1.2.0.20181108215719	2197
1.2.0.20181109162613	2290
1.2.0.20181121194423	2202
1.2.1	2335
1.3.0.20181130020805	2227
1.3.0.20190205182514	2151
1.3.0.20190221150417	233
1.3.1.20190301150258	2928
1.3.1.20190402172810	2075
1.3.2.20190402172810	2018
1.3.3.20190402172810	2094
1.4.0	2232
1.4.1	1727
1.4.2	1498
1.4.3	1384
2.0.0	1293
2.0.1	1421
2.0.2	318
2.0.3	99
2.0.3.1	231
2.0.4	174
2.1.0	138
2.1.1	205
2.1.2	132
2.2.0	80
2.2.1	18
