version	total
0.1.20160301181511	4037
0.1.20160318153100	4106
0.1.20160331153549	4043
0.1.20160412193510	4093
0.1.20160517202250	6434
0.1.20161031135838	3990
0.1.20161123074954	4936
0.1.20170818194607	3935
0.1.20171010180436	3981
0.1.20171211211613	5235
1.2.0.20180905185317	3561
1.2.0.20181108215719	3522
1.2.0.20181109162613	3585
1.2.0.20181121194423	3536
1.2.1	3633
1.3.0.20181130020805	3489
1.3.0.20190205182514	3481
1.3.0.20190221150417	1348
1.3.1.20190301150258	4701
1.3.1.20190402172810	3591
1.3.2.20190402172810	3507
1.3.3.20190402172810	3588
1.4.0	3681
1.4.1	3183
1.4.2	2957
1.4.3	2837
2.0.0	2746
2.0.1	2874
2.0.2	1406
2.0.3	1192
2.0.3.1	1352
2.0.4	1266
2.1.0	1223
2.1.1	1298
2.1.2	1215
2.2.0	1168
2.2.1	1113
2.2.2	1104
2.3.0	1048
2.3.1	1007
2.3.2	999
2.3.3	844
2.4.0	810
2.4.1	696
2.4.2	562
2.4.3	509
2.4.4	386
2.5.0	320
2.6.0	105
2.6.1	72
