version	total
0.1.20160301181511	2863
0.1.20160318153100	2883
0.1.20160331153549	2873
0.1.20160412193510	2967
0.1.20160517202250	5132
0.1.20161031135838	2810
0.1.20161123074954	3756
0.1.20170818194607	2749
0.1.20171010180436	2771
0.1.20171211211613	3913
1.2.0.20180905185317	2387
1.2.0.20181108215719	2325
1.2.0.20181109162613	2421
1.2.0.20181121194423	2335
1.2.1	2464
1.3.0.20181130020805	2354
1.3.0.20190205182514	2281
1.3.0.20190221150417	300
1.3.1.20190301150258	3091
1.3.1.20190402172810	2219
1.3.2.20190402172810	2157
1.3.3.20190402172810	2241
1.4.0	2373
1.4.1	1871
1.4.2	1642
1.4.3	1524
2.0.0	1431
2.0.1	1558
2.0.2	386
2.0.3	168
2.0.3.1	299
2.0.4	241
2.1.0	204
2.1.1	272
2.1.2	198
2.2.0	147
2.2.1	88
2.2.2	67
