version	total
1.0.20160323	2451
1.0.20160311144647	2484
1.0.20160314171956	2482
1.0.20160318143738	2558
1.0.20160401183214	2489
1.0.20160406195023	2518
1.0.20160411202258	2537
1.0.20160421150319	2606
1.0.20160502202716	3825
1.0.20160715171107	4745
1.0.20161031135838	2580
1.0.20161123235904	2689
1.0.20161230191227	2745
1.0.20170216151734	2617
1.0.20170327202303	2594
1.0.20170414202629	2827
1.0.20170914161842	2545
1.0.20171010180436	3042
1.0.20171211211613	2569
1.0.20180216164101	3532
1.3.0.20181218191458	2125
1.3.0.20190206223817	203
1.3.0.20190221150417	161
1.3.1.20190301150258	2373
1.3.1.20190419203205	1871
1.3.2.20190419203205	1840
1.3.3.20190419203205	2197
1.4.0	107
1.4.1	178
1.4.2	98
1.4.3	125
2.0.0	363
2.0.1	46
2.0.2	244
2.0.3	41
2.0.3.1	417
2.0.4	31
