version	total
1.0.20160323	4390
1.0.20160311144647	4414
1.0.20160314171956	4396
1.0.20160318143738	4517
1.0.20160401183214	4394
1.0.20160406195023	4417
1.0.20160411202258	4451
1.0.20160421150319	4484
1.0.20160502202716	5778
1.0.20160715171107	8284
1.0.20161031135838	4486
1.0.20161123235904	4658
1.0.20161230191227	4704
1.0.20170216151734	4580
1.0.20170327202303	4584
1.0.20170414202629	4815
1.0.20170914161842	4496
1.0.20171010180436	5116
1.0.20171211211613	4478
1.0.20180216164101	5637
1.3.0.20181218191458	4087
1.3.0.20190206223817	1904
1.3.0.20190221150417	1765
1.3.1.20190301150258	4586
1.3.1.20190419203205	4096
1.3.2.20190419203205	4077
1.3.3.20190419203205	4303
1.4.0	1785
1.4.1	1845
1.4.2	1767
1.4.3	1808
2.0.0	2046
2.0.1	1712
2.0.2	1913
2.0.3	1709
2.0.3.1	2214
2.0.4	1734
2.6.3	255
2.7.0	159
