version	total
0.1.20160301181511	3687
0.1.20160318153100	3752
0.1.20160331153549	3695
0.1.20160412193510	3754
0.1.20160517202250	6041
0.1.20161031135838	3651
0.1.20161123074954	4588
0.1.20170818194607	3596
0.1.20171010180436	3631
0.1.20171211211613	4849
1.2.0.20180905185317	3213
1.2.0.20181108215719	3183
1.2.0.20181109162613	3237
1.2.0.20181121194423	3192
1.2.1	3285
1.3.0.20181130020805	3160
1.3.0.20190205182514	3124
1.3.0.20190221150417	1029
1.3.1.20190301150258	4190
1.3.1.20190402172810	3186
1.3.2.20190402172810	3094
1.3.3.20190402172810	3175
1.4.0	3269
1.4.1	2771
1.4.2	2546
1.4.3	2425
2.0.0	2335
2.0.1	2465
2.0.2	1078
2.0.3	863
2.0.3.1	1023
2.0.4	938
2.1.0	894
2.1.1	969
2.1.2	887
2.2.0	839
2.2.1	785
2.2.2	775
2.3.0	719
2.3.1	677
2.3.2	671
2.3.3	516
2.4.0	481
2.4.1	365
2.4.2	233
2.4.3	180
2.4.4	52
