version	total
0.1.20160301181511	4715
0.1.20160318153100	4796
0.1.20160331153549	4716
0.1.20160412193510	4697
0.1.20160517202250	7156
0.1.20161031135838	4664
0.1.20161123074954	5617
0.1.20170818194607	4608
0.1.20171010180436	4666
0.1.20171211211613	5957
1.2.0.20180905185317	4239
1.2.0.20181108215719	4191
1.2.0.20181109162613	4264
1.2.0.20181121194423	4210
1.2.1	4307
1.3.0.20181130020805	4147
1.3.0.20190205182514	4158
1.3.0.20190221150417	1975
1.3.1.20190301150258	5531
1.3.1.20190402172810	4324
1.3.2.20190402172810	4247
1.3.3.20190402172810	4332
1.4.0	4410
1.4.1	3920
1.4.2	3690
1.4.3	3571
2.0.0	3483
2.0.1	3602
2.0.2	2045
2.0.3	1828
2.0.3.1	1994
2.0.4	1906
2.1.0	1862
2.1.1	1935
2.1.2	1853
2.2.0	1807
2.2.1	1750
2.2.2	1747
2.3.0	1687
2.3.1	1647
2.3.2	1638
2.3.3	1483
2.4.0	1455
2.4.1	1349
2.4.2	1200
2.4.3	1149
2.4.4	1025
2.5.0	959
2.6.0	747
2.6.1	716
2.6.2	664
2.6.3	666
2.7.0	410
2.7.1	242
