version	total
0.1.20160301181511	3642
0.1.20160318153100	3705
0.1.20160331153549	3648
0.1.20160412193510	3707
0.1.20160517202250	5989
0.1.20161031135838	3604
0.1.20161123074954	4541
0.1.20170818194607	3549
0.1.20171010180436	3584
0.1.20171211211613	4797
1.2.0.20180905185317	3166
1.2.0.20181108215719	3136
1.2.0.20181109162613	3190
1.2.0.20181121194423	3145
1.2.1	3237
1.3.0.20181130020805	3115
1.3.0.20190205182514	3076
1.3.0.20190221150417	984
1.3.1.20190301150258	4129
1.3.1.20190402172810	3135
1.3.2.20190402172810	3043
1.3.3.20190402172810	3124
1.4.0	3218
1.4.1	2720
1.4.2	2494
1.4.3	2374
2.0.0	2284
2.0.1	2414
2.0.2	1033
2.0.3	818
2.0.3.1	978
2.0.4	893
2.1.0	849
2.1.1	924
2.1.2	842
2.2.0	794
2.2.1	740
2.2.2	730
2.3.0	674
2.3.1	632
2.3.2	626
2.3.3	471
2.4.0	436
2.4.1	320
2.4.2	188
2.4.3	134
