version	total
1.0.20160323	3474
1.0.20160311144647	3496
1.0.20160314171956	3493
1.0.20160318143738	3602
1.0.20160401183214	3490
1.0.20160406195023	3516
1.0.20160411202258	3535
1.0.20160421150319	3569
1.0.20160502202716	4870
1.0.20160715171107	6609
1.0.20161031135838	3570
1.0.20161123235904	3740
1.0.20161230191227	3770
1.0.20170216151734	3648
1.0.20170327202303	3654
1.0.20170414202629	3893
1.0.20170914161842	3576
1.0.20171010180436	4109
1.0.20171211211613	3566
1.0.20180216164101	4607
1.3.0.20181218191458	3172
1.3.0.20190206223817	1042
1.3.0.20190221150417	903
1.3.1.20190301150258	3540
1.3.1.20190419203205	3064
1.3.2.20190419203205	3041
1.3.3.20190419203205	3306
1.4.0	932
1.4.1	995
1.4.2	919
1.4.3	954
2.0.0	1192
2.0.1	864
2.0.2	1064
2.0.3	860
2.0.3.1	1295
2.0.4	885
