version	total
1.0.20160323	3482
1.0.20160311144647	3504
1.0.20160314171956	3501
1.0.20160318143738	3610
1.0.20160401183214	3498
1.0.20160406195023	3524
1.0.20160411202258	3543
1.0.20160421150319	3577
1.0.20160502202716	4878
1.0.20160715171107	6621
1.0.20161031135838	3578
1.0.20161123235904	3748
1.0.20161230191227	3779
1.0.20170216151734	3656
1.0.20170327202303	3662
1.0.20170414202629	3901
1.0.20170914161842	3585
1.0.20171010180436	4121
1.0.20171211211613	3574
1.0.20180216164101	4619
1.3.0.20181218191458	3178
1.3.0.20190206223817	1048
1.3.0.20190221150417	909
1.3.1.20190301150258	3550
1.3.1.20190419203205	3075
1.3.2.20190419203205	3053
1.3.3.20190419203205	3317
1.4.0	939
1.4.1	1001
1.4.2	925
1.4.3	961
2.0.0	1199
2.0.1	870
2.0.2	1070
2.0.3	866
2.0.3.1	1302
2.0.4	891
