version	total
1.0.20160323	5170
1.0.20160311144647	5199
1.0.20160314171956	5167
1.0.20160318143738	5298
1.0.20160401183214	5170
1.0.20160406195023	5155
1.0.20160411202258	5227
1.0.20160421150319	5266
1.0.20160502202716	6561
1.0.20160715171107	9364
1.0.20161031135838	5054
1.0.20161123235904	5431
1.0.20161230191227	5488
1.0.20170216151734	5360
1.0.20170327202303	5358
1.0.20170414202629	5590
1.0.20170914161842	5270
1.0.20171010180436	5617
1.0.20171211211613	5074
1.0.20180216164101	6477
1.3.0.20181218191458	4870
1.3.0.20190206223817	2661
1.3.0.20190221150417	2522
1.3.1.20190301150258	5432
1.3.1.20190419203205	4943
1.3.2.20190419203205	4921
1.3.3.20190419203205	4721
1.4.0	2537
1.4.1	2594
1.4.2	2517
1.4.3	2559
2.0.0	2800
2.0.1	2462
2.0.2	2665
2.0.3	2460
2.0.3.1	3005
2.0.4	2486
2.6.3	1014
2.7.0	922
