version	total
0.1.20160301181511	4901
0.1.20160318153100	4985
0.1.20160331153549	4903
0.1.20160412193510	4789
0.1.20160517202250	7347
0.1.20161031135838	4850
0.1.20161123074954	5805
0.1.20170818194607	4793
0.1.20171010180436	4853
0.1.20171211211613	6148
1.2.0.20180905185317	4426
1.2.0.20181108215719	4378
1.2.0.20181109162613	4451
1.2.0.20181121194423	4397
1.2.1	4492
1.3.0.20181130020805	4333
1.3.0.20190205182514	4338
1.3.0.20190221150417	2154
1.3.1.20190301150258	5729
1.3.1.20190402172810	4518
1.3.2.20190402172810	4442
1.3.3.20190402172810	4527
1.4.0	4606
1.4.1	4114
1.4.2	3885
1.4.3	3766
2.0.0	3680
2.0.1	3798
2.0.2	2232
2.0.3	2015
2.0.3.1	2181
2.0.4	2093
2.1.0	2048
2.1.1	2122
2.1.2	2040
2.2.0	1994
2.2.1	1936
2.2.2	1934
2.3.0	1872
2.3.1	1833
2.3.2	1823
2.3.3	1668
2.4.0	1640
2.4.1	1535
2.4.2	1385
2.4.3	1334
2.4.4	1211
2.5.0	1146
2.6.0	934
2.6.1	903
2.6.2	851
2.6.3	858
2.7.0	597
2.7.1	430
2.7.2	199
2.7.3	98
