version	total
1.0.20160323	2846
1.0.20160311144647	2882
1.0.20160314171956	2879
1.0.20160318143738	2958
1.0.20160401183214	2879
1.0.20160406195023	2913
1.0.20160411202258	2933
1.0.20160421150319	2980
1.0.20160502202716	4225
1.0.20160715171107	5480
1.0.20161031135838	2970
1.0.20161123235904	3095
1.0.20161230191227	3150
1.0.20170216151734	3028
1.0.20170327202303	3002
1.0.20170414202629	3236
1.0.20170914161842	2953
1.0.20171010180436	3455
1.0.20171211211613	2968
1.0.20180216164101	3949
1.3.0.20181218191458	2529
1.3.0.20190206223817	396
1.3.0.20190221150417	326
1.3.1.20190301150258	2818
1.3.1.20190419203205	2328
1.3.2.20190419203205	2301
1.3.3.20190419203205	2619
1.4.0	298
1.4.1	366
1.4.2	289
1.4.3	321
2.0.0	559
2.0.1	237
2.0.2	436
2.0.3	234
2.0.3.1	637
2.0.4	251
