version	total
1.0.20160323	3730
1.0.20160311144647	3755
1.0.20160314171956	3746
1.0.20160318143738	3861
1.0.20160401183214	3744
1.0.20160406195023	3769
1.0.20160411202258	3793
1.0.20160421150319	3827
1.0.20160502202716	5126
1.0.20160715171107	7084
1.0.20161031135838	3828
1.0.20161123235904	3998
1.0.20161230191227	4032
1.0.20170216151734	3911
1.0.20170327202303	3914
1.0.20170414202629	4153
1.0.20170914161842	3834
1.0.20171010180436	4401
1.0.20171211211613	3822
1.0.20180216164101	4905
1.3.0.20181218191458	3423
1.3.0.20190206223817	1284
1.3.0.20190221150417	1146
1.3.1.20190301150258	3833
1.3.1.20190419203205	3355
1.3.2.20190419203205	3331
1.3.3.20190419203205	3594
1.4.0	1173
1.4.1	1234
1.4.2	1158
1.4.3	1194
2.0.0	1433
2.0.1	1103
2.0.2	1304
2.0.3	1099
2.0.3.1	1556
2.0.4	1124
