version	total
1.0.20160323	4051
1.0.20160311144647	4072
1.0.20160314171956	4059
1.0.20160318143738	4180
1.0.20160401183214	4059
1.0.20160406195023	4082
1.0.20160411202258	4113
1.0.20160421150319	4148
1.0.20160502202716	5441
1.0.20160715171107	7668
1.0.20161031135838	4150
1.0.20161123235904	4322
1.0.20161230191227	4361
1.0.20170216151734	4237
1.0.20170327202303	4237
1.0.20170414202629	4477
1.0.20170914161842	4157
1.0.20171010180436	4767
1.0.20171211211613	4143
1.0.20180216164101	5279
1.3.0.20181218191458	3743
1.3.0.20190206223817	1585
1.3.0.20190221150417	1448
1.3.1.20190301150258	4225
1.3.1.20190419203205	3742
1.3.2.20190419203205	3720
1.3.3.20190419203205	3982
1.4.0	1471
1.4.1	1531
1.4.2	1455
1.4.3	1494
2.0.0	1731
2.0.1	1400
2.0.2	1600
2.0.3	1396
2.0.3.1	1883
2.0.4	1422
