version	total
0.1.20160301181511	3845
0.1.20160318153100	3907
0.1.20160331153549	3852
0.1.20160412193510	3904
0.1.20160517202250	6221
0.1.20161031135838	3801
0.1.20161123074954	4745
0.1.20170818194607	3746
0.1.20171010180436	3786
0.1.20171211211613	5021
1.2.0.20180905185317	3369
1.2.0.20181108215719	3333
1.2.0.20181109162613	3392
1.2.0.20181121194423	3345
1.2.1	3441
1.3.0.20181130020805	3304
1.3.0.20190205182514	3278
1.3.0.20190221150417	1167
1.3.1.20190301150258	4406
1.3.1.20190402172810	3360
1.3.2.20190402172810	3273
1.3.3.20190402172810	3353
1.4.0	3448
1.4.1	2949
1.4.2	2725
1.4.3	2604
2.0.0	2514
2.0.1	2642
2.0.2	1222
2.0.3	1007
2.0.3.1	1167
2.0.4	1082
2.1.0	1037
2.1.1	1112
2.1.2	1030
2.2.0	983
2.2.1	929
2.2.2	920
2.3.0	863
2.3.1	822
2.3.2	815
2.3.3	660
2.4.0	626
2.4.1	512
2.4.2	378
2.4.3	324
2.4.4	202
2.5.0	131
