version	total
0.1.20160301181511	5352
0.1.20160318153100	5447
0.1.20160331153549	5347
0.1.20160412193510	4969
0.1.20160517202250	7855
0.1.20161031135838	5292
0.1.20161123074954	6257
0.1.20170818194607	5235
0.1.20171010180436	5310
0.1.20171211211613	6658
1.2.0.20180905185317	4870
1.2.0.20181108215719	4819
1.2.0.20181109162613	4895
1.2.0.20181121194423	4840
1.2.1	4938
1.3.0.20181130020805	4751
1.3.0.20190205182514	4620
1.3.0.20190221150417	2460
1.3.1.20190301150258	6161
1.3.1.20190402172810	5020
1.3.2.20190402172810	4946
1.3.3.20190402172810	5031
1.4.0	5116
1.4.1	4615
1.4.2	4392
1.4.3	4279
2.0.0	4190
2.0.1	4299
2.0.2	2656
2.0.3	2435
2.0.3.1	2604
2.0.4	2514
2.1.0	2469
2.1.1	2543
2.1.2	2462
2.2.0	2414
2.2.1	2358
2.2.2	2356
2.3.0	2294
2.3.1	2256
2.3.2	2243
2.3.3	2092
2.4.0	2062
2.4.1	1967
2.4.2	1807
2.4.3	1756
2.4.4	1634
2.5.0	1569
2.6.0	1357
2.6.1	1325
2.6.2	1273
2.6.3	1310
2.7.0	1018
2.7.1	852
2.7.2	619
2.7.3	525
2.7.4	447
3.0.0	243
