version	total
0.1.20160301181511	4823
0.1.20160318153100	4907
0.1.20160331153549	4825
0.1.20160412193510	4749
0.1.20160517202250	7266
0.1.20161031135838	4769
0.1.20161123074954	5726
0.1.20170818194607	4713
0.1.20171010180436	4774
0.1.20171211211613	6064
1.2.0.20180905185317	4347
1.2.0.20181108215719	4297
1.2.0.20181109162613	4372
1.2.0.20181121194423	4316
1.2.1	4415
1.3.0.20181130020805	4252
1.3.0.20190205182514	4258
1.3.0.20190221150417	2076
1.3.1.20190301150258	5637
1.3.1.20190402172810	4434
1.3.2.20190402172810	4359
1.3.3.20190402172810	4444
1.4.0	4522
1.4.1	4031
1.4.2	3802
1.4.3	3682
2.0.0	3595
2.0.1	3714
2.0.2	2153
2.0.3	1936
2.0.3.1	2102
2.0.4	2014
2.1.0	1970
2.1.1	2043
2.1.2	1961
2.2.0	1915
2.2.1	1858
2.2.2	1855
2.3.0	1795
2.3.1	1755
2.3.2	1746
2.3.3	1591
2.4.0	1563
2.4.1	1458
2.4.2	1308
2.4.3	1256
2.4.4	1133
2.5.0	1066
2.6.0	854
2.6.1	823
2.6.2	772
2.6.3	777
2.7.0	518
2.7.1	351
2.7.2	117
