version	total
1.0.20160323	4515
1.0.20160311144647	4537
1.0.20160314171956	4519
1.0.20160318143738	4642
1.0.20160401183214	4518
1.0.20160406195023	4540
1.0.20160411202258	4577
1.0.20160421150319	4609
1.0.20160502202716	5904
1.0.20160715171107	8523
1.0.20161031135838	4608
1.0.20161123235904	4783
1.0.20161230191227	4830
1.0.20170216151734	4706
1.0.20170327202303	4710
1.0.20170414202629	4940
1.0.20170914161842	4620
1.0.20171010180436	5236
1.0.20171211211613	4599
1.0.20180216164101	5769
1.3.0.20181218191458	4214
1.3.0.20190206223817	2029
1.3.0.20190221150417	1892
1.3.1.20190301150258	4720
1.3.1.20190419203205	4230
1.3.2.20190419203205	4210
1.3.3.20190419203205	4390
1.4.0	1909
1.4.1	1968
1.4.2	1890
1.4.3	1932
2.0.0	2170
2.0.1	1836
2.0.2	2037
2.0.3	1833
2.0.3.1	2345
2.0.4	1858
2.6.3	382
2.7.0	288
