version	total
0.1.20160301181511	2705
0.1.20160318153100	2723
0.1.20160331153549	2715
0.1.20160412193510	2810
0.1.20160517202250	4957
0.1.20161031135838	2653
0.1.20161123074954	3601
0.1.20170818194607	2595
0.1.20171010180436	2612
0.1.20171211211613	3745
1.2.0.20180905185317	2239
1.2.0.20181108215719	2178
1.2.0.20181109162613	2271
1.2.0.20181121194423	2181
1.2.1	2314
1.3.0.20181130020805	2207
1.3.0.20190205182514	2129
1.3.0.20190221150417	222
1.3.1.20190301150258	2898
1.3.1.20190402172810	2051
1.3.2.20190402172810	1994
1.3.3.20190402172810	2070
1.4.0	2208
1.4.1	1703
1.4.2	1474
1.4.3	1360
2.0.0	1270
2.0.1	1397
2.0.2	307
2.0.3	88
2.0.3.1	220
2.0.4	163
2.1.0	127
2.1.1	194
2.1.2	121
2.2.0	69
