version	total
1.0.20160323	4531
1.0.20160311144647	4553
1.0.20160314171956	4535
1.0.20160318143738	4658
1.0.20160401183214	4534
1.0.20160406195023	4556
1.0.20160411202258	4593
1.0.20160421150319	4625
1.0.20160502202716	5920
1.0.20160715171107	8553
1.0.20161031135838	4623
1.0.20161123235904	4799
1.0.20161230191227	4846
1.0.20170216151734	4722
1.0.20170327202303	4726
1.0.20170414202629	4956
1.0.20170914161842	4636
1.0.20171010180436	5251
1.0.20171211211613	4614
1.0.20180216164101	5785
1.3.0.20181218191458	4230
1.3.0.20190206223817	2045
1.3.0.20190221150417	1907
1.3.1.20190301150258	4736
1.3.1.20190419203205	4246
1.3.2.20190419203205	4226
1.3.3.20190419203205	4398
1.4.0	1925
1.4.1	1984
1.4.2	1906
1.4.3	1948
2.0.0	2186
2.0.1	1852
2.0.2	2053
2.0.3	1849
2.0.3.1	2361
2.0.4	1874
2.6.3	398
2.7.0	304
