version	total
0.1.20160301181511	4819
0.1.20160318153100	4903
0.1.20160331153549	4821
0.1.20160412193510	4747
0.1.20160517202250	7262
0.1.20161031135838	4765
0.1.20161123074954	5722
0.1.20170818194607	4709
0.1.20171010180436	4770
0.1.20171211211613	6060
1.2.0.20180905185317	4343
1.2.0.20181108215719	4293
1.2.0.20181109162613	4368
1.2.0.20181121194423	4312
1.2.1	4411
1.3.0.20181130020805	4248
1.3.0.20190205182514	4254
1.3.0.20190221150417	2072
1.3.1.20190301150258	5633
1.3.1.20190402172810	4430
1.3.2.20190402172810	4355
1.3.3.20190402172810	4440
1.4.0	4518
1.4.1	4027
1.4.2	3798
1.4.3	3678
2.0.0	3591
2.0.1	3710
2.0.2	2149
2.0.3	1932
2.0.3.1	2098
2.0.4	2010
2.1.0	1966
2.1.1	2039
2.1.2	1957
2.2.0	1911
2.2.1	1854
2.2.2	1851
2.3.0	1791
2.3.1	1751
2.3.2	1742
2.3.3	1587
2.4.0	1559
2.4.1	1454
2.4.2	1304
2.4.3	1252
2.4.4	1129
2.5.0	1062
2.6.0	850
2.6.1	819
2.6.2	768
2.6.3	773
2.7.0	515
2.7.1	348
2.7.2	114
