version	total
0.1.20160301181511	4448
0.1.20160318153100	4524
0.1.20160331153549	4452
0.1.20160412193510	4492
0.1.20160517202250	6882
0.1.20161031135838	4397
0.1.20161123074954	5351
0.1.20170818194607	4341
0.1.20171010180436	4398
0.1.20171211211613	5681
1.2.0.20180905185317	3971
1.2.0.20181108215719	3925
1.2.0.20181109162613	3996
1.2.0.20181121194423	3943
1.2.1	4041
1.3.0.20181130020805	3880
1.3.0.20190205182514	3890
1.3.0.20190221150417	1714
1.3.1.20190301150258	5237
1.3.1.20190402172810	4043
1.3.2.20190402172810	3965
1.3.3.20190402172810	4051
1.4.0	4129
1.4.1	3638
1.4.2	3407
1.4.3	3291
2.0.0	3200
2.0.1	3323
2.0.2	1777
2.0.3	1562
2.0.3.1	1728
2.0.4	1638
2.1.0	1594
2.1.1	1667
2.1.2	1585
2.2.0	1539
2.2.1	1483
2.2.2	1479
2.3.0	1419
2.3.1	1380
2.3.2	1370
2.3.3	1216
2.4.0	1187
2.4.1	1078
2.4.2	934
2.4.3	881
2.4.4	757
2.5.0	692
2.6.0	479
2.6.1	448
2.6.2	395
2.6.3	385
2.7.0	138
