version	total
0.1.20160301181511	5018
0.1.20160318153100	5109
0.1.20160331153549	5020
0.1.20160412193510	4837
0.1.20160517202250	7472
0.1.20161031135838	4964
0.1.20161123074954	5922
0.1.20170818194607	4906
0.1.20171010180436	4971
0.1.20171211211613	6270
1.2.0.20180905185317	4542
1.2.0.20181108215719	4490
1.2.0.20181109162613	4568
1.2.0.20181121194423	4510
1.2.1	4609
1.3.0.20181130020805	4445
1.3.0.20190205182514	4430
1.3.0.20190221150417	2257
1.3.1.20190301150258	5847
1.3.1.20190402172810	4641
1.3.2.20190402172810	4567
1.3.3.20190402172810	4652
1.4.0	4730
1.4.1	4238
1.4.2	4012
1.4.3	3890
2.0.0	3805
2.0.1	3923
2.0.2	2345
2.0.3	2128
2.0.3.1	2294
2.0.4	2206
2.1.0	2160
2.1.1	2234
2.1.2	2152
2.2.0	2105
2.2.1	2048
2.2.2	2046
2.3.0	1984
2.3.1	1945
2.3.2	1935
2.3.3	1780
2.4.0	1752
2.4.1	1647
2.4.2	1497
2.4.3	1446
2.4.4	1323
2.5.0	1258
2.6.0	1046
2.6.1	1015
2.6.2	963
2.6.3	975
2.7.0	709
2.7.1	542
2.7.2	311
2.7.3	212
2.7.4	126
