version	total
0.1.20160301181511	5335
0.1.20160318153100	5428
0.1.20160331153549	5330
0.1.20160412193510	4959
0.1.20160517202250	7829
0.1.20161031135838	5278
0.1.20161123074954	6240
0.1.20170818194607	5218
0.1.20171010180436	5293
0.1.20171211211613	6633
1.2.0.20180905185317	4853
1.2.0.20181108215719	4803
1.2.0.20181109162613	4878
1.2.0.20181121194423	4824
1.2.1	4921
1.3.0.20181130020805	4740
1.3.0.20190205182514	4609
1.3.0.20190221150417	2453
1.3.1.20190301150258	6135
1.3.1.20190402172810	5001
1.3.2.20190402172810	4926
1.3.3.20190402172810	5011
1.4.0	5096
1.4.1	4595
1.4.2	4372
1.4.3	4260
2.0.0	4170
2.0.1	4278
2.0.2	2643
2.0.3	2424
2.0.3.1	2592
2.0.4	2503
2.1.0	2457
2.1.1	2532
2.1.2	2449
2.2.0	2401
2.2.1	2346
2.2.2	2344
2.3.0	2282
2.3.1	2244
2.3.2	2231
2.3.3	2080
2.4.0	2050
2.4.1	1954
2.4.2	1794
2.4.3	1743
2.4.4	1621
2.5.0	1556
2.6.0	1345
2.6.1	1313
2.6.2	1260
2.6.3	1293
2.7.0	1005
2.7.1	839
2.7.2	608
2.7.3	512
2.7.4	434
3.0.0	226
