version	total
0.1.20160301181511	4103
0.1.20160318153100	4171
0.1.20160331153549	4109
0.1.20160412193510	4159
0.1.20160517202250	6514
0.1.20161031135838	4058
0.1.20161123074954	5004
0.1.20170818194607	4001
0.1.20171010180436	4047
0.1.20171211211613	5315
1.2.0.20180905185317	3628
1.2.0.20181108215719	3588
1.2.0.20181109162613	3651
1.2.0.20181121194423	3602
1.2.1	3700
1.3.0.20181130020805	3555
1.3.0.20190205182514	3549
1.3.0.20190221150417	1405
1.3.1.20190301150258	4823
1.3.1.20190402172810	3676
1.3.2.20190402172810	3594
1.3.3.20190402172810	3675
1.4.0	3767
1.4.1	3270
1.4.2	3043
1.4.3	2924
2.0.0	2833
2.0.1	2961
2.0.2	1463
2.0.3	1249
2.0.3.1	1409
2.0.4	1323
2.1.0	1280
2.1.1	1355
2.1.2	1273
2.2.0	1225
2.2.1	1170
2.2.2	1161
2.3.0	1105
2.3.1	1064
2.3.2	1056
2.3.3	901
2.4.0	867
2.4.1	753
2.4.2	619
2.4.3	566
2.4.4	443
2.5.0	377
2.6.0	162
2.6.1	130
2.6.2	78
