version	total
1.0.20160323	4745
1.0.20160311144647	4767
1.0.20160314171956	4747
1.0.20160318143738	4872
1.0.20160401183214	4746
1.0.20160406195023	4762
1.0.20160411202258	4805
1.0.20160421150319	4838
1.0.20160502202716	6131
1.0.20160715171107	8945
1.0.20161031135838	4823
1.0.20161123235904	5010
1.0.20161230191227	5058
1.0.20170216151734	4935
1.0.20170327202303	4936
1.0.20170414202629	5167
1.0.20170914161842	4848
1.0.20171010180436	5381
1.0.20171211211613	4814
1.0.20180216164101	6005
1.3.0.20181218191458	4446
1.3.0.20190206223817	2258
1.3.0.20190221150417	2120
1.3.1.20190301150258	4960
1.3.1.20190419203205	4469
1.3.2.20190419203205	4449
1.3.3.20190419203205	4508
1.4.0	2138
1.4.1	2196
1.4.2	2118
1.4.3	2160
2.0.0	2398
2.0.1	2064
2.0.2	2266
2.0.3	2062
2.0.3.1	2578
2.0.4	2085
2.6.3	612
2.7.0	521
