version	total
1.0.20160323	4535
1.0.20160311144647	4557
1.0.20160314171956	4539
1.0.20160318143738	4662
1.0.20160401183214	4538
1.0.20160406195023	4560
1.0.20160411202258	4597
1.0.20160421150319	4629
1.0.20160502202716	5924
1.0.20160715171107	8561
1.0.20161031135838	4627
1.0.20161123235904	4803
1.0.20161230191227	4850
1.0.20170216151734	4726
1.0.20170327202303	4730
1.0.20170414202629	4960
1.0.20170914161842	4640
1.0.20171010180436	5255
1.0.20171211211613	4618
1.0.20180216164101	5789
1.3.0.20181218191458	4234
1.3.0.20190206223817	2049
1.3.0.20190221150417	1911
1.3.1.20190301150258	4740
1.3.1.20190419203205	4250
1.3.2.20190419203205	4230
1.3.3.20190419203205	4401
1.4.0	1929
1.4.1	1988
1.4.2	1910
1.4.3	1952
2.0.0	2190
2.0.1	1856
2.0.2	2057
2.0.3	1853
2.0.3.1	2365
2.0.4	1878
2.6.3	402
2.7.0	308
