version	total
0.1.20160301181511	3037
0.1.20160318153100	3067
0.1.20160331153549	3046
0.1.20160412193510	3106
0.1.20160517202250	5322
0.1.20161031135838	2988
0.1.20161123074954	3935
0.1.20170818194607	2925
0.1.20171010180436	2950
0.1.20171211211613	4104
1.2.0.20180905185317	2562
1.2.0.20181108215719	2505
1.2.0.20181109162613	2596
1.2.0.20181121194423	2514
1.2.1	2641
1.3.0.20181130020805	2527
1.3.0.20190205182514	2449
1.3.0.20190221150417	401
1.3.1.20190301150258	3308
1.3.1.20190402172810	2421
1.3.2.20190402172810	2353
1.3.3.20190402172810	2443
1.4.0	2530
1.4.1	2035
1.4.2	1807
1.4.3	1686
2.0.0	1601
2.0.1	1730
2.0.2	454
2.0.3	238
2.0.3.1	395
2.0.4	313
2.1.0	267
2.1.1	337
2.1.2	261
2.2.0	210
2.2.1	155
2.2.2	144
2.3.0	85
2.3.1	45
2.3.2	34
