version	total
0.1.20160301181511	3124
0.1.20160318153100	3158
0.1.20160331153549	3131
0.1.20160412193510	3190
0.1.20160517202250	5409
0.1.20161031135838	3077
0.1.20161123074954	4018
0.1.20170818194607	3013
0.1.20171010180436	3043
0.1.20171211211613	4199
1.2.0.20180905185317	2645
1.2.0.20181108215719	2593
1.2.0.20181109162613	2680
1.2.0.20181121194423	2604
1.2.1	2723
1.3.0.20181130020805	2611
1.3.0.20190205182514	2534
1.3.0.20190221150417	483
1.3.1.20190301150258	3400
1.3.1.20190402172810	2511
1.3.2.20190402172810	2439
1.3.3.20190402172810	2528
1.4.0	2620
1.4.1	2121
1.4.2	1893
1.4.3	1772
2.0.0	1688
2.0.1	1817
2.0.2	535
2.0.3	319
2.0.3.1	480
2.0.4	395
2.1.0	346
2.1.1	419
2.1.2	339
2.2.0	291
2.2.1	235
2.2.2	222
2.3.0	166
2.3.1	125
2.3.2	116
