version	total
1.0.20160323	4029
1.0.20160311144647	4050
1.0.20160314171956	4037
1.0.20160318143738	4159
1.0.20160401183214	4036
1.0.20160406195023	4060
1.0.20160411202258	4091
1.0.20160421150319	4126
1.0.20160502202716	5420
1.0.20160715171107	7626
1.0.20161031135838	4129
1.0.20161123235904	4301
1.0.20161230191227	4337
1.0.20170216151734	4215
1.0.20170327202303	4215
1.0.20170414202629	4455
1.0.20170914161842	4132
1.0.20171010180436	4746
1.0.20171211211613	4121
1.0.20180216164101	5253
1.3.0.20181218191458	3721
1.3.0.20190206223817	1563
1.3.0.20190221150417	1425
1.3.1.20190301150258	4201
1.3.1.20190419203205	3720
1.3.2.20190419203205	3698
1.3.3.20190419203205	3960
1.4.0	1449
1.4.1	1508
1.4.2	1433
1.4.3	1472
2.0.0	1708
2.0.1	1378
2.0.2	1578
2.0.3	1374
2.0.3.1	1861
2.0.4	1399
