version	total
1.0.20160323	3738
1.0.20160311144647	3763
1.0.20160314171956	3754
1.0.20160318143738	3871
1.0.20160401183214	3753
1.0.20160406195023	3777
1.0.20160411202258	3801
1.0.20160421150319	3837
1.0.20160502202716	5135
1.0.20160715171107	7100
1.0.20161031135838	3837
1.0.20161123235904	4007
1.0.20161230191227	4040
1.0.20170216151734	3920
1.0.20170327202303	3924
1.0.20170414202629	4163
1.0.20170914161842	3842
1.0.20171010180436	4409
1.0.20171211211613	3830
1.0.20180216164101	4916
1.3.0.20181218191458	3431
1.3.0.20190206223817	1294
1.3.0.20190221150417	1155
1.3.1.20190301150258	3842
1.3.1.20190419203205	3363
1.3.2.20190419203205	3339
1.3.3.20190419203205	3603
1.4.0	1181
1.4.1	1242
1.4.2	1166
1.4.3	1202
2.0.0	1441
2.0.1	1111
2.0.2	1312
2.0.3	1107
2.0.3.1	1564
2.0.4	1132
