version	total
0.1.20160301181511	4651
0.1.20160318153100	4730
0.1.20160331153549	4653
0.1.20160412193510	4658
0.1.20160517202250	7091
0.1.20161031135838	4598
0.1.20161123074954	5553
0.1.20170818194607	4542
0.1.20171010180436	4600
0.1.20171211211613	5890
1.2.0.20180905185317	4174
1.2.0.20181108215719	4125
1.2.0.20181109162613	4200
1.2.0.20181121194423	4145
1.2.1	4242
1.3.0.20181130020805	4081
1.3.0.20190205182514	4094
1.3.0.20190221150417	1912
1.3.1.20190301150258	5464
1.3.1.20190402172810	4256
1.3.2.20190402172810	4180
1.3.3.20190402172810	4265
1.4.0	4342
1.4.1	3852
1.4.2	3622
1.4.3	3503
2.0.0	3416
2.0.1	3536
2.0.2	1979
2.0.3	1763
2.0.3.1	1930
2.0.4	1840
2.1.0	1796
2.1.1	1869
2.1.2	1787
2.2.0	1741
2.2.1	1684
2.2.2	1681
2.3.0	1621
2.3.1	1581
2.3.2	1572
2.3.3	1417
2.4.0	1389
2.4.1	1281
2.4.2	1134
2.4.3	1083
2.4.4	959
2.5.0	893
2.6.0	681
2.6.1	650
2.6.2	598
2.6.3	599
2.7.0	344
2.7.1	175
