version	total
0.1.20160301181511	4013
0.1.20160318153100	4079
0.1.20160331153549	4020
0.1.20160412193510	4070
0.1.20160517202250	6410
0.1.20161031135838	3967
0.1.20161123074954	4913
0.1.20170818194607	3912
0.1.20171010180436	3955
0.1.20171211211613	5211
1.2.0.20180905185317	3536
1.2.0.20181108215719	3498
1.2.0.20181109162613	3561
1.2.0.20181121194423	3513
1.2.1	3609
1.3.0.20181130020805	3466
1.3.0.20190205182514	3455
1.3.0.20190221150417	1324
1.3.1.20190301150258	4669
1.3.1.20190402172810	3564
1.3.2.20190402172810	3480
1.3.3.20190402172810	3561
1.4.0	3654
1.4.1	3156
1.4.2	2930
1.4.3	2810
2.0.0	2719
2.0.1	2847
2.0.2	1382
2.0.3	1168
2.0.3.1	1327
2.0.4	1242
2.1.0	1199
2.1.1	1274
2.1.2	1191
2.2.0	1144
2.2.1	1089
2.2.2	1080
2.3.0	1024
2.3.1	983
2.3.2	975
2.3.3	820
2.4.0	786
2.4.1	672
2.4.2	538
2.4.3	485
2.4.4	362
2.5.0	296
2.6.0	80
2.6.1	46
