version	total
1.0.20160323	3507
1.0.20160311144647	3528
1.0.20160314171956	3525
1.0.20160318143738	3636
1.0.20160401183214	3523
1.0.20160406195023	3548
1.0.20160411202258	3567
1.0.20160421150319	3602
1.0.20160502202716	4902
1.0.20160715171107	6667
1.0.20161031135838	3602
1.0.20161123235904	3772
1.0.20161230191227	3802
1.0.20170216151734	3681
1.0.20170327202303	3686
1.0.20170414202629	3925
1.0.20170914161842	3609
1.0.20171010180436	4147
1.0.20171211211613	3598
1.0.20180216164101	4647
1.3.0.20181218191458	3202
1.3.0.20190206223817	1071
1.3.0.20190221150417	932
1.3.1.20190301150258	3575
1.3.1.20190419203205	3100
1.3.2.20190419203205	3078
1.3.3.20190419203205	3342
1.4.0	962
1.4.1	1024
1.4.2	948
1.4.3	984
2.0.0	1222
2.0.1	893
2.0.2	1093
2.0.3	889
2.0.3.1	1326
2.0.4	914
