version	total
1.0.20160323	3590
1.0.20160311144647	3611
1.0.20160314171956	3608
1.0.20160318143738	3719
1.0.20160401183214	3604
1.0.20160406195023	3631
1.0.20160411202258	3650
1.0.20160421150319	3686
1.0.20160502202716	4985
1.0.20160715171107	6825
1.0.20161031135838	3688
1.0.20161123235904	3859
1.0.20161230191227	3886
1.0.20170216151734	3767
1.0.20170327202303	3772
1.0.20170414202629	4010
1.0.20170914161842	3692
1.0.20171010180436	4242
1.0.20171211211613	3682
1.0.20180216164101	4742
1.3.0.20181218191458	3285
1.3.0.20190206223817	1152
1.3.0.20190221150417	1014
1.3.1.20190301150258	3670
1.3.1.20190419203205	3194
1.3.2.20190419203205	3173
1.3.3.20190419203205	3436
1.4.0	1044
1.4.1	1105
1.4.2	1029
1.4.3	1065
2.0.0	1304
2.0.1	975
2.0.2	1175
2.0.3	970
2.0.3.1	1415
2.0.4	995
