version	total
0.1.20160301181511	3810
0.1.20160318153100	3873
0.1.20160331153549	3816
0.1.20160412193510	3872
0.1.20160517202250	6180
0.1.20161031135838	3769
0.1.20161123074954	4710
0.1.20170818194607	3714
0.1.20171010180436	3752
0.1.20171211211613	4984
1.2.0.20180905185317	3335
1.2.0.20181108215719	3301
1.2.0.20181109162613	3358
1.2.0.20181121194423	3313
1.2.1	3407
1.3.0.20181130020805	3274
1.3.0.20190205182514	3246
1.3.0.20190221150417	1138
1.3.1.20190301150258	4360
1.3.1.20190402172810	3323
1.3.2.20190402172810	3234
1.3.3.20190402172810	3315
1.4.0	3409
1.4.1	2910
1.4.2	2686
1.4.3	2566
2.0.0	2476
2.0.1	2604
2.0.2	1191
2.0.3	976
2.0.3.1	1136
2.0.4	1051
2.1.0	1007
2.1.1	1082
2.1.2	1000
2.2.0	952
2.2.1	898
2.2.2	888
2.3.0	832
2.3.1	791
2.3.2	784
2.3.3	629
2.4.0	595
2.4.1	481
2.4.2	347
2.4.3	293
2.4.4	170
2.5.0	102
