version	total
1.0.20160323	3470
1.0.20160311144647	3492
1.0.20160314171956	3489
1.0.20160318143738	3598
1.0.20160401183214	3486
1.0.20160406195023	3512
1.0.20160411202258	3531
1.0.20160421150319	3565
1.0.20160502202716	4866
1.0.20160715171107	6601
1.0.20161031135838	3565
1.0.20161123235904	3736
1.0.20161230191227	3767
1.0.20170216151734	3644
1.0.20170327202303	3650
1.0.20170414202629	3888
1.0.20170914161842	3572
1.0.20171010180436	4105
1.0.20171211211613	3561
1.0.20180216164101	4603
1.3.0.20181218191458	3168
1.3.0.20190206223817	1038
1.3.0.20190221150417	899
1.3.1.20190301150258	3535
1.3.1.20190419203205	3059
1.3.2.20190419203205	3037
1.3.3.20190419203205	3302
1.4.0	928
1.4.1	991
1.4.2	915
1.4.3	950
2.0.0	1188
2.0.1	860
2.0.2	1060
2.0.3	856
2.0.3.1	1291
2.0.4	881
