version	total
1.0.20160323	2934
1.0.20160311144647	2967
1.0.20160314171956	2966
1.0.20160318143738	3050
1.0.20160401183214	2962
1.0.20160406195023	2994
1.0.20160411202258	3015
1.0.20160421150319	3046
1.0.20160502202716	4317
1.0.20160715171107	5612
1.0.20161031135838	3037
1.0.20161123235904	3186
1.0.20161230191227	3235
1.0.20170216151734	3114
1.0.20170327202303	3095
1.0.20170414202629	3330
1.0.20170914161842	3040
1.0.20171010180436	3526
1.0.20171211211613	3036
1.0.20180216164101	4027
1.3.0.20181218191458	2623
1.3.0.20190206223817	490
1.3.0.20190221150417	393
1.3.1.20190301150258	2912
1.3.1.20190419203205	2424
1.3.2.20190419203205	2403
1.3.3.20190419203205	2695
1.4.0	388
1.4.1	455
1.4.2	378
1.4.3	412
2.0.0	651
2.0.1	327
2.0.2	527
2.0.3	325
2.0.3.1	726
2.0.4	343
