version	total
0.1.20160301181511	5000
0.1.20160318153100	5090
0.1.20160331153549	5002
0.1.20160412193510	4832
0.1.20160517202250	7452
0.1.20161031135838	4947
0.1.20161123074954	5905
0.1.20170818194607	4889
0.1.20171010180436	4954
0.1.20171211211613	6252
1.2.0.20180905185317	4525
1.2.0.20181108215719	4473
1.2.0.20181109162613	4551
1.2.0.20181121194423	4493
1.2.1	4592
1.3.0.20181130020805	4428
1.3.0.20190205182514	4419
1.3.0.20190221150417	2243
1.3.1.20190301150258	5832
1.3.1.20190402172810	4622
1.3.2.20190402172810	4548
1.3.3.20190402172810	4633
1.4.0	4711
1.4.1	4219
1.4.2	3993
1.4.3	3871
2.0.0	3786
2.0.1	3904
2.0.2	2328
2.0.3	2111
2.0.3.1	2277
2.0.4	2189
2.1.0	2142
2.1.1	2216
2.1.2	2134
2.2.0	2090
2.2.1	2032
2.2.2	2030
2.3.0	1968
2.3.1	1929
2.3.2	1919
2.3.3	1764
2.4.0	1736
2.4.1	1631
2.4.2	1481
2.4.3	1430
2.4.4	1307
2.5.0	1240
2.6.0	1028
2.6.1	997
2.6.2	945
2.6.3	956
2.7.0	691
2.7.1	524
2.7.2	293
2.7.3	193
2.7.4	104
