version	total
1.0.20160323	4083
1.0.20160311144647	4104
1.0.20160314171956	4086
1.0.20160318143738	4209
1.0.20160401183214	4087
1.0.20160406195023	4109
1.0.20160411202258	4145
1.0.20160421150319	4177
1.0.20160502202716	5470
1.0.20160715171107	7715
1.0.20161031135838	4175
1.0.20161123235904	4351
1.0.20161230191227	4394
1.0.20170216151734	4270
1.0.20170327202303	4269
1.0.20170414202629	4508
1.0.20170914161842	4184
1.0.20171010180436	4799
1.0.20171211211613	4171
1.0.20180216164101	5313
1.3.0.20181218191458	3780
1.3.0.20190206223817	1614
1.3.0.20190221150417	1478
1.3.1.20190301150258	4262
1.3.1.20190419203205	3777
1.3.2.20190419203205	3756
1.3.3.20190419203205	4010
1.4.0	1499
1.4.1	1560
1.4.2	1483
1.4.3	1522
2.0.0	1760
2.0.1	1429
2.0.2	1629
2.0.3	1425
2.0.3.1	1920
2.0.4	1451
