version	total
1.0.20160323	2766
1.0.20160311144647	2799
1.0.20160314171956	2797
1.0.20160318143738	2875
1.0.20160401183214	2800
1.0.20160406195023	2834
1.0.20160411202258	2852
1.0.20160421150319	2922
1.0.20160502202716	4145
1.0.20160715171107	5355
1.0.20161031135838	2901
1.0.20161123235904	3008
1.0.20161230191227	3066
1.0.20170216151734	2939
1.0.20170327202303	2916
1.0.20170414202629	3147
1.0.20170914161842	2869
1.0.20171010180436	3382
1.0.20171211211613	2890
1.0.20180216164101	3874
1.3.0.20181218191458	2446
1.3.0.20190206223817	351
1.3.0.20190221150417	301
1.3.1.20190301150258	2725
1.3.1.20190419203205	2231
1.3.2.20190419203205	2199
1.3.3.20190419203205	2547
1.4.0	252
1.4.1	321
1.4.2	243
1.4.3	276
2.0.0	514
2.0.1	192
2.0.2	391
2.0.3	189
2.0.3.1	586
2.0.4	189
