version	total
0.1.20160301181511	3967
0.1.20160318153100	4030
0.1.20160331153549	3974
0.1.20160412193510	4025
0.1.20160517202250	6354
0.1.20161031135838	3922
0.1.20161123074954	4867
0.1.20170818194607	3867
0.1.20171010180436	3909
0.1.20171211211613	5156
1.2.0.20180905185317	3490
1.2.0.20181108215719	3453
1.2.0.20181109162613	3514
1.2.0.20181121194423	3466
1.2.1	3562
1.3.0.20181130020805	3423
1.3.0.20190205182514	3405
1.3.0.20190221150417	1282
1.3.1.20190301150258	4585
1.3.1.20190402172810	3504
1.3.2.20190402172810	3420
1.3.3.20190402172810	3500
1.4.0	3594
1.4.1	3096
1.4.2	2870
1.4.3	2750
2.0.0	2659
2.0.1	2787
2.0.2	1339
2.0.3	1124
2.0.3.1	1284
2.0.4	1199
2.1.0	1156
2.1.1	1231
2.1.2	1148
2.2.0	1101
2.2.1	1046
2.2.2	1037
2.3.0	981
2.3.1	940
2.3.2	932
2.3.3	777
2.4.0	743
2.4.1	629
2.4.2	495
2.4.3	442
2.4.4	319
2.5.0	252
2.6.0	34
