version	total
0.1.20160301181511	4769
0.1.20160318153100	4851
0.1.20160331153549	4770
0.1.20160412193510	4722
0.1.20160517202250	7211
0.1.20161031135838	4715
0.1.20161123074954	5671
0.1.20170818194607	4659
0.1.20171010180436	4720
0.1.20171211211613	6010
1.2.0.20180905185317	4293
1.2.0.20181108215719	4243
1.2.0.20181109162613	4318
1.2.0.20181121194423	4262
1.2.1	4361
1.3.0.20181130020805	4198
1.3.0.20190205182514	4205
1.3.0.20190221150417	2021
1.3.1.20190301150258	5585
1.3.1.20190402172810	4380
1.3.2.20190402172810	4305
1.3.3.20190402172810	4390
1.4.0	4468
1.4.1	3977
1.4.2	3748
1.4.3	3628
2.0.0	3541
2.0.1	3660
2.0.2	2098
2.0.3	1881
2.0.3.1	2047
2.0.4	1959
2.1.0	1915
2.1.1	1988
2.1.2	1906
2.2.0	1860
2.2.1	1803
2.2.2	1800
2.3.0	1740
2.3.1	1700
2.3.2	1691
2.3.3	1536
2.4.0	1508
2.4.1	1403
2.4.2	1253
2.4.3	1201
2.4.4	1078
2.5.0	1011
2.6.0	799
2.6.1	768
2.6.2	717
2.6.3	721
2.7.0	463
2.7.1	296
2.7.2	57
