version	total
1.0.20160323	4400
1.0.20160311144647	4424
1.0.20160314171956	4406
1.0.20160318143738	4527
1.0.20160401183214	4404
1.0.20160406195023	4427
1.0.20160411202258	4461
1.0.20160421150319	4494
1.0.20160502202716	5788
1.0.20160715171107	8304
1.0.20161031135838	4496
1.0.20161123235904	4668
1.0.20161230191227	4714
1.0.20170216151734	4590
1.0.20170327202303	4594
1.0.20170414202629	4825
1.0.20170914161842	4506
1.0.20171010180436	5126
1.0.20171211211613	4488
1.0.20180216164101	5647
1.3.0.20181218191458	4097
1.3.0.20190206223817	1914
1.3.0.20190221150417	1775
1.3.1.20190301150258	4596
1.3.1.20190419203205	4106
1.3.2.20190419203205	4087
1.3.3.20190419203205	4308
1.4.0	1795
1.4.1	1855
1.4.2	1777
1.4.3	1818
2.0.0	2056
2.0.1	1722
2.0.2	1923
2.0.3	1719
2.0.3.1	2224
2.0.4	1744
2.6.3	265
2.7.0	169
