version	total
1.0.20160323	5178
1.0.20160311144647	5208
1.0.20160314171956	5175
1.0.20160318143738	5306
1.0.20160401183214	5178
1.0.20160406195023	5161
1.0.20160411202258	5235
1.0.20160421150319	5274
1.0.20160502202716	6569
1.0.20160715171107	9372
1.0.20161031135838	5058
1.0.20161123235904	5439
1.0.20161230191227	5496
1.0.20170216151734	5368
1.0.20170327202303	5366
1.0.20170414202629	5598
1.0.20170914161842	5278
1.0.20171010180436	5618
1.0.20171211211613	5078
1.0.20180216164101	6485
1.3.0.20181218191458	4878
1.3.0.20190206223817	2670
1.3.0.20190221150417	2530
1.3.1.20190301150258	5440
1.3.1.20190419203205	4951
1.3.2.20190419203205	4929
1.3.3.20190419203205	4721
1.4.0	2546
1.4.1	2603
1.4.2	2526
1.4.3	2568
2.0.0	2809
2.0.1	2471
2.0.2	2674
2.0.3	2469
2.0.3.1	3015
2.0.4	2495
2.6.3	1023
2.7.0	931
