version	total
1.0.20160323	3692
1.0.20160311144647	3717
1.0.20160314171956	3708
1.0.20160318143738	3823
1.0.20160401183214	3706
1.0.20160406195023	3731
1.0.20160411202258	3755
1.0.20160421150319	3790
1.0.20160502202716	5088
1.0.20160715171107	7012
1.0.20161031135838	3789
1.0.20161123235904	3960
1.0.20161230191227	3993
1.0.20170216151734	3873
1.0.20170327202303	3876
1.0.20170414202629	4115
1.0.20170914161842	3796
1.0.20171010180436	4357
1.0.20171211211613	3783
1.0.20180216164101	4862
1.3.0.20181218191458	3385
1.3.0.20190206223817	1248
1.3.0.20190221150417	1111
1.3.1.20190301150258	3787
1.3.1.20190419203205	3308
1.3.2.20190419203205	3286
1.3.3.20190419203205	3549
1.4.0	1136
1.4.1	1198
1.4.2	1122
1.4.3	1158
2.0.0	1396
2.0.1	1067
2.0.2	1267
2.0.3	1063
2.0.3.1	1517
2.0.4	1088
