version	total
1.0.20160323	2701
1.0.20160311144647	2733
1.0.20160314171956	2731
1.0.20160318143738	2806
1.0.20160401183214	2735
1.0.20160406195023	2769
1.0.20160411202258	2786
1.0.20160421150319	2856
1.0.20160502202716	4077
1.0.20160715171107	5228
1.0.20161031135838	2833
1.0.20161123235904	2940
1.0.20161230191227	3000
1.0.20170216151734	2872
1.0.20170327202303	2848
1.0.20170414202629	3076
1.0.20170914161842	2800
1.0.20171010180436	3311
1.0.20171211211613	2822
1.0.20180216164101	3804
1.3.0.20181218191458	2378
1.3.0.20190206223817	328
1.3.0.20190221150417	282
1.3.1.20190301150258	2646
1.3.1.20190419203205	2149
1.3.2.20190419203205	2119
1.3.3.20190419203205	2470
1.4.0	229
1.4.1	301
1.4.2	223
1.4.3	253
2.0.0	492
2.0.1	170
2.0.2	369
2.0.3	168
2.0.3.1	557
2.0.4	161
