version	total
0.1.20160301181511	4864
0.1.20160318153100	4948
0.1.20160331153549	4866
0.1.20160412193510	4770
0.1.20160517202250	7308
0.1.20161031135838	4810
0.1.20161123074954	5767
0.1.20170818194607	4754
0.1.20171010180436	4815
0.1.20171211211613	6106
1.2.0.20180905185317	4388
1.2.0.20181108215719	4338
1.2.0.20181109162613	4413
1.2.0.20181121194423	4357
1.2.1	4455
1.3.0.20181130020805	4293
1.3.0.20190205182514	4298
1.3.0.20190221150417	2115
1.3.1.20190301150258	5681
1.3.1.20190402172810	4477
1.3.2.20190402172810	4401
1.3.3.20190402172810	4486
1.4.0	4564
1.4.1	4073
1.4.2	3844
1.4.3	3724
2.0.0	3638
2.0.1	3757
2.0.2	2194
2.0.3	1977
2.0.3.1	2143
2.0.4	2055
2.1.0	2011
2.1.1	2084
2.1.2	2002
2.2.0	1956
2.2.1	1899
2.2.2	1896
2.3.0	1835
2.3.1	1795
2.3.2	1786
2.3.3	1631
2.4.0	1603
2.4.1	1498
2.4.2	1348
2.4.3	1296
2.4.4	1173
2.5.0	1107
2.6.0	895
2.6.1	864
2.6.2	813
2.6.3	819
2.7.0	559
2.7.1	392
2.7.2	160
2.7.3	59
