version	total
0.1.20160301181511	4547
0.1.20160318153100	4624
0.1.20160331153549	4550
0.1.20160412193510	4586
0.1.20160517202250	6982
0.1.20161031135838	4496
0.1.20161123074954	5450
0.1.20170818194607	4440
0.1.20171010180436	4497
0.1.20171211211613	5782
1.2.0.20180905185317	4070
1.2.0.20181108215719	4023
1.2.0.20181109162613	4096
1.2.0.20181121194423	4041
1.2.1	4139
1.3.0.20181130020805	3980
1.3.0.20190205182514	3990
1.3.0.20190221150417	1812
1.3.1.20190301150258	5341
1.3.1.20190402172810	4144
1.3.2.20190402172810	4067
1.3.3.20190402172810	4153
1.4.0	4230
1.4.1	3739
1.4.2	3509
1.4.3	3391
2.0.0	3302
2.0.1	3424
2.0.2	1875
2.0.3	1659
2.0.3.1	1827
2.0.4	1736
2.1.0	1693
2.1.1	1766
2.1.2	1684
2.2.0	1638
2.2.1	1582
2.2.2	1578
2.3.0	1518
2.3.1	1478
2.3.2	1469
2.3.3	1314
2.4.0	1286
2.4.1	1177
2.4.2	1032
2.4.3	980
2.4.4	856
2.5.0	790
2.6.0	578
2.6.1	547
2.6.2	494
2.6.3	486
2.7.0	239
2.7.1	68
