version	total
1.0.20160323	2932
1.0.20160311144647	2967
1.0.20160314171956	2963
1.0.20160318143738	3048
1.0.20160401183214	2960
1.0.20160406195023	2994
1.0.20160411202258	3015
1.0.20160421150319	3046
1.0.20160502202716	4315
1.0.20160715171107	5612
1.0.20161031135838	3037
1.0.20161123235904	3184
1.0.20161230191227	3233
1.0.20170216151734	3112
1.0.20170327202303	3093
1.0.20170414202629	3328
1.0.20170914161842	3038
1.0.20171010180436	3526
1.0.20171211211613	3036
1.0.20180216164101	4027
1.3.0.20181218191458	2621
1.3.0.20190206223817	488
1.3.0.20190221150417	393
1.3.1.20190301150258	2910
1.3.1.20190419203205	2422
1.3.2.20190419203205	2401
1.3.3.20190419203205	2695
1.4.0	386
1.4.1	453
1.4.2	376
1.4.3	410
2.0.0	649
2.0.1	325
2.0.2	525
2.0.3	323
2.0.3.1	724
2.0.4	341
