version	total
0.1.20160301181511	5370
0.1.20160318153100	5465
0.1.20160331153549	5364
0.1.20160412193510	4971
0.1.20160517202250	7874
0.1.20161031135838	5307
0.1.20161123074954	6274
0.1.20170818194607	5250
0.1.20171010180436	5328
0.1.20171211211613	6675
1.2.0.20180905185317	4888
1.2.0.20181108215719	4834
1.2.0.20181109162613	4913
1.2.0.20181121194423	4856
1.2.1	4954
1.3.0.20181130020805	4766
1.3.0.20190205182514	4629
1.3.0.20190221150417	2467
1.3.1.20190301150258	6178
1.3.1.20190402172810	5039
1.3.2.20190402172810	4966
1.3.3.20190402172810	5051
1.4.0	5136
1.4.1	4635
1.4.2	4412
1.4.3	4299
2.0.0	4210
2.0.1	4319
2.0.2	2673
2.0.3	2452
2.0.3.1	2623
2.0.4	2531
2.1.0	2485
2.1.1	2560
2.1.2	2478
2.2.0	2430
2.2.1	2374
2.2.2	2373
2.3.0	2311
2.3.1	2273
2.3.2	2260
2.3.3	2109
2.4.0	2079
2.4.1	1983
2.4.2	1823
2.4.3	1772
2.4.4	1650
2.5.0	1585
2.6.0	1373
2.6.1	1342
2.6.2	1289
2.6.3	1329
2.7.0	1034
2.7.1	868
2.7.2	635
2.7.3	541
2.7.4	463
3.0.0	263
