version	total
0.1.20160301181511	4213
0.1.20160318153100	4287
0.1.20160331153549	4220
0.1.20160412193510	4266
0.1.20160517202250	6636
0.1.20161031135838	4164
0.1.20161123074954	5115
0.1.20170818194607	4111
0.1.20171010180436	4162
0.1.20171211211613	5437
1.2.0.20180905185317	3741
1.2.0.20181108215719	3697
1.2.0.20181109162613	3762
1.2.0.20181121194423	3710
1.2.1	3810
1.3.0.20181130020805	3660
1.3.0.20190205182514	3665
1.3.0.20190221150417	1509
1.3.1.20190301150258	4975
1.3.1.20190402172810	3801
1.3.2.20190402172810	3722
1.3.3.20190402172810	3804
1.4.0	3892
1.4.1	3397
1.4.2	3169
1.4.3	3052
2.0.0	2960
2.0.1	3089
2.0.2	1569
2.0.3	1355
2.0.3.1	1518
2.0.4	1429
2.1.0	1387
2.1.1	1461
2.1.2	1379
2.2.0	1331
2.2.1	1276
2.2.2	1268
2.3.0	1212
2.3.1	1171
2.3.2	1162
2.3.3	1007
2.4.0	975
2.4.1	862
2.4.2	726
2.4.3	673
2.4.4	550
2.5.0	483
2.6.0	270
2.6.1	238
2.6.2	187
2.6.3	134
