version	total
0.1.20160301181511	3419
0.1.20160318153100	3480
0.1.20160331153549	3426
0.1.20160412193510	3485
0.1.20160517202250	5737
0.1.20161031135838	3382
0.1.20161123074954	4319
0.1.20170818194607	3324
0.1.20171010180436	3360
0.1.20171211211613	4546
1.2.0.20180905185317	2944
1.2.0.20181108215719	2913
1.2.0.20181109162613	2971
1.2.0.20181121194423	2925
1.2.1	3018
1.3.0.20181130020805	2902
1.3.0.20190205182514	2843
1.3.0.20190221150417	768
1.3.1.20190301150258	3820
1.3.1.20190402172810	2881
1.3.2.20190402172810	2792
1.3.3.20190402172810	2873
1.4.0	2966
1.4.1	2468
1.4.2	2245
1.4.3	2123
2.0.0	2037
2.0.1	2165
2.0.2	819
2.0.3	602
2.0.3.1	764
2.0.4	678
2.1.0	632
2.1.1	708
2.1.2	627
2.2.0	576
2.2.1	522
2.2.2	510
2.3.0	454
2.3.1	413
2.3.2	409
2.3.3	251
2.4.0	211
2.4.1	96
