version	total
0.1.20160301181511	4200
0.1.20160318153100	4270
0.1.20160331153549	4208
0.1.20160412193510	4254
0.1.20160517202250	6623
0.1.20161031135838	4154
0.1.20161123074954	5102
0.1.20170818194607	4100
0.1.20171010180436	4149
0.1.20171211211613	5423
1.2.0.20180905185317	3726
1.2.0.20181108215719	3685
1.2.0.20181109162613	3749
1.2.0.20181121194423	3698
1.2.1	3798
1.3.0.20181130020805	3650
1.3.0.20190205182514	3651
1.3.0.20190221150417	1498
1.3.1.20190301150258	4960
1.3.1.20190402172810	3787
1.3.2.20190402172810	3707
1.3.3.20190402172810	3789
1.4.0	3879
1.4.1	3382
1.4.2	3155
1.4.3	3036
2.0.0	2946
2.0.1	3073
2.0.2	1557
2.0.3	1343
2.0.3.1	1503
2.0.4	1417
2.1.0	1374
2.1.1	1449
2.1.2	1367
2.2.0	1319
2.2.1	1264
2.2.2	1255
2.3.0	1199
2.3.1	1158
2.3.2	1150
2.3.3	995
2.4.0	963
2.4.1	850
2.4.2	713
2.4.3	660
2.4.4	538
2.5.0	471
2.6.0	257
2.6.1	225
2.6.2	175
2.6.3	119
