version	total
0.1.20160301181511	4919
0.1.20160318153100	5003
0.1.20160331153549	4921
0.1.20160412193510	4796
0.1.20160517202250	7365
0.1.20161031135838	4866
0.1.20161123074954	5823
0.1.20170818194607	4809
0.1.20171010180436	4871
0.1.20171211211613	6164
1.2.0.20180905185317	4444
1.2.0.20181108215719	4394
1.2.0.20181109162613	4469
1.2.0.20181121194423	4413
1.2.1	4510
1.3.0.20181130020805	4349
1.3.0.20190205182514	4351
1.3.0.20190221150417	2170
1.3.1.20190301150258	5742
1.3.1.20190402172810	4534
1.3.2.20190402172810	4460
1.3.3.20190402172810	4545
1.4.0	4624
1.4.1	4132
1.4.2	3903
1.4.3	3784
2.0.0	3698
2.0.1	3816
2.0.2	2250
2.0.3	2033
2.0.3.1	2199
2.0.4	2111
2.1.0	2065
2.1.1	2139
2.1.2	2057
2.2.0	2011
2.2.1	1953
2.2.2	1951
2.3.0	1889
2.3.1	1850
2.3.2	1840
2.3.3	1685
2.4.0	1658
2.4.1	1553
2.4.2	1403
2.4.3	1352
2.4.4	1229
2.5.0	1163
2.6.0	951
2.6.1	920
2.6.2	868
2.6.3	875
2.7.0	614
2.7.1	447
2.7.2	216
2.7.3	116
2.7.4	17
