version	total
0.1.20160301181511	2782
0.1.20160318153100	2801
0.1.20160331153549	2794
0.1.20160412193510	2891
0.1.20160517202250	5048
0.1.20161031135838	2732
0.1.20161123074954	3677
0.1.20170818194607	2671
0.1.20171010180436	2691
0.1.20171211211613	3831
1.2.0.20180905185317	2309
1.2.0.20181108215719	2247
1.2.0.20181109162613	2342
1.2.0.20181121194423	2257
1.2.1	2388
1.3.0.20181130020805	2278
1.3.0.20190205182514	2204
1.3.0.20190221150417	258
1.3.1.20190301150258	3005
1.3.1.20190402172810	2140
1.3.2.20190402172810	2079
1.3.3.20190402172810	2162
1.4.0	2294
1.4.1	1791
1.4.2	1562
1.4.3	1446
2.0.0	1353
2.0.1	1480
2.0.2	343
2.0.3	126
2.0.3.1	256
2.0.4	199
2.1.0	164
2.1.1	231
2.1.2	158
2.2.0	104
2.2.1	43
