version	total
0.1.20160301181511	5034
0.1.20160318153100	5126
0.1.20160331153549	5036
0.1.20160412193510	4845
0.1.20160517202250	7491
0.1.20161031135838	4981
0.1.20161123074954	5939
0.1.20170818194607	4922
0.1.20171010180436	4989
0.1.20171211211613	6289
1.2.0.20180905185317	4558
1.2.0.20181108215719	4507
1.2.0.20181109162613	4584
1.2.0.20181121194423	4527
1.2.1	4626
1.3.0.20181130020805	4461
1.3.0.20190205182514	4439
1.3.0.20190221150417	2270
1.3.1.20190301150258	5859
1.3.1.20190402172810	4658
1.3.2.20190402172810	4585
1.3.3.20190402172810	4668
1.4.0	4746
1.4.1	4255
1.4.2	4028
1.4.3	3908
2.0.0	3823
2.0.1	3940
2.0.2	2361
2.0.3	2144
2.0.3.1	2310
2.0.4	2222
2.1.0	2176
2.1.1	2250
2.1.2	2168
2.2.0	2121
2.2.1	2064
2.2.2	2062
2.3.0	2001
2.3.1	1962
2.3.2	1952
2.3.3	1797
2.4.0	1769
2.4.1	1664
2.4.2	1514
2.4.3	1463
2.4.4	1340
2.5.0	1274
2.6.0	1062
2.6.1	1031
2.6.2	979
2.6.3	991
2.7.0	725
2.7.1	558
2.7.2	327
2.7.3	228
2.7.4	142
