version	total
0.1.20160301181511	4067
0.1.20160318153100	4136
0.1.20160331153549	4074
0.1.20160412193510	4124
0.1.20160517202250	6472
0.1.20161031135838	4021
0.1.20161123074954	4968
0.1.20170818194607	3966
0.1.20171010180436	4012
0.1.20171211211613	5274
1.2.0.20180905185317	3593
1.2.0.20181108215719	3553
1.2.0.20181109162613	3616
1.2.0.20181121194423	3567
1.2.1	3664
1.3.0.20181130020805	3520
1.3.0.20190205182514	3511
1.3.0.20190221150417	1372
1.3.1.20190301150258	4768
1.3.1.20190402172810	3634
1.3.2.20190402172810	3552
1.3.3.20190402172810	3633
1.4.0	3725
1.4.1	3228
1.4.2	3001
1.4.3	2882
2.0.0	2791
2.0.1	2919
2.0.2	1430
2.0.3	1216
2.0.3.1	1376
2.0.4	1290
2.1.0	1247
2.1.1	1322
2.1.2	1240
2.2.0	1192
2.2.1	1137
2.2.2	1128
2.3.0	1072
2.3.1	1031
2.3.2	1023
2.3.3	868
2.4.0	834
2.4.1	720
2.4.2	586
2.4.3	533
2.4.4	410
2.5.0	344
2.6.0	129
2.6.1	97
2.6.2	44
