version	total
0.1.20160301181511	4217
0.1.20160318153100	4291
0.1.20160331153549	4222
0.1.20160412193510	4270
0.1.20160517202250	6638
0.1.20161031135838	4168
0.1.20161123074954	5117
0.1.20170818194607	4115
0.1.20171010180436	4167
0.1.20171211211613	5441
1.2.0.20180905185317	3745
1.2.0.20181108215719	3701
1.2.0.20181109162613	3766
1.2.0.20181121194423	3713
1.2.1	3812
1.3.0.20181130020805	3664
1.3.0.20190205182514	3669
1.3.0.20190221150417	1513
1.3.1.20190301150258	4979
1.3.1.20190402172810	3805
1.3.2.20190402172810	3724
1.3.3.20190402172810	3806
1.4.0	3894
1.4.1	3399
1.4.2	3171
1.4.3	3054
2.0.0	2962
2.0.1	3091
2.0.2	1571
2.0.3	1357
2.0.3.1	1522
2.0.4	1431
2.1.0	1389
2.1.1	1463
2.1.2	1381
2.2.0	1333
2.2.1	1278
2.2.2	1270
2.3.0	1214
2.3.1	1173
2.3.2	1164
2.3.3	1009
2.4.0	977
2.4.1	864
2.4.2	728
2.4.3	675
2.4.4	552
2.5.0	485
2.6.0	272
2.6.1	240
2.6.2	189
2.6.3	136
