version	total
1.0.20160323	2838
1.0.20160311144647	2873
1.0.20160314171956	2871
1.0.20160318143738	2951
1.0.20160401183214	2871
1.0.20160406195023	2904
1.0.20160411202258	2923
1.0.20160421150319	2975
1.0.20160502202716	4218
1.0.20160715171107	5471
1.0.20161031135838	2964
1.0.20161123235904	3088
1.0.20161230191227	3143
1.0.20170216151734	3020
1.0.20170327202303	2995
1.0.20170414202629	3228
1.0.20170914161842	2945
1.0.20171010180436	3450
1.0.20171211211613	2961
1.0.20180216164101	3942
1.3.0.20181218191458	2522
1.3.0.20190206223817	390
1.3.0.20190221150417	322
1.3.1.20190301150258	2807
1.3.1.20190419203205	2319
1.3.2.20190419203205	2291
1.3.3.20190419203205	2612
1.4.0	292
1.4.1	360
1.4.2	283
1.4.3	315
2.0.0	553
2.0.1	231
2.0.2	429
2.0.3	228
2.0.3.1	630
2.0.4	245
