version	total
1.0.20160323	3720
1.0.20160311144647	3745
1.0.20160314171956	3736
1.0.20160318143738	3851
1.0.20160401183214	3734
1.0.20160406195023	3759
1.0.20160411202258	3783
1.0.20160421150319	3817
1.0.20160502202716	5116
1.0.20160715171107	7063
1.0.20161031135838	3818
1.0.20161123235904	3988
1.0.20161230191227	4022
1.0.20170216151734	3901
1.0.20170327202303	3904
1.0.20170414202629	4143
1.0.20170914161842	3824
1.0.20171010180436	4390
1.0.20171211211613	3811
1.0.20180216164101	4895
1.3.0.20181218191458	3412
1.3.0.20190206223817	1273
1.3.0.20190221150417	1136
1.3.1.20190301150258	3822
1.3.1.20190419203205	3344
1.3.2.20190419203205	3321
1.3.3.20190419203205	3584
1.4.0	1161
1.4.1	1223
1.4.2	1147
1.4.3	1183
2.0.0	1422
2.0.1	1092
2.0.2	1292
2.0.3	1088
2.0.3.1	1544
2.0.4	1113
