version	total
0.1.20160301181511	4108
0.1.20160318153100	4176
0.1.20160331153549	4114
0.1.20160412193510	4164
0.1.20160517202250	6520
0.1.20161031135838	4063
0.1.20161123074954	5009
0.1.20170818194607	4006
0.1.20171010180436	4052
0.1.20171211211613	5321
1.2.0.20180905185317	3633
1.2.0.20181108215719	3593
1.2.0.20181109162613	3656
1.2.0.20181121194423	3607
1.2.1	3705
1.3.0.20181130020805	3560
1.3.0.20190205182514	3555
1.3.0.20190221150417	1410
1.3.1.20190301150258	4833
1.3.1.20190402172810	3683
1.3.2.20190402172810	3601
1.3.3.20190402172810	3683
1.4.0	3774
1.4.1	3277
1.4.2	3050
1.4.3	2931
2.0.0	2840
2.0.1	2968
2.0.2	1468
2.0.3	1254
2.0.3.1	1414
2.0.4	1328
2.1.0	1285
2.1.1	1360
2.1.2	1278
2.2.0	1230
2.2.1	1175
2.2.2	1166
2.3.0	1110
2.3.1	1069
2.3.2	1061
2.3.3	906
2.4.0	872
2.4.1	759
2.4.2	624
2.4.3	571
2.4.4	448
2.5.0	382
2.6.0	167
2.6.1	135
2.6.2	83
