version	total
1.0.20160323	4849
1.0.20160311144647	4872
1.0.20160314171956	4851
1.0.20160318143738	4975
1.0.20160401183214	4850
1.0.20160406195023	4866
1.0.20160411202258	4910
1.0.20160421150319	4943
1.0.20160502202716	6234
1.0.20160715171107	9074
1.0.20161031135838	4890
1.0.20161123235904	5115
1.0.20161230191227	5164
1.0.20170216151734	5042
1.0.20170327202303	5042
1.0.20170414202629	5274
1.0.20170914161842	4953
1.0.20171010180436	5443
1.0.20171211211613	4904
1.0.20180216164101	6122
1.3.0.20181218191458	4554
1.3.0.20190206223817	2360
1.3.0.20190221150417	2222
1.3.1.20190301150258	5073
1.3.1.20190419203205	4581
1.3.2.20190419203205	4562
1.3.3.20190419203205	4561
1.4.0	2238
1.4.1	2296
1.4.2	2218
1.4.3	2260
2.0.0	2498
2.0.1	2164
2.0.2	2366
2.0.3	2162
2.0.3.1	2683
2.0.4	2186
2.6.3	712
2.7.0	621
