version	total
0.1.20160301181511	3886
0.1.20160318153100	3948
0.1.20160331153549	3892
0.1.20160412193510	3944
0.1.20160517202250	6264
0.1.20161031135838	3840
0.1.20161123074954	4786
0.1.20170818194607	3787
0.1.20171010180436	3827
0.1.20171211211613	5065
1.2.0.20180905185317	3409
1.2.0.20181108215719	3373
1.2.0.20181109162613	3432
1.2.0.20181121194423	3384
1.2.1	3481
1.3.0.20181130020805	3343
1.3.0.20190205182514	3319
1.3.0.20190221150417	1206
1.3.1.20190301150258	4455
1.3.1.20190402172810	3404
1.3.2.20190402172810	3317
1.3.3.20190402172810	3399
1.4.0	3493
1.4.1	2995
1.4.2	2769
1.4.3	2648
2.0.0	2558
2.0.1	2686
2.0.2	1262
2.0.3	1047
2.0.3.1	1207
2.0.4	1122
2.1.0	1078
2.1.1	1153
2.1.2	1070
2.2.0	1023
2.2.1	969
2.2.2	960
2.3.0	903
2.3.1	862
2.3.2	855
2.3.3	700
2.4.0	666
2.4.1	552
2.4.2	418
2.4.3	365
2.4.4	242
2.5.0	173
