version	total
0.1.20160301181511	4091
0.1.20160318153100	4160
0.1.20160331153549	4098
0.1.20160412193510	4148
0.1.20160517202250	6501
0.1.20161031135838	4047
0.1.20161123074954	4992
0.1.20170818194607	3990
0.1.20171010180436	4036
0.1.20171211211613	5302
1.2.0.20180905185317	3617
1.2.0.20181108215719	3577
1.2.0.20181109162613	3640
1.2.0.20181121194423	3591
1.2.1	3689
1.3.0.20181130020805	3543
1.3.0.20190205182514	3536
1.3.0.20190221150417	1394
1.3.1.20190301150258	4807
1.3.1.20190402172810	3663
1.3.2.20190402172810	3581
1.3.3.20190402172810	3662
1.4.0	3754
1.4.1	3257
1.4.2	3030
1.4.3	2911
2.0.0	2820
2.0.1	2948
2.0.2	1452
2.0.3	1238
2.0.3.1	1398
2.0.4	1312
2.1.0	1269
2.1.1	1344
2.1.2	1262
2.2.0	1214
2.2.1	1159
2.2.2	1150
2.3.0	1094
2.3.1	1053
2.3.2	1045
2.3.3	890
2.4.0	856
2.4.1	742
2.4.2	608
2.4.3	555
2.4.4	432
2.5.0	366
2.6.0	151
2.6.1	119
2.6.2	67
