version	total
0.1.20160301181511	3891
0.1.20160318153100	3953
0.1.20160331153549	3897
0.1.20160412193510	3949
0.1.20160517202250	6270
0.1.20161031135838	3845
0.1.20161123074954	4791
0.1.20170818194607	3792
0.1.20171010180436	3833
0.1.20171211211613	5071
1.2.0.20180905185317	3414
1.2.0.20181108215719	3378
1.2.0.20181109162613	3437
1.2.0.20181121194423	3389
1.2.1	3486
1.3.0.20181130020805	3348
1.3.0.20190205182514	3324
1.3.0.20190221150417	1210
1.3.1.20190301150258	4465
1.3.1.20190402172810	3411
1.3.2.20190402172810	3325
1.3.3.20190402172810	3406
1.4.0	3500
1.4.1	3002
1.4.2	2776
1.4.3	2655
2.0.0	2565
2.0.1	2693
2.0.2	1266
2.0.3	1051
2.0.3.1	1211
2.0.4	1126
2.1.0	1082
2.1.1	1157
2.1.2	1074
2.2.0	1027
2.2.1	973
2.2.2	964
2.3.0	907
2.3.1	866
2.3.2	859
2.3.3	704
2.4.0	670
2.4.1	556
2.4.2	422
2.4.3	369
2.4.4	246
2.5.0	177
