version	total
0.1.20160301181511	2768
0.1.20160318153100	2787
0.1.20160331153549	2781
0.1.20160412193510	2878
0.1.20160517202250	5034
0.1.20161031135838	2718
0.1.20161123074954	3664
0.1.20170818194607	2659
0.1.20171010180436	2679
0.1.20171211211613	3818
1.2.0.20180905185317	2297
1.2.0.20181108215719	2235
1.2.0.20181109162613	2329
1.2.0.20181121194423	2243
1.2.1	2375
1.3.0.20181130020805	2265
1.3.0.20190205182514	2191
1.3.0.20190221150417	251
1.3.1.20190301150258	2986
1.3.1.20190402172810	2123
1.3.2.20190402172810	2064
1.3.3.20190402172810	2144
1.4.0	2278
1.4.1	1776
1.4.2	1546
1.4.3	1431
2.0.0	1341
2.0.1	1466
2.0.2	337
2.0.3	120
2.0.3.1	250
2.0.4	192
2.1.0	158
2.1.1	225
2.1.2	152
2.2.0	98
2.2.1	37
