version	total
0.1.20160301181511	3921
0.1.20160318153100	3983
0.1.20160331153549	3928
0.1.20160412193510	3979
0.1.20160517202250	6302
0.1.20161031135838	3875
0.1.20161123074954	4821
0.1.20170818194607	3821
0.1.20171010180436	3863
0.1.20171211211613	5102
1.2.0.20180905185317	3444
1.2.0.20181108215719	3407
1.2.0.20181109162613	3467
1.2.0.20181121194423	3418
1.2.1	3516
1.3.0.20181130020805	3377
1.3.0.20190205182514	3356
1.3.0.20190221150417	1239
1.3.1.20190301150258	4509
1.3.1.20190402172810	3446
1.3.2.20190402172810	3361
1.3.3.20190402172810	3442
1.4.0	3536
1.4.1	3038
1.4.2	2812
1.4.3	2692
2.0.0	2601
2.0.1	2729
2.0.2	1296
2.0.3	1081
2.0.3.1	1241
2.0.4	1156
2.1.0	1112
2.1.1	1187
2.1.2	1104
2.2.0	1058
2.2.1	1003
2.2.2	994
2.3.0	937
2.3.1	897
2.3.2	889
2.3.3	734
2.4.0	700
2.4.1	586
2.4.2	452
2.4.3	399
2.4.4	276
2.5.0	206
