version	total
1.0.20160323	2449
1.0.20160311144647	2482
1.0.20160314171956	2480
1.0.20160318143738	2556
1.0.20160401183214	2487
1.0.20160406195023	2516
1.0.20160411202258	2535
1.0.20160421150319	2604
1.0.20160502202716	3823
1.0.20160715171107	4742
1.0.20161031135838	2578
1.0.20161123235904	2687
1.0.20161230191227	2743
1.0.20170216151734	2615
1.0.20170327202303	2592
1.0.20170414202629	2825
1.0.20170914161842	2542
1.0.20171010180436	3040
1.0.20171211211613	2567
1.0.20180216164101	3530
1.3.0.20181218191458	2123
1.3.0.20190206223817	203
1.3.0.20190221150417	161
1.3.1.20190301150258	2371
1.3.1.20190419203205	1869
1.3.2.20190419203205	1838
1.3.3.20190419203205	2195
1.4.0	107
1.4.1	178
1.4.2	98
1.4.3	125
2.0.0	363
2.0.1	46
2.0.2	244
2.0.3	41
2.0.3.1	417
2.0.4	31
