version	total
0.1.20160301181511	5289
0.1.20160318153100	5381
0.1.20160331153549	5282
0.1.20160412193510	4948
0.1.20160517202250	7772
0.1.20161031135838	5233
0.1.20161123074954	6193
0.1.20170818194607	5172
0.1.20171010180436	5241
0.1.20171211211613	6578
1.2.0.20180905185317	4809
1.2.0.20181108215719	4758
1.2.0.20181109162613	4837
1.2.0.20181121194423	4779
1.2.1	4875
1.3.0.20181130020805	4697
1.3.0.20190205182514	4585
1.3.0.20190221150417	2435
1.3.1.20190301150258	6086
1.3.1.20190402172810	4943
1.3.2.20190402172810	4868
1.3.3.20190402172810	4955
1.4.0	5039
1.4.1	4540
1.4.2	4316
1.4.3	4198
2.0.0	4116
2.0.1	4222
2.0.2	2598
2.0.3	2381
2.0.3.1	2550
2.0.4	2459
2.1.0	2412
2.1.1	2487
2.1.2	2405
2.2.0	2358
2.2.1	2303
2.2.2	2299
2.3.0	2238
2.3.1	2201
2.3.2	2187
2.3.3	2036
2.4.0	2007
2.4.1	1911
2.4.2	1750
2.4.3	1700
2.4.4	1578
2.5.0	1512
2.6.0	1301
2.6.1	1270
2.6.2	1217
2.6.3	1244
2.7.0	962
2.7.1	796
2.7.2	565
2.7.3	468
2.7.4	390
3.0.0	171
