version	total
1.0.20160323	4969
1.0.20160311144647	4994
1.0.20160314171956	4969
1.0.20160318143738	5095
1.0.20160401183214	4972
1.0.20160406195023	4978
1.0.20160411202258	5030
1.0.20160421150319	5064
1.0.20160502202716	6355
1.0.20160715171107	9191
1.0.20161031135838	4954
1.0.20161123235904	5235
1.0.20161230191227	5289
1.0.20170216151734	5162
1.0.20170327202303	5159
1.0.20170414202629	5392
1.0.20170914161842	5070
1.0.20171010180436	5509
1.0.20171211211613	4975
1.0.20180216164101	6254
1.3.0.20181218191458	4675
1.3.0.20190206223817	2475
1.3.0.20190221150417	2336
1.3.1.20190301150258	5205
1.3.1.20190419203205	4707
1.3.2.20190419203205	4689
1.3.3.20190419203205	4615
1.4.0	2352
1.4.1	2411
1.4.2	2333
1.4.3	2374
2.0.0	2614
2.0.1	2279
2.0.2	2481
2.0.3	2276
2.0.3.1	2805
2.0.4	2300
2.6.3	826
2.7.0	735
