version	total
0.1.20160301181511	5397
0.1.20160318153100	5491
0.1.20160331153549	5388
0.1.20160412193510	4976
0.1.20160517202250	7905
0.1.20161031135838	5332
0.1.20161123074954	6301
0.1.20170818194607	5275
0.1.20171010180436	5354
0.1.20171211211613	6703
1.2.0.20180905185317	4912
1.2.0.20181108215719	4860
1.2.0.20181109162613	4938
1.2.0.20181121194423	4880
1.2.1	4978
1.3.0.20181130020805	4791
1.3.0.20190205182514	4647
1.3.0.20190221150417	2480
1.3.1.20190301150258	6206
1.3.1.20190402172810	5072
1.3.2.20190402172810	4997
1.3.3.20190402172810	5082
1.4.0	5168
1.4.1	4666
1.4.2	4444
1.4.3	4332
2.0.0	4242
2.0.1	4353
2.0.2	2697
2.0.3	2476
2.0.3.1	2647
2.0.4	2555
2.1.0	2509
2.1.1	2584
2.1.2	2502
2.2.0	2454
2.2.1	2398
2.2.2	2397
2.3.0	2335
2.3.1	2297
2.3.2	2284
2.3.3	2133
2.4.0	2103
2.4.1	2007
2.4.2	1847
2.4.3	1796
2.4.4	1674
2.5.0	1609
2.6.0	1397
2.6.1	1366
2.6.2	1314
2.6.3	1355
2.7.0	1058
2.7.1	892
2.7.2	659
2.7.3	565
2.7.4	489
3.0.0	294
