version	total
1.0.20160323	4234
1.0.20160311144647	4255
1.0.20160314171956	4237
1.0.20160318143738	4360
1.0.20160401183214	4237
1.0.20160406195023	4259
1.0.20160411202258	4295
1.0.20160421150319	4328
1.0.20160502202716	5621
1.0.20160715171107	7992
1.0.20161031135838	4332
1.0.20161123235904	4504
1.0.20161230191227	4547
1.0.20170216151734	4423
1.0.20170327202303	4429
1.0.20170414202629	4663
1.0.20170914161842	4337
1.0.20171010180436	4957
1.0.20171211211613	4325
1.0.20180216164101	5480
1.3.0.20181218191458	3934
1.3.0.20190206223817	1757
1.3.0.20190221150417	1618
1.3.1.20190301150258	4429
1.3.1.20190419203205	3940
1.3.2.20190419203205	3920
1.3.3.20190419203205	4163
1.4.0	1636
1.4.1	1696
1.4.2	1619
1.4.3	1658
2.0.0	1896
2.0.1	1564
2.0.2	1764
2.0.3	1561
2.0.3.1	2063
2.0.4	1586
2.6.3	104
