version	total
1.0.20160323	4697
1.0.20160311144647	4718
1.0.20160314171956	4698
1.0.20160318143738	4823
1.0.20160401183214	4697
1.0.20160406195023	4713
1.0.20160411202258	4757
1.0.20160421150319	4789
1.0.20160502202716	6083
1.0.20160715171107	8852
1.0.20161031135838	4774
1.0.20161123235904	4962
1.0.20161230191227	5010
1.0.20170216151734	4887
1.0.20170327202303	4889
1.0.20170414202629	5119
1.0.20170914161842	4799
1.0.20171010180436	5352
1.0.20171211211613	4765
1.0.20180216164101	5953
1.3.0.20181218191458	4398
1.3.0.20190206223817	2210
1.3.0.20190221150417	2072
1.3.1.20190301150258	4907
1.3.1.20190419203205	4414
1.3.2.20190419203205	4396
1.3.3.20190419203205	4479
1.4.0	2089
1.4.1	2148
1.4.2	2070
1.4.3	2112
2.0.0	2350
2.0.1	2016
2.0.2	2217
2.0.3	2013
2.0.3.1	2528
2.0.4	2037
2.6.3	563
2.7.0	472
