version	total
0.1.20160301181511	2699
0.1.20160318153100	2717
0.1.20160331153549	2709
0.1.20160412193510	2804
0.1.20160517202250	4951
0.1.20161031135838	2647
0.1.20161123074954	3595
0.1.20170818194607	2589
0.1.20171010180436	2606
0.1.20171211211613	3739
1.2.0.20180905185317	2233
1.2.0.20181108215719	2172
1.2.0.20181109162613	2265
1.2.0.20181121194423	2175
1.2.1	2308
1.3.0.20181130020805	2201
1.3.0.20190205182514	2121
1.3.0.20190221150417	218
1.3.1.20190301150258	2892
1.3.1.20190402172810	2045
1.3.2.20190402172810	1988
1.3.3.20190402172810	2064
1.4.0	2202
1.4.1	1697
1.4.2	1468
1.4.3	1354
2.0.0	1264
2.0.1	1391
2.0.2	303
2.0.3	84
2.0.3.1	216
2.0.4	158
2.1.0	122
2.1.1	190
2.1.2	117
2.2.0	63
