version	total
0.1.20160301181511	4187
0.1.20160318153100	4255
0.1.20160331153549	4195
0.1.20160412193510	4242
0.1.20160517202250	6608
0.1.20161031135838	4141
0.1.20161123074954	5089
0.1.20170818194607	4086
0.1.20171010180436	4134
0.1.20171211211613	5408
1.2.0.20180905185317	3713
1.2.0.20181108215719	3672
1.2.0.20181109162613	3736
1.2.0.20181121194423	3685
1.2.1	3785
1.3.0.20181130020805	3637
1.3.0.20190205182514	3637
1.3.0.20190221150417	1486
1.3.1.20190301150258	4942
1.3.1.20190402172810	3772
1.3.2.20190402172810	3692
1.3.3.20190402172810	3774
1.4.0	3864
1.4.1	3367
1.4.2	3140
1.4.3	3021
2.0.0	2931
2.0.1	3058
2.0.2	1545
2.0.3	1331
2.0.3.1	1491
2.0.4	1405
2.1.0	1362
2.1.1	1437
2.1.2	1355
2.2.0	1307
2.2.1	1252
2.2.2	1243
2.3.0	1187
2.3.1	1146
2.3.2	1138
2.3.3	983
2.4.0	951
2.4.1	837
2.4.2	701
2.4.3	648
2.4.4	525
2.5.0	458
2.6.0	244
2.6.1	212
2.6.2	161
2.6.3	102
