version	total
1.0.20160323	4124
1.0.20160311144647	4145
1.0.20160314171956	4127
1.0.20160318143738	4251
1.0.20160401183214	4128
1.0.20160406195023	4150
1.0.20160411202258	4186
1.0.20160421150319	4219
1.0.20160502202716	5512
1.0.20160715171107	7794
1.0.20161031135838	4218
1.0.20161123235904	4392
1.0.20161230191227	4436
1.0.20170216151734	4312
1.0.20170327202303	4316
1.0.20170414202629	4550
1.0.20170914161842	4226
1.0.20171010180436	4841
1.0.20171211211613	4214
1.0.20180216164101	5359
1.3.0.20181218191458	3823
1.3.0.20190206223817	1661
1.3.0.20190221150417	1524
1.3.1.20190301150258	4310
1.3.1.20190419203205	3820
1.3.2.20190419203205	3801
1.3.3.20190419203205	4048
1.4.0	1541
1.4.1	1602
1.4.2	1525
1.4.3	1564
2.0.0	1802
2.0.1	1470
2.0.2	1670
2.0.3	1467
2.0.3.1	1966
2.0.4	1492
