version	total
1.0.20160323	4773
1.0.20160311144647	4795
1.0.20160314171956	4775
1.0.20160318143738	4900
1.0.20160401183214	4774
1.0.20160406195023	4790
1.0.20160411202258	4833
1.0.20160421150319	4866
1.0.20160502202716	6159
1.0.20160715171107	8987
1.0.20161031135838	4842
1.0.20161123235904	5038
1.0.20161230191227	5086
1.0.20170216151734	4963
1.0.20170327202303	4964
1.0.20170414202629	5195
1.0.20170914161842	4876
1.0.20171010180436	5394
1.0.20171211211613	4838
1.0.20180216164101	6033
1.3.0.20181218191458	4474
1.3.0.20190206223817	2287
1.3.0.20190221150417	2148
1.3.1.20190301150258	4988
1.3.1.20190419203205	4497
1.3.2.20190419203205	4477
1.3.3.20190419203205	4520
1.4.0	2166
1.4.1	2224
1.4.2	2146
1.4.3	2188
2.0.0	2426
2.0.1	2092
2.0.2	2294
2.0.3	2090
2.0.3.1	2606
2.0.4	2113
2.6.3	640
2.7.0	549
