version	total
1.0.20160323	5106
1.0.20160311144647	5134
1.0.20160314171956	5105
1.0.20160318143738	5234
1.0.20160401183214	5108
1.0.20160406195023	5104
1.0.20160411202258	5164
1.0.20160421150319	5201
1.0.20160502202716	6494
1.0.20160715171107	9324
1.0.20161031135838	5026
1.0.20161123235904	5368
1.0.20161230191227	5424
1.0.20170216151734	5297
1.0.20170327202303	5295
1.0.20170414202629	5527
1.0.20170914161842	5210
1.0.20171010180436	5581
1.0.20171211211613	5046
1.0.20180216164101	6401
1.3.0.20181218191458	4811
1.3.0.20190206223817	2606
1.3.0.20190221150417	2464
1.3.1.20190301150258	5358
1.3.1.20190419203205	4862
1.3.2.20190419203205	4841
1.3.3.20190419203205	4681
1.4.0	2482
1.4.1	2540
1.4.2	2463
1.4.3	2505
2.0.0	2745
2.0.1	2408
2.0.2	2611
2.0.3	2406
2.0.3.1	2942
2.0.4	2431
2.6.3	956
2.7.0	866
