version	total
0.1.20160301181511	2596
0.1.20160318153100	2613
0.1.20160331153549	2606
0.1.20160412193510	2701
0.1.20160517202250	4837
0.1.20161031135838	2544
0.1.20161123074954	3492
0.1.20170818194607	2488
0.1.20171010180436	2503
0.1.20171211211613	3625
1.2.0.20180905185317	2130
1.2.0.20181108215719	2067
1.2.0.20181109162613	2163
1.2.0.20181121194423	2072
1.2.1	2205
1.3.0.20181130020805	2101
1.3.0.20190205182514	2012
1.3.0.20190221150417	168
1.3.1.20190301150258	2757
1.3.1.20190402172810	1931
1.3.2.20190402172810	1871
1.3.3.20190402172810	1948
1.4.0	2084
1.4.1	1580
1.4.2	1349
1.4.3	1238
2.0.0	1146
2.0.1	1272
2.0.2	252
2.0.3	35
2.0.3.1	165
2.0.4	108
2.1.0	71
2.1.1	140
2.1.2	63
