version	total
0.1.20160301181511	3142
0.1.20160318153100	3180
0.1.20160331153549	3150
0.1.20160412193510	3211
0.1.20160517202250	5431
0.1.20161031135838	3096
0.1.20161123074954	4038
0.1.20170818194607	3033
0.1.20171010180436	3063
0.1.20171211211613	4220
1.2.0.20180905185317	2664
1.2.0.20181108215719	2613
1.2.0.20181109162613	2697
1.2.0.20181121194423	2624
1.2.1	2742
1.3.0.20181130020805	2629
1.3.0.20190205182514	2553
1.3.0.20190221150417	503
1.3.1.20190301150258	3419
1.3.1.20190402172810	2532
1.3.2.20190402172810	2458
1.3.3.20190402172810	2547
1.4.0	2639
1.4.1	2140
1.4.2	1913
1.4.3	1791
2.0.0	1707
2.0.1	1836
2.0.2	555
2.0.3	338
2.0.3.1	498
2.0.4	415
2.1.0	366
2.1.1	439
2.1.2	358
2.2.0	311
2.2.1	254
2.2.2	242
2.3.0	186
2.3.1	145
2.3.2	136
