version	total
1.0.20160323	3925
1.0.20160311144647	3947
1.0.20160314171956	3935
1.0.20160318143738	4055
1.0.20160401183214	3934
1.0.20160406195023	3958
1.0.20160411202258	3986
1.0.20160421150319	4021
1.0.20160502202716	5316
1.0.20160715171107	7434
1.0.20161031135838	4023
1.0.20161123235904	4193
1.0.20161230191227	4229
1.0.20170216151734	4111
1.0.20170327202303	4108
1.0.20170414202629	4350
1.0.20170914161842	4028
1.0.20171010180436	4627
1.0.20171211211613	4016
1.0.20180216164101	5138
1.3.0.20181218191458	3621
1.3.0.20190206223817	1466
1.3.0.20190221150417	1327
1.3.1.20190301150258	4082
1.3.1.20190419203205	3604
1.3.2.20190419203205	3580
1.3.3.20190419203205	3839
1.4.0	1351
1.4.1	1411
1.4.2	1335
1.4.3	1373
2.0.0	1611
2.0.1	1280
2.0.2	1480
2.0.3	1276
2.0.3.1	1753
2.0.4	1301
