version	total
1.0.20160323	4053
1.0.20160311144647	4074
1.0.20160314171956	4061
1.0.20160318143738	4182
1.0.20160401183214	4061
1.0.20160406195023	4084
1.0.20160411202258	4115
1.0.20160421150319	4150
1.0.20160502202716	5443
1.0.20160715171107	7672
1.0.20161031135838	4152
1.0.20161123235904	4324
1.0.20161230191227	4363
1.0.20170216151734	4239
1.0.20170327202303	4239
1.0.20170414202629	4479
1.0.20170914161842	4159
1.0.20171010180436	4770
1.0.20171211211613	4146
1.0.20180216164101	5281
1.3.0.20181218191458	3746
1.3.0.20190206223817	1587
1.3.0.20190221150417	1450
1.3.1.20190301150258	4227
1.3.1.20190419203205	3745
1.3.2.20190419203205	3722
1.3.3.20190419203205	3985
1.4.0	1473
1.4.1	1533
1.4.2	1457
1.4.3	1496
2.0.0	1733
2.0.1	1402
2.0.2	1602
2.0.3	1398
2.0.3.1	1886
2.0.4	1424
