version	total
1.0.20160323	3505
1.0.20160311144647	3526
1.0.20160314171956	3523
1.0.20160318143738	3634
1.0.20160401183214	3521
1.0.20160406195023	3546
1.0.20160411202258	3565
1.0.20160421150319	3600
1.0.20160502202716	4900
1.0.20160715171107	6663
1.0.20161031135838	3600
1.0.20161123235904	3770
1.0.20161230191227	3799
1.0.20170216151734	3679
1.0.20170327202303	3684
1.0.20170414202629	3923
1.0.20170914161842	3607
1.0.20171010180436	4145
1.0.20171211211613	3596
1.0.20180216164101	4645
1.3.0.20181218191458	3200
1.3.0.20190206223817	1069
1.3.0.20190221150417	930
1.3.1.20190301150258	3573
1.3.1.20190419203205	3098
1.3.2.20190419203205	3076
1.3.3.20190419203205	3340
1.4.0	960
1.4.1	1022
1.4.2	946
1.4.3	982
2.0.0	1220
2.0.1	891
2.0.2	1091
2.0.3	887
2.0.3.1	1324
2.0.4	912
