version	total
0.1.20160301181511	4984
0.1.20160318153100	5074
0.1.20160331153549	4986
0.1.20160412193510	4824
0.1.20160517202250	7436
0.1.20161031135838	4931
0.1.20161123074954	5889
0.1.20170818194607	4873
0.1.20171010180436	4938
0.1.20171211211613	6236
1.2.0.20180905185317	4509
1.2.0.20181108215719	4457
1.2.0.20181109162613	4535
1.2.0.20181121194423	4477
1.2.1	4576
1.3.0.20181130020805	4412
1.3.0.20190205182514	4405
1.3.0.20190221150417	2228
1.3.1.20190301150258	5817
1.3.1.20190402172810	4606
1.3.2.20190402172810	4532
1.3.3.20190402172810	4617
1.4.0	4695
1.4.1	4203
1.4.2	3977
1.4.3	3855
2.0.0	3770
2.0.1	3888
2.0.2	2312
2.0.3	2095
2.0.3.1	2261
2.0.4	2173
2.1.0	2127
2.1.1	2201
2.1.2	2119
2.2.0	2073
2.2.1	2015
2.2.2	2013
2.3.0	1952
2.3.1	1913
2.3.2	1903
2.3.3	1748
2.4.0	1720
2.4.1	1615
2.4.2	1465
2.4.3	1414
2.4.4	1291
2.5.0	1225
2.6.0	1013
2.6.1	982
2.6.2	930
2.6.3	941
2.7.0	676
2.7.1	509
2.7.2	278
2.7.3	178
2.7.4	89
