version	total
0.1.20160301181511	4386
0.1.20160318153100	4459
0.1.20160331153549	4389
0.1.20160412193510	4432
0.1.20160517202250	6817
0.1.20161031135838	4335
0.1.20161123074954	5289
0.1.20170818194607	4280
0.1.20171010180436	4335
0.1.20171211211613	5618
1.2.0.20180905185317	3909
1.2.0.20181108215719	3865
1.2.0.20181109162613	3934
1.2.0.20181121194423	3883
1.2.1	3978
1.3.0.20181130020805	3824
1.3.0.20190205182514	3831
1.3.0.20190221150417	1659
1.3.1.20190301150258	5177
1.3.1.20190402172810	3985
1.3.2.20190402172810	3906
1.3.3.20190402172810	3991
1.4.0	4071
1.4.1	3579
1.4.2	3349
1.4.3	3235
2.0.0	3143
2.0.1	3267
2.0.2	1722
2.0.3	1507
2.0.3.1	1672
2.0.4	1583
2.1.0	1540
2.1.1	1613
2.1.2	1531
2.2.0	1485
2.2.1	1430
2.2.2	1424
2.3.0	1365
2.3.1	1326
2.3.2	1316
2.3.3	1162
2.4.0	1133
2.4.1	1024
2.4.2	880
2.4.3	827
2.4.4	703
2.5.0	638
2.6.0	425
2.6.1	394
2.6.2	341
2.6.3	328
2.7.0	79
