version	total
1.0.20160323	2570
1.0.20160311144647	2604
1.0.20160314171956	2600
1.0.20160318143738	2677
1.0.20160401183214	2608
1.0.20160406195023	2639
1.0.20160411202258	2657
1.0.20160421150319	2725
1.0.20160502202716	3944
1.0.20160715171107	4978
1.0.20161031135838	2701
1.0.20161123235904	2812
1.0.20161230191227	2866
1.0.20170216151734	2740
1.0.20170327202303	2716
1.0.20170414202629	2948
1.0.20170914161842	2666
1.0.20171010180436	3171
1.0.20171211211613	2694
1.0.20180216164101	3663
1.3.0.20181218191458	2247
1.3.0.20190206223817	259
1.3.0.20190221150417	216
1.3.1.20190301150258	2505
1.3.1.20190419203205	2005
1.3.2.20190419203205	1974
1.3.3.20190419203205	2330
1.4.0	163
1.4.1	232
1.4.2	154
1.4.3	183
2.0.0	421
2.0.1	101
2.0.2	300
2.0.3	97
2.0.3.1	485
2.0.4	87
