version	total
1.0.20160323	5129
1.0.20160311144647	5157
1.0.20160314171956	5128
1.0.20160318143738	5257
1.0.20160401183214	5132
1.0.20160406195023	5122
1.0.20160411202258	5185
1.0.20160421150319	5225
1.0.20160502202716	6520
1.0.20160715171107	9347
1.0.20161031135838	5040
1.0.20161123235904	5391
1.0.20161230191227	5446
1.0.20170216151734	5317
1.0.20170327202303	5318
1.0.20170414202629	5549
1.0.20170914161842	5233
1.0.20171010180436	5592
1.0.20171211211613	5059
1.0.20180216164101	6428
1.3.0.20181218191458	4832
1.3.0.20190206223817	2629
1.3.0.20190221150417	2488
1.3.1.20190301150258	5384
1.3.1.20190419203205	4889
1.3.2.20190419203205	4866
1.3.3.20190419203205	4691
1.4.0	2505
1.4.1	2563
1.4.2	2487
1.4.3	2528
2.0.0	2767
2.0.1	2431
2.0.2	2633
2.0.3	2429
2.0.3.1	2965
2.0.4	2455
2.6.3	980
2.7.0	889
