version	total
0.1.20160301181511	4355
0.1.20160318153100	4426
0.1.20160331153549	4358
0.1.20160412193510	4401
0.1.20160517202250	6783
0.1.20161031135838	4302
0.1.20161123074954	5258
0.1.20170818194607	4247
0.1.20171010180436	4304
0.1.20171211211613	5582
1.2.0.20180905185317	3878
1.2.0.20181108215719	3832
1.2.0.20181109162613	3903
1.2.0.20181121194423	3851
1.2.1	3947
1.3.0.20181130020805	3793
1.3.0.20190205182514	3798
1.3.0.20190221150417	1628
1.3.1.20190301150258	5137
1.3.1.20190402172810	3950
1.3.2.20190402172810	3874
1.3.3.20190402172810	3960
1.4.0	4040
1.4.1	3547
1.4.2	3318
1.4.3	3204
2.0.0	3112
2.0.1	3236
2.0.2	1692
2.0.3	1477
2.0.3.1	1642
2.0.4	1553
2.1.0	1510
2.1.1	1583
2.1.2	1501
2.2.0	1455
2.2.1	1400
2.2.2	1394
2.3.0	1335
2.3.1	1296
2.3.2	1286
2.3.3	1131
2.4.0	1102
2.4.1	992
2.4.2	849
2.4.3	796
2.4.4	672
2.5.0	606
2.6.0	393
2.6.1	362
2.6.2	309
2.6.3	275
2.7.0	25
