version	total
1.0.20160323	4631
1.0.20160311144647	4651
1.0.20160314171956	4632
1.0.20160318143738	4757
1.0.20160401183214	4631
1.0.20160406195023	4649
1.0.20160411202258	4691
1.0.20160421150319	4723
1.0.20160502202716	6017
1.0.20160715171107	8730
1.0.20161031135838	4713
1.0.20161123235904	4896
1.0.20161230191227	4944
1.0.20170216151734	4820
1.0.20170327202303	4823
1.0.20170414202629	5053
1.0.20170914161842	4733
1.0.20171010180436	5318
1.0.20171211211613	4703
1.0.20180216164101	5887
1.3.0.20181218191458	4330
1.3.0.20190206223817	2143
1.3.0.20190221150417	2005
1.3.1.20190301150258	4841
1.3.1.20190419203205	4348
1.3.2.20190419203205	4330
1.3.3.20190419203205	4447
1.4.0	2022
1.4.1	2081
1.4.2	2003
1.4.3	2045
2.0.0	2283
2.0.1	1949
2.0.2	2150
2.0.3	1946
2.0.3.1	2460
2.0.4	1970
2.6.3	496
2.7.0	402
