version	total
0.1.20160301181511	5117
0.1.20160318153100	5214
0.1.20160331153549	5117
0.1.20160412193510	4882
0.1.20160517202250	7578
0.1.20161031135838	5063
0.1.20161123074954	6021
0.1.20170818194607	5003
0.1.20171010180436	5074
0.1.20171211211613	6383
1.2.0.20180905185317	4641
1.2.0.20181108215719	4592
1.2.0.20181109162613	4665
1.2.0.20181121194423	4609
1.2.1	4707
1.3.0.20181130020805	4536
1.3.0.20190205182514	4488
1.3.0.20190221150417	2333
1.3.1.20190301150258	5928
1.3.1.20190402172810	4744
1.3.2.20190402172810	4674
1.3.3.20190402172810	4754
1.4.0	4838
1.4.1	4346
1.4.2	4121
1.4.3	4000
2.0.0	3915
2.0.1	4028
2.0.2	2438
2.0.3	2222
2.0.3.1	2388
2.0.4	2299
2.1.0	2253
2.1.1	2326
2.1.2	2246
2.2.0	2198
2.2.1	2141
2.2.2	2140
2.3.0	2077
2.3.1	2039
2.3.2	2028
2.3.3	1874
2.4.0	1845
2.4.1	1750
2.4.2	1590
2.4.3	1538
2.4.4	1417
2.5.0	1350
2.6.0	1140
2.6.1	1108
2.6.2	1056
2.6.3	1073
2.7.0	801
2.7.1	634
2.7.2	404
2.7.3	304
2.7.4	224
