version	total
1.0.20160323	4374
1.0.20160311144647	4398
1.0.20160314171956	4380
1.0.20160318143738	4501
1.0.20160401183214	4378
1.0.20160406195023	4401
1.0.20160411202258	4435
1.0.20160421150319	4468
1.0.20160502202716	5762
1.0.20160715171107	8252
1.0.20161031135838	4470
1.0.20161123235904	4642
1.0.20161230191227	4688
1.0.20170216151734	4564
1.0.20170327202303	4568
1.0.20170414202629	4799
1.0.20170914161842	4480
1.0.20171010180436	5100
1.0.20171211211613	4462
1.0.20180216164101	5621
1.3.0.20181218191458	4071
1.3.0.20190206223817	1888
1.3.0.20190221150417	1749
1.3.1.20190301150258	4570
1.3.1.20190419203205	4080
1.3.2.20190419203205	4061
1.3.3.20190419203205	4295
1.4.0	1769
1.4.1	1829
1.4.2	1751
1.4.3	1792
2.0.0	2030
2.0.1	1696
2.0.2	1897
2.0.3	1693
2.0.3.1	2198
2.0.4	1718
2.6.3	238
2.7.0	142
