version	total
0.1.20160301181511	3630
0.1.20160318153100	3693
0.1.20160331153549	3636
0.1.20160412193510	3695
0.1.20160517202250	5975
0.1.20161031135838	3592
0.1.20161123074954	4528
0.1.20170818194607	3537
0.1.20171010180436	3572
0.1.20171211211613	4783
1.2.0.20180905185317	3154
1.2.0.20181108215719	3124
1.2.0.20181109162613	3178
1.2.0.20181121194423	3133
1.2.1	3225
1.3.0.20181130020805	3104
1.3.0.20190205182514	3064
1.3.0.20190221150417	973
1.3.1.20190301150258	4113
1.3.1.20190402172810	3122
1.3.2.20190402172810	3030
1.3.3.20190402172810	3111
1.4.0	3205
1.4.1	2707
1.4.2	2481
1.4.3	2361
2.0.0	2271
2.0.1	2401
2.0.2	1022
2.0.3	807
2.0.3.1	967
2.0.4	882
2.1.0	838
2.1.1	913
2.1.2	831
2.2.0	783
2.2.1	729
2.2.2	719
2.3.0	663
2.3.1	621
2.3.2	615
2.3.3	460
2.4.0	425
2.4.1	309
2.4.2	177
2.4.3	123
