version	total
1.0.20160323	2773
1.0.20160311144647	2806
1.0.20160314171956	2804
1.0.20160318143738	2883
1.0.20160401183214	2807
1.0.20160406195023	2841
1.0.20160411202258	2859
1.0.20160421150319	2929
1.0.20160502202716	4152
1.0.20160715171107	5369
1.0.20161031135838	2908
1.0.20161123235904	3014
1.0.20161230191227	3074
1.0.20170216151734	2947
1.0.20170327202303	2923
1.0.20170414202629	3155
1.0.20170914161842	2877
1.0.20171010180436	3390
1.0.20171211211613	2897
1.0.20180216164101	3881
1.3.0.20181218191458	2454
1.3.0.20190206223817	351
1.3.0.20190221150417	301
1.3.1.20190301150258	2732
1.3.1.20190419203205	2237
1.3.2.20190419203205	2206
1.3.3.20190419203205	2554
1.4.0	252
1.4.1	322
1.4.2	243
1.4.3	276
2.0.0	514
2.0.1	192
2.0.2	391
2.0.3	189
2.0.3.1	586
2.0.4	192
