version	total
0.1.20160301181511	3733
0.1.20160318153100	3798
0.1.20160331153549	3741
0.1.20160412193510	3800
0.1.20160517202250	6092
0.1.20161031135838	3697
0.1.20161123074954	4634
0.1.20170818194607	3642
0.1.20171010180436	3677
0.1.20171211211613	4902
1.2.0.20180905185317	3261
1.2.0.20181108215719	3229
1.2.0.20181109162613	3283
1.2.0.20181121194423	3240
1.2.1	3331
1.3.0.20181130020805	3205
1.3.0.20190205182514	3173
1.3.0.20190221150417	1074
1.3.1.20190301150258	4255
1.3.1.20190402172810	3239
1.3.2.20190402172810	3147
1.3.3.20190402172810	3228
1.4.0	3322
1.4.1	2824
1.4.2	2599
1.4.3	2478
2.0.0	2389
2.0.1	2518
2.0.2	1123
2.0.3	908
2.0.3.1	1068
2.0.4	983
2.1.0	939
2.1.1	1014
2.1.2	932
2.2.0	884
2.2.1	830
2.2.2	820
2.3.0	764
2.3.1	722
2.3.2	716
2.3.3	561
2.4.0	526
2.4.1	410
2.4.2	279
2.4.3	226
2.4.4	102
2.5.0	27
