version	total
1.0.20160323	4104
1.0.20160311144647	4125
1.0.20160314171956	4107
1.0.20160318143738	4231
1.0.20160401183214	4108
1.0.20160406195023	4130
1.0.20160411202258	4166
1.0.20160421150319	4199
1.0.20160502202716	5492
1.0.20160715171107	7754
1.0.20161031135838	4196
1.0.20161123235904	4372
1.0.20161230191227	4415
1.0.20170216151734	4291
1.0.20170327202303	4292
1.0.20170414202629	4530
1.0.20170914161842	4206
1.0.20171010180436	4821
1.0.20171211211613	4191
1.0.20180216164101	5336
1.3.0.20181218191458	3801
1.3.0.20190206223817	1638
1.3.0.20190221150417	1500
1.3.1.20190301150258	4286
1.3.1.20190419203205	3800
1.3.2.20190419203205	3779
1.3.3.20190419203205	4030
1.4.0	1520
1.4.1	1581
1.4.2	1504
1.4.3	1543
2.0.0	1781
2.0.1	1450
2.0.2	1650
2.0.3	1446
2.0.3.1	1943
2.0.4	1472
