version	total
1.0.20160323	3993
1.0.20160311144647	4014
1.0.20160314171956	4001
1.0.20160318143738	4121
1.0.20160401183214	4000
1.0.20160406195023	4024
1.0.20160411202258	4055
1.0.20160421150319	4090
1.0.20160502202716	5384
1.0.20160715171107	7558
1.0.20161031135838	4091
1.0.20161123235904	4263
1.0.20161230191227	4300
1.0.20170216151734	4179
1.0.20170327202303	4178
1.0.20170414202629	4418
1.0.20170914161842	4095
1.0.20171010180436	4704
1.0.20171211211613	4084
1.0.20180216164101	5212
1.3.0.20181218191458	3685
1.3.0.20190206223817	1528
1.3.0.20190221150417	1390
1.3.1.20190301150258	4160
1.3.1.20190419203205	3678
1.3.2.20190419203205	3656
1.3.3.20190419203205	3917
1.4.0	1414
1.4.1	1473
1.4.2	1397
1.4.3	1435
2.0.0	1674
2.0.1	1343
2.0.2	1544
2.0.3	1339
2.0.3.1	1822
2.0.4	1364
