version	total
1.0.20160323	5200
1.0.20160311144647	5228
1.0.20160314171956	5196
1.0.20160318143738	5328
1.0.20160401183214	5198
1.0.20160406195023	5179
1.0.20160411202258	5256
1.0.20160421150319	5297
1.0.20160502202716	6591
1.0.20160715171107	9391
1.0.20161031135838	5070
1.0.20161123235904	5461
1.0.20161230191227	5516
1.0.20170216151734	5389
1.0.20170327202303	5388
1.0.20170414202629	5620
1.0.20170914161842	5298
1.0.20171010180436	5630
1.0.20171211211613	5089
1.0.20180216164101	6513
1.3.0.20181218191458	4900
1.3.0.20190206223817	2692
1.3.0.20190221150417	2552
1.3.1.20190301150258	5465
1.3.1.20190419203205	4977
1.3.2.20190419203205	4956
1.3.3.20190419203205	4731
1.4.0	2567
1.4.1	2624
1.4.2	2547
1.4.3	2589
2.0.0	2831
2.0.1	2492
2.0.2	2696
2.0.3	2490
2.0.3.1	3039
2.0.4	2516
2.6.3	1044
2.7.0	953
