version	total
1.0.20160323	3794
1.0.20160311144647	3820
1.0.20160314171956	3809
1.0.20160318143738	3926
1.0.20160401183214	3807
1.0.20160406195023	3832
1.0.20160411202258	3858
1.0.20160421150319	3894
1.0.20160502202716	5190
1.0.20160715171107	7204
1.0.20161031135838	3894
1.0.20161123235904	4066
1.0.20161230191227	4099
1.0.20170216151734	3978
1.0.20170327202303	3981
1.0.20170414202629	4221
1.0.20170914161842	3899
1.0.20171010180436	4473
1.0.20171211211613	3887
1.0.20180216164101	4981
1.3.0.20181218191458	3489
1.3.0.20190206223817	1349
1.3.0.20190221150417	1211
1.3.1.20190301150258	3911
1.3.1.20190419203205	3431
1.3.2.20190419203205	3409
1.3.3.20190419203205	3669
1.4.0	1235
1.4.1	1296
1.4.2	1220
1.4.3	1256
2.0.0	1496
2.0.1	1166
2.0.2	1366
2.0.3	1161
2.0.3.1	1625
2.0.4	1186
