version	total
0.1.20160301181511	4450
0.1.20160318153100	4526
0.1.20160331153549	4454
0.1.20160412193510	4494
0.1.20160517202250	6884
0.1.20161031135838	4399
0.1.20161123074954	5353
0.1.20170818194607	4343
0.1.20171010180436	4400
0.1.20171211211613	5683
1.2.0.20180905185317	3973
1.2.0.20181108215719	3927
1.2.0.20181109162613	3998
1.2.0.20181121194423	3945
1.2.1	4043
1.3.0.20181130020805	3882
1.3.0.20190205182514	3892
1.3.0.20190221150417	1716
1.3.1.20190301150258	5239
1.3.1.20190402172810	4045
1.3.2.20190402172810	3967
1.3.3.20190402172810	4053
1.4.0	4131
1.4.1	3640
1.4.2	3409
1.4.3	3293
2.0.0	3202
2.0.1	3325
2.0.2	1779
2.0.3	1564
2.0.3.1	1730
2.0.4	1640
2.1.0	1596
2.1.1	1669
2.1.2	1587
2.2.0	1541
2.2.1	1485
2.2.2	1481
2.3.0	1421
2.3.1	1382
2.3.2	1372
2.3.3	1218
2.4.0	1189
2.4.1	1080
2.4.2	936
2.4.3	883
2.4.4	759
2.5.0	694
2.6.0	481
2.6.1	450
2.6.2	397
2.6.3	387
2.7.0	140
