version	total
1.0.20160323	3893
1.0.20160311144647	3915
1.0.20160314171956	3904
1.0.20160318143738	4023
1.0.20160401183214	3902
1.0.20160406195023	3926
1.0.20160411202258	3954
1.0.20160421150319	3990
1.0.20160502202716	5285
1.0.20160715171107	7378
1.0.20161031135838	3990
1.0.20161123235904	4161
1.0.20161230191227	4197
1.0.20170216151734	4077
1.0.20170327202303	4077
1.0.20170414202629	4318
1.0.20170914161842	3996
1.0.20171010180436	4586
1.0.20171211211613	3984
1.0.20180216164101	5096
1.3.0.20181218191458	3587
1.3.0.20190206223817	1440
1.3.0.20190221150417	1302
1.3.1.20190301150258	4035
1.3.1.20190419203205	3557
1.3.2.20190419203205	3533
1.3.3.20190419203205	3793
1.4.0	1327
1.4.1	1387
1.4.2	1311
1.4.3	1349
2.0.0	1587
2.0.1	1256
2.0.2	1456
2.0.3	1252
2.0.3.1	1727
2.0.4	1277
