version	total
0.1.20160301181511	4473
0.1.20160318153100	4550
0.1.20160331153549	4477
0.1.20160412193510	4518
0.1.20160517202250	6907
0.1.20161031135838	4422
0.1.20161123074954	5376
0.1.20170818194607	4366
0.1.20171010180436	4423
0.1.20171211211613	5706
1.2.0.20180905185317	3996
1.2.0.20181108215719	3950
1.2.0.20181109162613	4022
1.2.0.20181121194423	3969
1.2.1	4066
1.3.0.20181130020805	3906
1.3.0.20190205182514	3915
1.3.0.20190221150417	1739
1.3.1.20190301150258	5262
1.3.1.20190402172810	4068
1.3.2.20190402172810	3990
1.3.3.20190402172810	4076
1.4.0	4154
1.4.1	3663
1.4.2	3432
1.4.3	3316
2.0.0	3225
2.0.1	3348
2.0.2	1802
2.0.3	1587
2.0.3.1	1753
2.0.4	1663
2.1.0	1619
2.1.1	1692
2.1.2	1610
2.2.0	1564
2.2.1	1508
2.2.2	1504
2.3.0	1444
2.3.1	1405
2.3.2	1395
2.3.3	1241
2.4.0	1212
2.4.1	1104
2.4.2	959
2.4.3	906
2.4.4	782
2.5.0	717
2.6.0	504
2.6.1	473
2.6.2	420
2.6.3	410
2.7.0	163
