version	total
1.0.20160323	4542
1.0.20160311144647	4564
1.0.20160314171956	4546
1.0.20160318143738	4669
1.0.20160401183214	4545
1.0.20160406195023	4567
1.0.20160411202258	4604
1.0.20160421150319	4636
1.0.20160502202716	5931
1.0.20160715171107	8575
1.0.20161031135838	4634
1.0.20161123235904	4810
1.0.20161230191227	4857
1.0.20170216151734	4733
1.0.20170327202303	4737
1.0.20170414202629	4967
1.0.20170914161842	4647
1.0.20171010180436	5261
1.0.20171211211613	4625
1.0.20180216164101	5796
1.3.0.20181218191458	4241
1.3.0.20190206223817	2056
1.3.0.20190221150417	1918
1.3.1.20190301150258	4747
1.3.1.20190419203205	4257
1.3.2.20190419203205	4237
1.3.3.20190419203205	4404
1.4.0	1936
1.4.1	1995
1.4.2	1917
1.4.3	1959
2.0.0	2197
2.0.1	1863
2.0.2	2064
2.0.3	1860
2.0.3.1	2372
2.0.4	1885
2.6.3	409
2.7.0	315
