version	total
1.0.20160323	2807
1.0.20160311144647	2841
1.0.20160314171956	2840
1.0.20160318143738	2920
1.0.20160401183214	2840
1.0.20160406195023	2874
1.0.20160411202258	2892
1.0.20160421150319	2957
1.0.20160502202716	4188
1.0.20160715171107	5433
1.0.20161031135838	2942
1.0.20161123235904	3057
1.0.20161230191227	3112
1.0.20170216151734	2989
1.0.20170327202303	2963
1.0.20170414202629	3197
1.0.20170914161842	2914
1.0.20171010180436	3428
1.0.20171211211613	2933
1.0.20180216164101	3919
1.3.0.20181218191458	2493
1.3.0.20190206223817	361
1.3.0.20190221150417	304
1.3.1.20190301150258	2775
1.3.1.20190419203205	2285
1.3.2.20190419203205	2256
1.3.3.20190419203205	2591
1.4.0	262
1.4.1	331
1.4.2	253
1.4.3	285
2.0.0	524
2.0.1	202
2.0.2	400
2.0.3	199
2.0.3.1	598
2.0.4	212
