version	total
1.0.20160323	2487
1.0.20160311144647	2520
1.0.20160314171956	2517
1.0.20160318143738	2594
1.0.20160401183214	2524
1.0.20160406195023	2555
1.0.20160411202258	2573
1.0.20160421150319	2642
1.0.20160502202716	3861
1.0.20160715171107	4815
1.0.20161031135838	2616
1.0.20161123235904	2726
1.0.20161230191227	2781
1.0.20170216151734	2654
1.0.20170327202303	2631
1.0.20170414202629	2863
1.0.20170914161842	2581
1.0.20171010180436	3079
1.0.20171211211613	2608
1.0.20180216164101	3568
1.3.0.20181218191458	2162
1.3.0.20190206223817	213
1.3.0.20190221150417	171
1.3.1.20190301150258	2411
1.3.1.20190419203205	1911
1.3.2.20190419203205	1880
1.3.3.20190419203205	2236
1.4.0	118
1.4.1	188
1.4.2	108
1.4.3	138
2.0.0	375
2.0.1	56
2.0.2	254
2.0.3	52
2.0.3.1	433
2.0.4	41
