version	total
0.1.20160301181511	5426
0.1.20160318153100	5522
0.1.20160331153549	5417
0.1.20160412193510	4982
0.1.20160517202250	7940
0.1.20161031135838	5363
0.1.20161123074954	6332
0.1.20170818194607	5304
0.1.20171010180436	5383
0.1.20171211211613	6738
1.2.0.20180905185317	4941
1.2.0.20181108215719	4889
1.2.0.20181109162613	4969
1.2.0.20181121194423	4909
1.2.1	5008
1.3.0.20181130020805	4819
1.3.0.20190205182514	4666
1.3.0.20190221150417	2495
1.3.1.20190301150258	6242
1.3.1.20190402172810	5107
1.3.2.20190402172810	5033
1.3.3.20190402172810	5118
1.4.0	5206
1.4.1	4704
1.4.2	4479
1.4.3	4370
2.0.0	4277
2.0.1	4388
2.0.2	2723
2.0.3	2502
2.0.3.1	2673
2.0.4	2581
2.1.0	2535
2.1.1	2611
2.1.2	2528
2.2.0	2480
2.2.1	2424
2.2.2	2423
2.3.0	2361
2.3.1	2324
2.3.2	2311
2.3.3	2160
2.4.0	2128
2.4.1	2033
2.4.2	1873
2.4.3	1822
2.4.4	1700
2.5.0	1635
2.6.0	1423
2.6.1	1392
2.6.2	1340
2.6.3	1386
2.7.0	1084
2.7.1	918
2.7.2	685
2.7.3	590
2.7.4	515
3.0.0	323
