version	total
1.0.20160323	5176
1.0.20160311144647	5205
1.0.20160314171956	5173
1.0.20160318143738	5304
1.0.20160401183214	5176
1.0.20160406195023	5159
1.0.20160411202258	5233
1.0.20160421150319	5272
1.0.20160502202716	6567
1.0.20160715171107	9370
1.0.20161031135838	5057
1.0.20161123235904	5437
1.0.20161230191227	5494
1.0.20170216151734	5366
1.0.20170327202303	5364
1.0.20170414202629	5596
1.0.20170914161842	5276
1.0.20171010180436	5617
1.0.20171211211613	5077
1.0.20180216164101	6483
1.3.0.20181218191458	4876
1.3.0.20190206223817	2668
1.3.0.20190221150417	2528
1.3.1.20190301150258	5438
1.3.1.20190419203205	4949
1.3.2.20190419203205	4927
1.3.3.20190419203205	4721
1.4.0	2544
1.4.1	2601
1.4.2	2524
1.4.3	2566
2.0.0	2807
2.0.1	2469
2.0.2	2672
2.0.3	2467
2.0.3.1	3013
2.0.4	2493
2.6.3	1021
2.7.0	929
