version	total
1.0.20160323	4753
1.0.20160311144647	4775
1.0.20160314171956	4755
1.0.20160318143738	4880
1.0.20160401183214	4754
1.0.20160406195023	4770
1.0.20160411202258	4813
1.0.20160421150319	4846
1.0.20160502202716	6139
1.0.20160715171107	8961
1.0.20161031135838	4830
1.0.20161123235904	5018
1.0.20161230191227	5066
1.0.20170216151734	4943
1.0.20170327202303	4944
1.0.20170414202629	5175
1.0.20170914161842	4856
1.0.20171010180436	5385
1.0.20171211211613	4822
1.0.20180216164101	6013
1.3.0.20181218191458	4454
1.3.0.20190206223817	2267
1.3.0.20190221150417	2128
1.3.1.20190301150258	4968
1.3.1.20190419203205	4477
1.3.2.20190419203205	4457
1.3.3.20190419203205	4512
1.4.0	2146
1.4.1	2204
1.4.2	2126
1.4.3	2168
2.0.0	2406
2.0.1	2072
2.0.2	2274
2.0.3	2070
2.0.3.1	2586
2.0.4	2093
2.6.3	620
2.7.0	529
