version	total
0.1.20160301181511	3902
0.1.20160318153100	3964
0.1.20160331153549	3908
0.1.20160412193510	3959
0.1.20160517202250	6282
0.1.20161031135838	3856
0.1.20161123074954	4802
0.1.20170818194607	3802
0.1.20171010180436	3844
0.1.20171211211613	5082
1.2.0.20180905185317	3425
1.2.0.20181108215719	3388
1.2.0.20181109162613	3448
1.2.0.20181121194423	3399
1.2.1	3497
1.3.0.20181130020805	3358
1.3.0.20190205182514	3335
1.3.0.20190221150417	1220
1.3.1.20190301150258	4481
1.3.1.20190402172810	3423
1.3.2.20190402172810	3338
1.3.3.20190402172810	3419
1.4.0	3513
1.4.1	3015
1.4.2	2789
1.4.3	2669
2.0.0	2578
2.0.1	2706
2.0.2	1277
2.0.3	1062
2.0.3.1	1222
2.0.4	1137
2.1.0	1092
2.1.1	1167
2.1.2	1084
2.2.0	1037
2.2.1	983
2.2.2	974
2.3.0	917
2.3.1	876
2.3.2	869
2.3.3	714
2.4.0	680
2.4.1	566
2.4.2	432
2.4.3	379
2.4.4	256
2.5.0	187
