version	total
1.0.20160323	4557
1.0.20160311144647	4578
1.0.20160314171956	4561
1.0.20160318143738	4684
1.0.20160401183214	4560
1.0.20160406195023	4581
1.0.20160411202258	4618
1.0.20160421150319	4650
1.0.20160502202716	5945
1.0.20160715171107	8602
1.0.20161031135838	4648
1.0.20161123235904	4824
1.0.20161230191227	4872
1.0.20170216151734	4748
1.0.20170327202303	4752
1.0.20170414202629	4981
1.0.20170914161842	4662
1.0.20171010180436	5273
1.0.20171211211613	4638
1.0.20180216164101	5812
1.3.0.20181218191458	4256
1.3.0.20190206223817	2071
1.3.0.20190221150417	1932
1.3.1.20190301150258	4763
1.3.1.20190419203205	4273
1.3.2.20190419203205	4254
1.3.3.20190419203205	4412
1.4.0	1951
1.4.1	2010
1.4.2	1932
1.4.3	1974
2.0.0	2212
2.0.1	1878
2.0.2	2079
2.0.3	1875
2.0.3.1	2388
2.0.4	1899
2.6.3	424
2.7.0	330
