version	total
0.1.20160301181511	4750
0.1.20160318153100	4832
0.1.20160331153549	4751
0.1.20160412193510	4712
0.1.20160517202250	7192
0.1.20161031135838	4696
0.1.20161123074954	5652
0.1.20170818194607	4640
0.1.20171010180436	4701
0.1.20171211211613	5990
1.2.0.20180905185317	4274
1.2.0.20181108215719	4224
1.2.0.20181109162613	4299
1.2.0.20181121194423	4243
1.2.1	4342
1.3.0.20181130020805	4179
1.3.0.20190205182514	4187
1.3.0.20190221150417	2004
1.3.1.20190301150258	5564
1.3.1.20190402172810	4359
1.3.2.20190402172810	4284
1.3.3.20190402172810	4369
1.4.0	4447
1.4.1	3957
1.4.2	3727
1.4.3	3608
2.0.0	3520
2.0.1	3639
2.0.2	2080
2.0.3	1863
2.0.3.1	2029
2.0.4	1941
2.1.0	1897
2.1.1	1970
2.1.2	1888
2.2.0	1842
2.2.1	1785
2.2.2	1782
2.3.0	1722
2.3.1	1682
2.3.2	1673
2.3.3	1518
2.4.0	1490
2.4.1	1385
2.4.2	1235
2.4.3	1183
2.4.4	1060
2.5.0	993
2.6.0	781
2.6.1	750
2.6.2	699
2.6.3	703
2.7.0	446
2.7.1	279
2.7.2	40
