version	total
1.0.20160323	4714
1.0.20160311144647	4735
1.0.20160314171956	4715
1.0.20160318143738	4840
1.0.20160401183214	4714
1.0.20160406195023	4730
1.0.20160411202258	4774
1.0.20160421150319	4806
1.0.20160502202716	6100
1.0.20160715171107	8885
1.0.20161031135838	4791
1.0.20161123235904	4979
1.0.20161230191227	5027
1.0.20170216151734	4904
1.0.20170327202303	4906
1.0.20170414202629	5137
1.0.20170914161842	4816
1.0.20171010180436	5364
1.0.20171211211613	4782
1.0.20180216164101	5971
1.3.0.20181218191458	4415
1.3.0.20190206223817	2227
1.3.0.20190221150417	2088
1.3.1.20190301150258	4926
1.3.1.20190419203205	4433
1.3.2.20190419203205	4415
1.3.3.20190419203205	4489
1.4.0	2106
1.4.1	2165
1.4.2	2087
1.4.3	2129
2.0.0	2367
2.0.1	2033
2.0.2	2234
2.0.3	2030
2.0.3.1	2546
2.0.4	2054
2.6.3	580
2.7.0	489
