version	total
0.1.20160301181511	4023
0.1.20160318153100	4089
0.1.20160331153549	4030
0.1.20160412193510	4080
0.1.20160517202250	6420
0.1.20161031135838	3977
0.1.20161123074954	4923
0.1.20170818194607	3922
0.1.20171010180436	3965
0.1.20171211211613	5221
1.2.0.20180905185317	3546
1.2.0.20181108215719	3508
1.2.0.20181109162613	3571
1.2.0.20181121194423	3523
1.2.1	3620
1.3.0.20181130020805	3476
1.3.0.20190205182514	3465
1.3.0.20190221150417	1334
1.3.1.20190301150258	4679
1.3.1.20190402172810	3574
1.3.2.20190402172810	3490
1.3.3.20190402172810	3571
1.4.0	3664
1.4.1	3166
1.4.2	2940
1.4.3	2820
2.0.0	2729
2.0.1	2857
2.0.2	1392
2.0.3	1178
2.0.3.1	1337
2.0.4	1252
2.1.0	1209
2.1.1	1284
2.1.2	1201
2.2.0	1154
2.2.1	1099
2.2.2	1090
2.3.0	1034
2.3.1	993
2.3.2	985
2.3.3	830
2.4.0	796
2.4.1	682
2.4.2	548
2.4.3	495
2.4.4	372
2.5.0	306
2.6.0	91
2.6.1	56
