version	total
0.1.20160301181511	5300
0.1.20160318153100	5391
0.1.20160331153549	5293
0.1.20160412193510	4949
0.1.20160517202250	7783
0.1.20161031135838	5243
0.1.20161123074954	6203
0.1.20170818194607	5183
0.1.20171010180436	5255
0.1.20171211211613	6590
1.2.0.20180905185317	4821
1.2.0.20181108215719	4770
1.2.0.20181109162613	4846
1.2.0.20181121194423	4789
1.2.1	4887
1.3.0.20181130020805	4707
1.3.0.20190205182514	4586
1.3.0.20190221150417	2436
1.3.1.20190301150258	6093
1.3.1.20190402172810	4957
1.3.2.20190402172810	4881
1.3.3.20190402172810	4966
1.4.0	5050
1.4.1	4551
1.4.2	4329
1.4.3	4215
2.0.0	4126
2.0.1	4234
2.0.2	2608
2.0.3	2391
2.0.3.1	2559
2.0.4	2469
2.1.0	2422
2.1.1	2497
2.1.2	2415
2.2.0	2368
2.2.1	2313
2.2.2	2309
2.3.0	2248
2.3.1	2211
2.3.2	2197
2.3.3	2046
2.4.0	2017
2.4.1	1921
2.4.2	1760
2.4.3	1710
2.4.4	1588
2.5.0	1522
2.6.0	1311
2.6.1	1280
2.6.2	1227
2.6.3	1254
2.7.0	972
2.7.1	806
2.7.2	575
2.7.3	478
2.7.4	400
3.0.0	181
