version	total
0.1.20160301181511	3656
0.1.20160318153100	3720
0.1.20160331153549	3663
0.1.20160412193510	3722
0.1.20160517202250	6007
0.1.20161031135838	3619
0.1.20161123074954	4556
0.1.20170818194607	3564
0.1.20171010180436	3599
0.1.20171211211613	4815
1.2.0.20180905185317	3181
1.2.0.20181108215719	3151
1.2.0.20181109162613	3205
1.2.0.20181121194423	3160
1.2.1	3252
1.3.0.20181130020805	3129
1.3.0.20190205182514	3092
1.3.0.20190221150417	998
1.3.1.20190301150258	4153
1.3.1.20190402172810	3153
1.3.2.20190402172810	3061
1.3.3.20190402172810	3142
1.4.0	3236
1.4.1	2738
1.4.2	2513
1.4.3	2392
2.0.0	2302
2.0.1	2432
2.0.2	1047
2.0.3	832
2.0.3.1	992
2.0.4	907
2.1.0	863
2.1.1	938
2.1.2	856
2.2.0	808
2.2.1	754
2.2.2	744
2.3.0	688
2.3.1	646
2.3.2	640
2.3.3	485
2.4.0	450
2.4.1	334
2.4.2	202
2.4.3	149
