version	total
1.0.20160323	4847
1.0.20160311144647	4870
1.0.20160314171956	4849
1.0.20160318143738	4973
1.0.20160401183214	4848
1.0.20160406195023	4864
1.0.20160411202258	4908
1.0.20160421150319	4941
1.0.20160502202716	6232
1.0.20160715171107	9072
1.0.20161031135838	4889
1.0.20161123235904	5113
1.0.20161230191227	5162
1.0.20170216151734	5040
1.0.20170327202303	5040
1.0.20170414202629	5272
1.0.20170914161842	4951
1.0.20171010180436	5442
1.0.20171211211613	4902
1.0.20180216164101	6120
1.3.0.20181218191458	4552
1.3.0.20190206223817	2358
1.3.0.20190221150417	2220
1.3.1.20190301150258	5071
1.3.1.20190419203205	4579
1.3.2.20190419203205	4560
1.3.3.20190419203205	4560
1.4.0	2236
1.4.1	2294
1.4.2	2216
1.4.3	2258
2.0.0	2496
2.0.1	2162
2.0.2	2364
2.0.3	2160
2.0.3.1	2681
2.0.4	2184
2.6.3	710
2.7.0	619
