version	total
0.1.20160301181511	4582
0.1.20160318153100	4661
0.1.20160331153549	4585
0.1.20160412193510	4608
0.1.20160517202250	7018
0.1.20161031135838	4530
0.1.20161123074954	5484
0.1.20170818194607	4474
0.1.20171010180436	4532
0.1.20171211211613	5818
1.2.0.20180905185317	4105
1.2.0.20181108215719	4058
1.2.0.20181109162613	4131
1.2.0.20181121194423	4076
1.2.1	4174
1.3.0.20181130020805	4014
1.3.0.20190205182514	4025
1.3.0.20190221150417	1845
1.3.1.20190301150258	5384
1.3.1.20190402172810	4183
1.3.2.20190402172810	4106
1.3.3.20190402172810	4192
1.4.0	4268
1.4.1	3778
1.4.2	3548
1.4.3	3430
2.0.0	3341
2.0.1	3464
2.0.2	1911
2.0.3	1695
2.0.3.1	1862
2.0.4	1771
2.1.0	1728
2.1.1	1801
2.1.2	1719
2.2.0	1673
2.2.1	1616
2.2.2	1613
2.3.0	1553
2.3.1	1513
2.3.2	1504
2.3.3	1349
2.4.0	1321
2.4.1	1213
2.4.2	1066
2.4.3	1015
2.4.4	891
2.5.0	825
2.6.0	613
2.6.1	582
2.6.2	530
2.6.3	526
2.7.0	275
2.7.1	105
