version	total
0.1.20160301181511	5195
0.1.20160318153100	5291
0.1.20160331153549	5194
0.1.20160412193510	4913
0.1.20160517202250	7668
0.1.20161031135838	5143
0.1.20161123074954	6102
0.1.20170818194607	5082
0.1.20171010180436	5150
0.1.20171211211613	6470
1.2.0.20180905185317	4718
1.2.0.20181108215719	4668
1.2.0.20181109162613	4742
1.2.0.20181121194423	4687
1.2.1	4782
1.3.0.20181130020805	4612
1.3.0.20190205182514	4533
1.3.0.20190221150417	2388
1.3.1.20190301150258	5986
1.3.1.20190402172810	4831
1.3.2.20190402172810	4760
1.3.3.20190402172810	4838
1.4.0	4922
1.4.1	4429
1.4.2	4204
1.4.3	4085
2.0.0	3999
2.0.1	4113
2.0.2	2514
2.0.3	2297
2.0.3.1	2464
2.0.4	2375
2.1.0	2328
2.1.1	2402
2.1.2	2321
2.2.0	2274
2.2.1	2218
2.2.2	2215
2.3.0	2152
2.3.1	2115
2.3.2	2101
2.3.3	1950
2.4.0	1921
2.4.1	1827
2.4.2	1664
2.4.3	1615
2.4.4	1492
2.5.0	1426
2.6.0	1216
2.6.1	1184
2.6.2	1132
2.6.3	1152
2.7.0	876
2.7.1	709
2.7.2	480
2.7.3	381
2.7.4	301
3.0.0	50
