version	total
1.0.20160323	2509
1.0.20160311144647	2543
1.0.20160314171956	2539
1.0.20160318143738	2616
1.0.20160401183214	2547
1.0.20160406195023	2578
1.0.20160411202258	2596
1.0.20160421150319	2664
1.0.20160502202716	3884
1.0.20160715171107	4860
1.0.20161031135838	2640
1.0.20161123235904	2749
1.0.20161230191227	2804
1.0.20170216151734	2677
1.0.20170327202303	2654
1.0.20170414202629	2887
1.0.20170914161842	2605
1.0.20171010180436	3103
1.0.20171211211613	2633
1.0.20180216164101	3593
1.3.0.20181218191458	2185
1.3.0.20190206223817	226
1.3.0.20190221150417	183
1.3.1.20190301150258	2437
1.3.1.20190419203205	1936
1.3.2.20190419203205	1905
1.3.3.20190419203205	2262
1.4.0	132
1.4.1	200
1.4.2	120
1.4.3	151
2.0.0	389
2.0.1	69
2.0.2	267
2.0.3	65
2.0.3.1	450
2.0.4	53
