version	total
0.1.20160301181511	4383
0.1.20160318153100	4456
0.1.20160331153549	4386
0.1.20160412193510	4428
0.1.20160517202250	6814
0.1.20161031135838	4331
0.1.20161123074954	5286
0.1.20170818194607	4276
0.1.20171010180436	4332
0.1.20171211211613	5613
1.2.0.20180905185317	3906
1.2.0.20181108215719	3860
1.2.0.20181109162613	3931
1.2.0.20181121194423	3879
1.2.1	3975
1.3.0.20181130020805	3820
1.3.0.20190205182514	3827
1.3.0.20190221150417	1655
1.3.1.20190301150258	5173
1.3.1.20190402172810	3981
1.3.2.20190402172810	3903
1.3.3.20190402172810	3988
1.4.0	4068
1.4.1	3575
1.4.2	3346
1.4.3	3232
2.0.0	3140
2.0.1	3264
2.0.2	1719
2.0.3	1504
2.0.3.1	1669
2.0.4	1580
2.1.0	1537
2.1.1	1610
2.1.2	1528
2.2.0	1482
2.2.1	1427
2.2.2	1421
2.3.0	1362
2.3.1	1323
2.3.2	1313
2.3.3	1159
2.4.0	1130
2.4.1	1021
2.4.2	877
2.4.3	824
2.4.4	700
2.5.0	635
2.6.0	422
2.6.1	391
2.6.2	338
2.6.3	322
2.7.0	73
