version	total
0.1.20160301181511	3298
0.1.20160318153100	3356
0.1.20160331153549	3308
0.1.20160412193510	3366
0.1.20160517202250	5603
0.1.20161031135838	3260
0.1.20161123074954	4201
0.1.20170818194607	3204
0.1.20171010180436	3238
0.1.20171211211613	4408
1.2.0.20180905185317	2826
1.2.0.20181108215719	2792
1.2.0.20181109162613	2853
1.2.0.20181121194423	2801
1.2.1	2899
1.3.0.20181130020805	2785
1.3.0.20190205182514	2718
1.3.0.20190221150417	657
1.3.1.20190301150258	3642
1.3.1.20190402172810	2733
1.3.2.20190402172810	2650
1.3.3.20190402172810	2732
1.4.0	2825
1.4.1	2330
1.4.2	2103
1.4.3	1986
2.0.0	1892
2.0.1	2022
2.0.2	706
2.0.3	489
2.0.3.1	652
2.0.4	566
2.1.0	519
2.1.1	594
2.1.2	513
2.2.0	463
2.2.1	409
2.2.2	397
2.3.0	341
2.3.1	299
2.3.2	295
2.3.3	137
2.4.0	93
