version	total
0.1.20160301181511	4595
0.1.20160318153100	4674
0.1.20160331153549	4598
0.1.20160412193510	4616
0.1.20160517202250	7032
0.1.20161031135838	4542
0.1.20161123074954	5497
0.1.20170818194607	4486
0.1.20171010180436	4545
0.1.20171211211613	5831
1.2.0.20180905185317	4118
1.2.0.20181108215719	4070
1.2.0.20181109162613	4144
1.2.0.20181121194423	4089
1.2.1	4186
1.3.0.20181130020805	4026
1.3.0.20190205182514	4037
1.3.0.20190221150417	1857
1.3.1.20190301150258	5400
1.3.1.20190402172810	4197
1.3.2.20190402172810	4121
1.3.3.20190402172810	4206
1.4.0	4283
1.4.1	3793
1.4.2	3563
1.4.3	3445
2.0.0	3355
2.0.1	3478
2.0.2	1923
2.0.3	1707
2.0.3.1	1875
2.0.4	1783
2.1.0	1741
2.1.1	1814
2.1.2	1732
2.2.0	1686
2.2.1	1629
2.2.2	1626
2.3.0	1566
2.3.1	1526
2.3.2	1517
2.3.3	1362
2.4.0	1334
2.4.1	1226
2.4.2	1079
2.4.3	1028
2.4.4	904
2.5.0	838
2.6.0	626
2.6.1	595
2.6.2	543
2.6.3	540
2.7.0	288
2.7.1	118
