version	total
1.0.20160323	3928
1.0.20160311144647	3949
1.0.20160314171956	3937
1.0.20160318143738	4057
1.0.20160401183214	3936
1.0.20160406195023	3960
1.0.20160411202258	3988
1.0.20160421150319	4023
1.0.20160502202716	5319
1.0.20160715171107	7439
1.0.20161031135838	4025
1.0.20161123235904	4195
1.0.20161230191227	4231
1.0.20170216151734	4113
1.0.20170327202303	4111
1.0.20170414202629	4352
1.0.20170914161842	4030
1.0.20171010180436	4629
1.0.20171211211613	4018
1.0.20180216164101	5140
1.3.0.20181218191458	3623
1.3.0.20190206223817	1468
1.3.0.20190221150417	1329
1.3.1.20190301150258	4084
1.3.1.20190419203205	3606
1.3.2.20190419203205	3582
1.3.3.20190419203205	3841
1.4.0	1353
1.4.1	1413
1.4.2	1337
1.4.3	1375
2.0.0	1613
2.0.1	1282
2.0.2	1482
2.0.3	1278
2.0.3.1	1755
2.0.4	1303
