version	total
1.0.20160323	5269
1.0.20160311144647	5296
1.0.20160314171956	5260
1.0.20160318143738	5394
1.0.20160401183214	5261
1.0.20160406195023	5234
1.0.20160411202258	5324
1.0.20160421150319	5364
1.0.20160502202716	6658
1.0.20160715171107	9453
1.0.20161031135838	5108
1.0.20161123235904	5525
1.0.20161230191227	5582
1.0.20170216151734	5457
1.0.20170327202303	5453
1.0.20170414202629	5686
1.0.20170914161842	5360
1.0.20171010180436	5666
1.0.20171211211613	5126
1.0.20180216164101	6590
1.3.0.20181218191458	4966
1.3.0.20190206223817	2752
1.3.0.20190221150417	2612
1.3.1.20190301150258	5549
1.3.1.20190419203205	5057
1.3.2.20190419203205	5036
1.3.3.20190419203205	4761
1.4.0	2626
1.4.1	2683
1.4.2	2606
1.4.3	2648
2.0.0	2891
2.0.1	2553
2.0.2	2756
2.0.3	2550
2.0.3.1	3109
2.0.4	2577
2.6.3	1104
2.7.0	1013
