version	total
1.0.20160323	3640
1.0.20160311144647	3663
1.0.20160314171956	3657
1.0.20160318143738	3770
1.0.20160401183214	3655
1.0.20160406195023	3682
1.0.20160411202258	3703
1.0.20160421150319	3736
1.0.20160502202716	5034
1.0.20160715171107	6921
1.0.20161031135838	3739
1.0.20161123235904	3909
1.0.20161230191227	3939
1.0.20170216151734	3820
1.0.20170327202303	3823
1.0.20170414202629	4061
1.0.20170914161842	3743
1.0.20171010180436	4300
1.0.20171211211613	3733
1.0.20180216164101	4801
1.3.0.20181218191458	3334
1.3.0.20190206223817	1200
1.3.0.20190221150417	1064
1.3.1.20190301150258	3726
1.3.1.20190419203205	3249
1.3.2.20190419203205	3227
1.3.3.20190419203205	3492
1.4.0	1091
1.4.1	1153
1.4.2	1077
1.4.3	1113
2.0.0	1351
2.0.1	1022
2.0.2	1222
2.0.3	1018
2.0.3.1	1469
2.0.4	1043
