version	total
1.0.20160323	3688
1.0.20160311144647	3713
1.0.20160314171956	3706
1.0.20160318143738	3821
1.0.20160401183214	3704
1.0.20160406195023	3729
1.0.20160411202258	3751
1.0.20160421150319	3787
1.0.20160502202716	5086
1.0.20160715171107	7008
1.0.20161031135838	3787
1.0.20161123235904	3958
1.0.20161230191227	3989
1.0.20170216151734	3869
1.0.20170327202303	3874
1.0.20170414202629	4113
1.0.20170914161842	3793
1.0.20171010180436	4355
1.0.20171211211613	3781
1.0.20180216164101	4859
1.3.0.20181218191458	3381
1.3.0.20190206223817	1246
1.3.0.20190221150417	1107
1.3.1.20190301150258	3783
1.3.1.20190419203205	3306
1.3.2.20190419203205	3284
1.3.3.20190419203205	3547
1.4.0	1134
1.4.1	1196
1.4.2	1120
1.4.3	1156
2.0.0	1394
2.0.1	1065
2.0.2	1265
2.0.3	1061
2.0.3.1	1513
2.0.4	1086
