version	total
0.1.20160301181511	5179
0.1.20160318153100	5275
0.1.20160331153549	5178
0.1.20160412193510	4907
0.1.20160517202250	7652
0.1.20161031135838	5127
0.1.20161123074954	6085
0.1.20170818194607	5066
0.1.20171010180436	5134
0.1.20171211211613	6454
1.2.0.20180905185317	4702
1.2.0.20181108215719	4652
1.2.0.20181109162613	4726
1.2.0.20181121194423	4671
1.2.1	4766
1.3.0.20181130020805	4596
1.3.0.20190205182514	4525
1.3.0.20190221150417	2377
1.3.1.20190301150258	5978
1.3.1.20190402172810	4814
1.3.2.20190402172810	4744
1.3.3.20190402172810	4822
1.4.0	4906
1.4.1	4413
1.4.2	4188
1.4.3	4069
2.0.0	3982
2.0.1	4096
2.0.2	2497
2.0.3	2280
2.0.3.1	2448
2.0.4	2358
2.1.0	2312
2.1.1	2385
2.1.2	2304
2.2.0	2257
2.2.1	2201
2.2.2	2199
2.3.0	2136
2.3.1	2099
2.3.2	2085
2.3.3	1934
2.4.0	1905
2.4.1	1811
2.4.2	1647
2.4.3	1599
2.4.4	1476
2.5.0	1410
2.6.0	1200
2.6.1	1168
2.6.2	1116
2.6.3	1136
2.7.0	860
2.7.1	693
2.7.2	464
2.7.3	365
2.7.4	285
3.0.0	23
