version	total
0.1.20160301181511	3812
0.1.20160318153100	3875
0.1.20160331153549	3818
0.1.20160412193510	3874
0.1.20160517202250	6182
0.1.20161031135838	3771
0.1.20161123074954	4712
0.1.20170818194607	3716
0.1.20171010180436	3754
0.1.20171211211613	4986
1.2.0.20180905185317	3337
1.2.0.20181108215719	3303
1.2.0.20181109162613	3360
1.2.0.20181121194423	3315
1.2.1	3409
1.3.0.20181130020805	3276
1.3.0.20190205182514	3248
1.3.0.20190221150417	1140
1.3.1.20190301150258	4362
1.3.1.20190402172810	3325
1.3.2.20190402172810	3236
1.3.3.20190402172810	3317
1.4.0	3411
1.4.1	2912
1.4.2	2688
1.4.3	2568
2.0.0	2478
2.0.1	2606
2.0.2	1193
2.0.3	978
2.0.3.1	1138
2.0.4	1053
2.1.0	1009
2.1.1	1084
2.1.2	1002
2.2.0	954
2.2.1	900
2.2.2	890
2.3.0	834
2.3.1	793
2.3.2	786
2.3.3	631
2.4.0	597
2.4.1	483
2.4.2	349
2.4.3	295
2.4.4	172
2.5.0	104
