version	total
1.0.20160323	3142
1.0.20160311144647	3168
1.0.20160314171956	3160
1.0.20160318143738	3268
1.0.20160401183214	3158
1.0.20160406195023	3190
1.0.20160411202258	3208
1.0.20160421150319	3238
1.0.20160502202716	4533
1.0.20160715171107	5983
1.0.20161031135838	3235
1.0.20161123235904	3400
1.0.20161230191227	3433
1.0.20170216151734	3311
1.0.20170327202303	3311
1.0.20170414202629	3549
1.0.20170914161842	3238
1.0.20171010180436	3734
1.0.20171211211613	3231
1.0.20180216164101	4235
1.3.0.20181218191458	2837
1.3.0.20190206223817	707
1.3.0.20190221150417	579
1.3.1.20190301150258	3152
1.3.1.20190419203205	2670
1.3.2.20190419203205	2648
1.3.3.20190419203205	2919
1.4.0	600
1.4.1	665
1.4.2	588
1.4.3	622
2.0.0	861
2.0.1	533
2.0.2	735
2.0.3	529
2.0.3.1	930
2.0.4	553
