version	total
1.0.20160323	2493
1.0.20160311144647	2526
1.0.20160314171956	2523
1.0.20160318143738	2600
1.0.20160401183214	2530
1.0.20160406195023	2561
1.0.20160411202258	2579
1.0.20160421150319	2648
1.0.20160502202716	3867
1.0.20160715171107	4827
1.0.20161031135838	2623
1.0.20161123235904	2732
1.0.20161230191227	2787
1.0.20170216151734	2660
1.0.20170327202303	2637
1.0.20170414202629	2870
1.0.20170914161842	2588
1.0.20171010180436	3085
1.0.20171211211613	2615
1.0.20180216164101	3574
1.3.0.20181218191458	2168
1.3.0.20190206223817	216
1.3.0.20190221150417	174
1.3.1.20190301150258	2418
1.3.1.20190419203205	1917
1.3.2.20190419203205	1886
1.3.3.20190419203205	2242
1.4.0	121
1.4.1	191
1.4.2	111
1.4.3	141
2.0.0	379
2.0.1	59
2.0.2	257
2.0.3	55
2.0.3.1	436
2.0.4	44
