version	total
0.1.20160301181511	3761
0.1.20160318153100	3824
0.1.20160331153549	3768
0.1.20160412193510	3826
0.1.20160517202250	6119
0.1.20161031135838	3722
0.1.20161123074954	4662
0.1.20170818194607	3665
0.1.20171010180436	3704
0.1.20171211211613	4927
1.2.0.20180905185317	3287
1.2.0.20181108215719	3254
1.2.0.20181109162613	3311
1.2.0.20181121194423	3264
1.2.1	3360
1.3.0.20181130020805	3228
1.3.0.20190205182514	3198
1.3.0.20190221150417	1099
1.3.1.20190301150258	4280
1.3.1.20190402172810	3263
1.3.2.20190402172810	3174
1.3.3.20190402172810	3255
1.4.0	3349
1.4.1	2851
1.4.2	2626
1.4.3	2505
2.0.0	2416
2.0.1	2545
2.0.2	1150
2.0.3	935
2.0.3.1	1095
2.0.4	1010
2.1.0	966
2.1.1	1041
2.1.2	959
2.2.0	911
2.2.1	857
2.2.2	847
2.3.0	791
2.3.1	749
2.3.2	743
2.3.3	588
2.4.0	553
2.4.1	439
2.4.2	306
2.4.3	253
2.4.4	130
2.5.0	58
