version	total
1.0.20160323	4687
1.0.20160311144647	4708
1.0.20160314171956	4690
1.0.20160318143738	4815
1.0.20160401183214	4689
1.0.20160406195023	4706
1.0.20160411202258	4747
1.0.20160421150319	4780
1.0.20160502202716	6075
1.0.20160715171107	8838
1.0.20161031135838	4767
1.0.20161123235904	4954
1.0.20161230191227	5000
1.0.20170216151734	4877
1.0.20170327202303	4881
1.0.20170414202629	5111
1.0.20170914161842	4791
1.0.20171010180436	5348
1.0.20171211211613	4758
1.0.20180216164101	5944
1.3.0.20181218191458	4388
1.3.0.20190206223817	2201
1.3.0.20190221150417	2062
1.3.1.20190301150258	4897
1.3.1.20190419203205	4406
1.3.2.20190419203205	4388
1.3.3.20190419203205	4475
1.4.0	2081
1.4.1	2140
1.4.2	2062
1.4.3	2104
2.0.0	2342
2.0.1	2008
2.0.2	2209
2.0.3	2005
2.0.3.1	2518
2.0.4	2029
2.6.3	555
2.7.0	464
