version	total
1.0.20160323	3046
1.0.20160311144647	3074
1.0.20160314171956	3069
1.0.20160318143738	3168
1.0.20160401183214	3067
1.0.20160406195023	3098
1.0.20160411202258	3115
1.0.20160421150319	3147
1.0.20160502202716	4433
1.0.20160715171107	5814
1.0.20161031135838	3143
1.0.20161123235904	3303
1.0.20161230191227	3341
1.0.20170216151734	3221
1.0.20170327202303	3213
1.0.20170414202629	3448
1.0.20170914161842	3144
1.0.20171010180436	3638
1.0.20171211211613	3141
1.0.20180216164101	4140
1.3.0.20181218191458	2738
1.3.0.20190206223817	607
1.3.0.20190221150417	492
1.3.1.20190301150258	3035
1.3.1.20190419203205	2549
1.3.2.20190419203205	2532
1.3.3.20190419203205	2810
1.4.0	500
1.4.1	567
1.4.2	490
1.4.3	524
2.0.0	760
2.0.1	436
2.0.2	640
2.0.3	435
2.0.3.1	828
2.0.4	456
