version	total
0.1.20160301181511	4785
0.1.20160318153100	4867
0.1.20160331153549	4786
0.1.20160412193510	4730
0.1.20160517202250	7227
0.1.20161031135838	4731
0.1.20161123074954	5687
0.1.20170818194607	4675
0.1.20171010180436	4736
0.1.20171211211613	6026
1.2.0.20180905185317	4309
1.2.0.20181108215719	4259
1.2.0.20181109162613	4334
1.2.0.20181121194423	4278
1.2.1	4377
1.3.0.20181130020805	4214
1.3.0.20190205182514	4222
1.3.0.20190221150417	2038
1.3.1.20190301150258	5601
1.3.1.20190402172810	4396
1.3.2.20190402172810	4321
1.3.3.20190402172810	4406
1.4.0	4484
1.4.1	3993
1.4.2	3764
1.4.3	3644
2.0.0	3557
2.0.1	3676
2.0.2	2115
2.0.3	1898
2.0.3.1	2064
2.0.4	1976
2.1.0	1932
2.1.1	2005
2.1.2	1923
2.2.0	1877
2.2.1	1820
2.2.2	1817
2.3.0	1757
2.3.1	1717
2.3.2	1708
2.3.3	1553
2.4.0	1525
2.4.1	1420
2.4.2	1270
2.4.3	1218
2.4.4	1095
2.5.0	1028
2.6.0	816
2.6.1	785
2.6.2	734
2.6.3	739
2.7.0	480
2.7.1	313
2.7.2	74
