version	total
1.0.20160323	4116
1.0.20160311144647	4137
1.0.20160314171956	4119
1.0.20160318143738	4243
1.0.20160401183214	4120
1.0.20160406195023	4142
1.0.20160411202258	4178
1.0.20160421150319	4211
1.0.20160502202716	5503
1.0.20160715171107	7776
1.0.20161031135838	4209
1.0.20161123235904	4384
1.0.20161230191227	4428
1.0.20170216151734	4304
1.0.20170327202303	4306
1.0.20170414202629	4542
1.0.20170914161842	4218
1.0.20171010180436	4833
1.0.20171211211613	4204
1.0.20180216164101	5348
1.3.0.20181218191458	3814
1.3.0.20190206223817	1652
1.3.0.20190221150417	1514
1.3.1.20190301150258	4299
1.3.1.20190419203205	3812
1.3.2.20190419203205	3793
1.3.3.20190419203205	4040
1.4.0	1533
1.4.1	1594
1.4.2	1517
1.4.3	1556
2.0.0	1794
2.0.1	1462
2.0.2	1662
2.0.3	1458
2.0.3.1	1957
2.0.4	1484
