version	total
1.0.20160323	3768
1.0.20160311144647	3793
1.0.20160314171956	3782
1.0.20160318143738	3898
1.0.20160401183214	3781
1.0.20160406195023	3805
1.0.20160411202258	3831
1.0.20160421150319	3866
1.0.20160502202716	5162
1.0.20160715171107	7154
1.0.20161031135838	3865
1.0.20161123235904	4036
1.0.20161230191227	4071
1.0.20170216151734	3950
1.0.20170327202303	3951
1.0.20170414202629	4190
1.0.20170914161842	3871
1.0.20171010180436	4439
1.0.20171211211613	3858
1.0.20180216164101	4947
1.3.0.20181218191458	3461
1.3.0.20190206223817	1320
1.3.0.20190221150417	1184
1.3.1.20190301150258	3878
1.3.1.20190419203205	3398
1.3.2.20190419203205	3373
1.3.3.20190419203205	3637
1.4.0	1208
1.4.1	1269
1.4.2	1193
1.4.3	1229
2.0.0	1468
2.0.1	1138
2.0.2	1339
2.0.3	1134
2.0.3.1	1594
2.0.4	1159
