version	total
1.0.20160323	4429
1.0.20160311144647	4453
1.0.20160314171956	4434
1.0.20160318143738	4555
1.0.20160401183214	4433
1.0.20160406195023	4456
1.0.20160411202258	4490
1.0.20160421150319	4524
1.0.20160502202716	5817
1.0.20160715171107	8359
1.0.20161031135838	4524
1.0.20161123235904	4697
1.0.20161230191227	4743
1.0.20170216151734	4619
1.0.20170327202303	4623
1.0.20170414202629	4853
1.0.20170914161842	4535
1.0.20171010180436	5153
1.0.20171211211613	4516
1.0.20180216164101	5677
1.3.0.20181218191458	4126
1.3.0.20190206223817	1943
1.3.0.20190221150417	1805
1.3.1.20190301150258	4627
1.3.1.20190419203205	4137
1.3.2.20190419203205	4118
1.3.3.20190419203205	4324
1.4.0	1824
1.4.1	1884
1.4.2	1806
1.4.3	1847
2.0.0	2085
2.0.1	1751
2.0.2	1952
2.0.3	1748
2.0.3.1	2255
2.0.4	1773
2.6.3	294
2.7.0	199
