version	total
0.1.20160301181511	2979
0.1.20160318153100	3005
0.1.20160331153549	2988
0.1.20160412193510	3070
0.1.20160517202250	5257
0.1.20161031135838	2929
0.1.20161123074954	3871
0.1.20170818194607	2867
0.1.20171010180436	2890
0.1.20171211211613	4041
1.2.0.20180905185317	2503
1.2.0.20181108215719	2449
1.2.0.20181109162613	2539
1.2.0.20181121194423	2454
1.2.1	2581
1.3.0.20181130020805	2469
1.3.0.20190205182514	2404
1.3.0.20190221150417	342
1.3.1.20190301150258	3249
1.3.1.20190402172810	2355
1.3.2.20190402172810	2291
1.3.3.20190402172810	2377
1.4.0	2489
1.4.1	1990
1.4.2	1764
1.4.3	1643
2.0.0	1554
2.0.1	1687
2.0.2	420
2.0.3	201
2.0.3.1	340
2.0.4	276
2.1.0	232
2.1.1	302
2.1.2	226
2.2.0	175
2.2.1	119
2.2.2	110
2.3.0	51
