version	total
0.1.20160301181511	5085
0.1.20160318153100	5178
0.1.20160331153549	5086
0.1.20160412193510	4867
0.1.20160517202250	7546
0.1.20161031135838	5031
0.1.20161123074954	5990
0.1.20170818194607	4973
0.1.20171010180436	5041
0.1.20171211211613	6347
1.2.0.20180905185317	4609
1.2.0.20181108215719	4559
1.2.0.20181109162613	4634
1.2.0.20181121194423	4576
1.2.1	4677
1.3.0.20181130020805	4507
1.3.0.20190205182514	4468
1.3.0.20190221150417	2310
1.3.1.20190301150258	5902
1.3.1.20190402172810	4712
1.3.2.20190402172810	4641
1.3.3.20190402172810	4723
1.4.0	4808
1.4.1	4316
1.4.2	4088
1.4.3	3969
2.0.0	3885
2.0.1	3999
2.0.2	2410
2.0.3	2195
2.0.3.1	2360
2.0.4	2272
2.1.0	2226
2.1.1	2299
2.1.2	2219
2.2.0	2172
2.2.1	2115
2.2.2	2114
2.3.0	2051
2.3.1	2012
2.3.2	2002
2.3.3	1847
2.4.0	1819
2.4.1	1717
2.4.2	1564
2.4.3	1512
2.4.4	1391
2.5.0	1323
2.6.0	1113
2.6.1	1080
2.6.2	1029
2.6.3	1045
2.7.0	774
2.7.1	607
2.7.2	377
2.7.3	277
2.7.4	191
