version	total
0.1.20160301181511	5307
0.1.20160318153100	5397
0.1.20160331153549	5300
0.1.20160412193510	4953
0.1.20160517202250	7795
0.1.20161031135838	5248
0.1.20161123074954	6210
0.1.20170818194607	5188
0.1.20171010180436	5263
0.1.20171211211613	6601
1.2.0.20180905185317	4826
1.2.0.20181108215719	4774
1.2.0.20181109162613	4851
1.2.0.20181121194423	4795
1.2.1	4892
1.3.0.20181130020805	4711
1.3.0.20190205182514	4593
1.3.0.20190221150417	2440
1.3.1.20190301150258	6107
1.3.1.20190402172810	4966
1.3.2.20190402172810	4891
1.3.3.20190402172810	4976
1.4.0	5061
1.4.1	4560
1.4.2	4337
1.4.3	4226
2.0.0	4136
2.0.1	4243
2.0.2	2613
2.0.3	2395
2.0.3.1	2565
2.0.4	2474
2.1.0	2427
2.1.1	2502
2.1.2	2420
2.2.0	2372
2.2.1	2317
2.2.2	2314
2.3.0	2253
2.3.1	2215
2.3.2	2202
2.3.3	2051
2.4.0	2021
2.4.1	1925
2.4.2	1765
2.4.3	1714
2.4.4	1592
2.5.0	1527
2.6.0	1316
2.6.1	1284
2.6.2	1231
2.6.3	1261
2.7.0	976
2.7.1	810
2.7.2	579
2.7.3	483
2.7.4	404
3.0.0	188
