version	total
1.0.20160323	2976
1.0.20160311144647	3012
1.0.20160314171956	3009
1.0.20160318143738	3095
1.0.20160401183214	3005
1.0.20160406195023	3039
1.0.20160411202258	3058
1.0.20160421150319	3087
1.0.20160502202716	4360
1.0.20160715171107	5697
1.0.20161031135838	3081
1.0.20161123235904	3233
1.0.20161230191227	3280
1.0.20170216151734	3159
1.0.20170327202303	3139
1.0.20170414202629	3376
1.0.20170914161842	3085
1.0.20171010180436	3573
1.0.20171211211613	3082
1.0.20180216164101	4073
1.3.0.20181218191458	2668
1.3.0.20190206223817	535
1.3.0.20190221150417	434
1.3.1.20190301150258	2959
1.3.1.20190419203205	2471
1.3.2.20190419203205	2449
1.3.3.20190419203205	2740
1.4.0	432
1.4.1	499
1.4.2	422
1.4.3	456
2.0.0	693
2.0.1	369
2.0.2	571
2.0.3	369
2.0.3.1	770
2.0.4	386
