version	total
1.0.20160323	2664
1.0.20160311144647	2695
1.0.20160314171956	2694
1.0.20160318143738	2769
1.0.20160401183214	2698
1.0.20160406195023	2733
1.0.20160411202258	2749
1.0.20160421150319	2821
1.0.20160502202716	4039
1.0.20160715171107	5157
1.0.20161031135838	2795
1.0.20161123235904	2903
1.0.20161230191227	2961
1.0.20170216151734	2835
1.0.20170327202303	2811
1.0.20170414202629	3039
1.0.20170914161842	2762
1.0.20171010180436	3274
1.0.20171211211613	2785
1.0.20180216164101	3768
1.3.0.20181218191458	2340
1.3.0.20190206223817	306
1.3.0.20190221150417	262
1.3.1.20190301150258	2608
1.3.1.20190419203205	2110
1.3.2.20190419203205	2081
1.3.3.20190419203205	2434
1.4.0	207
1.4.1	279
1.4.2	201
1.4.3	231
2.0.0	469
2.0.1	148
2.0.2	347
2.0.3	146
2.0.3.1	533
2.0.4	133
