version	total
0.1.20160301181511	4956
0.1.20160318153100	5040
0.1.20160331153549	4958
0.1.20160412193510	4814
0.1.20160517202250	7407
0.1.20161031135838	4904
0.1.20161123074954	5861
0.1.20170818194607	4846
0.1.20171010180436	4909
0.1.20171211211613	6208
1.2.0.20180905185317	4481
1.2.0.20181108215719	4430
1.2.0.20181109162613	4507
1.2.0.20181121194423	4450
1.2.1	4548
1.3.0.20181130020805	4385
1.3.0.20190205182514	4384
1.3.0.20190221150417	2204
1.3.1.20190301150258	5791
1.3.1.20190402172810	4577
1.3.2.20190402172810	4502
1.3.3.20190402172810	4587
1.4.0	4665
1.4.1	4173
1.4.2	3947
1.4.3	3825
2.0.0	3740
2.0.1	3858
2.0.2	2284
2.0.3	2067
2.0.3.1	2233
2.0.4	2145
2.1.0	2099
2.1.1	2173
2.1.2	2091
2.2.0	2046
2.2.1	1988
2.2.2	1986
2.3.0	1924
2.3.1	1885
2.3.2	1875
2.3.3	1720
2.4.0	1692
2.4.1	1587
2.4.2	1437
2.4.3	1386
2.4.4	1263
2.5.0	1197
2.6.0	985
2.6.1	954
2.6.2	902
2.6.3	911
2.7.0	648
2.7.1	481
2.7.2	250
2.7.3	150
2.7.4	60
