version	total
1.0.20160323	4155
1.0.20160311144647	4175
1.0.20160314171956	4157
1.0.20160318143738	4281
1.0.20160401183214	4158
1.0.20160406195023	4181
1.0.20160411202258	4216
1.0.20160421150319	4249
1.0.20160502202716	5542
1.0.20160715171107	7854
1.0.20161031135838	4251
1.0.20161123235904	4422
1.0.20161230191227	4466
1.0.20170216151734	4342
1.0.20170327202303	4349
1.0.20170414202629	4582
1.0.20170914161842	4256
1.0.20171010180436	4871
1.0.20171211211613	4244
1.0.20180216164101	5393
1.3.0.20181218191458	3854
1.3.0.20190206223817	1693
1.3.0.20190221150417	1554
1.3.1.20190301150258	4341
1.3.1.20190419203205	3852
1.3.2.20190419203205	3832
1.3.3.20190419203205	4076
1.4.0	1572
1.4.1	1632
1.4.2	1555
1.4.3	1594
2.0.0	1832
2.0.1	1500
2.0.2	1700
2.0.3	1497
2.0.3.1	1996
2.0.4	1522
2.6.3	41
