version	total
1.0.20160323	2840
1.0.20160311144647	2875
1.0.20160314171956	2873
1.0.20160318143738	2953
1.0.20160401183214	2873
1.0.20160406195023	2906
1.0.20160411202258	2925
1.0.20160421150319	2976
1.0.20160502202716	4220
1.0.20160715171107	5473
1.0.20161031135838	2965
1.0.20161123235904	3090
1.0.20161230191227	3145
1.0.20170216151734	3022
1.0.20170327202303	2997
1.0.20170414202629	3230
1.0.20170914161842	2947
1.0.20171010180436	3451
1.0.20171211211613	2963
1.0.20180216164101	3943
1.3.0.20181218191458	2524
1.3.0.20190206223817	392
1.3.0.20190221150417	323
1.3.1.20190301150258	2809
1.3.1.20190419203205	2321
1.3.2.20190419203205	2293
1.3.3.20190419203205	2613
1.4.0	294
1.4.1	362
1.4.2	285
1.4.3	317
2.0.0	555
2.0.1	233
2.0.2	431
2.0.3	230
2.0.3.1	632
2.0.4	247
