version	total
0.1.20160301181511	4507
0.1.20160318153100	4584
0.1.20160331153549	4510
0.1.20160412193510	4550
0.1.20160517202250	6942
0.1.20161031135838	4456
0.1.20161123074954	5410
0.1.20170818194607	4400
0.1.20171010180436	4457
0.1.20171211211613	5742
1.2.0.20180905185317	4030
1.2.0.20181108215719	3983
1.2.0.20181109162613	4056
1.2.0.20181121194423	4001
1.2.1	4099
1.3.0.20181130020805	3940
1.3.0.20190205182514	3950
1.3.0.20190221150417	1772
1.3.1.20190301150258	5301
1.3.1.20190402172810	4104
1.3.2.20190402172810	4027
1.3.3.20190402172810	4113
1.4.0	4190
1.4.1	3699
1.4.2	3469
1.4.3	3351
2.0.0	3263
2.0.1	3385
2.0.2	1836
2.0.3	1620
2.0.3.1	1787
2.0.4	1697
2.1.0	1653
2.1.1	1726
2.1.2	1644
2.2.0	1598
2.2.1	1542
2.2.2	1538
2.3.0	1478
2.3.1	1438
2.3.2	1429
2.3.3	1274
2.4.0	1246
2.4.1	1137
2.4.2	992
2.4.3	940
2.4.4	816
2.5.0	750
2.6.0	538
2.6.1	507
2.6.2	454
2.6.3	445
2.7.0	198
2.7.1	26
