version	total
0.1.20160301181511	4179
0.1.20160318153100	4247
0.1.20160331153549	4187
0.1.20160412193510	4233
0.1.20160517202250	6600
0.1.20161031135838	4133
0.1.20161123074954	5081
0.1.20170818194607	4078
0.1.20171010180436	4126
0.1.20171211211613	5400
1.2.0.20180905185317	3705
1.2.0.20181108215719	3664
1.2.0.20181109162613	3728
1.2.0.20181121194423	3678
1.2.1	3777
1.3.0.20181130020805	3629
1.3.0.20190205182514	3629
1.3.0.20190221150417	1478
1.3.1.20190301150258	4934
1.3.1.20190402172810	3764
1.3.2.20190402172810	3684
1.3.3.20190402172810	3766
1.4.0	3856
1.4.1	3359
1.4.2	3132
1.4.3	3013
2.0.0	2923
2.0.1	3050
2.0.2	1537
2.0.3	1323
2.0.3.1	1483
2.0.4	1397
2.1.0	1354
2.1.1	1429
2.1.2	1347
2.2.0	1299
2.2.1	1244
2.2.2	1235
2.3.0	1179
2.3.1	1138
2.3.2	1130
2.3.3	975
2.4.0	943
2.4.1	829
2.4.2	693
2.4.3	640
2.4.4	517
2.5.0	450
2.6.0	236
2.6.1	204
2.6.2	153
2.6.3	94
