version	total
1.0.20160323	2908
1.0.20160311144647	2942
1.0.20160314171956	2940
1.0.20160318143738	3021
1.0.20160401183214	2938
1.0.20160406195023	2971
1.0.20160411202258	2992
1.0.20160421150319	3023
1.0.20160502202716	4288
1.0.20160715171107	5568
1.0.20161031135838	3014
1.0.20161123235904	3158
1.0.20161230191227	3210
1.0.20170216151734	3087
1.0.20170327202303	3066
1.0.20170414202629	3299
1.0.20170914161842	3014
1.0.20171010180436	3498
1.0.20171211211613	3013
1.0.20180216164101	3997
1.3.0.20181218191458	2593
1.3.0.20190206223817	462
1.3.0.20190221150417	371
1.3.1.20190301150258	2886
1.3.1.20190419203205	2396
1.3.2.20190419203205	2373
1.3.3.20190419203205	2670
1.4.0	362
1.4.1	429
1.4.2	352
1.4.3	386
2.0.0	625
2.0.1	301
2.0.2	500
2.0.3	299
2.0.3.1	702
2.0.4	317
