version	total
0.1.20160301181511	4607
0.1.20160318153100	4686
0.1.20160331153549	4610
0.1.20160412193510	4622
0.1.20160517202250	7044
0.1.20161031135838	4554
0.1.20161123074954	5509
0.1.20170818194607	4498
0.1.20171010180436	4557
0.1.20171211211613	5843
1.2.0.20180905185317	4130
1.2.0.20181108215719	4082
1.2.0.20181109162613	4156
1.2.0.20181121194423	4101
1.2.1	4198
1.3.0.20181130020805	4038
1.3.0.20190205182514	4049
1.3.0.20190221150417	1869
1.3.1.20190301150258	5412
1.3.1.20190402172810	4209
1.3.2.20190402172810	4133
1.3.3.20190402172810	4219
1.4.0	4295
1.4.1	3805
1.4.2	3575
1.4.3	3457
2.0.0	3368
2.0.1	3491
2.0.2	1936
2.0.3	1720
2.0.3.1	1887
2.0.4	1797
2.1.0	1753
2.1.1	1826
2.1.2	1744
2.2.0	1698
2.2.1	1641
2.2.2	1638
2.3.0	1578
2.3.1	1538
2.3.2	1529
2.3.3	1374
2.4.0	1346
2.4.1	1238
2.4.2	1091
2.4.3	1040
2.4.4	916
2.5.0	850
2.6.0	638
2.6.1	607
2.6.2	555
2.6.3	552
2.7.0	300
2.7.1	130
