version	total
1.0.20160323	4362
1.0.20160311144647	4386
1.0.20160314171956	4368
1.0.20160318143738	4489
1.0.20160401183214	4366
1.0.20160406195023	4389
1.0.20160411202258	4423
1.0.20160421150319	4455
1.0.20160502202716	5750
1.0.20160715171107	8230
1.0.20161031135838	4459
1.0.20161123235904	4630
1.0.20161230191227	4676
1.0.20170216151734	4552
1.0.20170327202303	4556
1.0.20170414202629	4787
1.0.20170914161842	4467
1.0.20171010180436	5089
1.0.20171211211613	4451
1.0.20180216164101	5609
1.3.0.20181218191458	4059
1.3.0.20190206223817	1876
1.3.0.20190221150417	1737
1.3.1.20190301150258	4558
1.3.1.20190419203205	4068
1.3.2.20190419203205	4049
1.3.3.20190419203205	4289
1.4.0	1757
1.4.1	1817
1.4.2	1739
1.4.3	1780
2.0.0	2018
2.0.1	1684
2.0.2	1885
2.0.3	1681
2.0.3.1	2186
2.0.4	1706
2.6.3	226
2.7.0	130
