version	total
0.1.20160301181511	3271
0.1.20160318153100	3326
0.1.20160331153549	3280
0.1.20160412193510	3337
0.1.20160517202250	5575
0.1.20161031135838	3233
0.1.20161123074954	4174
0.1.20170818194607	3176
0.1.20171010180436	3209
0.1.20171211211613	4378
1.2.0.20180905185317	2799
1.2.0.20181108215719	2763
1.2.0.20181109162613	2826
1.2.0.20181121194423	2772
1.2.1	2872
1.3.0.20181130020805	2758
1.3.0.20190205182514	2690
1.3.0.20190221150417	630
1.3.1.20190301150258	3610
1.3.1.20190402172810	2701
1.3.2.20190402172810	2621
1.3.3.20190402172810	2703
1.4.0	2793
1.4.1	2299
1.4.2	2072
1.4.3	1954
2.0.0	1862
2.0.1	1992
2.0.2	678
2.0.3	461
2.0.3.1	626
2.0.4	538
2.1.0	490
2.1.1	565
2.1.2	484
2.2.0	434
2.2.1	380
2.2.2	368
2.3.0	311
2.3.1	269
2.3.2	266
2.3.3	107
2.4.0	62
