version	total
1.0.20160323	4859
1.0.20160311144647	4882
1.0.20160314171956	4861
1.0.20160318143738	4985
1.0.20160401183214	4860
1.0.20160406195023	4876
1.0.20160411202258	4920
1.0.20160421150319	4952
1.0.20160502202716	6244
1.0.20160715171107	9086
1.0.20161031135838	4896
1.0.20161123235904	5125
1.0.20161230191227	5174
1.0.20170216151734	5052
1.0.20170327202303	5052
1.0.20170414202629	5284
1.0.20170914161842	4963
1.0.20171010180436	5448
1.0.20171211211613	4913
1.0.20180216164101	6131
1.3.0.20181218191458	4564
1.3.0.20190206223817	2370
1.3.0.20190221150417	2232
1.3.1.20190301150258	5083
1.3.1.20190419203205	4591
1.3.2.20190419203205	4572
1.3.3.20190419203205	4566
1.4.0	2248
1.4.1	2306
1.4.2	2228
1.4.3	2270
2.0.0	2508
2.0.1	2174
2.0.2	2376
2.0.3	2172
2.0.3.1	2693
2.0.4	2196
2.6.3	722
2.7.0	631
