version	total
1.0.20160323	4791
1.0.20160311144647	4813
1.0.20160314171956	4793
1.0.20160318143738	4917
1.0.20160401183214	4792
1.0.20160406195023	4808
1.0.20160411202258	4851
1.0.20160421150319	4884
1.0.20160502202716	6177
1.0.20160715171107	9013
1.0.20161031135838	4857
1.0.20161123235904	5056
1.0.20161230191227	5104
1.0.20170216151734	4981
1.0.20170327202303	4982
1.0.20170414202629	5213
1.0.20170914161842	4894
1.0.20171010180436	5409
1.0.20171211211613	4855
1.0.20180216164101	6055
1.3.0.20181218191458	4490
1.3.0.20190206223817	2302
1.3.0.20190221150417	2164
1.3.1.20190301150258	5008
1.3.1.20190419203205	4517
1.3.2.20190419203205	4497
1.3.3.20190419203205	4533
1.4.0	2182
1.4.1	2240
1.4.2	2162
1.4.3	2204
2.0.0	2442
2.0.1	2108
2.0.2	2310
2.0.3	2106
2.0.3.1	2624
2.0.4	2130
2.6.3	656
2.7.0	564
