version	total
1.0.20160323	3997
1.0.20160311144647	4018
1.0.20160314171956	4005
1.0.20160318143738	4126
1.0.20160401183214	4004
1.0.20160406195023	4028
1.0.20160411202258	4059
1.0.20160421150319	4094
1.0.20160502202716	5388
1.0.20160715171107	7566
1.0.20161031135838	4095
1.0.20161123235904	4267
1.0.20161230191227	4305
1.0.20170216151734	4183
1.0.20170327202303	4183
1.0.20170414202629	4422
1.0.20170914161842	4100
1.0.20171010180436	4708
1.0.20171211211613	4088
1.0.20180216164101	5216
1.3.0.20181218191458	3689
1.3.0.20190206223817	1532
1.3.0.20190221150417	1394
1.3.1.20190301150258	4164
1.3.1.20190419203205	3682
1.3.2.20190419203205	3660
1.3.3.20190419203205	3921
1.4.0	1418
1.4.1	1477
1.4.2	1401
1.4.3	1439
2.0.0	1677
2.0.1	1346
2.0.2	1547
2.0.3	1342
2.0.3.1	1826
2.0.4	1368
