version	total
0.1.20160301181511	4257
0.1.20160318153100	4330
0.1.20160331153549	4263
0.1.20160412193510	4304
0.1.20160517202250	6681
0.1.20161031135838	4206
0.1.20161123074954	5159
0.1.20170818194607	4153
0.1.20171010180436	4207
0.1.20171211211613	5480
1.2.0.20180905185317	3784
1.2.0.20181108215719	3738
1.2.0.20181109162613	3806
1.2.0.20181121194423	3753
1.2.1	3853
1.3.0.20181130020805	3701
1.3.0.20190205182514	3704
1.3.0.20190221150417	1548
1.3.1.20190301150258	5017
1.3.1.20190402172810	3845
1.3.2.20190402172810	3768
1.3.3.20190402172810	3853
1.4.0	3938
1.4.1	3442
1.4.2	3214
1.4.3	3100
2.0.0	3008
2.0.1	3134
2.0.2	1612
2.0.3	1399
2.0.3.1	1562
2.0.4	1474
2.1.0	1432
2.1.1	1505
2.1.2	1422
2.2.0	1376
2.2.1	1320
2.2.2	1313
2.3.0	1256
2.3.1	1216
2.3.2	1205
2.3.3	1051
2.4.0	1022
2.4.1	911
2.4.2	770
2.4.3	717
2.4.4	594
2.5.0	527
2.6.0	315
2.6.1	284
2.6.2	231
2.6.3	184
