version	total
0.1.20160301181511	5204
0.1.20160318153100	5300
0.1.20160331153549	5203
0.1.20160412193510	4917
0.1.20160517202250	7678
0.1.20161031135838	5152
0.1.20161123074954	6111
0.1.20170818194607	5091
0.1.20171010180436	5159
0.1.20171211211613	6480
1.2.0.20180905185317	4727
1.2.0.20181108215719	4677
1.2.0.20181109162613	4751
1.2.0.20181121194423	4696
1.2.1	4791
1.3.0.20181130020805	4621
1.3.0.20190205182514	4539
1.3.0.20190221150417	2394
1.3.1.20190301150258	5996
1.3.1.20190402172810	4842
1.3.2.20190402172810	4771
1.3.3.20190402172810	4849
1.4.0	4933
1.4.1	4440
1.4.2	4215
1.4.3	4096
2.0.0	4009
2.0.1	4123
2.0.2	2522
2.0.3	2305
2.0.3.1	2473
2.0.4	2383
2.1.0	2337
2.1.1	2411
2.1.2	2330
2.2.0	2283
2.2.1	2227
2.2.2	2224
2.3.0	2161
2.3.1	2124
2.3.2	2110
2.3.3	1959
2.4.0	1930
2.4.1	1836
2.4.2	1673
2.4.3	1624
2.4.4	1501
2.5.0	1435
2.6.0	1225
2.6.1	1193
2.6.2	1141
2.6.3	1162
2.7.0	885
2.7.1	718
2.7.2	489
2.7.3	390
2.7.4	310
3.0.0	65
