version	total
0.1.20160301181511	4665
0.1.20160318153100	4744
0.1.20160331153549	4667
0.1.20160412193510	4669
0.1.20160517202250	7105
0.1.20161031135838	4612
0.1.20161123074954	5567
0.1.20170818194607	4556
0.1.20171010180436	4614
0.1.20171211211613	5904
1.2.0.20180905185317	4188
1.2.0.20181108215719	4139
1.2.0.20181109162613	4214
1.2.0.20181121194423	4159
1.2.1	4256
1.3.0.20181130020805	4095
1.3.0.20190205182514	4108
1.3.0.20190221150417	1926
1.3.1.20190301150258	5478
1.3.1.20190402172810	4270
1.3.2.20190402172810	4194
1.3.3.20190402172810	4279
1.4.0	4356
1.4.1	3866
1.4.2	3636
1.4.3	3517
2.0.0	3429
2.0.1	3549
2.0.2	1992
2.0.3	1776
2.0.3.1	1944
2.0.4	1853
2.1.0	1810
2.1.1	1883
2.1.2	1801
2.2.0	1755
2.2.1	1698
2.2.2	1695
2.3.0	1635
2.3.1	1595
2.3.2	1586
2.3.3	1431
2.4.0	1403
2.4.1	1295
2.4.2	1148
2.4.3	1097
2.4.4	973
2.5.0	907
2.6.0	695
2.6.1	664
2.6.2	612
2.6.3	613
2.7.0	358
2.7.1	189
