version	total
1.0.20160323	4037
1.0.20160311144647	4058
1.0.20160314171956	4045
1.0.20160318143738	4167
1.0.20160401183214	4044
1.0.20160406195023	4068
1.0.20160411202258	4099
1.0.20160421150319	4134
1.0.20160502202716	5428
1.0.20160715171107	7640
1.0.20161031135838	4136
1.0.20161123235904	4309
1.0.20161230191227	4346
1.0.20170216151734	4223
1.0.20170327202303	4224
1.0.20170414202629	4464
1.0.20170914161842	4141
1.0.20171010180436	4753
1.0.20171211211613	4129
1.0.20180216164101	5262
1.3.0.20181218191458	3729
1.3.0.20190206223817	1571
1.3.0.20190221150417	1433
1.3.1.20190301150258	4210
1.3.1.20190419203205	3728
1.3.2.20190419203205	3706
1.3.3.20190419203205	3967
1.4.0	1457
1.4.1	1516
1.4.2	1441
1.4.3	1480
2.0.0	1716
2.0.1	1386
2.0.2	1586
2.0.3	1382
2.0.3.1	1869
2.0.4	1407
