version	total
1.0.20160323	4171
1.0.20160311144647	4192
1.0.20160314171956	4173
1.0.20160318143738	4297
1.0.20160401183214	4174
1.0.20160406195023	4197
1.0.20160411202258	4232
1.0.20160421150319	4265
1.0.20160502202716	5558
1.0.20160715171107	7884
1.0.20161031135838	4267
1.0.20161123235904	4439
1.0.20161230191227	4482
1.0.20170216151734	4358
1.0.20170327202303	4364
1.0.20170414202629	4599
1.0.20170914161842	4272
1.0.20171010180436	4889
1.0.20171211211613	4260
1.0.20180216164101	5411
1.3.0.20181218191458	3870
1.3.0.20190206223817	1708
1.3.0.20190221150417	1569
1.3.1.20190301150258	4361
1.3.1.20190419203205	3872
1.3.2.20190419203205	3852
1.3.3.20190419203205	4096
1.4.0	1587
1.4.1	1647
1.4.2	1570
1.4.3	1609
2.0.0	1847
2.0.1	1515
2.0.2	1715
2.0.3	1512
2.0.3.1	2012
2.0.4	1537
2.6.3	56
