version	total
1.0.20160323	4402
1.0.20160311144647	4426
1.0.20160314171956	4408
1.0.20160318143738	4529
1.0.20160401183214	4406
1.0.20160406195023	4429
1.0.20160411202258	4463
1.0.20160421150319	4496
1.0.20160502202716	5790
1.0.20160715171107	8308
1.0.20161031135838	4498
1.0.20161123235904	4670
1.0.20161230191227	4716
1.0.20170216151734	4592
1.0.20170327202303	4596
1.0.20170414202629	4827
1.0.20170914161842	4508
1.0.20171010180436	5128
1.0.20171211211613	4490
1.0.20180216164101	5649
1.3.0.20181218191458	4099
1.3.0.20190206223817	1916
1.3.0.20190221150417	1777
1.3.1.20190301150258	4598
1.3.1.20190419203205	4108
1.3.2.20190419203205	4089
1.3.3.20190419203205	4309
1.4.0	1797
1.4.1	1857
1.4.2	1779
1.4.3	1820
2.0.0	2058
2.0.1	1724
2.0.2	1925
2.0.3	1721
2.0.3.1	2226
2.0.4	1746
2.6.3	267
2.7.0	171
