version	total
1.0.20160323	3758
1.0.20160311144647	3783
1.0.20160314171956	3772
1.0.20160318143738	3888
1.0.20160401183214	3771
1.0.20160406195023	3795
1.0.20160411202258	3821
1.0.20160421150319	3855
1.0.20160502202716	5152
1.0.20160715171107	7134
1.0.20161031135838	3855
1.0.20161123235904	4026
1.0.20161230191227	4061
1.0.20170216151734	3940
1.0.20170327202303	3941
1.0.20170414202629	4180
1.0.20170914161842	3861
1.0.20171010180436	4429
1.0.20171211211613	3848
1.0.20180216164101	4936
1.3.0.20181218191458	3451
1.3.0.20190206223817	1310
1.3.0.20190221150417	1174
1.3.1.20190301150258	3866
1.3.1.20190419203205	3386
1.3.2.20190419203205	3361
1.3.3.20190419203205	3625
1.4.0	1198
1.4.1	1259
1.4.2	1183
1.4.3	1219
2.0.0	1458
2.0.1	1128
2.0.2	1329
2.0.3	1124
2.0.3.1	1584
2.0.4	1149
