version	total
0.1.20160301181511	4293
0.1.20160318153100	4364
0.1.20160331153549	4296
0.1.20160412193510	4339
0.1.20160517202250	6717
0.1.20161031135838	4240
0.1.20161123074954	5196
0.1.20170818194607	4185
0.1.20171010180436	4242
0.1.20171211211613	5516
1.2.0.20180905185317	3816
1.2.0.20181108215719	3770
1.2.0.20181109162613	3841
1.2.0.20181121194423	3788
1.2.1	3885
1.3.0.20181130020805	3733
1.3.0.20190205182514	3737
1.3.0.20190221150417	1583
1.3.1.20190301150258	5057
1.3.1.20190402172810	3882
1.3.2.20190402172810	3806
1.3.3.20190402172810	3892
1.4.0	3973
1.4.1	3479
1.4.2	3249
1.4.3	3136
2.0.0	3044
2.0.1	3169
2.0.2	1647
2.0.3	1432
2.0.3.1	1597
2.0.4	1508
2.1.0	1465
2.1.1	1538
2.1.2	1456
2.2.0	1410
2.2.1	1355
2.2.2	1349
2.3.0	1290
2.3.1	1251
2.3.2	1241
2.3.3	1086
2.4.0	1057
2.4.1	946
2.4.2	804
2.4.3	751
2.4.4	627
2.5.0	561
2.6.0	348
2.6.1	317
2.6.2	264
2.6.3	224
