version	total
1.0.20160323	4425
1.0.20160311144647	4449
1.0.20160314171956	4430
1.0.20160318143738	4551
1.0.20160401183214	4429
1.0.20160406195023	4452
1.0.20160411202258	4486
1.0.20160421150319	4520
1.0.20160502202716	5813
1.0.20160715171107	8351
1.0.20161031135838	4520
1.0.20161123235904	4693
1.0.20161230191227	4739
1.0.20170216151734	4615
1.0.20170327202303	4619
1.0.20170414202629	4849
1.0.20170914161842	4531
1.0.20171010180436	5149
1.0.20171211211613	4512
1.0.20180216164101	5673
1.3.0.20181218191458	4122
1.3.0.20190206223817	1939
1.3.0.20190221150417	1801
1.3.1.20190301150258	4623
1.3.1.20190419203205	4133
1.3.2.20190419203205	4114
1.3.3.20190419203205	4322
1.4.0	1820
1.4.1	1880
1.4.2	1802
1.4.3	1843
2.0.0	2081
2.0.1	1747
2.0.2	1948
2.0.3	1744
2.0.3.1	2250
2.0.4	1769
2.6.3	290
2.7.0	194
