version	total
1.0.20160323	4010
1.0.20160311144647	4031
1.0.20160314171956	4018
1.0.20160318143738	4139
1.0.20160401183214	4017
1.0.20160406195023	4041
1.0.20160411202258	4072
1.0.20160421150319	4107
1.0.20160502202716	5401
1.0.20160715171107	7591
1.0.20161031135838	4109
1.0.20161123235904	4282
1.0.20161230191227	4318
1.0.20170216151734	4196
1.0.20170327202303	4196
1.0.20170414202629	4435
1.0.20170914161842	4113
1.0.20171010180436	4723
1.0.20171211211613	4101
1.0.20180216164101	5231
1.3.0.20181218191458	3703
1.3.0.20190206223817	1545
1.3.0.20190221150417	1407
1.3.1.20190301150258	4179
1.3.1.20190419203205	3699
1.3.2.20190419203205	3675
1.3.3.20190419203205	3937
1.4.0	1431
1.4.1	1490
1.4.2	1414
1.4.3	1452
2.0.0	1691
2.0.1	1361
2.0.2	1561
2.0.3	1356
2.0.3.1	1841
2.0.4	1382
