version	total
1.0.20160323	3734
1.0.20160311144647	3759
1.0.20160314171956	3750
1.0.20160318143738	3865
1.0.20160401183214	3748
1.0.20160406195023	3773
1.0.20160411202258	3797
1.0.20160421150319	3833
1.0.20160502202716	5130
1.0.20160715171107	7092
1.0.20161031135838	3832
1.0.20161123235904	4003
1.0.20161230191227	4036
1.0.20170216151734	3915
1.0.20170327202303	3919
1.0.20170414202629	4157
1.0.20170914161842	3838
1.0.20171010180436	4405
1.0.20171211211613	3826
1.0.20180216164101	4910
1.3.0.20181218191458	3427
1.3.0.20190206223817	1288
1.3.0.20190221150417	1151
1.3.1.20190301150258	3837
1.3.1.20190419203205	3359
1.3.2.20190419203205	3335
1.3.3.20190419203205	3598
1.4.0	1177
1.4.1	1238
1.4.2	1162
1.4.3	1198
2.0.0	1437
2.0.1	1107
2.0.2	1308
2.0.3	1103
2.0.3.1	1560
2.0.4	1128
