version	total
0.1.20160301181511	5106
0.1.20160318153100	5202
0.1.20160331153549	5106
0.1.20160412193510	4877
0.1.20160517202250	7566
0.1.20161031135838	5054
0.1.20161123074954	6010
0.1.20170818194607	4994
0.1.20171010180436	5063
0.1.20171211211613	6373
1.2.0.20180905185317	4630
1.2.0.20181108215719	4581
1.2.0.20181109162613	4654
1.2.0.20181121194423	4600
1.2.1	4696
1.3.0.20181130020805	4528
1.3.0.20190205182514	4483
1.3.0.20190221150417	2327
1.3.1.20190301150258	5923
1.3.1.20190402172810	4735
1.3.2.20190402172810	4664
1.3.3.20190402172810	4744
1.4.0	4828
1.4.1	4336
1.4.2	4111
1.4.3	3989
2.0.0	3905
2.0.1	4018
2.0.2	2428
2.0.3	2212
2.0.3.1	2378
2.0.4	2289
2.1.0	2244
2.1.1	2317
2.1.2	2237
2.2.0	2189
2.2.1	2132
2.2.2	2131
2.3.0	2068
2.3.1	2030
2.3.2	2019
2.3.3	1865
2.4.0	1836
2.4.1	1738
2.4.2	1581
2.4.3	1529
2.4.4	1408
2.5.0	1341
2.6.0	1131
2.6.1	1099
2.6.2	1047
2.6.3	1064
2.7.0	792
2.7.1	625
2.7.2	395
2.7.3	295
2.7.4	214
