version	total
1.0.20160323	2768
1.0.20160311144647	2801
1.0.20160314171956	2799
1.0.20160318143738	2877
1.0.20160401183214	2802
1.0.20160406195023	2836
1.0.20160411202258	2854
1.0.20160421150319	2924
1.0.20160502202716	4147
1.0.20160715171107	5359
1.0.20161031135838	2903
1.0.20161123235904	3010
1.0.20161230191227	3068
1.0.20170216151734	2941
1.0.20170327202303	2918
1.0.20170414202629	3149
1.0.20170914161842	2871
1.0.20171010180436	3384
1.0.20171211211613	2892
1.0.20180216164101	3876
1.3.0.20181218191458	2448
1.3.0.20190206223817	351
1.3.0.20190221150417	301
1.3.1.20190301150258	2727
1.3.1.20190419203205	2233
1.3.2.20190419203205	2201
1.3.3.20190419203205	2549
1.4.0	252
1.4.1	321
1.4.2	243
1.4.3	276
2.0.0	514
2.0.1	192
2.0.2	391
2.0.3	189
2.0.3.1	586
2.0.4	189
