version	total
0.1.20160301181511	5167
0.1.20160318153100	5264
0.1.20160331153549	5165
0.1.20160412193510	4904
0.1.20160517202250	7638
0.1.20161031135838	5115
0.1.20161123074954	6073
0.1.20170818194607	5055
0.1.20171010180436	5122
0.1.20171211211613	6441
1.2.0.20180905185317	4690
1.2.0.20181108215719	4640
1.2.0.20181109162613	4715
1.2.0.20181121194423	4659
1.2.1	4755
1.3.0.20181130020805	4584
1.3.0.20190205182514	4518
1.3.0.20190221150417	2371
1.3.1.20190301150258	5967
1.3.1.20190402172810	4799
1.3.2.20190402172810	4730
1.3.3.20190402172810	4808
1.4.0	4893
1.4.1	4398
1.4.2	4175
1.4.3	4053
2.0.0	3967
2.0.1	4081
2.0.2	2485
2.0.3	2269
2.0.3.1	2437
2.0.4	2347
2.1.0	2301
2.1.1	2374
2.1.2	2293
2.2.0	2246
2.2.1	2190
2.2.2	2188
2.3.0	2125
2.3.1	2088
2.3.2	2074
2.3.3	1923
2.4.0	1893
2.4.1	1799
2.4.2	1636
2.4.3	1588
2.4.4	1465
2.5.0	1399
2.6.0	1189
2.6.1	1157
2.6.2	1105
2.6.3	1124
2.7.0	848
2.7.1	682
2.7.2	453
2.7.3	354
2.7.4	274
