version	total
1.0.20160323	4649
1.0.20160311144647	4669
1.0.20160314171956	4650
1.0.20160318143738	4776
1.0.20160401183214	4649
1.0.20160406195023	4667
1.0.20160411202258	4709
1.0.20160421150319	4741
1.0.20160502202716	6035
1.0.20160715171107	8766
1.0.20161031135838	4731
1.0.20161123235904	4914
1.0.20161230191227	4962
1.0.20170216151734	4838
1.0.20170327202303	4841
1.0.20170414202629	5072
1.0.20170914161842	4751
1.0.20171010180436	5327
1.0.20171211211613	4721
1.0.20180216164101	5905
1.3.0.20181218191458	4348
1.3.0.20190206223817	2162
1.3.0.20190221150417	2024
1.3.1.20190301150258	4859
1.3.1.20190419203205	4366
1.3.2.20190419203205	4348
1.3.3.20190419203205	4456
1.4.0	2041
1.4.1	2100
1.4.2	2022
1.4.3	2064
2.0.0	2302
2.0.1	1968
2.0.2	2169
2.0.3	1965
2.0.3.1	2480
2.0.4	1989
2.6.3	515
2.7.0	421
