version	total
0.1.20160301181511	4446
0.1.20160318153100	4522
0.1.20160331153549	4450
0.1.20160412193510	4490
0.1.20160517202250	6880
0.1.20161031135838	4395
0.1.20161123074954	5349
0.1.20170818194607	4339
0.1.20171010180436	4396
0.1.20171211211613	5679
1.2.0.20180905185317	3969
1.2.0.20181108215719	3923
1.2.0.20181109162613	3994
1.2.0.20181121194423	3941
1.2.1	4039
1.3.0.20181130020805	3878
1.3.0.20190205182514	3888
1.3.0.20190221150417	1712
1.3.1.20190301150258	5235
1.3.1.20190402172810	4041
1.3.2.20190402172810	3963
1.3.3.20190402172810	4049
1.4.0	4127
1.4.1	3636
1.4.2	3405
1.4.3	3289
2.0.0	3198
2.0.1	3321
2.0.2	1775
2.0.3	1560
2.0.3.1	1726
2.0.4	1636
2.1.0	1592
2.1.1	1665
2.1.2	1583
2.2.0	1537
2.2.1	1481
2.2.2	1477
2.3.0	1417
2.3.1	1378
2.3.2	1368
2.3.3	1214
2.4.0	1185
2.4.1	1076
2.4.2	932
2.4.3	879
2.4.4	755
2.5.0	690
2.6.0	477
2.6.1	446
2.6.2	393
2.6.3	383
2.7.0	136
