version	total
0.1.20160301181511	2869
0.1.20160318153100	2890
0.1.20160331153549	2879
0.1.20160412193510	2973
0.1.20160517202250	5139
0.1.20161031135838	2816
0.1.20161123074954	3762
0.1.20170818194607	2755
0.1.20171010180436	2777
0.1.20171211211613	3921
1.2.0.20180905185317	2394
1.2.0.20181108215719	2333
1.2.0.20181109162613	2428
1.2.0.20181121194423	2342
1.2.1	2472
1.3.0.20181130020805	2360
1.3.0.20190205182514	2288
1.3.0.20190221150417	303
1.3.1.20190301150258	3099
1.3.1.20190402172810	2228
1.3.2.20190402172810	2165
1.3.3.20190402172810	2250
1.4.0	2380
1.4.1	1878
1.4.2	1651
1.4.3	1531
2.0.0	1440
2.0.1	1566
2.0.2	389
2.0.3	171
2.0.3.1	302
2.0.4	244
2.1.0	207
2.1.1	275
2.1.2	201
2.2.0	150
2.2.1	91
2.2.2	70
