version	total
0.1.20160301181511	3816
0.1.20160318153100	3879
0.1.20160331153549	3823
0.1.20160412193510	3878
0.1.20160517202250	6187
0.1.20161031135838	3775
0.1.20161123074954	4716
0.1.20170818194607	3720
0.1.20171010180436	3758
0.1.20171211211613	4990
1.2.0.20180905185317	3341
1.2.0.20181108215719	3307
1.2.0.20181109162613	3364
1.2.0.20181121194423	3319
1.2.1	3413
1.3.0.20181130020805	3280
1.3.0.20190205182514	3252
1.3.0.20190221150417	1144
1.3.1.20190301150258	4366
1.3.1.20190402172810	3329
1.3.2.20190402172810	3240
1.3.3.20190402172810	3321
1.4.0	3415
1.4.1	2916
1.4.2	2692
1.4.3	2572
2.0.0	2482
2.0.1	2610
2.0.2	1197
2.0.3	982
2.0.3.1	1142
2.0.4	1057
2.1.0	1013
2.1.1	1088
2.1.2	1006
2.2.0	958
2.2.1	904
2.2.2	894
2.3.0	838
2.3.1	797
2.3.2	790
2.3.3	635
2.4.0	601
2.4.1	487
2.4.2	353
2.4.3	299
2.4.4	176
2.5.0	108
