version	total
1.0.20160323	5100
1.0.20160311144647	5127
1.0.20160314171956	5099
1.0.20160318143738	5228
1.0.20160401183214	5102
1.0.20160406195023	5099
1.0.20160411202258	5158
1.0.20160421150319	5195
1.0.20160502202716	6488
1.0.20160715171107	9317
1.0.20161031135838	5023
1.0.20161123235904	5363
1.0.20161230191227	5419
1.0.20170216151734	5292
1.0.20170327202303	5290
1.0.20170414202629	5522
1.0.20170914161842	5204
1.0.20171010180436	5577
1.0.20171211211613	5043
1.0.20180216164101	6395
1.3.0.20181218191458	4805
1.3.0.20190206223817	2602
1.3.0.20190221150417	2460
1.3.1.20190301150258	5351
1.3.1.20190419203205	4855
1.3.2.20190419203205	4834
1.3.3.20190419203205	4677
1.4.0	2478
1.4.1	2536
1.4.2	2459
1.4.3	2501
2.0.0	2741
2.0.1	2404
2.0.2	2607
2.0.3	2402
2.0.3.1	2938
2.0.4	2427
2.6.3	952
2.7.0	862
