version	total
1.0.20160323	4322
1.0.20160311144647	4347
1.0.20160314171956	4330
1.0.20160318143738	4451
1.0.20160401183214	4329
1.0.20160406195023	4351
1.0.20160411202258	4384
1.0.20160421150319	4417
1.0.20160502202716	5713
1.0.20160715171107	8156
1.0.20161031135838	4422
1.0.20161123235904	4593
1.0.20161230191227	4636
1.0.20170216151734	4513
1.0.20170327202303	4519
1.0.20170414202629	4751
1.0.20170914161842	4429
1.0.20171010180436	5049
1.0.20171211211613	4415
1.0.20180216164101	5571
1.3.0.20181218191458	4019
1.3.0.20190206223817	1838
1.3.0.20190221150417	1699
1.3.1.20190301150258	4516
1.3.1.20190419203205	4028
1.3.2.20190419203205	4008
1.3.3.20190419203205	4252
1.4.0	1720
1.4.1	1779
1.4.2	1702
1.4.3	1743
2.0.0	1980
2.0.1	1647
2.0.2	1848
2.0.3	1644
2.0.3.1	2146
2.0.4	1669
2.6.3	190
2.7.0	93
