version	total
1.0.20160323	3025
1.0.20160311144647	3053
1.0.20160314171956	3050
1.0.20160318143738	3147
1.0.20160401183214	3047
1.0.20160406195023	3079
1.0.20160411202258	3097
1.0.20160421150319	3129
1.0.20160502202716	4412
1.0.20160715171107	5777
1.0.20161031135838	3125
1.0.20161123235904	3283
1.0.20161230191227	3322
1.0.20170216151734	3202
1.0.20170327202303	3192
1.0.20170414202629	3429
1.0.20170914161842	3126
1.0.20171010180436	3619
1.0.20171211211613	3123
1.0.20180216164101	4121
1.3.0.20181218191458	2719
1.3.0.20190206223817	588
1.3.0.20190221150417	475
1.3.1.20190301150258	3013
1.3.1.20190419203205	2527
1.3.2.20190419203205	2507
1.3.3.20190419203205	2789
1.4.0	482
1.4.1	549
1.4.2	472
1.4.3	506
2.0.0	742
2.0.1	418
2.0.2	622
2.0.3	417
2.0.3.1	811
2.0.4	437
