version	total
0.1.20160301181511	4033
0.1.20160318153100	4102
0.1.20160331153549	4039
0.1.20160412193510	4091
0.1.20160517202250	6430
0.1.20161031135838	3988
0.1.20161123074954	4932
0.1.20170818194607	3933
0.1.20171010180436	3975
0.1.20171211211613	5233
1.2.0.20180905185317	3556
1.2.0.20181108215719	3520
1.2.0.20181109162613	3581
1.2.0.20181121194423	3532
1.2.1	3629
1.3.0.20181130020805	3487
1.3.0.20190205182514	3478
1.3.0.20190221150417	1345
1.3.1.20190301150258	4699
1.3.1.20190402172810	3589
1.3.2.20190402172810	3503
1.3.3.20190402172810	3584
1.4.0	3677
1.4.1	3179
1.4.2	2953
1.4.3	2833
2.0.0	2742
2.0.1	2870
2.0.2	1401
2.0.3	1187
2.0.3.1	1347
2.0.4	1261
2.1.0	1218
2.1.1	1293
2.1.2	1210
2.2.0	1163
2.2.1	1108
2.2.2	1099
2.3.0	1043
2.3.1	1002
2.3.2	994
2.3.3	839
2.4.0	805
2.4.1	691
2.4.2	557
2.4.3	504
2.4.4	381
2.5.0	315
2.6.0	100
2.6.1	67
