version	total
0.1.20160301181511	2933
0.1.20160318153100	2955
0.1.20160331153549	2942
0.1.20160412193510	3036
0.1.20160517202250	5207
0.1.20161031135838	2882
0.1.20161123074954	3826
0.1.20170818194607	2819
0.1.20171010180436	2841
0.1.20171211211613	3988
1.2.0.20180905185317	2454
1.2.0.20181108215719	2400
1.2.0.20181109162613	2492
1.2.0.20181121194423	2405
1.2.1	2537
1.3.0.20181130020805	2422
1.3.0.20190205182514	2357
1.3.0.20190221150417	311
1.3.1.20190301150258	3188
1.3.1.20190402172810	2301
1.3.2.20190402172810	2241
1.3.3.20190402172810	2326
1.4.0	2453
1.4.1	1951
1.4.2	1726
1.4.3	1605
2.0.0	1513
2.0.1	1644
2.0.2	397
2.0.3	178
2.0.3.1	309
2.0.4	252
2.1.0	215
2.1.1	283
2.1.2	208
2.2.0	157
2.2.1	101
2.2.2	91
2.3.0	18
