version	total
1.0.20160323	3583
1.0.20160311144647	3604
1.0.20160314171956	3601
1.0.20160318143738	3712
1.0.20160401183214	3597
1.0.20160406195023	3624
1.0.20160411202258	3643
1.0.20160421150319	3678
1.0.20160502202716	4978
1.0.20160715171107	6812
1.0.20161031135838	3680
1.0.20161123235904	3852
1.0.20161230191227	3879
1.0.20170216151734	3760
1.0.20170327202303	3765
1.0.20170414202629	4002
1.0.20170914161842	3685
1.0.20171010180436	4234
1.0.20171211211613	3675
1.0.20180216164101	4734
1.3.0.20181218191458	3278
1.3.0.20190206223817	1145
1.3.0.20190221150417	1007
1.3.1.20190301150258	3661
1.3.1.20190419203205	3185
1.3.2.20190419203205	3163
1.3.3.20190419203205	3427
1.4.0	1037
1.4.1	1098
1.4.2	1022
1.4.3	1058
2.0.0	1296
2.0.1	968
2.0.2	1168
2.0.3	963
2.0.3.1	1406
2.0.4	988
