version	total
0.1.20160301181511	4471
0.1.20160318153100	4548
0.1.20160331153549	4475
0.1.20160412193510	4516
0.1.20160517202250	6905
0.1.20161031135838	4420
0.1.20161123074954	5374
0.1.20170818194607	4364
0.1.20171010180436	4421
0.1.20171211211613	5704
1.2.0.20180905185317	3994
1.2.0.20181108215719	3948
1.2.0.20181109162613	4020
1.2.0.20181121194423	3967
1.2.1	4064
1.3.0.20181130020805	3904
1.3.0.20190205182514	3913
1.3.0.20190221150417	1737
1.3.1.20190301150258	5260
1.3.1.20190402172810	4066
1.3.2.20190402172810	3988
1.3.3.20190402172810	4074
1.4.0	4151
1.4.1	3660
1.4.2	3429
1.4.3	3313
2.0.0	3223
2.0.1	3346
2.0.2	1800
2.0.3	1585
2.0.3.1	1751
2.0.4	1661
2.1.0	1617
2.1.1	1690
2.1.2	1608
2.2.0	1562
2.2.1	1506
2.2.2	1502
2.3.0	1442
2.3.1	1403
2.3.2	1393
2.3.3	1239
2.4.0	1210
2.4.1	1102
2.4.2	957
2.4.3	904
2.4.4	780
2.5.0	715
2.6.0	502
2.6.1	471
2.6.2	418
2.6.3	408
2.7.0	161
