version	total
0.1.20160301181511	2906
0.1.20160318153100	2927
0.1.20160331153549	2916
0.1.20160412193510	3010
0.1.20160517202250	5180
0.1.20161031135838	2853
0.1.20161123074954	3799
0.1.20170818194607	2793
0.1.20171010180436	2814
0.1.20171211211613	3961
1.2.0.20180905185317	2431
1.2.0.20181108215719	2372
1.2.0.20181109162613	2465
1.2.0.20181121194423	2379
1.2.1	2509
1.3.0.20181130020805	2397
1.3.0.20190205182514	2329
1.3.0.20190221150417	309
1.3.1.20190301150258	3152
1.3.1.20190402172810	2271
1.3.2.20190402172810	2209
1.3.3.20190402172810	2293
1.4.0	2423
1.4.1	1922
1.4.2	1695
1.4.3	1575
2.0.0	1483
2.0.1	1611
2.0.2	395
2.0.3	177
2.0.3.1	308
2.0.4	250
2.1.0	213
2.1.1	281
2.1.2	207
2.2.0	156
2.2.1	99
2.2.2	84
