version	total
0.1.20160301181511	3854
0.1.20160318153100	3916
0.1.20160331153549	3861
0.1.20160412193510	3913
0.1.20160517202250	6231
0.1.20161031135838	3810
0.1.20161123074954	4754
0.1.20170818194607	3756
0.1.20171010180436	3796
0.1.20171211211613	5031
1.2.0.20180905185317	3378
1.2.0.20181108215719	3343
1.2.0.20181109162613	3401
1.2.0.20181121194423	3354
1.2.1	3450
1.3.0.20181130020805	3313
1.3.0.20190205182514	3288
1.3.0.20190221150417	1176
1.3.1.20190301150258	4420
1.3.1.20190402172810	3371
1.3.2.20190402172810	3284
1.3.3.20190402172810	3365
1.4.0	3459
1.4.1	2960
1.4.2	2736
1.4.3	2615
2.0.0	2525
2.0.1	2653
2.0.2	1231
2.0.3	1016
2.0.3.1	1176
2.0.4	1091
2.1.0	1046
2.1.1	1121
2.1.2	1039
2.2.0	991
2.2.1	937
2.2.2	929
2.3.0	872
2.3.1	831
2.3.2	824
2.3.3	669
2.4.0	635
2.4.1	521
2.4.2	387
2.4.3	333
2.4.4	211
2.5.0	140
