version	total
0.1.20160301181511	3024
0.1.20160318153100	3051
0.1.20160331153549	3033
0.1.20160412193510	3093
0.1.20160517202250	5303
0.1.20161031135838	2975
0.1.20161123074954	3921
0.1.20170818194607	2912
0.1.20171010180436	2936
0.1.20171211211613	4090
1.2.0.20180905185317	2547
1.2.0.20181108215719	2492
1.2.0.20181109162613	2583
1.2.0.20181121194423	2501
1.2.1	2628
1.3.0.20181130020805	2514
1.3.0.20190205182514	2432
1.3.0.20190221150417	386
1.3.1.20190301150258	3290
1.3.1.20190402172810	2403
1.3.2.20190402172810	2335
1.3.3.20190402172810	2428
1.4.0	2515
1.4.1	2020
1.4.2	1792
1.4.3	1671
2.0.0	1586
2.0.1	1715
2.0.2	442
2.0.3	223
2.0.3.1	381
2.0.4	298
2.1.0	252
2.1.1	322
2.1.2	248
2.2.0	195
2.2.1	140
2.2.2	130
2.3.0	71
2.3.1	31
2.3.2	19
