version	total
1.0.20160323	4855
1.0.20160311144647	4878
1.0.20160314171956	4857
1.0.20160318143738	4981
1.0.20160401183214	4856
1.0.20160406195023	4872
1.0.20160411202258	4916
1.0.20160421150319	4949
1.0.20160502202716	6240
1.0.20160715171107	9080
1.0.20161031135838	4893
1.0.20161123235904	5121
1.0.20161230191227	5170
1.0.20170216151734	5048
1.0.20170327202303	5048
1.0.20170414202629	5280
1.0.20170914161842	4959
1.0.20171010180436	5446
1.0.20171211211613	4910
1.0.20180216164101	6128
1.3.0.20181218191458	4560
1.3.0.20190206223817	2366
1.3.0.20190221150417	2228
1.3.1.20190301150258	5079
1.3.1.20190419203205	4587
1.3.2.20190419203205	4568
1.3.3.20190419203205	4564
1.4.0	2244
1.4.1	2302
1.4.2	2224
1.4.3	2266
2.0.0	2504
2.0.1	2170
2.0.2	2372
2.0.3	2168
2.0.3.1	2689
2.0.4	2192
2.6.3	718
2.7.0	627
