version	total
1.0.20160323	3480
1.0.20160311144647	3502
1.0.20160314171956	3499
1.0.20160318143738	3608
1.0.20160401183214	3496
1.0.20160406195023	3522
1.0.20160411202258	3541
1.0.20160421150319	3575
1.0.20160502202716	4876
1.0.20160715171107	6617
1.0.20161031135838	3576
1.0.20161123235904	3746
1.0.20161230191227	3776
1.0.20170216151734	3654
1.0.20170327202303	3660
1.0.20170414202629	3899
1.0.20170914161842	3583
1.0.20171010180436	4119
1.0.20171211211613	3572
1.0.20180216164101	4617
1.3.0.20181218191458	3176
1.3.0.20190206223817	1046
1.3.0.20190221150417	907
1.3.1.20190301150258	3548
1.3.1.20190419203205	3073
1.3.2.20190419203205	3051
1.3.3.20190419203205	3315
1.4.0	937
1.4.1	999
1.4.2	923
1.4.3	959
2.0.0	1197
2.0.1	868
2.0.2	1068
2.0.3	864
2.0.3.1	1300
2.0.4	889
