version	total
0.1.20160301181511	5295
0.1.20160318153100	5387
0.1.20160331153549	5287
0.1.20160412193510	4949
0.1.20160517202250	7780
0.1.20161031135838	5239
0.1.20161123074954	6199
0.1.20170818194607	5178
0.1.20171010180436	5249
0.1.20171211211613	6586
1.2.0.20180905185317	4817
1.2.0.20181108215719	4764
1.2.0.20181109162613	4843
1.2.0.20181121194423	4785
1.2.1	4881
1.3.0.20181130020805	4703
1.3.0.20190205182514	4586
1.3.0.20190221150417	2436
1.3.1.20190301150258	6090
1.3.1.20190402172810	4950
1.3.2.20190402172810	4874
1.3.3.20190402172810	4962
1.4.0	5046
1.4.1	4546
1.4.2	4322
1.4.3	4206
2.0.0	4122
2.0.1	4228
2.0.2	2604
2.0.3	2387
2.0.3.1	2556
2.0.4	2465
2.1.0	2418
2.1.1	2493
2.1.2	2411
2.2.0	2364
2.2.1	2309
2.2.2	2305
2.3.0	2244
2.3.1	2207
2.3.2	2193
2.3.3	2042
2.4.0	2013
2.4.1	1917
2.4.2	1756
2.4.3	1706
2.4.4	1584
2.5.0	1518
2.6.0	1307
2.6.1	1276
2.6.2	1223
2.6.3	1250
2.7.0	968
2.7.1	802
2.7.2	571
2.7.3	474
2.7.4	396
3.0.0	177
