version	total
0.1.20160301181511	4707
0.1.20160318153100	4788
0.1.20160331153549	4708
0.1.20160412193510	4692
0.1.20160517202250	7148
0.1.20161031135838	4656
0.1.20161123074954	5609
0.1.20170818194607	4600
0.1.20171010180436	4658
0.1.20171211211613	5949
1.2.0.20180905185317	4231
1.2.0.20181108215719	4183
1.2.0.20181109162613	4256
1.2.0.20181121194423	4202
1.2.1	4299
1.3.0.20181130020805	4139
1.3.0.20190205182514	4150
1.3.0.20190221150417	1967
1.3.1.20190301150258	5523
1.3.1.20190402172810	4316
1.3.2.20190402172810	4239
1.3.3.20190402172810	4324
1.4.0	4402
1.4.1	3912
1.4.2	3682
1.4.3	3563
2.0.0	3475
2.0.1	3594
2.0.2	2037
2.0.3	1820
2.0.3.1	1986
2.0.4	1898
2.1.0	1854
2.1.1	1927
2.1.2	1845
2.2.0	1799
2.2.1	1742
2.2.2	1739
2.3.0	1679
2.3.1	1639
2.3.2	1630
2.3.3	1475
2.4.0	1447
2.4.1	1341
2.4.2	1191
2.4.3	1141
2.4.4	1017
2.5.0	951
2.6.0	739
2.6.1	708
2.6.2	656
2.6.3	657
2.7.0	402
2.7.1	234
