version	total
1.0.20160323	2882
1.0.20160311144647	2915
1.0.20160314171956	2915
1.0.20160318143738	2996
1.0.20160401183214	2914
1.0.20160406195023	2945
1.0.20160411202258	2966
1.0.20160421150319	2996
1.0.20160502202716	4263
1.0.20160715171107	5515
1.0.20161031135838	2987
1.0.20161123235904	3133
1.0.20161230191227	3185
1.0.20170216151734	3061
1.0.20170327202303	3041
1.0.20170414202629	3274
1.0.20170914161842	2988
1.0.20171010180436	3471
1.0.20171211211613	2986
1.0.20180216164101	3965
1.3.0.20181218191458	2567
1.3.0.20190206223817	436
1.3.0.20190221150417	343
1.3.1.20190301150258	2856
1.3.1.20190419203205	2367
1.3.2.20190419203205	2346
1.3.3.20190419203205	2638
1.4.0	336
1.4.1	403
1.4.2	326
1.4.3	357
2.0.0	597
2.0.1	276
2.0.2	475
2.0.3	273
2.0.3.1	674
2.0.4	290
