version	total
0.1.20160301181511	5062
0.1.20160318153100	5155
0.1.20160331153549	5064
0.1.20160412193510	4857
0.1.20160517202250	7522
0.1.20161031135838	5009
0.1.20161123074954	5968
0.1.20170818194607	4951
0.1.20171010180436	5019
0.1.20171211211613	6321
1.2.0.20180905185317	4587
1.2.0.20181108215719	4537
1.2.0.20181109162613	4613
1.2.0.20181121194423	4555
1.2.1	4653
1.3.0.20181130020805	4488
1.3.0.20190205182514	4454
1.3.0.20190221150417	2292
1.3.1.20190301150258	5885
1.3.1.20190402172810	4689
1.3.2.20190402172810	4615
1.3.3.20190402172810	4698
1.4.0	4779
1.4.1	4287
1.4.2	4059
1.4.3	3940
2.0.0	3856
2.0.1	3970
2.0.2	2388
2.0.3	2172
2.0.3.1	2338
2.0.4	2249
2.1.0	2203
2.1.1	2277
2.1.2	2196
2.2.0	2148
2.2.1	2091
2.2.2	2090
2.3.0	2028
2.3.1	1990
2.3.2	1980
2.3.3	1825
2.4.0	1796
2.4.1	1691
2.4.2	1542
2.4.3	1490
2.4.4	1368
2.5.0	1301
2.6.0	1090
2.6.1	1058
2.6.2	1006
2.6.3	1020
2.7.0	752
2.7.1	585
2.7.2	355
2.7.3	255
2.7.4	169
