version	total
0.1.20160301181511	4843
0.1.20160318153100	4927
0.1.20160331153549	4845
0.1.20160412193510	4759
0.1.20160517202250	7286
0.1.20161031135838	4789
0.1.20161123074954	5746
0.1.20170818194607	4733
0.1.20171010180436	4794
0.1.20171211211613	6084
1.2.0.20180905185317	4367
1.2.0.20181108215719	4317
1.2.0.20181109162613	4392
1.2.0.20181121194423	4337
1.2.1	4434
1.3.0.20181130020805	4272
1.3.0.20190205182514	4276
1.3.0.20190221150417	2094
1.3.1.20190301150258	5655
1.3.1.20190402172810	4454
1.3.2.20190402172810	4378
1.3.3.20190402172810	4463
1.4.0	4541
1.4.1	4050
1.4.2	3821
1.4.3	3701
2.0.0	3615
2.0.1	3734
2.0.2	2173
2.0.3	1956
2.0.3.1	2122
2.0.4	2034
2.1.0	1990
2.1.1	2063
2.1.2	1981
2.2.0	1935
2.2.1	1878
2.2.2	1875
2.3.0	1814
2.3.1	1774
2.3.2	1765
2.3.3	1610
2.4.0	1582
2.4.1	1477
2.4.2	1327
2.4.3	1275
2.4.4	1152
2.5.0	1087
2.6.0	875
2.6.1	844
2.6.2	793
2.6.3	798
2.7.0	539
2.7.1	372
2.7.2	140
2.7.3	36
