version	total
1.0.20160323	4326
1.0.20160311144647	4351
1.0.20160314171956	4332
1.0.20160318143738	4453
1.0.20160401183214	4331
1.0.20160406195023	4353
1.0.20160411202258	4388
1.0.20160421150319	4419
1.0.20160502202716	5715
1.0.20160715171107	8160
1.0.20161031135838	4424
1.0.20161123235904	4595
1.0.20161230191227	4640
1.0.20170216151734	4517
1.0.20170327202303	4521
1.0.20170414202629	4753
1.0.20170914161842	4431
1.0.20171010180436	5051
1.0.20171211211613	4417
1.0.20180216164101	5573
1.3.0.20181218191458	4023
1.3.0.20190206223817	1840
1.3.0.20190221150417	1701
1.3.1.20190301150258	4520
1.3.1.20190419203205	4030
1.3.2.20190419203205	4010
1.3.3.20190419203205	4254
1.4.0	1722
1.4.1	1781
1.4.2	1704
1.4.3	1745
2.0.0	1982
2.0.1	1649
2.0.2	1850
2.0.3	1646
2.0.3.1	2150
2.0.4	1671
2.6.3	192
2.7.0	95
