version	total
0.1.20160301181511	2810
0.1.20160318153100	2829
0.1.20160331153549	2822
0.1.20160412193510	2919
0.1.20160517202250	5076
0.1.20161031135838	2760
0.1.20161123074954	3705
0.1.20170818194607	2699
0.1.20171010180436	2719
0.1.20171211211613	3860
1.2.0.20180905185317	2337
1.2.0.20181108215719	2275
1.2.0.20181109162613	2371
1.2.0.20181121194423	2285
1.2.1	2416
1.3.0.20181130020805	2306
1.3.0.20190205182514	2232
1.3.0.20190221150417	272
1.3.1.20190301150258	3034
1.3.1.20190402172810	2168
1.3.2.20190402172810	2107
1.3.3.20190402172810	2190
1.4.0	2322
1.4.1	1821
1.4.2	1590
1.4.3	1474
2.0.0	1381
2.0.1	1508
2.0.2	358
2.0.3	141
2.0.3.1	270
2.0.4	213
2.1.0	178
2.1.1	246
2.1.2	172
2.2.0	120
2.2.1	60
2.2.2	15
