version	total
0.1.20160301181511	5332
0.1.20160318153100	5422
0.1.20160331153549	5326
0.1.20160412193510	4958
0.1.20160517202250	7824
0.1.20161031135838	5273
0.1.20161123074954	6236
0.1.20170818194607	5213
0.1.20171010180436	5288
0.1.20171211211613	6627
1.2.0.20180905185317	4850
1.2.0.20181108215719	4798
1.2.0.20181109162613	4875
1.2.0.20181121194423	4819
1.2.1	4916
1.3.0.20181130020805	4735
1.3.0.20190205182514	4604
1.3.0.20190221150417	2449
1.3.1.20190301150258	6127
1.3.1.20190402172810	4994
1.3.2.20190402172810	4919
1.3.3.20190402172810	5004
1.4.0	5089
1.4.1	4588
1.4.2	4365
1.4.3	4253
2.0.0	4163
2.0.1	4271
2.0.2	2637
2.0.3	2418
2.0.3.1	2588
2.0.4	2497
2.1.0	2451
2.1.1	2526
2.1.2	2443
2.2.0	2395
2.2.1	2340
2.2.2	2338
2.3.0	2276
2.3.1	2238
2.3.2	2225
2.3.3	2074
2.4.0	2044
2.4.1	1948
2.4.2	1788
2.4.3	1737
2.4.4	1615
2.5.0	1550
2.6.0	1339
2.6.1	1307
2.6.2	1254
2.6.3	1285
2.7.0	999
2.7.1	833
2.7.2	602
2.7.3	506
2.7.4	427
3.0.0	213
