version	total
0.1.20160301181511	5376
0.1.20160318153100	5471
0.1.20160331153549	5370
0.1.20160412193510	4971
0.1.20160517202250	7881
0.1.20161031135838	5313
0.1.20161123074954	6281
0.1.20170818194607	5256
0.1.20171010180436	5334
0.1.20171211211613	6681
1.2.0.20180905185317	4894
1.2.0.20181108215719	4840
1.2.0.20181109162613	4919
1.2.0.20181121194423	4862
1.2.1	4961
1.3.0.20181130020805	4772
1.3.0.20190205182514	4633
1.3.0.20190221150417	2471
1.3.1.20190301150258	6181
1.3.1.20190402172810	5045
1.3.2.20190402172810	4972
1.3.3.20190402172810	5058
1.4.0	5142
1.4.1	4641
1.4.2	4418
1.4.3	4305
2.0.0	4216
2.0.1	4325
2.0.2	2680
2.0.3	2459
2.0.3.1	2630
2.0.4	2538
2.1.0	2492
2.1.1	2567
2.1.2	2485
2.2.0	2437
2.2.1	2381
2.2.2	2380
2.3.0	2318
2.3.1	2280
2.3.2	2267
2.3.3	2116
2.4.0	2086
2.4.1	1990
2.4.2	1830
2.4.3	1779
2.4.4	1657
2.5.0	1592
2.6.0	1380
2.6.1	1349
2.6.2	1296
2.6.3	1337
2.7.0	1041
2.7.1	875
2.7.2	642
2.7.3	548
2.7.4	470
3.0.0	271
