version	total
0.1.20160301181511	3971
0.1.20160318153100	4034
0.1.20160331153549	3978
0.1.20160412193510	4029
0.1.20160517202250	6358
0.1.20161031135838	3927
0.1.20161123074954	4871
0.1.20170818194607	3872
0.1.20171010180436	3913
0.1.20171211211613	5161
1.2.0.20180905185317	3494
1.2.0.20181108215719	3458
1.2.0.20181109162613	3518
1.2.0.20181121194423	3470
1.2.1	3566
1.3.0.20181130020805	3428
1.3.0.20190205182514	3410
1.3.0.20190221150417	1287
1.3.1.20190301150258	4589
1.3.1.20190402172810	3509
1.3.2.20190402172810	3424
1.3.3.20190402172810	3504
1.4.0	3598
1.4.1	3100
1.4.2	2874
1.4.3	2754
2.0.0	2663
2.0.1	2791
2.0.2	1344
2.0.3	1129
2.0.3.1	1289
2.0.4	1204
2.1.0	1161
2.1.1	1236
2.1.2	1153
2.2.0	1106
2.2.1	1051
2.2.2	1042
2.3.0	986
2.3.1	945
2.3.2	937
2.3.3	782
2.4.0	748
2.4.1	634
2.4.2	500
2.4.3	447
2.4.4	324
2.5.0	257
2.6.0	39
