version	total
1.0.20160323	3736
1.0.20160311144647	3761
1.0.20160314171956	3752
1.0.20160318143738	3867
1.0.20160401183214	3751
1.0.20160406195023	3775
1.0.20160411202258	3799
1.0.20160421150319	3834
1.0.20160502202716	5132
1.0.20160715171107	7096
1.0.20161031135838	3835
1.0.20161123235904	4005
1.0.20161230191227	4038
1.0.20170216151734	3918
1.0.20170327202303	3921
1.0.20170414202629	4159
1.0.20170914161842	3840
1.0.20171010180436	4407
1.0.20171211211613	3828
1.0.20180216164101	4912
1.3.0.20181218191458	3429
1.3.0.20190206223817	1290
1.3.0.20190221150417	1153
1.3.1.20190301150258	3839
1.3.1.20190419203205	3361
1.3.2.20190419203205	3337
1.3.3.20190419203205	3600
1.4.0	1179
1.4.1	1240
1.4.2	1164
1.4.3	1200
2.0.0	1439
2.0.1	1109
2.0.2	1310
2.0.3	1105
2.0.3.1	1562
2.0.4	1130
