version	total
0.3.15.20200318	2469
0.3.16.20200420	3523
1.0.0.20210917	1461
1.0.1.20211018	1513
1.0.2.20220113	1674
1.1.0.20220707	1161
1.2.0.20230130	618
1.2.1.20230601	313
