version	total
0.3.15.20200318	2899
0.3.16.20200420	4016
1.0.0.20210917	1916
1.0.1.20211018	1961
1.0.2.20220113	2127
1.1.0.20220707	1613
1.2.0.20230130	1089
1.2.1.20230601	814
1.3.0.20231027	378
1.4.0.20240108	171
