version	total
0.3.15.20200318	2297
0.3.16.20200420	3292
1.0.0.20210917	1282
1.0.1.20211018	1330
1.0.2.20220113	1494
1.1.0.20220707	978
1.2.0.20230130	407
