version	total
0.3.15.20200318	3254
0.3.16.20200420	4434
1.0.0.20210917	2285
1.0.1.20211018	2329
1.0.2.20220113	2492
1.1.0.20220707	2049
1.2.0.20230130	1471
1.2.1.20230601	1184
1.3.0.20231027	738
1.4.0.20240108	562
1.5.0.20240506	306
