version	total
0.3.15.20200318	2857
0.3.16.20200420	3971
1.0.0.20210917	1872
1.0.1.20211018	1919
1.0.2.20220113	2084
1.1.0.20220707	1569
1.2.0.20230130	1047
1.2.1.20230601	770
1.3.0.20231027	330
1.4.0.20240108	123
