version	total
0.3.15.20200318	2640
0.3.16.20200420	3719
1.0.0.20210917	1645
1.0.1.20211018	1693
1.0.2.20220113	1857
1.1.0.20220707	1340
1.2.0.20230130	806
1.2.1.20230601	529
1.3.0.20231027	64
