version	total
0.3.15.20200318	3446
0.3.16.20200420	4690
1.0.0.20210917	2487
1.0.1.20211018	2542
1.0.2.20220113	2703
1.1.0.20220707	2262
1.2.0.20230130	1707
1.2.1.20230601	1404
1.3.0.20231027	930
1.4.0.20240108	754
1.5.0.20240506	557
