version	total
0.3.15.20200318	3566
0.3.16.20200420	4890
1.0.0.20210917	2612
1.0.1.20211018	2684
1.0.2.20220113	2843
1.1.0.20220707	2408
1.2.0.20230130	1871
1.2.1.20230601	1536
1.3.0.20231027	1047
1.4.0.20240108	872
1.5.0.20240506	643
1.6.0.20241216	307
