version	total
0.3.15.20200318	2376
0.3.16.20200420	3407
1.0.0.20210917	1361
1.0.1.20211018	1414
1.0.2.20220113	1578
1.1.0.20220707	1062
1.2.0.20230130	506
1.2.1.20230601	179
