version	total
0.3.15.20200318	3152
0.3.16.20200420	4311
1.0.0.20210917	2180
1.0.1.20211018	2224
1.0.2.20220113	2390
1.1.0.20220707	1906
1.2.0.20230130	1364
1.2.1.20230601	1079
1.3.0.20231027	635
1.4.0.20240108	461
1.5.0.20240506	221
