version	total
0.3.15.20200318	2797
0.3.16.20200420	3891
1.0.0.20210917	1808
1.0.1.20211018	1855
1.0.2.20220113	2020
1.1.0.20220707	1504
1.2.0.20230130	979
1.2.1.20230601	703
1.3.0.20231027	258
1.4.0.20240108	47
