version	total
0.3.15.20200318	3333
0.3.16.20200420	4549
1.0.0.20210917	2370
1.0.1.20211018	2422
1.0.2.20220113	2581
1.1.0.20220707	2142
1.2.0.20230130	1574
1.2.1.20230601	1279
1.3.0.20231027	814
1.4.0.20240108	638
1.5.0.20240506	373
