version	total
0.3.15.20200318	3492
0.3.16.20200420	4765
1.0.0.20210917	2533
1.0.1.20211018	2595
1.0.2.20220113	2754
1.1.0.20220707	2317
1.2.0.20230130	1764
1.2.1.20230601	1456
1.3.0.20231027	972
1.4.0.20240108	801
1.5.0.20240506	586
1.6.0.20241216	80
