version	total
0.3.15.20200318	953
0.3.16.20200420	1250
