version	total
0.3.15.20200318	2678
0.3.16.20200420	3764
1.0.0.20210917	1686
1.0.1.20211018	1732
1.0.2.20220113	1899
1.1.0.20220707	1382
1.2.0.20230130	846
1.2.1.20230601	573
1.3.0.20231027	119
