version	total
0.3.15.20200318	1308
0.3.16.20200420	1912
1.0.0.20210917	241
1.0.1.20211018	238
