version	total
0.3.15.20200318	2995
0.3.16.20200420	4129
1.0.0.20210917	2017
1.0.1.20211018	2061
1.0.2.20220113	2226
1.1.0.20220707	1723
1.2.0.20230130	1192
1.2.1.20230601	913
1.3.0.20231027	479
1.4.0.20240108	298
