version	total
0.3.15.20200318	1559
0.3.16.20200420	2247
1.0.0.20210917	517
1.0.1.20211018	521
1.0.2.20220113	536
