version	total
0.3.15.20200318	2542
0.3.16.20200420	3605
1.0.0.20210917	1545
1.0.1.20211018	1592
1.0.2.20220113	1755
1.1.0.20220707	1235
1.2.0.20230130	695
1.2.1.20230601	411
