version	total
0.3.15.20200318	2517
0.3.16.20200420	3574
1.0.0.20210917	1519
1.0.1.20211018	1566
1.0.2.20220113	1728
1.1.0.20220707	1208
1.2.0.20230130	667
1.2.1.20230601	382
