version	total
0.3.15.20200318	3236
0.3.16.20200420	4412
1.0.0.20210917	2266
1.0.1.20211018	2309
1.0.2.20220113	2472
1.1.0.20220707	2023
1.2.0.20230130	1453
1.2.1.20230601	1165
1.3.0.20231027	720
1.4.0.20240108	544
1.5.0.20240506	294
