version	total
0.3.15.20200318	2267
0.3.16.20200420	3249
1.0.0.20210917	1253
1.0.1.20211018	1298
1.0.2.20220113	1462
1.1.0.20220707	946
1.2.0.20230130	330
