version	total
0.3.15.20200318	1142
0.3.16.20200420	1619
1.0.0.20210917	63
