version	total
0.3.15.20200318	3440
0.3.16.20200420	4680
1.0.0.20210917	2483
1.0.1.20211018	2536
1.0.2.20220113	2697
1.1.0.20220707	2258
1.2.0.20230130	1699
1.2.1.20230601	1398
1.3.0.20231027	925
1.4.0.20240108	749
1.5.0.20240506	548
