version	total
0.3.15.20200318	2467
0.3.16.20200420	3521
1.0.0.20210917	1459
1.0.1.20211018	1511
1.0.2.20220113	1671
1.1.0.20220707	1159
1.2.0.20230130	616
1.2.1.20230601	311
