version	total
0.3.15.20200318	1399
0.3.16.20200420	2027
1.0.0.20210917	341
1.0.1.20211018	335
1.0.2.20220113	128
