version	total
0.3.15.20200318	3084
0.3.16.20200420	4224
1.0.0.20210917	2110
1.0.1.20211018	2151
1.0.2.20220113	2316
1.1.0.20220707	1832
1.2.0.20230130	1285
1.2.1.20230601	1005
1.3.0.20231027	567
1.4.0.20240108	389
1.5.0.20240506	136
