version	total
0.3.15.20200318	2444
0.3.16.20200420	3500
1.0.0.20210917	1435
1.0.1.20211018	1487
1.0.2.20220113	1649
1.1.0.20220707	1135
1.2.0.20230130	589
1.2.1.20230601	280
