version	total
0.3.15.20200318	1850
0.3.16.20200420	2651
1.0.0.20210917	821
1.0.1.20211018	845
1.0.2.20220113	877
1.1.0.20220707	313
