version	total
0.3.15.20200318	3019
0.3.16.20200420	4157
1.0.0.20210917	2041
1.0.1.20211018	2085
1.0.2.20220113	2252
1.1.0.20220707	1753
1.2.0.20230130	1220
1.2.1.20230601	940
1.3.0.20231027	505
1.4.0.20240108	326
1.5.0.20240506	61
