version	total
0.3.15.20200318	3432
0.3.16.20200420	4670
1.0.0.20210917	2475
1.0.1.20211018	2528
1.0.2.20220113	2689
1.1.0.20220707	2250
1.2.0.20230130	1691
1.2.1.20230601	1389
1.3.0.20231027	917
1.4.0.20240108	740
1.5.0.20240506	536
