version	total
0.3.15.20200318	2954
0.3.16.20200420	4081
1.0.0.20210917	1975
1.0.1.20211018	2019
1.0.2.20220113	2186
1.1.0.20220707	1671
1.2.0.20230130	1148
1.2.1.20230601	870
1.3.0.20231027	437
1.4.0.20240108	240
