version	total
0.3.15.20200318	1408
0.3.16.20200420	2036
1.0.0.20210917	350
1.0.1.20211018	343
1.0.2.20220113	143
