version	total
0.3.15.20200318	3424
0.3.16.20200420	4661
1.0.0.20210917	2467
1.0.1.20211018	2519
1.0.2.20220113	2680
1.1.0.20220707	2242
1.2.0.20230130	1682
1.2.1.20230601	1380
1.3.0.20231027	907
1.4.0.20240108	732
1.5.0.20240506	530
