version	total
0.3.15.20200318	1960
0.3.16.20200420	2816
1.0.0.20210917	933
1.0.1.20211018	966
1.0.2.20220113	1130
1.1.0.20220707	556
