version	total
0.3.15.20200318	2942
0.3.16.20200420	4074
1.0.0.20210917	1962
1.0.1.20211018	2007
1.0.2.20220113	2174
1.1.0.20220707	1659
1.2.0.20230130	1136
1.2.1.20230601	860
1.3.0.20231027	425
1.4.0.20240108	228
