version	total
0.3.15.20200318	3628
0.3.16.20200420	4978
1.0.0.20210917	2677
1.0.1.20211018	2757
1.0.2.20220113	2917
1.1.0.20220707	2481
1.2.0.20230130	1953
1.2.1.20230601	1608
1.3.0.20231027	1108
1.4.0.20240108	936
1.5.0.20240506	690
1.6.0.20241216	418
