version	total
0.3.15.20200318	1166
0.3.16.20200420	1650
1.0.0.20210917	90
1.0.1.20211018	42
