version	total
0.3.15.20200318	2919
0.3.16.20200420	4040
1.0.0.20210917	1938
1.0.1.20211018	1983
1.0.2.20220113	2149
1.1.0.20220707	1634
1.2.0.20230130	1111
1.2.1.20230601	836
1.3.0.20231027	400
1.4.0.20240108	198
