version	total
0.3.15.20200318	1316
0.3.16.20200420	1922
1.0.0.20210917	250
1.0.1.20211018	246
