version	total
0.3.15.20200318	3086
0.3.16.20200420	4226
1.0.0.20210917	2112
1.0.1.20211018	2153
1.0.2.20220113	2318
1.1.0.20220707	1834
1.2.0.20230130	1287
1.2.1.20230601	1007
1.3.0.20231027	569
1.4.0.20240108	391
1.5.0.20240506	138
