version	total
0.3.15.20200318	3490
0.3.16.20200420	4765
1.0.0.20210917	2531
1.0.1.20211018	2591
1.0.2.20220113	2752
1.1.0.20220707	2314
1.2.0.20230130	1762
1.2.1.20230601	1456
1.3.0.20231027	970
1.4.0.20240108	800
1.5.0.20240506	586
1.6.0.20241216	77
