version	total
0.3.15.20200318	2329
0.3.16.20200420	3349
1.0.0.20210917	1312
1.0.1.20211018	1364
1.0.2.20220113	1529
1.1.0.20220707	1012
1.2.0.20230130	450
1.2.1.20230601	99
