version	total
0.3.15.20200318	3593
0.3.16.20200420	4926
1.0.0.20210917	2639
1.0.1.20211018	2714
1.0.2.20220113	2875
1.1.0.20220707	2439
1.2.0.20230130	1903
1.2.1.20230601	1567
1.3.0.20231027	1073
1.4.0.20240108	900
1.5.0.20240506	665
1.6.0.20241216	365
