version	total
0.3.15.20200318	1186
0.3.16.20200420	1753
1.0.0.20210917	115
1.0.1.20211018	80
