version	total
0.3.15.20200318	2876
0.3.16.20200420	3991
1.0.0.20210917	1893
1.0.1.20211018	1938
1.0.2.20220113	2104
1.1.0.20220707	1590
1.2.0.20230130	1066
1.2.1.20230601	789
1.3.0.20231027	351
1.4.0.20240108	145
