version	total
0.3.15.20200318	1941
0.3.16.20200420	2789
1.0.0.20210917	915
1.0.1.20211018	946
1.0.2.20220113	1087
1.1.0.20220707	421
