version	total
0.3.15.20200318	1432
0.3.16.20200420	2073
1.0.0.20210917	380
1.0.1.20211018	374
1.0.2.20220113	348
