version	total
0.3.15.20200318	1194
0.3.16.20200420	1763
1.0.0.20210917	123
1.0.1.20211018	101
