version	total
0.3.15.20200318	1277
0.3.16.20200420	1878
1.0.0.20210917	210
1.0.1.20211018	205
