version	total
0.3.15.20200318	3246
0.3.16.20200420	4424
1.0.0.20210917	2277
1.0.1.20211018	2319
1.0.2.20220113	2483
1.1.0.20220707	2041
1.2.0.20230130	1463
1.2.1.20230601	1176
1.3.0.20231027	730
1.4.0.20240108	554
1.5.0.20240506	300
