version	total
0.3.15.20200318	3488
0.3.16.20200420	4764
1.0.0.20210917	2529
1.0.1.20211018	2589
1.0.2.20220113	2750
1.1.0.20220707	2314
1.2.0.20230130	1760
1.2.1.20230601	1454
1.3.0.20231027	968
1.4.0.20240108	797
1.5.0.20240506	584
1.6.0.20241216	74
