version	total
0.3.15.20200318	2127
0.3.16.20200420	3035
1.0.0.20210917	1104
1.0.1.20211018	1143
1.0.2.20220113	1308
1.1.0.20220707	760
1.2.0.20230130	128
