version	total
0.3.15.20200318	3361
0.3.16.20200420	4588
1.0.0.20210917	2401
1.0.1.20211018	2452
1.0.2.20220113	2615
1.1.0.20220707	2175
1.2.0.20230130	1607
1.2.1.20230601	1313
1.3.0.20231027	842
1.4.0.20240108	669
1.5.0.20240506	399
