version	total
0.3.15.20200318	2754
0.3.16.20200420	3843
1.0.0.20210917	1763
1.0.1.20211018	1810
1.0.2.20220113	1975
1.1.0.20220707	1460
1.2.0.20230130	927
1.2.1.20230601	653
1.3.0.20231027	204
