version	total
0.3.15.20200318	3273
0.3.16.20200420	4455
1.0.0.20210917	2305
1.0.1.20211018	2351
1.0.2.20220113	2512
1.1.0.20220707	2071
1.2.0.20230130	1496
1.2.1.20230601	1207
1.3.0.20231027	757
1.4.0.20240108	581
1.5.0.20240506	323
