version	total
0.3.15.20200318	2035
0.3.16.20200420	2908
1.0.0.20210917	1009
1.0.1.20211018	1042
1.0.2.20220113	1206
1.1.0.20220707	659
