version	total
0.3.15.20200318	2152
0.3.16.20200420	3063
1.0.0.20210917	1131
1.0.1.20211018	1169
1.0.2.20220113	1333
1.1.0.20220707	787
1.2.0.20230130	155
