version	total
0.3.15.20200318	2088
0.3.16.20200420	2984
1.0.0.20210917	1065
1.0.1.20211018	1101
1.0.2.20220113	1265
1.1.0.20220707	718
1.2.0.20230130	85
