version	total
0.3.15.20200318	3568
0.3.16.20200420	4892
1.0.0.20210917	2614
1.0.1.20211018	2686
1.0.2.20220113	2845
1.1.0.20220707	2410
1.2.0.20230130	1873
1.2.1.20230601	1538
1.3.0.20231027	1049
1.4.0.20240108	874
1.5.0.20240506	645
1.6.0.20241216	312
