version	total
0.3.15.20200318	2748
0.3.16.20200420	3837
1.0.0.20210917	1757
1.0.1.20211018	1804
1.0.2.20220113	1969
1.1.0.20220707	1454
1.2.0.20230130	920
1.2.1.20230601	647
1.3.0.20231027	197
