version	total
0.3.15.20200318	1997
0.3.16.20200420	2862
1.0.0.20210917	970
1.0.1.20211018	1002
1.0.2.20220113	1164
1.1.0.20220707	604
