version	total
0.3.15.20200318	3189
0.3.16.20200420	4360
1.0.0.20210917	2219
1.0.1.20211018	2264
1.0.2.20220113	2429
1.1.0.20220707	1949
1.2.0.20230130	1406
1.2.1.20230601	1122
1.3.0.20231027	675
1.4.0.20240108	500
1.5.0.20240506	257
