version	total
0.3.15.20200318	2244
0.3.16.20200420	3218
1.0.0.20210917	1227
1.0.1.20211018	1273
1.0.2.20220113	1438
1.1.0.20220707	891
1.2.0.20230130	266
