version	total
0.3.15.20200318	2615
0.3.16.20200420	3694
1.0.0.20210917	1620
1.0.1.20211018	1668
1.0.2.20220113	1832
1.1.0.20220707	1315
1.2.0.20230130	781
1.2.1.20230601	499
