version	total
0.3.15.20200318	2762
0.3.16.20200420	3851
1.0.0.20210917	1771
1.0.1.20211018	1818
1.0.2.20220113	1983
1.1.0.20220707	1468
1.2.0.20230130	935
1.2.1.20230601	661
1.3.0.20231027	213
