version	total
0.3.15.20200318	3208
0.3.16.20200420	4378
1.0.0.20210917	2241
1.0.1.20211018	2283
1.0.2.20220113	2446
1.1.0.20220707	1968
1.2.0.20230130	1426
1.2.1.20230601	1139
1.3.0.20231027	695
1.4.0.20240108	519
1.5.0.20240506	274
