version	total
0.3.15.20200318	3537
0.3.16.20200420	4826
1.0.0.20210917	2582
1.0.1.20211018	2647
1.0.2.20220113	2808
1.1.0.20220707	2371
1.2.0.20230130	1826
1.2.1.20230601	1506
1.3.0.20231027	1021
1.4.0.20240108	849
1.5.0.20240506	605
1.6.0.20241216	211
