version	total
0.3.15.20200318	2325
0.3.16.20200420	3344
1.0.0.20210917	1308
1.0.1.20211018	1360
1.0.2.20220113	1525
1.1.0.20220707	1008
1.2.0.20230130	446
1.2.1.20230601	88
