version	total
0.3.15.20200318	3547
0.3.16.20200420	4841
1.0.0.20210917	2594
1.0.1.20211018	2659
1.0.2.20220113	2820
1.1.0.20220707	2383
1.2.0.20230130	1841
1.2.1.20230601	1517
1.3.0.20231027	1031
1.4.0.20240108	857
1.5.0.20240506	617
1.6.0.20241216	242
