version	total
0.3.15.20200318	3218
0.3.16.20200420	4388
1.0.0.20210917	2251
1.0.1.20211018	2293
1.0.2.20220113	2456
1.1.0.20220707	1978
1.2.0.20230130	1436
1.2.1.20230601	1149
1.3.0.20231027	705
1.4.0.20240108	529
1.5.0.20240506	283
