version	total
0.3.15.20200318	2497
0.3.16.20200420	3553
1.0.0.20210917	1499
1.0.1.20211018	1546
1.0.2.20220113	1710
1.1.0.20220707	1190
1.2.0.20230130	648
1.2.1.20230601	363
