version	total
0.3.15.20200318	2849
0.3.16.20200420	3961
1.0.0.20210917	1863
1.0.1.20211018	1911
1.0.2.20220113	2076
1.1.0.20220707	1561
1.2.0.20230130	1039
1.2.1.20230601	762
1.3.0.20231027	319
1.4.0.20240108	114
