version	total
0.3.15.20200318	3182
0.3.16.20200420	4348
1.0.0.20210917	2211
1.0.1.20211018	2255
1.0.2.20220113	2420
1.1.0.20220707	1941
1.2.0.20230130	1397
1.2.1.20230601	1111
1.3.0.20231027	667
1.4.0.20240108	492
1.5.0.20240506	248
