version	total
0.3.15.20200318	2661
0.3.16.20200420	3745
1.0.0.20210917	1668
1.0.1.20211018	1716
1.0.2.20220113	1879
1.1.0.20220707	1362
1.2.0.20230130	829
1.2.1.20230601	551
1.3.0.20231027	95
