version	total
0.3.15.20200318	2014
0.3.16.20200420	2884
1.0.0.20210917	988
1.0.1.20211018	1020
1.0.2.20220113	1182
1.1.0.20220707	623
