version	total
0.3.15.20200318	2904
0.3.16.20200420	4024
1.0.0.20210917	1921
1.0.1.20211018	1967
1.0.2.20220113	2133
1.1.0.20220707	1619
1.2.0.20230130	1095
1.2.1.20230601	820
1.3.0.20231027	383
1.4.0.20240108	176
