version	total
0.3.15.20200318	1168
0.3.16.20200420	1652
1.0.0.20210917	92
1.0.1.20211018	45
