version	total
0.3.15.20200318	2361
0.3.16.20200420	3387
1.0.0.20210917	1344
1.0.1.20211018	1398
1.0.2.20220113	1562
1.1.0.20220707	1046
1.2.0.20230130	489
1.2.1.20230601	146
