version	total
0.3.15.20200318	2686
0.3.16.20200420	3770
1.0.0.20210917	1695
1.0.1.20211018	1740
1.0.2.20220113	1905
1.1.0.20220707	1390
1.2.0.20230130	855
1.2.1.20230601	581
1.3.0.20231027	126
