version	total
0.3.15.20200318	2407
0.3.16.20200420	3451
1.0.0.20210917	1392
1.0.1.20211018	1448
1.0.2.20220113	1612
1.1.0.20220707	1096
1.2.0.20230130	543
1.2.1.20230601	219
