version	total
0.3.15.20200318	2465
0.3.16.20200420	3519
1.0.0.20210917	1457
1.0.1.20211018	1509
1.0.2.20220113	1669
1.1.0.20220707	1157
1.2.0.20230130	614
1.2.1.20230601	307
