version	total
0.3.15.20200318	1123
0.3.16.20200420	1587
1.0.0.20210917	39
