version	total
0.3.15.20200318	2785
0.3.16.20200420	3876
1.0.0.20210917	1794
1.0.1.20211018	1842
1.0.2.20220113	2007
1.1.0.20220707	1491
1.2.0.20230130	960
1.2.1.20230601	687
1.3.0.20231027	243
1.4.0.20240108	27
