version	total
0.3.15.20200318	3513
0.3.16.20200420	4795
1.0.0.20210917	2556
1.0.1.20211018	2619
1.0.2.20220113	2782
1.1.0.20220707	2344
1.2.0.20230130	1794
1.2.1.20230601	1480
1.3.0.20231027	994
1.4.0.20240108	825
1.5.0.20240506	593
1.6.0.20241216	165
