version	total
0.3.15.20200318	1555
0.3.16.20200420	2237
1.0.0.20210917	510
1.0.1.20211018	513
1.0.2.20220113	526
