version	total
0.3.15.20200318	3256
0.3.16.20200420	4437
1.0.0.20210917	2287
1.0.1.20211018	2332
1.0.2.20220113	2496
1.1.0.20220707	2051
1.2.0.20230130	1473
1.2.1.20230601	1188
1.3.0.20231027	740
1.4.0.20240108	566
1.5.0.20240506	308
