version	total
0.3.15.20200318	2832
0.3.16.20200420	3937
1.0.0.20210917	1843
1.0.1.20211018	1893
1.0.2.20220113	2058
1.1.0.20220707	1542
1.2.0.20230130	1020
1.2.1.20230601	742
1.3.0.20231027	301
1.4.0.20240108	90
