version	total
0.3.15.20200318	3104
0.3.16.20200420	4252
1.0.0.20210917	2131
1.0.1.20211018	2173
1.0.2.20220113	2340
1.1.0.20220707	1853
1.2.0.20230130	1308
1.2.1.20230601	1029
1.3.0.20231027	587
1.4.0.20240108	412
1.5.0.20240506	164
