version	total
0.3.15.20200318	2787
0.3.16.20200420	3878
1.0.0.20210917	1796
1.0.1.20211018	1844
1.0.2.20220113	2009
1.1.0.20220707	1493
1.2.0.20230130	966
1.2.1.20230601	693
1.3.0.20231027	247
1.4.0.20240108	33
