version	total
0.3.15.20200318	1553
0.3.16.20200420	2235
1.0.0.20210917	508
1.0.1.20211018	511
1.0.2.20220113	524
