version	total
0.3.15.20200318	1165
0.3.16.20200420	1649
1.0.0.20210917	88
1.0.1.20211018	41
