version	total
0.3.15.20200318	2165
0.3.16.20200420	3081
1.0.0.20210917	1144
1.0.1.20211018	1183
1.0.2.20220113	1349
1.1.0.20220707	801
1.2.0.20230130	176
