version	total
0.3.15.20200318	3553
0.3.16.20200420	4857
1.0.0.20210917	2601
1.0.1.20211018	2666
1.0.2.20220113	2829
1.1.0.20220707	2390
1.2.0.20230130	1850
1.2.1.20230601	1525
1.3.0.20231027	1038
1.4.0.20240108	864
1.5.0.20240506	634
1.6.0.20241216	275
