version	total
0.3.15.20200318	1113
0.3.16.20200420	1575
1.0.0.20210917	21
