version	total
0.3.15.20200318	2067
0.3.16.20200420	2947
1.0.0.20210917	1043
1.0.1.20211018	1076
1.0.2.20220113	1238
1.1.0.20220707	693
1.2.0.20230130	62
