version	total
0.3.15.20200318	2505
0.3.16.20200420	3561
1.0.0.20210917	1506
1.0.1.20211018	1554
1.0.2.20220113	1716
1.1.0.20220707	1196
1.2.0.20230130	655
1.2.1.20230601	369
