version	total
0.3.15.20200318	3242
0.3.16.20200420	4418
1.0.0.20210917	2273
1.0.1.20211018	2315
1.0.2.20220113	2478
1.1.0.20220707	2036
1.2.0.20230130	1459
1.2.1.20230601	1171
1.3.0.20231027	726
1.4.0.20240108	550
1.5.0.20240506	297
