version	total
0.3.15.20200318	2475
0.3.16.20200420	3529
1.0.0.20210917	1469
1.0.1.20211018	1519
1.0.2.20220113	1679
1.1.0.20220707	1167
1.2.0.20230130	624
1.2.1.20230601	329
