version	total
0.3.15.20200318	2582
0.3.16.20200420	3653
1.0.0.20210917	1587
1.0.1.20211018	1634
1.0.2.20220113	1797
1.1.0.20220707	1277
1.2.0.20230130	740
1.2.1.20230601	456
