version	total
0.3.15.20200318	2049
0.3.16.20200420	2923
1.0.0.20210917	1025
1.0.1.20211018	1056
1.0.2.20220113	1220
1.1.0.20220707	673
1.2.0.20230130	33
