version	total
0.3.15.20200318	2198
0.3.16.20200420	3133
1.0.0.20210917	1177
1.0.1.20211018	1219
1.0.2.20220113	1385
1.1.0.20220707	837
1.2.0.20230130	215
