version	total
0.3.15.20200318	2572
0.3.16.20200420	3644
1.0.0.20210917	1577
1.0.1.20211018	1624
1.0.2.20220113	1787
1.1.0.20220707	1267
1.2.0.20230130	729
1.2.1.20230601	445
