version	total
0.3.15.20200318	3090
0.3.16.20200420	4235
1.0.0.20210917	2116
1.0.1.20211018	2159
1.0.2.20220113	2324
1.1.0.20220707	1839
1.2.0.20230130	1294
1.2.1.20230601	1013
1.3.0.20231027	573
1.4.0.20240108	395
1.5.0.20240506	142
