version	total
0.3.15.20200318	2131
0.3.16.20200420	3038
1.0.0.20210917	1108
1.0.1.20211018	1147
1.0.2.20220113	1311
1.1.0.20220707	764
1.2.0.20230130	132
