version	total
0.3.15.20200318	3070
0.3.16.20200420	4210
1.0.0.20210917	2094
1.0.1.20211018	2137
1.0.2.20220113	2302
1.1.0.20220707	1815
1.2.0.20230130	1271
1.2.1.20230601	991
1.3.0.20231027	553
1.4.0.20240108	375
1.5.0.20240506	121
