version	total
0.3.15.20200318	2862
0.3.16.20200420	3977
1.0.0.20210917	1877
1.0.1.20211018	1924
1.0.2.20220113	2089
1.1.0.20220707	1574
1.2.0.20230130	1053
1.2.1.20230601	775
1.3.0.20231027	339
1.4.0.20240108	128
