version	total
0.3.15.20200318	2322
0.3.16.20200420	3337
1.0.0.20210917	1305
1.0.1.20211018	1356
1.0.2.20220113	1520
1.1.0.20220707	1004
1.2.0.20230130	441
1.2.1.20230601	81
