version	total
0.3.15.20200318	1259
0.3.16.20200420	1846
1.0.0.20210917	190
1.0.1.20211018	184
