version	total
0.3.15.20200318	1868
0.3.16.20200420	2687
1.0.0.20210917	839
1.0.1.20211018	867
1.0.2.20220113	899
1.1.0.20220707	337
