version	total
0.3.15.20200318	2006
0.3.16.20200420	2876
1.0.0.20210917	980
1.0.1.20211018	1012
1.0.2.20220113	1174
1.1.0.20220707	614
