version	total
0.3.15.20200318	3399
0.3.16.20200420	4633
1.0.0.20210917	2442
1.0.1.20211018	2493
1.0.2.20220113	2654
1.1.0.20220707	2215
1.2.0.20230130	1655
1.2.1.20230601	1354
1.3.0.20231027	881
1.4.0.20240108	706
1.5.0.20240506	514
