version	total
0.3.15.20200318	2316
0.3.16.20200420	3323
1.0.0.20210917	1301
1.0.1.20211018	1352
1.0.2.20220113	1516
1.1.0.20220707	1000
1.2.0.20230130	437
1.2.1.20230601	46
