version	total
0.3.15.20200318	3607
0.3.16.20200420	4945
1.0.0.20210917	2653
1.0.1.20211018	2732
1.0.2.20220113	2892
1.1.0.20220707	2456
1.2.0.20230130	1925
1.2.1.20230601	1583
1.3.0.20231027	1087
1.4.0.20240108	914
1.5.0.20240506	674
1.6.0.20241216	385
