version	total
0.3.15.20200318	1914
0.3.16.20200420	2762
1.0.0.20210917	888
1.0.1.20211018	919
1.0.2.20220113	990
1.1.0.20220707	392
