version	total
0.3.15.20200318	3481
0.3.16.20200420	4753
1.0.0.20210917	2522
1.0.1.20211018	2581
1.0.2.20220113	2742
1.1.0.20220707	2305
1.2.0.20230130	1752
1.2.1.20230601	1446
1.3.0.20231027	961
1.4.0.20240108	790
1.5.0.20240506	580
1.6.0.20241216	65
