version	total
0.3.15.20200318	3391
0.3.16.20200420	4624
1.0.0.20210917	2433
1.0.1.20211018	2485
1.0.2.20220113	2646
1.1.0.20220707	2206
1.2.0.20230130	1646
1.2.1.20230601	1345
1.3.0.20231027	873
1.4.0.20240108	697
1.5.0.20240506	509
