version	total
0.3.15.20200318	1230
0.3.16.20200420	1811
1.0.0.20210917	159
1.0.1.20211018	151
