version	total
0.3.15.20200318	1323
0.3.16.20200420	1933
1.0.0.20210917	260
1.0.1.20211018	254
1.0.2.20220113	25
