version	total
0.3.15.20200318	3112
0.3.16.20200420	4258
1.0.0.20210917	2139
1.0.1.20211018	2181
1.0.2.20220113	2346
1.1.0.20220707	1861
1.2.0.20230130	1316
1.2.1.20230601	1035
1.3.0.20231027	595
1.4.0.20240108	419
1.5.0.20240506	171
