version	total
0.3.15.20200318	2740
0.3.16.20200420	3829
1.0.0.20210917	1749
1.0.1.20211018	1796
1.0.2.20220113	1961
1.1.0.20220707	1446
1.2.0.20230130	911
1.2.1.20230601	639
1.3.0.20231027	190
