version	total
0.3.15.20200318	3403
0.3.16.20200420	4637
1.0.0.20210917	2446
1.0.1.20211018	2497
1.0.2.20220113	2658
1.1.0.20220707	2220
1.2.0.20230130	1659
1.2.1.20230601	1358
1.3.0.20231027	885
1.4.0.20240108	711
1.5.0.20240506	516
