version	total
0.3.15.20200318	2143
0.3.16.20200420	3050
1.0.0.20210917	1120
1.0.1.20211018	1159
1.0.2.20220113	1323
1.1.0.20220707	777
1.2.0.20230130	146
