version	total
0.3.15.20200318	2853
0.3.16.20200420	3966
1.0.0.20210917	1868
1.0.1.20211018	1915
1.0.2.20220113	2080
1.1.0.20220707	1565
1.2.0.20230130	1043
1.2.1.20230601	766
1.3.0.20231027	325
1.4.0.20240108	118
