version	total
0.3.15.20200318	2758
0.3.16.20200420	3847
1.0.0.20210917	1767
1.0.1.20211018	1814
1.0.2.20220113	1979
1.1.0.20220707	1464
1.2.0.20230130	931
1.2.1.20230601	657
1.3.0.20231027	209
