version	total
0.3.15.20200318	2129
0.3.16.20200420	3037
1.0.0.20210917	1106
1.0.1.20211018	1145
1.0.2.20220113	1310
1.1.0.20220707	762
1.2.0.20230130	130
