version	total
0.3.15.20200318	3148
0.3.16.20200420	4306
1.0.0.20210917	2176
1.0.1.20211018	2220
1.0.2.20220113	2386
1.1.0.20220707	1902
1.2.0.20230130	1360
1.2.1.20230601	1075
1.3.0.20231027	631
1.4.0.20240108	457
1.5.0.20240506	217
