version	total
0.3.15.20200318	2276
0.3.16.20200420	3257
1.0.0.20210917	1261
1.0.1.20211018	1306
1.0.2.20220113	1470
1.1.0.20220707	954
1.2.0.20230130	368
