version	total
0.3.15.20200318	3322
0.3.16.20200420	4533
1.0.0.20210917	2358
1.0.1.20211018	2408
1.0.2.20220113	2570
1.1.0.20220707	2129
1.2.0.20230130	1561
1.2.1.20230601	1267
1.3.0.20231027	803
1.4.0.20240108	629
1.5.0.20240506	357
