version	total
0.3.15.20200318	2310
0.3.16.20200420	3309
1.0.0.20210917	1295
1.0.1.20211018	1344
1.0.2.20220113	1508
1.1.0.20220707	992
1.2.0.20230130	427
1.2.1.20230601	32
