version	total
0.3.15.20200318	1870
0.3.16.20200420	2689
1.0.0.20210917	841
1.0.1.20211018	869
1.0.2.20220113	908
1.1.0.20220707	340
