version	total
0.3.15.20200318	1872
0.3.16.20200420	2691
1.0.0.20210917	843
1.0.1.20211018	871
1.0.2.20220113	910
1.1.0.20220707	342
