version	total
0.3.15.20200318	853
0.3.16.20200420	1126
