version	total
0.3.15.20200318	3549
0.3.16.20200420	4848
1.0.0.20210917	2598
1.0.1.20211018	2662
1.0.2.20220113	2823
1.1.0.20220707	2384
1.2.0.20230130	1843
1.2.1.20230601	1519
1.3.0.20231027	1033
1.4.0.20240108	859
1.5.0.20240506	626
1.6.0.20241216	254
