version	total
0.3.15.20200318	2975
0.3.16.20200420	4106
1.0.0.20210917	1997
1.0.1.20211018	2041
1.0.2.20220113	2207
1.1.0.20220707	1700
1.2.0.20230130	1171
1.2.1.20230601	893
1.3.0.20231027	459
1.4.0.20240108	271
