version	total
0.3.15.20200318	2346
0.3.16.20200420	3368
1.0.0.20210917	1329
1.0.1.20211018	1382
1.0.2.20220113	1546
1.1.0.20220707	1030
1.2.0.20230130	469
1.2.1.20230601	126
