version	total
0.3.15.20200318	3529
0.3.16.20200420	4819
1.0.0.20210917	2573
1.0.1.20211018	2639
1.0.2.20220113	2800
1.1.0.20220707	2363
1.2.0.20230130	1818
1.2.1.20230601	1498
1.3.0.20231027	1013
1.4.0.20240108	841
1.5.0.20240506	600
1.6.0.20241216	196
