version	total
0.3.15.20200318	2086
0.3.16.20200420	2982
1.0.0.20210917	1063
1.0.1.20211018	1099
1.0.2.20220113	1263
1.1.0.20220707	716
1.2.0.20230130	83
