version	total
0.3.15.20200318	2485
0.3.16.20200420	3540
1.0.0.20210917	1483
1.0.1.20211018	1532
1.0.2.20220113	1694
1.1.0.20220707	1177
1.2.0.20230130	636
1.2.1.20230601	348
