version	total
0.3.15.20200318	2331
0.3.16.20200420	3350
1.0.0.20210917	1314
1.0.1.20211018	1366
1.0.2.20220113	1531
1.1.0.20220707	1014
1.2.0.20230130	452
1.2.1.20230601	101
