version	total
0.3.15.20200318	1972
0.3.16.20200420	2829
1.0.0.20210917	945
1.0.1.20211018	978
1.0.2.20220113	1142
1.1.0.20220707	569
