version	total
0.3.15.20200318	1981
0.3.16.20200420	2847
1.0.0.20210917	954
1.0.1.20211018	986
1.0.2.20220113	1150
1.1.0.20220707	578
