version	total
0.3.15.20200318	2946
0.3.16.20200420	4076
1.0.0.20210917	1966
1.0.1.20211018	2011
1.0.2.20220113	2178
1.1.0.20220707	1663
1.2.0.20230130	1140
1.2.1.20230601	864
1.3.0.20231027	429
1.4.0.20240108	232
