version	total
0.3.15.20200318	1203
0.3.16.20200420	1774
1.0.0.20210917	132
1.0.1.20211018	116
