version	total
0.3.15.20200318	3411
0.3.16.20200420	4645
1.0.0.20210917	2454
1.0.1.20211018	2505
1.0.2.20220113	2666
1.1.0.20220707	2228
1.2.0.20230130	1667
1.2.1.20230601	1366
1.3.0.20231027	893
1.4.0.20240108	719
1.5.0.20240506	521
