version	total
0.3.15.20200318	2914
0.3.16.20200420	4035
1.0.0.20210917	1932
1.0.1.20211018	1977
1.0.2.20220113	2143
1.1.0.20220707	1629
1.2.0.20230130	1105
1.2.1.20230601	830
1.3.0.20231027	393
1.4.0.20240108	189
