version	total
0.3.15.20200318	2527
0.3.16.20200420	3584
1.0.0.20210917	1529
1.0.1.20211018	1576
1.0.2.20220113	1739
1.1.0.20220707	1219
1.2.0.20230130	677
1.2.1.20230601	392
