version	total
0.3.15.20200318	3507
0.3.16.20200420	4780
1.0.0.20210917	2549
1.0.1.20211018	2612
1.0.2.20220113	2772
1.1.0.20220707	2335
1.2.0.20230130	1783
1.2.1.20230601	1472
1.3.0.20231027	987
1.4.0.20240108	818
1.5.0.20240506	591
1.6.0.20241216	139
