version	total
0.3.15.20200318	3269
0.3.16.20200420	4451
1.0.0.20210917	2301
1.0.1.20211018	2347
1.0.2.20220113	2508
1.1.0.20220707	2067
1.2.0.20230130	1492
1.2.1.20230601	1203
1.3.0.20231027	753
1.4.0.20240108	577
1.5.0.20240506	320
