version	total
0.3.15.20200318	2977
0.3.16.20200420	4108
1.0.0.20210917	1999
1.0.1.20211018	2043
1.0.2.20220113	2208
1.1.0.20220707	1702
1.2.0.20230130	1173
1.2.1.20230601	895
1.3.0.20231027	461
1.4.0.20240108	273
