version	total
0.3.15.20200318	885
0.3.16.20200420	1165
