version	total
0.3.15.20200318	3352
0.3.16.20200420	4572
1.0.0.20210917	2391
1.0.1.20211018	2442
1.0.2.20220113	2601
1.1.0.20220707	2162
1.2.0.20230130	1594
1.2.1.20230601	1301
1.3.0.20231027	833
1.4.0.20240108	659
1.5.0.20240506	394
