version	total
0.3.15.20200318	2359
0.3.16.20200420	3385
1.0.0.20210917	1342
1.0.1.20211018	1396
1.0.2.20220113	1560
1.1.0.20220707	1044
1.2.0.20230130	487
1.2.1.20230601	144
