version	total
0.3.15.20200318	2513
0.3.16.20200420	3569
1.0.0.20210917	1515
1.0.1.20211018	1562
1.0.2.20220113	1723
1.1.0.20220707	1204
1.2.0.20230130	663
1.2.1.20230601	378
