version	total
0.3.15.20200318	850
0.3.16.20200420	1123
