version	total
0.3.15.20200318	2495
0.3.16.20200420	3551
1.0.0.20210917	1495
1.0.1.20211018	1544
1.0.2.20220113	1705
1.1.0.20220707	1187
1.2.0.20230130	646
1.2.1.20230601	361
