version	total
0.3.15.20200318	3363
0.3.16.20200420	4590
1.0.0.20210917	2404
1.0.1.20211018	2454
1.0.2.20220113	2617
1.1.0.20220707	2177
1.2.0.20230130	1609
1.2.1.20230601	1314
1.3.0.20231027	844
1.4.0.20240108	670
1.5.0.20240506	404
