version	total
0.3.15.20200318	3409
0.3.16.20200420	4643
1.0.0.20210917	2452
1.0.1.20211018	2503
1.0.2.20220113	2664
1.1.0.20220707	2226
1.2.0.20230130	1665
1.2.1.20230601	1364
1.3.0.20231027	891
1.4.0.20240108	717
1.5.0.20240506	519
