version	total
0.3.15.20200318	2521
0.3.16.20200420	3578
1.0.0.20210917	1523
1.0.1.20211018	1570
1.0.2.20220113	1733
1.1.0.20220707	1213
1.2.0.20230130	671
1.2.1.20230601	386
