version	total
0.3.15.20200318	2137
0.3.16.20200420	3044
1.0.0.20210917	1114
1.0.1.20211018	1153
1.0.2.20220113	1317
1.1.0.20220707	770
1.2.0.20230130	139
