version	total
0.3.15.20200318	2295
0.3.16.20200420	3289
1.0.0.20210917	1280
1.0.1.20211018	1328
1.0.2.20220113	1491
1.1.0.20220707	976
1.2.0.20230130	403
