version	total
0.3.15.20200318	1349
0.3.16.20200420	1960
1.0.0.20210917	286
1.0.1.20211018	280
1.0.2.20220113	53
