version	total
0.3.15.20200318	1339
0.3.16.20200420	1950
1.0.0.20210917	276
1.0.1.20211018	270
1.0.2.20220113	42
