version	total
0.3.15.20200318	1435
0.3.16.20200420	2082
1.0.0.20210917	383
1.0.1.20211018	378
1.0.2.20220113	352
