version	total
0.3.15.20200318	3633
0.3.16.20200420	4986
1.0.0.20210917	2682
1.0.1.20211018	2763
1.0.2.20220113	2923
1.1.0.20220707	2487
1.2.0.20230130	1961
1.2.1.20230601	1615
1.3.0.20231027	1113
1.4.0.20240108	941
1.5.0.20240506	693
1.6.0.20241216	426
