version	total
0.3.15.20200318	2161
0.3.16.20200420	3076
1.0.0.20210917	1140
1.0.1.20211018	1179
1.0.2.20220113	1343
1.1.0.20220707	797
1.2.0.20230130	172
