version	total
0.3.15.20200318	1374
0.3.16.20200420	1995
1.0.0.20210917	313
1.0.1.20211018	306
1.0.2.20220113	86
