version	total
0.3.15.20200318	3602
0.3.16.20200420	4935
1.0.0.20210917	2648
1.0.1.20211018	2724
1.0.2.20220113	2885
1.1.0.20220707	2449
1.2.0.20230130	1914
1.2.1.20230601	1577
1.3.0.20231027	1082
1.4.0.20240108	909
1.5.0.20240506	670
1.6.0.20241216	379
