version	total
0.3.15.20200318	3238
0.3.16.20200420	4414
1.0.0.20210917	2268
1.0.1.20211018	2311
1.0.2.20220113	2474
1.1.0.20220707	2031
1.2.0.20230130	1455
1.2.1.20230601	1167
1.3.0.20231027	721
1.4.0.20240108	546
1.5.0.20240506	295
