version	total
0.3.15.20200318	3170
0.3.16.20200420	4336
1.0.0.20210917	2199
1.0.1.20211018	2243
1.0.2.20220113	2408
1.1.0.20220707	1925
1.2.0.20230130	1385
1.2.1.20230601	1099
1.3.0.20231027	654
1.4.0.20240108	480
1.5.0.20240506	236
