version	total
0.3.15.20200318	1131
0.3.16.20200420	1596
1.0.0.20210917	49
