version	total
0.3.15.20200318	1159
0.3.16.20200420	1643
1.0.0.20210917	81
1.0.1.20211018	30
