version	total
0.3.15.20200318	2370
0.3.16.20200420	3401
1.0.0.20210917	1355
1.0.1.20211018	1408
1.0.2.20220113	1572
1.1.0.20220707	1056
1.2.0.20230130	500
1.2.1.20230601	164
