version	total
0.3.15.20200318	2082
0.3.16.20200420	2978
1.0.0.20210917	1059
1.0.1.20211018	1095
1.0.2.20220113	1259
1.1.0.20220707	712
1.2.0.20230130	78
