version	total
0.3.15.20200318	2874
0.3.16.20200420	3989
1.0.0.20210917	1891
1.0.1.20211018	1936
1.0.2.20220113	2101
1.1.0.20220707	1588
1.2.0.20230130	1064
1.2.1.20230601	787
1.3.0.20231027	349
1.4.0.20240108	143
