version	total
0.3.15.20200318	2413
0.3.16.20200420	3458
1.0.0.20210917	1400
1.0.1.20211018	1454
1.0.2.20220113	1618
1.1.0.20220707	1102
1.2.0.20230130	549
1.2.1.20230601	226
