version	total
0.3.15.20200318	3455
0.3.16.20200420	4702
1.0.0.20210917	2494
1.0.1.20211018	2552
1.0.2.20220113	2713
1.1.0.20220707	2272
1.2.0.20230130	1716
1.2.1.20230601	1412
1.3.0.20231027	938
1.4.0.20240108	763
1.5.0.20240506	564
