version	total
0.3.15.20200318	2489
0.3.16.20200420	3544
1.0.0.20210917	1489
1.0.1.20211018	1538
1.0.2.20220113	1699
1.1.0.20220707	1181
1.2.0.20230130	640
1.2.1.20230601	355
