version	total
0.3.15.20200318	2417
0.3.16.20200420	3462
1.0.0.20210917	1404
1.0.1.20211018	1458
1.0.2.20220113	1621
1.1.0.20220707	1106
1.2.0.20230130	556
1.2.1.20230601	234
