version	total
0.3.15.20200318	1846
0.3.16.20200420	2649
1.0.0.20210917	817
1.0.1.20211018	841
1.0.2.20220113	873
1.1.0.20220707	311
