version	total
0.3.15.20200318	1900
0.3.16.20200420	2740
1.0.0.20210917	874
1.0.1.20211018	903
1.0.2.20220113	944
1.1.0.20220707	376
