version	total
0.3.15.20200318	3430
0.3.16.20200420	4669
1.0.0.20210917	2473
1.0.1.20211018	2526
1.0.2.20220113	2687
1.1.0.20220707	2248
1.2.0.20230130	1689
1.2.1.20230601	1387
1.3.0.20231027	915
1.4.0.20240108	738
1.5.0.20240506	535
