version	total
0.3.15.20200318	2189
0.3.16.20200420	3124
1.0.0.20210917	1168
1.0.1.20211018	1211
1.0.2.20220113	1377
1.1.0.20220707	829
1.2.0.20230130	206
