version	total
0.3.15.20200318	1343
0.3.16.20200420	1954
1.0.0.20210917	280
1.0.1.20211018	274
1.0.2.20220113	46
