version	total
0.3.15.20200318	3154
0.3.16.20200420	4313
1.0.0.20210917	2182
1.0.1.20211018	2226
1.0.2.20220113	2392
1.1.0.20220707	1908
1.2.0.20230130	1366
1.2.1.20230601	1081
1.3.0.20231027	637
1.4.0.20240108	463
1.5.0.20240506	222
