version	total
0.3.15.20200318	2070
0.3.16.20200420	2951
1.0.0.20210917	1046
1.0.1.20211018	1079
1.0.2.20220113	1242
1.1.0.20220707	696
1.2.0.20230130	65
