version	total
0.3.15.20200318	2185
0.3.16.20200420	3118
1.0.0.20210917	1164
1.0.1.20211018	1207
1.0.2.20220113	1373
1.1.0.20220707	825
1.2.0.20230130	202
