version	total
0.3.15.20200318	3533
0.3.16.20200420	4822
1.0.0.20210917	2578
1.0.1.20211018	2643
1.0.2.20220113	2804
1.1.0.20220707	2367
1.2.0.20230130	1822
1.2.1.20230601	1502
1.3.0.20231027	1017
1.4.0.20240108	845
1.5.0.20240506	603
1.6.0.20241216	205
