version	total
0.3.15.20200318	3477
0.3.16.20200420	4746
1.0.0.20210917	2517
1.0.1.20211018	2577
1.0.2.20220113	2738
1.1.0.20220707	2301
1.2.0.20230130	1748
1.2.1.20230601	1441
1.3.0.20231027	957
1.4.0.20240108	786
1.5.0.20240506	578
1.6.0.20241216	61
