version	total
0.3.15.20200318	3068
0.3.16.20200420	4208
1.0.0.20210917	2092
1.0.1.20211018	2135
1.0.2.20220113	2300
1.1.0.20220707	1810
1.2.0.20230130	1269
1.2.1.20230601	989
1.3.0.20231027	551
1.4.0.20240108	373
1.5.0.20240506	119
