version	total
0.3.15.20200318	2667
0.3.16.20200420	3751
1.0.0.20210917	1674
1.0.1.20211018	1722
1.0.2.20220113	1885
1.1.0.20220707	1368
1.2.0.20230130	835
1.2.1.20230601	557
1.3.0.20231027	101
