version	total
0.3.15.20200318	2101
0.3.16.20200420	3001
1.0.0.20210917	1078
1.0.1.20211018	1115
1.0.2.20220113	1281
1.1.0.20220707	732
1.2.0.20230130	100
