version	total
0.3.15.20200318	1347
0.3.16.20200420	1958
1.0.0.20210917	284
1.0.1.20211018	278
1.0.2.20220113	51
