version	total
0.3.15.20200318	859
0.3.16.20200420	1134
