version	total
0.3.15.20200318	2264
0.3.16.20200420	3242
1.0.0.20210917	1248
1.0.1.20211018	1294
1.0.2.20220113	1457
1.1.0.20220707	942
1.2.0.20230130	287
