version	total
0.3.15.20200318	1163
0.3.16.20200420	1647
1.0.0.20210917	85
1.0.1.20211018	38
