version	total
0.3.15.20200318	2682
0.3.16.20200420	3766
1.0.0.20210917	1690
1.0.1.20211018	1736
1.0.2.20220113	1901
1.1.0.20220707	1386
1.2.0.20230130	850
1.2.1.20230601	575
1.3.0.20231027	122
