version	total
0.3.15.20200318	2910
0.3.16.20200420	4032
1.0.0.20210917	1928
1.0.1.20211018	1973
1.0.2.20220113	2139
1.1.0.20220707	1625
1.2.0.20230130	1102
1.2.1.20230601	826
1.3.0.20231027	389
1.4.0.20240108	184
