version	total
0.3.15.20200318	2540
0.3.16.20200420	3603
1.0.0.20210917	1543
1.0.1.20211018	1590
1.0.2.20220113	1752
1.1.0.20220707	1233
1.2.0.20230130	693
1.2.1.20230601	409
