version	total
0.3.15.20200318	3128
0.3.16.20200420	4274
1.0.0.20210917	2156
1.0.1.20211018	2197
1.0.2.20220113	2362
1.1.0.20220707	1877
1.2.0.20230130	1332
1.2.1.20230601	1051
1.3.0.20231027	611
1.4.0.20240108	436
1.5.0.20240506	189
