version	total
0.3.15.20200318	2923
0.3.16.20200420	4042
1.0.0.20210917	1943
1.0.1.20211018	1987
1.0.2.20220113	2151
1.1.0.20220707	1638
1.2.0.20230130	1115
1.2.1.20230601	838
1.3.0.20231027	403
1.4.0.20240108	201
