version	total
0.3.15.20200318	1286
0.3.16.20200420	1893
1.0.0.20210917	219
1.0.1.20211018	215
