version	total
0.3.15.20200318	2997
0.3.16.20200420	4131
1.0.0.20210917	2019
1.0.1.20211018	2063
1.0.2.20220113	2228
1.1.0.20220707	1725
1.2.0.20230130	1194
1.2.1.20230601	915
1.3.0.20231027	481
1.4.0.20240108	300
