version	total
0.3.15.20200318	2845
0.3.16.20200420	3957
1.0.0.20210917	1859
1.0.1.20211018	1907
1.0.2.20220113	2072
1.1.0.20220707	1557
1.2.0.20230130	1035
1.2.1.20230601	758
1.3.0.20231027	315
1.4.0.20240108	110
