version	total
0.3.15.20200318	2122
0.3.16.20200420	3026
1.0.0.20210917	1099
1.0.1.20211018	1137
1.0.2.20220113	1302
1.1.0.20220707	754
1.2.0.20230130	123
