version	total
0.3.15.20200318	2638
0.3.16.20200420	3717
1.0.0.20210917	1643
1.0.1.20211018	1691
1.0.2.20220113	1855
1.1.0.20220707	1338
1.2.0.20230130	804
1.2.1.20230601	526
1.3.0.20231027	62
