version	total
0.3.15.20200318	1668
0.3.16.20200420	2400
1.0.0.20210917	627
1.0.1.20211018	639
1.0.2.20220113	663
