version	total
0.3.15.20200318	1934
0.3.16.20200420	2782
1.0.0.20210917	908
1.0.1.20211018	939
1.0.2.20220113	1080
1.1.0.20220707	414
