version	total
0.3.15.20200318	3338
0.3.16.20200420	4558
1.0.0.20210917	2376
1.0.1.20211018	2428
1.0.2.20220113	2587
1.1.0.20220707	2148
1.2.0.20230130	1581
1.2.1.20230601	1286
1.3.0.20231027	821
1.4.0.20240108	645
1.5.0.20240506	383
