version	total
0.3.15.20200318	1922
0.3.16.20200420	2770
1.0.0.20210917	896
1.0.1.20211018	927
1.0.2.20220113	1068
1.1.0.20220707	400
