version	total
0.3.15.20200318	2207
0.3.16.20200420	3147
1.0.0.20210917	1187
1.0.1.20211018	1229
1.0.2.20220113	1393
1.1.0.20220707	847
1.2.0.20230130	226
