version	total
0.3.15.20200318	2454
0.3.16.20200420	3504
1.0.0.20210917	1445
1.0.1.20211018	1497
1.0.2.20220113	1658
1.1.0.20220707	1145
1.2.0.20230130	601
1.2.1.20230601	288
