version	total
0.3.15.20200318	1662
0.3.16.20200420	2394
1.0.0.20210917	621
1.0.1.20211018	633
1.0.2.20220113	657
