version	total
0.3.15.20200318	3479
0.3.16.20200420	4751
1.0.0.20210917	2520
1.0.1.20211018	2579
1.0.2.20220113	2740
1.1.0.20220707	2303
1.2.0.20230130	1750
1.2.1.20230601	1444
1.3.0.20231027	959
1.4.0.20240108	788
1.5.0.20240506	579
1.6.0.20241216	63
