version	total
0.3.15.20200318	2927
0.3.16.20200420	4048
1.0.0.20210917	1947
1.0.1.20211018	1991
1.0.2.20220113	2157
1.1.0.20220707	1642
1.2.0.20230130	1119
1.2.1.20230601	844
1.3.0.20231027	408
1.4.0.20240108	207
