version	total
0.3.15.20200318	2880
0.3.16.20200420	3995
1.0.0.20210917	1897
1.0.1.20211018	1942
1.0.2.20220113	2108
1.1.0.20220707	1594
1.2.0.20230130	1070
1.2.1.20230601	793
1.3.0.20231027	358
1.4.0.20240108	149
