version	total
0.3.15.20200318	2574
0.3.16.20200420	3646
1.0.0.20210917	1579
1.0.1.20211018	1626
1.0.2.20220113	1789
1.1.0.20220707	1269
1.2.0.20230130	731
1.2.1.20230601	447
