version	total
0.3.15.20200318	1891
0.3.16.20200420	2727
1.0.0.20210917	864
1.0.1.20211018	893
1.0.2.20220113	933
1.1.0.20220707	365
