version	total
0.3.15.20200318	2215
0.3.16.20200420	3163
1.0.0.20210917	1195
1.0.1.20211018	1239
1.0.2.20220113	1405
1.1.0.20220707	857
1.2.0.20230130	235
