version	total
0.3.15.20200318	2043
0.3.16.20200420	2916
1.0.0.20210917	1019
1.0.1.20211018	1050
1.0.2.20220113	1214
1.1.0.20220707	667
