version	total
0.3.15.20200318	3612
0.3.16.20200420	4955
1.0.0.20210917	2658
1.0.1.20211018	2738
1.0.2.20220113	2898
1.1.0.20220707	2462
1.2.0.20230130	1931
1.2.1.20230601	1589
1.3.0.20231027	1092
1.4.0.20240108	921
1.5.0.20240506	678
1.6.0.20241216	393
