version	total
0.3.15.20200318	2699
0.3.16.20200420	3785
1.0.0.20210917	1708
1.0.1.20211018	1754
1.0.2.20220113	1919
1.1.0.20220707	1404
1.2.0.20230130	869
1.2.1.20230601	595
1.3.0.20231027	142
