version	total
0.3.15.20200318	1966
0.3.16.20200420	2822
1.0.0.20210917	939
1.0.1.20211018	972
1.0.2.20220113	1136
1.1.0.20220707	562
