version	total
0.3.15.20200318	3140
0.3.16.20200420	4291
1.0.0.20210917	2168
1.0.1.20211018	2210
1.0.2.20220113	2376
1.1.0.20220707	1892
1.2.0.20230130	1348
1.2.1.20230601	1065
1.3.0.20231027	623
1.4.0.20240108	448
1.5.0.20240506	208
