version	total
0.3.15.20200318	3037
0.3.16.20200420	4174
1.0.0.20210917	2060
1.0.1.20211018	2103
1.0.2.20220113	2268
1.1.0.20220707	1776
1.2.0.20230130	1236
1.2.1.20230601	957
1.3.0.20231027	521
1.4.0.20240108	342
1.5.0.20240506	81
