version	total
0.3.15.20200318	2868
0.3.16.20200420	3983
1.0.0.20210917	1884
1.0.1.20211018	1930
1.0.2.20220113	2095
1.1.0.20220707	1582
1.2.0.20230130	1058
1.2.1.20230601	781
1.3.0.20231027	343
1.4.0.20240108	137
