version	total
0.3.15.20200318	2770
0.3.16.20200420	3859
1.0.0.20210917	1779
1.0.1.20211018	1826
1.0.2.20220113	1991
1.1.0.20220707	1476
1.2.0.20230130	943
1.2.1.20230601	670
1.3.0.20231027	224
