version	total
0.3.15.20200318	2069
0.3.16.20200420	2949
1.0.0.20210917	1045
1.0.1.20211018	1078
1.0.2.20220113	1240
1.1.0.20220707	695
1.2.0.20230130	64
