version	total
0.3.15.20200318	3622
0.3.16.20200420	4970
1.0.0.20210917	2670
1.0.1.20211018	2750
1.0.2.20220113	2910
1.1.0.20220707	2474
1.2.0.20230130	1945
1.2.1.20230601	1600
1.3.0.20231027	1102
1.4.0.20240108	930
1.5.0.20240506	685
1.6.0.20241216	406
