version	total
0.3.15.20200318	2684
0.3.16.20200420	3768
1.0.0.20210917	1693
1.0.1.20211018	1738
1.0.2.20220113	1903
1.1.0.20220707	1388
1.2.0.20230130	853
1.2.1.20230601	579
1.3.0.20231027	124
