version	total
0.3.15.20200318	2989
0.3.16.20200420	4122
1.0.0.20210917	2011
1.0.1.20211018	2055
1.0.2.20220113	2220
1.1.0.20220707	1715
1.2.0.20230130	1186
1.2.1.20230601	907
1.3.0.20231027	473
1.4.0.20240108	289
