version	total
0.3.15.20200318	2113
0.3.16.20200420	3014
1.0.0.20210917	1090
1.0.1.20211018	1127
1.0.2.20220113	1293
1.1.0.20220707	744
1.2.0.20230130	113
