version	total
0.3.15.20200318	2607
0.3.16.20200420	3687
1.0.0.20210917	1612
1.0.1.20211018	1660
1.0.2.20220113	1826
1.1.0.20220707	1307
1.2.0.20230130	773
1.2.1.20230601	491
