version	total
0.3.15.20200318	2586
0.3.16.20200420	3658
1.0.0.20210917	1591
1.0.1.20211018	1638
1.0.2.20220113	1801
1.1.0.20220707	1281
1.2.0.20230130	744
1.2.1.20230601	460
