version	total
0.3.15.20200318	2262
0.3.16.20200420	3240
1.0.0.20210917	1246
1.0.1.20211018	1292
1.0.2.20220113	1456
1.1.0.20220707	940
1.2.0.20230130	285
