version	total
0.3.15.20200318	2935
0.3.16.20200420	4063
1.0.0.20210917	1955
1.0.1.20211018	1999
1.0.2.20220113	2166
1.1.0.20220707	1651
1.2.0.20230130	1127
1.2.1.20230601	852
1.3.0.20231027	418
1.4.0.20240108	218
