version	total
0.3.15.20200318	1222
0.3.16.20200420	1803
1.0.0.20210917	151
1.0.1.20211018	143
