version	total
0.3.15.20200318	3130
0.3.16.20200420	4276
1.0.0.20210917	2158
1.0.1.20211018	2199
1.0.2.20220113	2365
1.1.0.20220707	1880
1.2.0.20230130	1334
1.2.1.20230601	1053
1.3.0.20231027	613
1.4.0.20240108	438
1.5.0.20240506	196
