version	total
0.3.15.20200318	1321
0.3.16.20200420	1931
1.0.0.20210917	258
1.0.1.20211018	252
1.0.2.20220113	21
