version	total
0.3.15.20200318	2772
0.3.16.20200420	3861
1.0.0.20210917	1781
1.0.1.20211018	1828
1.0.2.20220113	1993
1.1.0.20220707	1478
1.2.0.20230130	945
1.2.1.20230601	672
1.3.0.20231027	226
