version	total
0.3.15.20200318	2292
0.3.16.20200420	3282
1.0.0.20210917	1277
1.0.1.20211018	1324
1.0.2.20220113	1487
1.1.0.20220707	972
1.2.0.20230130	398
