version	total
0.3.15.20200318	3375
0.3.16.20200420	4605
1.0.0.20210917	2417
1.0.1.20211018	2467
1.0.2.20220113	2630
1.1.0.20220707	2189
1.2.0.20230130	1625
1.2.1.20230601	1327
1.3.0.20231027	858
1.4.0.20240108	682
1.5.0.20240506	415
