version	total
0.3.15.20200318	2012
0.3.16.20200420	2882
1.0.0.20210917	986
1.0.1.20211018	1018
1.0.2.20220113	1180
1.1.0.20220707	621
