version	total
0.3.15.20200318	3122
0.3.16.20200420	4268
1.0.0.20210917	2150
1.0.1.20211018	2191
1.0.2.20220113	2356
1.1.0.20220707	1871
1.2.0.20230130	1326
1.2.1.20230601	1045
1.3.0.20231027	605
1.4.0.20240108	429
1.5.0.20240506	182
