version	total
0.3.15.20200318	3405
0.3.16.20200420	4639
1.0.0.20210917	2448
1.0.1.20211018	2499
1.0.2.20220113	2660
1.1.0.20220707	2222
1.2.0.20230130	1661
1.2.1.20230601	1360
1.3.0.20231027	887
1.4.0.20240108	713
1.5.0.20240506	517
