version	total
0.3.15.20200318	3017
0.3.16.20200420	4155
1.0.0.20210917	2039
1.0.1.20211018	2083
1.0.2.20220113	2250
1.1.0.20220707	1751
1.2.0.20230130	1217
1.2.1.20230601	938
1.3.0.20231027	503
1.4.0.20240108	324
1.5.0.20240506	59
