version	total
0.3.15.20200318	1190
0.3.16.20200420	1759
1.0.0.20210917	119
1.0.1.20211018	94
