version	total
0.3.15.20200318	1296
0.3.16.20200420	1902
1.0.0.20210917	227
1.0.1.20211018	224
