version	total
0.3.15.20200318	2367
0.3.16.20200420	3394
1.0.0.20210917	1352
1.0.1.20211018	1404
1.0.2.20220113	1568
1.1.0.20220707	1052
1.2.0.20230130	495
1.2.1.20230601	156
