version	total
0.3.15.20200318	2971
0.3.16.20200420	4104
1.0.0.20210917	1993
1.0.1.20211018	2037
1.0.2.20220113	2204
1.1.0.20220707	1696
1.2.0.20230130	1167
1.2.1.20230601	891
1.3.0.20231027	455
1.4.0.20240108	267
