version	total
0.3.15.20200318	2264
0.3.16.20200420	3244
1.0.0.20210917	1250
1.0.1.20211018	1294
1.0.2.20220113	1458
1.1.0.20220707	942
1.2.0.20230130	293
