version	total
0.3.15.20200318	3076
0.3.16.20200420	4216
1.0.0.20210917	2101
1.0.1.20211018	2143
1.0.2.20220113	2308
1.1.0.20220707	1823
1.2.0.20230130	1277
1.2.1.20230601	997
1.3.0.20231027	559
1.4.0.20240108	381
1.5.0.20240506	127
