version	total
0.3.15.20200318	1526
0.3.16.20200420	2201
1.0.0.20210917	479
1.0.1.20211018	479
1.0.2.20220113	490
