version	total
0.3.15.20200318	2158
0.3.16.20200420	3069
1.0.0.20210917	1137
1.0.1.20211018	1175
1.0.2.20220113	1339
1.1.0.20220707	793
1.2.0.20230130	168
