version	total
0.3.15.20200318	2870
0.3.16.20200420	3985
1.0.0.20210917	1886
1.0.1.20211018	1932
1.0.2.20220113	2097
1.1.0.20220707	1584
1.2.0.20230130	1060
1.2.1.20230601	783
1.3.0.20231027	345
1.4.0.20240108	139
