version	total
0.3.15.20200318	2795
0.3.16.20200420	3889
1.0.0.20210917	1806
1.0.1.20211018	1853
1.0.2.20220113	2018
1.1.0.20220707	1502
1.2.0.20230130	977
1.2.1.20230601	701
1.3.0.20231027	256
1.4.0.20240108	45
