version	total
0.3.15.20200318	2509
0.3.16.20200420	3565
1.0.0.20210917	1511
1.0.1.20211018	1558
1.0.2.20220113	1720
1.1.0.20220707	1200
1.2.0.20230130	659
1.2.1.20230601	374
