version	total
0.3.15.20200318	1300
0.3.16.20200420	1906
1.0.0.20210917	231
1.0.1.20211018	228
