version	total
0.3.15.20200318	3342
0.3.16.20200420	4562
1.0.0.20210917	2380
1.0.1.20211018	2432
1.0.2.20220113	2591
1.1.0.20220707	2152
1.2.0.20230130	1585
1.2.1.20230601	1291
1.3.0.20231027	825
1.4.0.20240108	649
1.5.0.20240506	387
