version	total
0.3.15.20200318	2280
0.3.16.20200420	3261
1.0.0.20210917	1265
1.0.1.20211018	1310
1.0.2.20220113	1474
1.1.0.20220707	958
1.2.0.20230130	381
