version	total
0.3.15.20200318	3078
0.3.16.20200420	4218
1.0.0.20210917	2103
1.0.1.20211018	2145
1.0.2.20220113	2310
1.1.0.20220707	1825
1.2.0.20230130	1279
1.2.1.20230601	999
1.3.0.20231027	561
1.4.0.20240108	383
1.5.0.20240506	129
