version	total
0.3.15.20200318	3041
0.3.16.20200420	4178
1.0.0.20210917	2064
1.0.1.20211018	2107
1.0.2.20220113	2272
1.1.0.20220707	1780
1.2.0.20230130	1240
1.2.1.20230601	961
1.3.0.20231027	525
1.4.0.20240108	346
1.5.0.20240506	87
