version	total
0.3.15.20200318	3324
0.3.16.20200420	4535
1.0.0.20210917	2361
1.0.1.20211018	2410
1.0.2.20220113	2570
1.1.0.20220707	2132
1.2.0.20230130	1563
1.2.1.20230601	1268
1.3.0.20231027	804
1.4.0.20240108	629
1.5.0.20240506	362
