version	total
0.3.15.20200318	1450
0.3.16.20200420	2102
1.0.0.20210917	400
1.0.1.20211018	396
1.0.2.20220113	400
