version	total
0.3.15.20200318	2824
0.3.16.20200420	3921
1.0.0.20210917	1835
1.0.1.20211018	1883
1.0.2.20220113	2048
1.1.0.20220707	1532
1.2.0.20230130	1008
1.2.1.20230601	731
1.3.0.20231027	293
1.4.0.20240108	81
