version	total
0.3.15.20200318	2566
0.3.16.20200420	3638
1.0.0.20210917	1570
1.0.1.20211018	1618
1.0.2.20220113	1781
1.1.0.20220707	1261
1.2.0.20230130	723
1.2.1.20230601	438
