version	total
0.3.15.20200318	2008
0.3.16.20200420	2878
1.0.0.20210917	982
1.0.1.20211018	1014
1.0.2.20220113	1176
1.1.0.20220707	617
