version	total
0.3.15.20200318	1028
0.3.16.20200420	1468
