version	total
0.3.15.20200318	1179
0.3.16.20200420	1724
1.0.0.20210917	108
1.0.1.20211018	61
