version	total
0.3.15.20200318	2393
0.3.16.20200420	3437
1.0.0.20210917	1378
1.0.1.20211018	1434
1.0.2.20220113	1598
1.1.0.20220707	1082
1.2.0.20230130	529
1.2.1.20230601	201
