version	total
0.3.15.20200318	3573
0.3.16.20200420	4902
1.0.0.20210917	2619
1.0.1.20211018	2692
1.0.2.20220113	2851
1.1.0.20220707	2416
1.2.0.20230130	1879
1.2.1.20230601	1544
1.3.0.20231027	1054
1.4.0.20240108	879
1.5.0.20240506	648
1.6.0.20241216	319
