version	total
0.3.15.20200318	3371
0.3.16.20200420	4600
1.0.0.20210917	2412
1.0.1.20211018	2462
1.0.2.20220113	2625
1.1.0.20220707	2185
1.2.0.20230130	1619
1.2.1.20230601	1323
1.3.0.20231027	852
1.4.0.20240108	678
1.5.0.20240506	412
