version	total
0.3.15.20200318	2095
0.3.16.20200420	2995
1.0.0.20210917	1072
1.0.1.20211018	1109
1.0.2.20220113	1275
1.1.0.20220707	726
1.2.0.20230130	93
