version	total
0.3.15.20200318	3005
0.3.16.20200420	4139
1.0.0.20210917	2027
1.0.1.20211018	2071
1.0.2.20220113	2236
1.1.0.20220707	1736
1.2.0.20230130	1202
1.2.1.20230601	923
1.3.0.20231027	489
1.4.0.20240108	310
1.5.0.20240506	35
