version	total
0.3.15.20200318	3200
0.3.16.20200420	4370
1.0.0.20210917	2233
1.0.1.20211018	2275
1.0.2.20220113	2438
1.1.0.20220707	1960
1.2.0.20230130	1418
1.2.1.20230601	1131
1.3.0.20231027	687
1.4.0.20240108	510
1.5.0.20240506	265
