version	total
0.3.15.20200318	2588
0.3.16.20200420	3660
1.0.0.20210917	1593
1.0.1.20211018	1640
1.0.2.20220113	1803
1.1.0.20220707	1283
1.2.0.20230130	746
1.2.1.20230601	462
