version	total
0.3.15.20200318	2855
0.3.16.20200420	3968
1.0.0.20210917	1870
1.0.1.20211018	1917
1.0.2.20220113	2082
1.1.0.20220707	1567
1.2.0.20230130	1045
1.2.1.20230601	768
1.3.0.20231027	328
1.4.0.20240108	121
