version	total
0.3.15.20200318	2933
0.3.16.20200420	4059
1.0.0.20210917	1953
1.0.1.20211018	1997
1.0.2.20220113	2163
1.1.0.20220707	1649
1.2.0.20230130	1125
1.2.1.20230601	848
1.3.0.20231027	416
1.4.0.20240108	214
