version	total
0.3.15.20200318	3134
0.3.16.20200420	4280
1.0.0.20210917	2162
1.0.1.20211018	2203
1.0.2.20220113	2368
1.1.0.20220707	1884
1.2.0.20230130	1338
1.2.1.20230601	1057
1.3.0.20231027	617
1.4.0.20240108	442
1.5.0.20240506	203
