version	total
0.3.15.20200318	2790
0.3.16.20200420	3882
1.0.0.20210917	1799
1.0.1.20211018	1847
1.0.2.20220113	2013
1.1.0.20220707	1495
1.2.0.20230130	969
1.2.1.20230601	697
1.3.0.20231027	252
1.4.0.20240108	39
