version	total
0.3.15.20200318	1410
0.3.16.20200420	2038
1.0.0.20210917	352
1.0.1.20211018	345
1.0.2.20220113	153
