version	total
0.3.15.20200318	1592
0.3.16.20200420	2290
1.0.0.20210917	549
1.0.1.20211018	555
1.0.2.20220113	572
