version	total
0.3.15.20200318	3160
0.3.16.20200420	4326
1.0.0.20210917	2189
1.0.1.20211018	2233
1.0.2.20220113	2398
1.1.0.20220707	1915
1.2.0.20230130	1375
1.2.1.20230601	1089
1.3.0.20231027	643
1.4.0.20240108	469
1.5.0.20240506	227
