version	total
0.3.15.20200318	1985
0.3.16.20200420	2850
1.0.0.20210917	958
1.0.1.20211018	990
1.0.2.20220113	1154
1.1.0.20220707	581
