version	total
0.3.15.20200318	2803
0.3.16.20200420	3897
1.0.0.20210917	1814
1.0.1.20211018	1861
1.0.2.20220113	2026
1.1.0.20220707	1510
1.2.0.20230130	985
1.2.1.20230601	709
1.3.0.20231027	264
1.4.0.20240108	56
