version	total
0.3.15.20200318	1133
0.3.16.20200420	1598
1.0.0.20210917	52
