version	total
0.3.15.20200318	2202
0.3.16.20200420	3137
1.0.0.20210917	1182
1.0.1.20211018	1223
1.0.2.20220113	1389
1.1.0.20220707	841
1.2.0.20230130	219
