version	total
0.3.15.20200318	3266
0.3.16.20200420	4444
1.0.0.20210917	2298
1.0.1.20211018	2343
1.0.2.20220113	2504
1.1.0.20220707	2063
1.2.0.20230130	1487
1.2.1.20230601	1199
1.3.0.20231027	750
1.4.0.20240108	574
1.5.0.20240506	314
