version	total
0.3.15.20200318	1201
0.3.16.20200420	1772
1.0.0.20210917	130
1.0.1.20211018	114
