version	total
0.3.15.20200318	3150
0.3.16.20200420	4309
1.0.0.20210917	2178
1.0.1.20211018	2222
1.0.2.20220113	2388
1.1.0.20220707	1904
1.2.0.20230130	1362
1.2.1.20230601	1077
1.3.0.20231027	633
1.4.0.20240108	459
1.5.0.20240506	219
