version	total
0.3.15.20200318	1953
0.3.16.20200420	2805
1.0.0.20210917	926
1.0.1.20211018	958
1.0.2.20220113	1122
1.1.0.20220707	488
