version	total
0.3.15.20200318	3367
0.3.16.20200420	4594
1.0.0.20210917	2408
1.0.1.20211018	2458
1.0.2.20220113	2621
1.1.0.20220707	2181
1.2.0.20230130	1613
1.2.1.20230601	1318
1.3.0.20231027	848
1.4.0.20240108	674
1.5.0.20240506	409
