version	total
0.3.15.20200318	3293
0.3.16.20200420	4484
1.0.0.20210917	2325
1.0.1.20211018	2373
1.0.2.20220113	2534
1.1.0.20220707	2093
1.2.0.20230130	1521
1.2.1.20230601	1230
1.3.0.20231027	774
1.4.0.20240108	598
1.5.0.20240506	336
