version	total
0.3.15.20200318	3459
0.3.16.20200420	4705
1.0.0.20210917	2498
1.0.1.20211018	2556
1.0.2.20220113	2717
1.1.0.20220707	2276
1.2.0.20230130	1720
1.2.1.20230601	1416
1.3.0.20231027	942
1.4.0.20240108	769
1.5.0.20240506	566
1.6.0.20241216	35
