version	total
0.3.15.20200318	2421
0.3.16.20200420	3469
1.0.0.20210917	1410
1.0.1.20211018	1462
1.0.2.20220113	1626
1.1.0.20220707	1110
1.2.0.20230130	560
1.2.1.20230601	246
