version	total
1.0.20160907111242	3279
1.0.20161124105442	3091
1.0.20170214185319	4498
1.0.20180209171722	3859
1.0.20180601100346	989
1.0.20190228134645	196
1.0.20190906212748	342
2.0.20200220223835	175
