version	total
1.0.20160310140736	4229
1.0.20160311201238	4331
1.0.20160318153100	4290
1.0.20160323212343	4207
1.0.20160325210917	4189
1.0.20160331184641	4290
1.0.20160408133555	4302
1.0.20160413143011	4225
1.0.20160422204730	4444
1.0.20160427142240	5387
1.0.20160714182449	8443
1.0.20160913171024	4267
1.0.20160930152149	4329
1.0.20161005195021	4428
1.0.20161007181528	4310
1.0.20161122201220	4343
1.0.20161123190203	4460
1.0.20161221171240	4336
1.0.20161227200419	4449
1.0.20170217172322	5150
1.0.20170413194156	4967
1.0.20170817131858	4966
1.0.20170822192924	4294
1.0.20170828135420	4532
1.0.20170928192020	4877
1.0.20180130110340	5674
1.0.20180225105849	5480
