version	total
1.0.20160907111242	5770
1.0.20161124105442	5395
1.0.20170214185319	6869
1.0.20180209171722	6714
1.0.20180601100346	3199
1.0.20190228134645	2421
1.0.20190906212748	2983
2.0.20200220223835	2331
2.2.20210901154959	2143
2.2.20211116163652	2147
2.2.20220521103021	1832
