version	total
1.0.20160907111242	4314
1.0.20161124105442	4045
1.0.20170214185319	5485
1.0.20180209171722	5070
1.0.20180601100346	1853
1.0.20190228134645	1089
1.0.20190906212748	1358
2.0.20200220223835	995
2.2.20210901154959	812
2.2.20211116163652	814
2.2.20220521103021	488
