version	total
1.0.20160907111242	4245
1.0.20161124105442	3981
1.0.20170214185319	5417
1.0.20180209171722	4991
1.0.20180601100346	1784
1.0.20190228134645	1022
1.0.20190906212748	1284
2.0.20200220223835	929
2.2.20210901154959	746
2.2.20211116163652	748
2.2.20220521103021	422
