version	total
1.0.20160907111242	4931
1.0.20161124105442	4604
1.0.20170214185319	6060
1.0.20180209171722	5800
1.0.20180601100346	2405
1.0.20190228134645	1630
1.0.20190906212748	2001
2.0.20200220223835	1541
2.2.20210901154959	1355
2.2.20211116163652	1356
2.2.20220521103021	1034
