version	total
1.0.20160310140736	2346
1.0.20160311201238	2435
1.0.20160318153100	2367
1.0.20160323212343	2357
1.0.20160325210917	2343
1.0.20160331184641	2402
1.0.20160408133555	2386
1.0.20160413143011	2397
1.0.20160422204730	2559
1.0.20160427142240	3373
1.0.20160714182449	4807
1.0.20160913171024	2379
1.0.20160930152149	2403
1.0.20161005195021	2518
1.0.20161007181528	2437
1.0.20161122201220	2396
1.0.20161123190203	2561
1.0.20161221171240	2405
1.0.20161227200419	2621
1.0.20170217172322	3146
1.0.20170413194156	3039
1.0.20170817131858	2917
1.0.20170822192924	2367
1.0.20170828135420	2597
1.0.20170928192020	2963
1.0.20180130110340	3559
1.0.20180225105849	3088
