version	total
1.0.20160310140736	5044
1.0.20160311201238	5152
1.0.20160318153100	5107
1.0.20160323212343	5024
1.0.20160325210917	5012
1.0.20160331184641	5109
1.0.20160408133555	5113
1.0.20160413143011	4708
1.0.20160422204730	5177
1.0.20160427142240	6088
1.0.20160714182449	9987
1.0.20160913171024	5050
1.0.20160930152149	5143
1.0.20161005195021	5238
1.0.20161007181528	5121
1.0.20161122201220	5159
1.0.20161123190203	5273
1.0.20161221171240	5151
1.0.20161227200419	4869
1.0.20170217172322	6040
1.0.20170413194156	5773
1.0.20170817131858	5848
1.0.20170822192924	5105
1.0.20170828135420	5349
1.0.20170928192020	5690
1.0.20180130110340	6716
1.0.20180225105849	6513
