version	total
1.0.20160310140736	3669
1.0.20160311201238	3759
1.0.20160318153100	3717
1.0.20160323212343	3640
1.0.20160325210917	3621
1.0.20160331184641	3723
1.0.20160408133555	3739
1.0.20160413143011	3677
1.0.20160422204730	3882
1.0.20160427142240	4793
1.0.20160714182449	7369
1.0.20160913171024	3703
1.0.20160930152149	3766
1.0.20161005195021	3853
1.0.20161007181528	3741
1.0.20161122201220	3763
1.0.20161123190203	3891
1.0.20161221171240	3765
1.0.20161227200419	3905
1.0.20170217172322	4541
1.0.20170413194156	4392
1.0.20170817131858	4355
1.0.20170822192924	3726
1.0.20170828135420	3967
1.0.20170928192020	4316
1.0.20180130110340	4998
1.0.20180225105849	4782
