version	total
1.0.20160907111242	4412
1.0.20161124105442	4133
1.0.20170214185319	5574
1.0.20180209171722	5185
1.0.20180601100346	1939
1.0.20190228134645	1172
1.0.20190906212748	1449
2.0.20200220223835	1081
2.2.20210901154959	897
2.2.20211116163652	899
2.2.20220521103021	573
