version	total
1.0.20160310140736	4038
1.0.20160311201238	4136
1.0.20160318153100	4096
1.0.20160323212343	4016
1.0.20160325210917	3998
1.0.20160331184641	4097
1.0.20160408133555	4111
1.0.20160413143011	4039
1.0.20160422204730	4254
1.0.20160427142240	5193
1.0.20160714182449	8073
1.0.20160913171024	4075
1.0.20160930152149	4136
1.0.20161005195021	4236
1.0.20161007181528	4117
1.0.20161122201220	4147
1.0.20161123190203	4266
1.0.20161221171240	4143
1.0.20161227200419	4265
1.0.20170217172322	4952
1.0.20170413194156	4774
1.0.20170817131858	4767
1.0.20170822192924	4102
1.0.20170828135420	4339
1.0.20170928192020	4686
1.0.20180130110340	5449
1.0.20180225105849	5268
