version	total
1.0.20160310140736	3500
1.0.20160311201238	3586
1.0.20160318153100	3544
1.0.20160323212343	3467
1.0.20160325210917	3448
1.0.20160331184641	3550
1.0.20160408133555	3568
1.0.20160413143011	3507
1.0.20160422204730	3711
1.0.20160427142240	4603
1.0.20160714182449	7047
1.0.20160913171024	3532
1.0.20160930152149	3594
1.0.20161005195021	3678
1.0.20161007181528	3566
1.0.20161122201220	3588
1.0.20161123190203	3716
1.0.20161221171240	3591
1.0.20161227200419	3734
1.0.20170217172322	4347
1.0.20170413194156	4220
1.0.20170817131858	4160
1.0.20170822192924	3555
1.0.20170828135420	3794
1.0.20170928192020	4145
1.0.20180130110340	4808
1.0.20180225105849	4551
