version	total
1.0.20160907111242	5080
1.0.20161124105442	4754
1.0.20170214185319	6209
1.0.20180209171722	5959
1.0.20180601100346	2550
1.0.20190228134645	1775
1.0.20190906212748	2168
2.0.20200220223835	1684
2.2.20210901154959	1497
2.2.20211116163652	1501
2.2.20220521103021	1181
