version	total
1.0.20160310140736	2386
1.0.20160311201238	2475
1.0.20160318153100	2407
1.0.20160323212343	2397
1.0.20160325210917	2383
1.0.20160331184641	2443
1.0.20160408133555	2426
1.0.20160413143011	2438
1.0.20160422204730	2600
1.0.20160427142240	3414
1.0.20160714182449	4887
1.0.20160913171024	2419
1.0.20160930152149	2443
1.0.20161005195021	2559
1.0.20161007181528	2477
1.0.20161122201220	2438
1.0.20161123190203	2601
1.0.20161221171240	2446
1.0.20161227200419	2661
1.0.20170217172322	3187
1.0.20170413194156	3079
1.0.20170817131858	2958
1.0.20170822192924	2407
1.0.20170828135420	2637
1.0.20170928192020	3003
1.0.20180130110340	3602
1.0.20180225105849	3130
