version	total
1.0.20160310140736	4722
1.0.20160311201238	4828
1.0.20160318153100	4786
1.0.20160323212343	4703
1.0.20160325210917	4686
1.0.20160331184641	4786
1.0.20160408133555	4793
1.0.20160413143011	4561
1.0.20160422204730	4927
1.0.20160427142240	5867
1.0.20160714182449	9407
1.0.20160913171024	4755
1.0.20160930152149	4824
1.0.20161005195021	4923
1.0.20161007181528	4806
1.0.20161122201220	4844
1.0.20161123190203	4956
1.0.20161221171240	4835
1.0.20161227200419	4744
1.0.20170217172322	5678
1.0.20170413194156	5460
1.0.20170817131858	5488
1.0.20170822192924	4790
1.0.20170828135420	5028
1.0.20170928192020	5372
1.0.20180130110340	6280
1.0.20180225105849	6058
