version	total
1.0.20160907111242	4495
1.0.20161124105442	4210
1.0.20170214185319	5652
1.0.20180209171722	5284
1.0.20180601100346	2014
1.0.20190228134645	1247
1.0.20190906212748	1530
2.0.20200220223835	1155
2.2.20210901154959	971
2.2.20211116163652	973
2.2.20220521103021	647
