version	total
1.0.20160310140736	4595
1.0.20160311201238	4700
1.0.20160318153100	4661
1.0.20160323212343	4578
1.0.20160325210917	4561
1.0.20160331184641	4660
1.0.20160408133555	4670
1.0.20160413143011	4502
1.0.20160422204730	4805
1.0.20160427142240	5754
1.0.20160714182449	9163
1.0.20160913171024	4631
1.0.20160930152149	4697
1.0.20161005195021	4796
1.0.20161007181528	4679
1.0.20161122201220	4714
1.0.20161123190203	4829
1.0.20161221171240	4707
1.0.20161227200419	4683
1.0.20170217172322	5537
1.0.20170413194156	5333
1.0.20170817131858	5351
1.0.20170822192924	4663
1.0.20170828135420	4900
1.0.20170928192020	5246
1.0.20180130110340	6124
1.0.20180225105849	5899
