version	total
1.0.20160907111242	5963
1.0.20161124105442	5535
1.0.20170214185319	7043
1.0.20180209171722	6947
1.0.20180601100346	3372
1.0.20190228134645	2590
1.0.20190906212748	3215
2.0.20200220223835	2500
2.2.20210901154959	2313
2.2.20211116163652	2314
2.2.20220521103021	2004
