version	total
1.0.20160310140736	3685
1.0.20160311201238	3773
1.0.20160318153100	3731
1.0.20160323212343	3654
1.0.20160325210917	3635
1.0.20160331184641	3737
1.0.20160408133555	3753
1.0.20160413143011	3693
1.0.20160422204730	3898
1.0.20160427142240	4813
1.0.20160714182449	7398
1.0.20160913171024	3719
1.0.20160930152149	3781
1.0.20161005195021	3867
1.0.20161007181528	3755
1.0.20161122201220	3777
1.0.20161123190203	3905
1.0.20161221171240	3780
1.0.20161227200419	3921
1.0.20170217172322	4559
1.0.20170413194156	4409
1.0.20170817131858	4372
1.0.20170822192924	3742
1.0.20170828135420	3981
1.0.20170928192020	4332
1.0.20180130110340	5015
1.0.20180225105849	4805
