version	total
1.0.20160310140736	2544
1.0.20160311201238	2632
1.0.20160318153100	2564
1.0.20160323212343	2554
1.0.20160325210917	2538
1.0.20160331184641	2600
1.0.20160408133555	2584
1.0.20160413143011	2596
1.0.20160422204730	2760
1.0.20160427142240	3586
1.0.20160714182449	5195
1.0.20160913171024	2580
1.0.20160930152149	2602
1.0.20161005195021	2718
1.0.20161007181528	2637
1.0.20161122201220	2599
1.0.20161123190203	2762
1.0.20161221171240	2606
1.0.20161227200419	2820
1.0.20170217172322	3360
1.0.20170413194156	3239
1.0.20170817131858	3129
1.0.20170822192924	2568
1.0.20170828135420	2798
1.0.20170928192020	3162
1.0.20180130110340	3768
1.0.20180225105849	3331
