version	total
1.0.20160310140736	2571
1.0.20160311201238	2660
1.0.20160318153100	2591
1.0.20160323212343	2580
1.0.20160325210917	2564
1.0.20160331184641	2627
1.0.20160408133555	2611
1.0.20160413143011	2622
1.0.20160422204730	2788
1.0.20160427142240	3613
1.0.20160714182449	5250
1.0.20160913171024	2608
1.0.20160930152149	2630
1.0.20161005195021	2746
1.0.20161007181528	2663
1.0.20161122201220	2626
1.0.20161123190203	2789
1.0.20161221171240	2633
1.0.20161227200419	2846
1.0.20170217172322	3385
1.0.20170413194156	3266
1.0.20170817131858	3157
1.0.20170822192924	2595
1.0.20170828135420	2825
1.0.20170928192020	3189
1.0.20180130110340	3799
1.0.20180225105849	3359
