version	total
1.0.20160907111242	4956
1.0.20161124105442	4630
1.0.20170214185319	6086
1.0.20180209171722	5826
1.0.20180601100346	2427
1.0.20190228134645	1650
1.0.20190906212748	2029
2.0.20200220223835	1561
2.2.20210901154959	1376
2.2.20211116163652	1378
2.2.20220521103021	1056
