version	total
1.0.20160907111242	3522
1.0.20161124105442	3317
1.0.20170214185319	4723
1.0.20180209171722	4143
1.0.20180601100346	1120
1.0.20190228134645	333
1.0.20190906212748	493
2.0.20200220223835	274
2.2.20210901154959	89
2.2.20211116163652	94
