version	total
1.0.20160907111242	5192
1.0.20161124105442	4863
1.0.20170214185319	6321
1.0.20180209171722	6085
1.0.20180601100346	2661
1.0.20190228134645	1886
1.0.20190906212748	2295
2.0.20200220223835	1795
2.2.20210901154959	1608
2.2.20211116163652	1611
2.2.20220521103021	1293
