version	total
1.0.20160907111242	4198
1.0.20161124105442	3936
1.0.20170214185319	5372
1.0.20180209171722	4938
1.0.20180601100346	1739
1.0.20190228134645	977
1.0.20190906212748	1231
2.0.20200220223835	884
2.2.20210901154959	701
2.2.20211116163652	703
2.2.20220521103021	377
