version	total
1.0.20160310140736	3866
1.0.20160311201238	3959
1.0.20160318153100	3917
1.0.20160323212343	3839
1.0.20160325210917	3820
1.0.20160331184641	3922
1.0.20160408133555	3934
1.0.20160413143011	3872
1.0.20160422204730	4079
1.0.20160427142240	5011
1.0.20160714182449	7742
1.0.20160913171024	3900
1.0.20160930152149	3962
1.0.20161005195021	4053
1.0.20161007181528	3940
1.0.20161122201220	3967
1.0.20161123190203	4091
1.0.20161221171240	3966
1.0.20161227200419	4100
1.0.20170217172322	4762
1.0.20170413194156	4591
1.0.20170817131858	4576
1.0.20170822192924	3924
1.0.20170828135420	4163
1.0.20170928192020	4513
1.0.20180130110340	5234
1.0.20180225105849	5047
