version	total
1.0.20160310140736	2658
1.0.20160311201238	2753
1.0.20160318153100	2681
1.0.20160323212343	2669
1.0.20160325210917	2651
1.0.20160331184641	2716
1.0.20160408133555	2702
1.0.20160413143011	2710
1.0.20160422204730	2878
1.0.20160427142240	3706
1.0.20160714182449	5420
1.0.20160913171024	2699
1.0.20160930152149	2721
1.0.20161005195021	2837
1.0.20161007181528	2754
1.0.20161122201220	2716
1.0.20161123190203	2879
1.0.20161221171240	2724
1.0.20161227200419	2933
1.0.20170217172322	3476
1.0.20170413194156	3354
1.0.20170817131858	3254
1.0.20170822192924	2685
1.0.20170828135420	2917
1.0.20170928192020	3279
1.0.20180130110340	3896
1.0.20180225105849	3469
