version	total
1.0.20160310140736	3386
1.0.20160311201238	3468
1.0.20160318153100	3427
1.0.20160323212343	3349
1.0.20160325210917	3330
1.0.20160331184641	3432
1.0.20160408133555	3451
1.0.20160413143011	3393
1.0.20160422204730	3597
1.0.20160427142240	4485
1.0.20160714182449	6823
1.0.20160913171024	3418
1.0.20160930152149	3477
1.0.20161005195021	3560
1.0.20161007181528	3448
1.0.20161122201220	3471
1.0.20161123190203	3598
1.0.20161221171240	3474
1.0.20161227200419	3620
1.0.20170217172322	4225
1.0.20170413194156	4104
1.0.20170817131858	4038
1.0.20170822192924	3440
1.0.20170828135420	3677
1.0.20170928192020	4030
1.0.20180130110340	4677
1.0.20180225105849	4416
