version	total
1.0.20160310140736	3809
1.0.20160311201238	3902
1.0.20160318153100	3860
1.0.20160323212343	3782
1.0.20160325210917	3763
1.0.20160331184641	3865
1.0.20160408133555	3879
1.0.20160413143011	3817
1.0.20160422204730	4022
1.0.20160427142240	4952
1.0.20160714182449	7631
1.0.20160913171024	3843
1.0.20160930152149	3906
1.0.20161005195021	3996
1.0.20161007181528	3883
1.0.20161122201220	3908
1.0.20161123190203	4034
1.0.20161221171240	3909
1.0.20161227200419	4045
1.0.20170217172322	4701
1.0.20170413194156	4534
1.0.20170817131858	4516
1.0.20170822192924	3866
1.0.20170828135420	4107
1.0.20170928192020	4456
1.0.20180130110340	5167
1.0.20180225105849	4975
