version	total
1.0.20160310140736	2578
1.0.20160311201238	2670
1.0.20160318153100	2598
1.0.20160323212343	2587
1.0.20160325210917	2571
1.0.20160331184641	2635
1.0.20160408133555	2622
1.0.20160413143011	2629
1.0.20160422204730	2796
1.0.20160427142240	3622
1.0.20160714182449	5263
1.0.20160913171024	2617
1.0.20160930152149	2640
1.0.20161005195021	2755
1.0.20161007181528	2671
1.0.20161122201220	2636
1.0.20161123190203	2798
1.0.20161221171240	2640
1.0.20161227200419	2853
1.0.20170217172322	3393
1.0.20170413194156	3273
1.0.20170817131858	3167
1.0.20170822192924	2604
1.0.20170828135420	2836
1.0.20170928192020	3198
1.0.20180130110340	3807
1.0.20180225105849	3372
