version	total
1.0.20160310140736	3565
1.0.20160311201238	3654
1.0.20160318153100	3612
1.0.20160323212343	3535
1.0.20160325210917	3516
1.0.20160331184641	3618
1.0.20160408133555	3633
1.0.20160413143011	3572
1.0.20160422204730	3776
1.0.20160427142240	4675
1.0.20160714182449	7171
1.0.20160913171024	3597
1.0.20160930152149	3659
1.0.20161005195021	3747
1.0.20161007181528	3634
1.0.20161122201220	3656
1.0.20161123190203	3784
1.0.20161221171240	3659
1.0.20161227200419	3800
1.0.20170217172322	4422
1.0.20170413194156	4285
1.0.20170817131858	4235
1.0.20170822192924	3620
1.0.20170828135420	3860
1.0.20170928192020	4210
1.0.20180130110340	4880
1.0.20180225105849	4639
