version	total
1.0.20160310140736	3541
1.0.20160311201238	3629
1.0.20160318153100	3587
1.0.20160323212343	3510
1.0.20160325210917	3490
1.0.20160331184641	3593
1.0.20160408133555	3609
1.0.20160413143011	3548
1.0.20160422204730	3752
1.0.20160427142240	4650
1.0.20160714182449	7124
1.0.20160913171024	3573
1.0.20160930152149	3635
1.0.20161005195021	3721
1.0.20161007181528	3609
1.0.20161122201220	3631
1.0.20161123190203	3759
1.0.20161221171240	3634
1.0.20161227200419	3775
1.0.20170217172322	4395
1.0.20170413194156	4261
1.0.20170817131858	4209
1.0.20170822192924	3596
1.0.20170828135420	3836
1.0.20170928192020	4186
1.0.20180130110340	4852
1.0.20180225105849	4610
