version	total
1.0.20160907111242	5947
1.0.20161124105442	5521
1.0.20170214185319	7026
1.0.20180209171722	6926
1.0.20180601100346	3354
1.0.20190228134645	2573
1.0.20190906212748	3190
2.0.20200220223835	2483
2.2.20210901154959	2296
2.2.20211116163652	2297
2.2.20220521103021	1987
