version	total
1.0.20160310140736	3881
1.0.20160311201238	3978
1.0.20160318153100	3936
1.0.20160323212343	3854
1.0.20160325210917	3835
1.0.20160331184641	3937
1.0.20160408133555	3950
1.0.20160413143011	3887
1.0.20160422204730	4095
1.0.20160427142240	5030
1.0.20160714182449	7770
1.0.20160913171024	3916
1.0.20160930152149	3978
1.0.20161005195021	4072
1.0.20161007181528	3954
1.0.20161122201220	3986
1.0.20161123190203	4107
1.0.20161221171240	3985
1.0.20161227200419	4115
1.0.20170217172322	4779
1.0.20170413194156	4608
1.0.20170817131858	4597
1.0.20170822192924	3941
1.0.20170828135420	4179
1.0.20170928192020	4529
1.0.20180130110340	5253
1.0.20180225105849	5076
