version	total
1.0.20160310140736	3358
1.0.20160311201238	3441
1.0.20160318153100	3399
1.0.20160323212343	3321
1.0.20160325210917	3302
1.0.20160331184641	3404
1.0.20160408133555	3423
1.0.20160413143011	3365
1.0.20160422204730	3569
1.0.20160427142240	4455
1.0.20160714182449	6769
1.0.20160913171024	3390
1.0.20160930152149	3449
1.0.20161005195021	3534
1.0.20161007181528	3420
1.0.20161122201220	3443
1.0.20161123190203	3570
1.0.20161221171240	3446
1.0.20161227200419	3592
1.0.20170217172322	4195
1.0.20170413194156	4076
1.0.20170817131858	4008
1.0.20170822192924	3412
1.0.20170828135420	3649
1.0.20170928192020	4002
1.0.20180130110340	4642
1.0.20180225105849	4383
