version	total
1.0.20160310140736	4165
1.0.20160311201238	4266
1.0.20160318153100	4225
1.0.20160323212343	4142
1.0.20160325210917	4124
1.0.20160331184641	4225
1.0.20160408133555	4237
1.0.20160413143011	4164
1.0.20160422204730	4382
1.0.20160427142240	5322
1.0.20160714182449	8317
1.0.20160913171024	4203
1.0.20160930152149	4264
1.0.20161005195021	4364
1.0.20161007181528	4245
1.0.20161122201220	4278
1.0.20161123190203	4395
1.0.20161221171240	4271
1.0.20161227200419	4390
1.0.20170217172322	5083
1.0.20170413194156	4902
1.0.20170817131858	4900
1.0.20170822192924	4229
1.0.20170828135420	4467
1.0.20170928192020	4812
1.0.20180130110340	5597
1.0.20180225105849	5408
