version	total
1.0.20160907111242	5134
1.0.20161124105442	4805
1.0.20170214185319	6263
1.0.20180209171722	6019
1.0.20180601100346	2604
1.0.20190228134645	1829
1.0.20190906212748	2229
2.0.20200220223835	1738
2.2.20210901154959	1552
2.2.20211116163652	1555
2.2.20220521103021	1236
