version	total
1.0.20160310140736	3436
1.0.20160311201238	3518
1.0.20160318153100	3478
1.0.20160323212343	3399
1.0.20160325210917	3380
1.0.20160331184641	3482
1.0.20160408133555	3502
1.0.20160413143011	3443
1.0.20160422204730	3647
1.0.20160427142240	4537
1.0.20160714182449	6921
1.0.20160913171024	3468
1.0.20160930152149	3528
1.0.20161005195021	3611
1.0.20161007181528	3498
1.0.20161122201220	3522
1.0.20161123190203	3648
1.0.20161221171240	3525
1.0.20161227200419	3670
1.0.20170217172322	4277
1.0.20170413194156	4154
1.0.20170817131858	4090
1.0.20170822192924	3491
1.0.20170828135420	3728
1.0.20170928192020	4081
1.0.20180130110340	4731
1.0.20180225105849	4474
