version	total
1.0.20160310140736	3951
1.0.20160311201238	4050
1.0.20160318153100	4010
1.0.20160323212343	3930
1.0.20160325210917	3912
1.0.20160331184641	4011
1.0.20160408133555	4023
1.0.20160413143011	3953
1.0.20160422204730	4168
1.0.20160427142240	5105
1.0.20160714182449	7909
1.0.20160913171024	3988
1.0.20160930152149	4049
1.0.20161005195021	4150
1.0.20161007181528	4031
1.0.20161122201220	4061
1.0.20161123190203	4180
1.0.20161221171240	4057
1.0.20161227200419	4179
1.0.20170217172322	4864
1.0.20170413194156	4686
1.0.20170817131858	4679
1.0.20170822192924	4014
1.0.20170828135420	4251
1.0.20170928192020	4599
1.0.20180130110340	5343
1.0.20180225105849	5173
