version	total
1.0.20160310140736	4685
1.0.20160311201238	4790
1.0.20160318153100	4748
1.0.20160323212343	4664
1.0.20160325210917	4649
1.0.20160331184641	4748
1.0.20160408133555	4756
1.0.20160413143011	4541
1.0.20160422204730	4890
1.0.20160427142240	5829
1.0.20160714182449	9335
1.0.20160913171024	4717
1.0.20160930152149	4784
1.0.20161005195021	4883
1.0.20161007181528	4766
1.0.20161122201220	4804
1.0.20161123190203	4916
1.0.20161221171240	4795
1.0.20161227200419	4723
1.0.20170217172322	5632
1.0.20170413194156	5420
1.0.20170817131858	5443
1.0.20170822192924	4750
1.0.20170828135420	4988
1.0.20170928192020	5332
1.0.20180130110340	6232
1.0.20180225105849	6002
