version	total
1.0.20160907111242	5438
1.0.20161124105442	5102
1.0.20170214185319	6568
1.0.20180209171722	6347
1.0.20180601100346	2906
1.0.20190228134645	2130
1.0.20190906212748	2596
2.0.20200220223835	2041
2.2.20210901154959	1853
2.2.20211116163652	1854
2.2.20220521103021	1537
