version	total
1.0.20160310140736	4574
1.0.20160311201238	4679
1.0.20160318153100	4639
1.0.20160323212343	4557
1.0.20160325210917	4539
1.0.20160331184641	4638
1.0.20160408133555	4648
1.0.20160413143011	4491
1.0.20160422204730	4783
1.0.20160427142240	5733
1.0.20160714182449	9121
1.0.20160913171024	4609
1.0.20160930152149	4676
1.0.20161005195021	4775
1.0.20161007181528	4658
1.0.20161122201220	4693
1.0.20161123190203	4807
1.0.20161221171240	4685
1.0.20161227200419	4673
1.0.20170217172322	5512
1.0.20170413194156	5312
1.0.20170817131858	5328
1.0.20170822192924	4641
1.0.20170828135420	4879
1.0.20170928192020	5224
1.0.20180130110340	6094
1.0.20180225105849	5875
