version	total
1.0.20160907111242	5019
1.0.20161124105442	4693
1.0.20170214185319	6148
1.0.20180209171722	5896
1.0.20180601100346	2489
1.0.20190228134645	1714
1.0.20190906212748	2099
2.0.20200220223835	1623
2.2.20210901154959	1437
2.2.20211116163652	1440
2.2.20220521103021	1119
