version	total
1.0.20160310140736	4492
1.0.20160311201238	4597
1.0.20160318153100	4558
1.0.20160323212343	4474
1.0.20160325210917	4457
1.0.20160331184641	4557
1.0.20160408133555	4566
1.0.20160413143011	4446
1.0.20160422204730	4701
1.0.20160427142240	5648
1.0.20160714182449	8963
1.0.20160913171024	4527
1.0.20160930152149	4594
1.0.20161005195021	4693
1.0.20161007181528	4577
1.0.20161122201220	4611
1.0.20161123190203	4727
1.0.20161221171240	4604
1.0.20161227200419	4632
1.0.20170217172322	5425
1.0.20170413194156	5232
1.0.20170817131858	5240
1.0.20170822192924	4559
1.0.20170828135420	4798
1.0.20170928192020	5142
1.0.20180130110340	5996
1.0.20180225105849	5779
