version	total
1.0.20160310140736	4332
1.0.20160311201238	4436
1.0.20160318153100	4395
1.0.20160323212343	4312
1.0.20160325210917	4294
1.0.20160331184641	4395
1.0.20160408133555	4405
1.0.20160413143011	4325
1.0.20160422204730	4547
1.0.20160427142240	5495
1.0.20160714182449	8646
1.0.20160913171024	4371
1.0.20160930152149	4433
1.0.20161005195021	4532
1.0.20161007181528	4415
1.0.20161122201220	4448
1.0.20161123190203	4565
1.0.20161221171240	4441
1.0.20161227200419	4540
1.0.20170217172322	5260
1.0.20170413194156	5071
1.0.20170817131858	5075
1.0.20170822192924	4398
1.0.20170828135420	4637
1.0.20170928192020	4981
1.0.20180130110340	5796
1.0.20180225105849	5598
