version	total
1.0.20160310140736	4179
1.0.20160311201238	4280
1.0.20160318153100	4239
1.0.20160323212343	4156
1.0.20160325210917	4138
1.0.20160331184641	4239
1.0.20160408133555	4251
1.0.20160413143011	4178
1.0.20160422204730	4396
1.0.20160427142240	5336
1.0.20160714182449	8345
1.0.20160913171024	4217
1.0.20160930152149	4278
1.0.20161005195021	4378
1.0.20161007181528	4258
1.0.20161122201220	4292
1.0.20161123190203	4409
1.0.20161221171240	4285
1.0.20161227200419	4404
1.0.20170217172322	5097
1.0.20170413194156	4916
1.0.20170817131858	4914
1.0.20170822192924	4243
1.0.20170828135420	4481
1.0.20170928192020	4826
1.0.20180130110340	5614
1.0.20180225105849	5423
