version	total
1.0.20160907111242	5082
1.0.20161124105442	4756
1.0.20170214185319	6211
1.0.20180209171722	5961
1.0.20180601100346	2552
1.0.20190228134645	1777
1.0.20190906212748	2170
2.0.20200220223835	1686
2.2.20210901154959	1499
2.2.20211116163652	1503
2.2.20220521103021	1183
