version	total
1.0.20160907111242	4304
1.0.20161124105442	4037
1.0.20170214185319	5475
1.0.20180209171722	5056
1.0.20180601100346	1843
1.0.20190228134645	1077
1.0.20190906212748	1347
2.0.20200220223835	983
2.2.20210901154959	802
2.2.20211116163652	804
2.2.20220521103021	478
