version	total
1.0.20160310140736	2402
1.0.20160311201238	2491
1.0.20160318153100	2423
1.0.20160323212343	2413
1.0.20160325210917	2399
1.0.20160331184641	2459
1.0.20160408133555	2442
1.0.20160413143011	2454
1.0.20160422204730	2616
1.0.20160427142240	3430
1.0.20160714182449	4919
1.0.20160913171024	2435
1.0.20160930152149	2459
1.0.20161005195021	2575
1.0.20161007181528	2493
1.0.20161122201220	2454
1.0.20161123190203	2617
1.0.20161221171240	2462
1.0.20161227200419	2677
1.0.20170217172322	3203
1.0.20170413194156	3095
1.0.20170817131858	2974
1.0.20170822192924	2423
1.0.20170828135420	2653
1.0.20170928192020	3019
1.0.20180130110340	3619
1.0.20180225105849	3148
