version	total
1.0.20160907111242	4781
1.0.20161124105442	4463
1.0.20170214185319	5917
1.0.20180209171722	5625
1.0.20180601100346	2270
1.0.20190228134645	1497
1.0.20190906212748	1832
2.0.20200220223835	1407
2.2.20210901154959	1221
2.2.20211116163652	1224
2.2.20220521103021	901
