version	total
1.0.20160310140736	4439
1.0.20160311201238	4542
1.0.20160318153100	4503
1.0.20160323212343	4422
1.0.20160325210917	4404
1.0.20160331184641	4503
1.0.20160408133555	4513
1.0.20160413143011	4410
1.0.20160422204730	4650
1.0.20160427142240	5597
1.0.20160714182449	8858
1.0.20160913171024	4474
1.0.20160930152149	4541
1.0.20161005195021	4638
1.0.20161007181528	4524
1.0.20161122201220	4556
1.0.20161123190203	4673
1.0.20161221171240	4549
1.0.20161227200419	4602
1.0.20170217172322	5371
1.0.20170413194156	5179
1.0.20170817131858	5184
1.0.20170822192924	4506
1.0.20170828135420	4745
1.0.20170928192020	5089
1.0.20180130110340	5924
1.0.20180225105849	5716
