version	total
1.0.20160310140736	3937
1.0.20160311201238	4034
1.0.20160318153100	3994
1.0.20160323212343	3914
1.0.20160325210917	3895
1.0.20160331184641	3995
1.0.20160408133555	4009
1.0.20160413143011	3939
1.0.20160422204730	4153
1.0.20160427142240	5090
1.0.20160714182449	7881
1.0.20160913171024	3974
1.0.20160930152149	4035
1.0.20161005195021	4134
1.0.20161007181528	4015
1.0.20161122201220	4045
1.0.20161123190203	4164
1.0.20161221171240	4041
1.0.20161227200419	4166
1.0.20170217172322	4848
1.0.20170413194156	4672
1.0.20170817131858	4663
1.0.20170822192924	4000
1.0.20170828135420	4237
1.0.20170928192020	4585
1.0.20180130110340	5323
1.0.20180225105849	5157
