version	total
1.0.20160907111242	4550
1.0.20161124105442	4254
1.0.20170214185319	5697
1.0.20180209171722	5356
1.0.20180601100346	2056
1.0.20190228134645	1289
1.0.20190906212748	1577
2.0.20200220223835	1196
2.2.20210901154959	1012
2.2.20211116163652	1014
2.2.20220521103021	688
