version	total
1.0.20160907111242	4724
1.0.20161124105442	4411
1.0.20170214185319	5857
1.0.20180209171722	5553
1.0.20180601100346	2212
1.0.20190228134645	1442
1.0.20190906212748	1761
2.0.20200220223835	1351
2.2.20210901154959	1166
2.2.20211116163652	1168
2.2.20220521103021	843
