version	total
1.0.20160907111242	3474
1.0.20161124105442	3270
1.0.20170214185319	4677
1.0.20180209171722	4087
1.0.20180601100346	1074
1.0.20190228134645	285
1.0.20190906212748	443
2.0.20200220223835	242
2.2.20210901154959	54
2.2.20211116163652	46
