version	total
1.0.20160907111242	4802
1.0.20161124105442	4483
1.0.20170214185319	5936
1.0.20180209171722	5652
1.0.20180601100346	2291
1.0.20190228134645	1518
1.0.20190906212748	1854
2.0.20200220223835	1426
2.2.20210901154959	1240
2.2.20211116163652	1242
2.2.20220521103021	919
