version	total
1.0.20160907111242	3585
1.0.20161124105442	3380
1.0.20170214185319	4788
1.0.20180209171722	4210
1.0.20180601100346	1184
1.0.20190228134645	403
1.0.20190906212748	562
2.0.20200220223835	337
2.2.20210901154959	153
2.2.20211116163652	158
