version	total
1.0.20160310140736	3329
1.0.20160311201238	3413
1.0.20160318153100	3370
1.0.20160323212343	3292
1.0.20160325210917	3273
1.0.20160331184641	3375
1.0.20160408133555	3394
1.0.20160413143011	3336
1.0.20160422204730	3540
1.0.20160427142240	4421
1.0.20160714182449	6716
1.0.20160913171024	3361
1.0.20160930152149	3420
1.0.20161005195021	3505
1.0.20161007181528	3391
1.0.20161122201220	3414
1.0.20161123190203	3541
1.0.20161221171240	3417
1.0.20161227200419	3563
1.0.20170217172322	4161
1.0.20170413194156	4047
1.0.20170817131858	3974
1.0.20170822192924	3383
1.0.20170828135420	3620
1.0.20170928192020	3973
1.0.20180130110340	4610
1.0.20180225105849	4340
