version	total
1.0.20160310140736	2328
1.0.20160311201238	2415
1.0.20160318153100	2348
1.0.20160323212343	2339
1.0.20160325210917	2325
1.0.20160331184641	2383
1.0.20160408133555	2367
1.0.20160413143011	2378
1.0.20160422204730	2539
1.0.20160427142240	3353
1.0.20160714182449	4772
1.0.20160913171024	2360
1.0.20160930152149	2384
1.0.20161005195021	2499
1.0.20161007181528	2417
1.0.20161122201220	2377
1.0.20161123190203	2542
1.0.20161221171240	2386
1.0.20161227200419	2603
1.0.20170217172322	3127
1.0.20170413194156	3020
1.0.20170817131858	2898
1.0.20170822192924	2348
1.0.20170828135420	2578
1.0.20170928192020	2944
1.0.20180130110340	3538
1.0.20180225105849	3068
