version	total
1.0.20160310140736	2520
1.0.20160311201238	2608
1.0.20160318153100	2540
1.0.20160323212343	2531
1.0.20160325210917	2515
1.0.20160331184641	2576
1.0.20160408133555	2560
1.0.20160413143011	2573
1.0.20160422204730	2736
1.0.20160427142240	3560
1.0.20160714182449	5148
1.0.20160913171024	2555
1.0.20160930152149	2578
1.0.20161005195021	2694
1.0.20161007181528	2613
1.0.20161122201220	2574
1.0.20161123190203	2737
1.0.20161221171240	2582
1.0.20161227200419	2797
1.0.20170217172322	3334
1.0.20170413194156	3215
1.0.20170817131858	3103
1.0.20170822192924	2543
1.0.20170828135420	2774
1.0.20170928192020	3138
1.0.20180130110340	3741
1.0.20180225105849	3300
