version	total
1.0.20160907111242	4278
1.0.20161124105442	4012
1.0.20170214185319	5449
1.0.20180209171722	5026
1.0.20180601100346	1818
1.0.20190228134645	1051
1.0.20190906212748	1318
2.0.20200220223835	961
2.2.20210901154959	778
2.2.20211116163652	780
2.2.20220521103021	454
