version	total
1.0.20160310140736	4955
1.0.20160311201238	5060
1.0.20160318153100	5016
1.0.20160323212343	4933
1.0.20160325210917	4922
1.0.20160331184641	5018
1.0.20160408133555	5023
1.0.20160413143011	4667
1.0.20160422204730	5114
1.0.20160427142240	6020
1.0.20160714182449	9832
1.0.20160913171024	4974
1.0.20160930152149	5054
1.0.20161005195021	5149
1.0.20161007181528	5033
1.0.20161122201220	5067
1.0.20161123190203	5184
1.0.20161221171240	5062
1.0.20161227200419	4841
1.0.20170217172322	5934
1.0.20170413194156	5685
1.0.20170817131858	5740
1.0.20170822192924	5017
1.0.20170828135420	5259
1.0.20170928192020	5601
1.0.20180130110340	6579
1.0.20180225105849	6367
