version	total
1.0.20160310140736	4614
1.0.20160311201238	4719
1.0.20160318153100	4680
1.0.20160323212343	4597
1.0.20160325210917	4579
1.0.20160331184641	4679
1.0.20160408133555	4689
1.0.20160413143011	4511
1.0.20160422204730	4823
1.0.20160427142240	5770
1.0.20160714182449	9200
1.0.20160913171024	4650
1.0.20160930152149	4716
1.0.20161005195021	4815
1.0.20161007181528	4698
1.0.20161122201220	4734
1.0.20161123190203	4848
1.0.20161221171240	4726
1.0.20161227200419	4692
1.0.20170217172322	5556
1.0.20170413194156	5352
1.0.20170817131858	5371
1.0.20170822192924	4682
1.0.20170828135420	4919
1.0.20170928192020	5265
1.0.20180130110340	6146
1.0.20180225105849	5924
