version	total
1.0.20160310140736	3634
1.0.20160311201238	3724
1.0.20160318153100	3682
1.0.20160323212343	3605
1.0.20160325210917	3586
1.0.20160331184641	3688
1.0.20160408133555	3704
1.0.20160413143011	3641
1.0.20160422204730	3846
1.0.20160427142240	4754
1.0.20160714182449	7302
1.0.20160913171024	3668
1.0.20160930152149	3731
1.0.20161005195021	3818
1.0.20161007181528	3704
1.0.20161122201220	3727
1.0.20161123190203	3855
1.0.20161221171240	3730
1.0.20161227200419	3870
1.0.20170217172322	4503
1.0.20170413194156	4357
1.0.20170817131858	4316
1.0.20170822192924	3690
1.0.20170828135420	3931
1.0.20170928192020	4280
1.0.20180130110340	4958
1.0.20180225105849	4736
