version	total
1.0.20160310140736	4948
1.0.20160311201238	5053
1.0.20160318153100	5009
1.0.20160323212343	4926
1.0.20160325210917	4915
1.0.20160331184641	5011
1.0.20160408133555	5015
1.0.20160413143011	4665
1.0.20160422204730	5109
1.0.20160427142240	6014
1.0.20160714182449	9818
1.0.20160913171024	4968
1.0.20160930152149	5047
1.0.20161005195021	5142
1.0.20161007181528	5026
1.0.20161122201220	5060
1.0.20161123190203	5177
1.0.20161221171240	5055
1.0.20161227200419	4839
1.0.20170217172322	5925
1.0.20170413194156	5678
1.0.20170817131858	5730
1.0.20170822192924	5010
1.0.20170828135420	5252
1.0.20170928192020	5594
1.0.20180130110340	6569
1.0.20180225105849	6355
