version	total
1.0.20160310140736	2706
1.0.20160311201238	2799
1.0.20160318153100	2730
1.0.20160323212343	2694
1.0.20160325210917	2679
1.0.20160331184641	2762
1.0.20160408133555	2749
1.0.20160413143011	2735
1.0.20160422204730	2926
1.0.20160427142240	3755
1.0.20160714182449	5513
1.0.20160913171024	2744
1.0.20160930152149	2768
1.0.20161005195021	2884
1.0.20161007181528	2788
1.0.20161122201220	2764
1.0.20161123190203	2924
1.0.20161221171240	2774
1.0.20161227200419	2962
1.0.20170217172322	3509
1.0.20170413194156	3401
1.0.20170817131858	3303
1.0.20170822192924	2733
1.0.20170828135420	2966
1.0.20170928192020	3326
1.0.20180130110340	3923
1.0.20180225105849	3532
