version	total
1.0.20160907111242	3724
1.0.20161124105442	3506
1.0.20170214185319	4932
1.0.20180209171722	4367
1.0.20180601100346	1309
1.0.20190228134645	542
1.0.20190906212748	718
2.0.20200220223835	461
2.2.20210901154959	278
2.2.20211116163652	281
