version	total
1.0.20160907111242	3116
1.0.20161124105442	2931
1.0.20170214185319	4338
1.0.20180209171722	3673
1.0.20180601100346	905
1.0.20190228134645	110
1.0.20190906212748	249
2.0.20200220223835	89
