version	total
1.0.20160907111242	5317
1.0.20161124105442	4984
1.0.20170214185319	6449
1.0.20180209171722	6218
1.0.20180601100346	2786
1.0.20190228134645	2011
1.0.20190906212748	2444
2.0.20200220223835	1921
2.2.20210901154959	1734
2.2.20211116163652	1735
2.2.20220521103021	1418
