version	total
1.0.20160310140736	3829
1.0.20160311201238	3922
1.0.20160318153100	3880
1.0.20160323212343	3802
1.0.20160325210917	3783
1.0.20160331184641	3885
1.0.20160408133555	3899
1.0.20160413143011	3837
1.0.20160422204730	4042
1.0.20160427142240	4974
1.0.20160714182449	7669
1.0.20160913171024	3863
1.0.20160930152149	3926
1.0.20161005195021	4016
1.0.20161007181528	3903
1.0.20161122201220	3928
1.0.20161123190203	4054
1.0.20161221171240	3929
1.0.20161227200419	4065
1.0.20170217172322	4723
1.0.20170413194156	4554
1.0.20170817131858	4538
1.0.20170822192924	3886
1.0.20170828135420	4127
1.0.20170928192020	4476
1.0.20180130110340	5187
1.0.20180225105849	5001
