version	total
1.0.20160907111242	4204
1.0.20161124105442	3942
1.0.20170214185319	5378
1.0.20180209171722	4944
1.0.20180601100346	1745
1.0.20190228134645	983
1.0.20190906212748	1240
2.0.20200220223835	890
2.2.20210901154959	707
2.2.20211116163652	709
2.2.20220521103021	383
