version	total
1.0.20160310140736	3592
1.0.20160311201238	3682
1.0.20160318153100	3640
1.0.20160323212343	3563
1.0.20160325210917	3544
1.0.20160331184641	3646
1.0.20160408133555	3660
1.0.20160413143011	3599
1.0.20160422204730	3803
1.0.20160427142240	4705
1.0.20160714182449	7223
1.0.20160913171024	3625
1.0.20160930152149	3687
1.0.20161005195021	3775
1.0.20161007181528	3662
1.0.20161122201220	3684
1.0.20161123190203	3812
1.0.20161221171240	3687
1.0.20161227200419	3828
1.0.20170217172322	4452
1.0.20170413194156	4314
1.0.20170817131858	4266
1.0.20170822192924	3648
1.0.20170828135420	3887
1.0.20170928192020	4237
1.0.20180130110340	4912
1.0.20180225105849	4675
