version	total
1.0.20160310140736	4342
1.0.20160311201238	4444
1.0.20160318153100	4403
1.0.20160323212343	4322
1.0.20160325210917	4304
1.0.20160331184641	4403
1.0.20160408133555	4415
1.0.20160413143011	4333
1.0.20160422204730	4555
1.0.20160427142240	5503
1.0.20160714182449	8666
1.0.20160913171024	4379
1.0.20160930152149	4443
1.0.20161005195021	4540
1.0.20161007181528	4424
1.0.20161122201220	4458
1.0.20161123190203	4573
1.0.20161221171240	4449
1.0.20161227200419	4547
1.0.20170217172322	5270
1.0.20170413194156	5081
1.0.20170817131858	5083
1.0.20170822192924	4408
1.0.20170828135420	4647
1.0.20170928192020	4991
1.0.20180130110340	5809
1.0.20180225105849	5608
