version	total
1.0.20160310140736	4218
1.0.20160311201238	4319
1.0.20160318153100	4278
1.0.20160323212343	4195
1.0.20160325210917	4177
1.0.20160331184641	4278
1.0.20160408133555	4290
1.0.20160413143011	4215
1.0.20160422204730	4433
1.0.20160427142240	5375
1.0.20160714182449	8422
1.0.20160913171024	4256
1.0.20160930152149	4317
1.0.20161005195021	4416
1.0.20161007181528	4298
1.0.20161122201220	4331
1.0.20161123190203	4448
1.0.20161221171240	4324
1.0.20161227200419	4439
1.0.20170217172322	5137
1.0.20170413194156	4956
1.0.20170817131858	4953
1.0.20170822192924	4282
1.0.20170828135420	4520
1.0.20170928192020	4865
1.0.20180130110340	5660
1.0.20180225105849	5465
