version	total
1.0.20160310140736	4297
1.0.20160311201238	4400
1.0.20160318153100	4359
1.0.20160323212343	4276
1.0.20160325210917	4258
1.0.20160331184641	4359
1.0.20160408133555	4370
1.0.20160413143011	4290
1.0.20160422204730	4512
1.0.20160427142240	5459
1.0.20160714182449	8575
1.0.20160913171024	4335
1.0.20160930152149	4397
1.0.20161005195021	4497
1.0.20161007181528	4379
1.0.20161122201220	4412
1.0.20161123190203	4529
1.0.20161221171240	4405
1.0.20161227200419	4508
1.0.20170217172322	5223
1.0.20170413194156	5035
1.0.20170817131858	5038
1.0.20170822192924	4362
1.0.20170828135420	4601
1.0.20170928192020	4945
1.0.20180130110340	5752
1.0.20180225105849	5560
