version	total
1.0.20160907111242	4708
1.0.20161124105442	4394
1.0.20170214185319	5841
1.0.20180209171722	5537
1.0.20180601100346	2196
1.0.20190228134645	1426
1.0.20190906212748	1741
2.0.20200220223835	1335
2.2.20210901154959	1150
2.2.20211116163652	1152
2.2.20220521103021	827
