version	total
1.0.20160907111242	4320
1.0.20161124105442	4049
1.0.20170214185319	5489
1.0.20180209171722	5074
1.0.20180601100346	1857
1.0.20190228134645	1093
1.0.20190906212748	1363
2.0.20200220223835	999
2.2.20210901154959	816
2.2.20211116163652	818
2.2.20220521103021	492
