version	total
1.0.20160310140736	2477
1.0.20160311201238	2565
1.0.20160318153100	2497
1.0.20160323212343	2487
1.0.20160325210917	2473
1.0.20160331184641	2533
1.0.20160408133555	2517
1.0.20160413143011	2528
1.0.20160422204730	2690
1.0.20160427142240	3511
1.0.20160714182449	5060
1.0.20160913171024	2509
1.0.20160930152149	2533
1.0.20161005195021	2649
1.0.20161007181528	2567
1.0.20161122201220	2528
1.0.20161123190203	2691
1.0.20161221171240	2537
1.0.20161227200419	2751
1.0.20170217172322	3284
1.0.20170413194156	3170
1.0.20170817131858	3055
1.0.20170822192924	2498
1.0.20170828135420	2728
1.0.20170928192020	3093
1.0.20180130110340	3696
1.0.20180225105849	3244
