version	total
1.0.20160907111242	4443
1.0.20161124105442	4163
1.0.20170214185319	5604
1.0.20180209171722	5222
1.0.20180601100346	1969
1.0.20190228134645	1201
1.0.20190906212748	1482
2.0.20200220223835	1110
2.2.20210901154959	927
2.2.20211116163652	929
2.2.20220521103021	603
