version	total
1.0.20160907111242	3191
1.0.20161124105442	3004
1.0.20170214185319	4411
1.0.20180209171722	3761
1.0.20180601100346	944
1.0.20190228134645	150
1.0.20190906212748	292
2.0.20200220223835	128
