version	total
1.0.20160310140736	2559
1.0.20160311201238	2647
1.0.20160318153100	2579
1.0.20160323212343	2568
1.0.20160325210917	2552
1.0.20160331184641	2615
1.0.20160408133555	2599
1.0.20160413143011	2610
1.0.20160422204730	2776
1.0.20160427142240	3601
1.0.20160714182449	5225
1.0.20160913171024	2595
1.0.20160930152149	2618
1.0.20161005195021	2733
1.0.20161007181528	2651
1.0.20161122201220	2614
1.0.20161123190203	2777
1.0.20161221171240	2621
1.0.20161227200419	2834
1.0.20170217172322	3373
1.0.20170413194156	3254
1.0.20170817131858	3145
1.0.20170822192924	2583
1.0.20170828135420	2813
1.0.20170928192020	3177
1.0.20180130110340	3784
1.0.20180225105849	3346
