version	total
1.0.20160907111242	4937
1.0.20161124105442	4611
1.0.20170214185319	6067
1.0.20180209171722	5806
1.0.20180601100346	2412
1.0.20190228134645	1636
1.0.20190906212748	2009
2.0.20200220223835	1548
2.2.20210901154959	1362
2.2.20211116163652	1363
2.2.20220521103021	1041
