version	total
1.0.20160907111242	4523
1.0.20161124105442	4233
1.0.20170214185319	5675
1.0.20180209171722	5320
1.0.20180601100346	2036
1.0.20190228134645	1270
1.0.20190906212748	1554
2.0.20200220223835	1177
2.2.20210901154959	993
2.2.20211116163652	995
2.2.20220521103021	669
