version	total
1.0.20160310140736	4931
1.0.20160311201238	5035
1.0.20160318153100	4991
1.0.20160323212343	4908
1.0.20160325210917	4897
1.0.20160331184641	4992
1.0.20160408133555	4997
1.0.20160413143011	4662
1.0.20160422204730	5097
1.0.20160427142240	6010
1.0.20160714182449	9786
1.0.20160913171024	4952
1.0.20160930152149	5028
1.0.20161005195021	5123
1.0.20161007181528	5007
1.0.20161122201220	5042
1.0.20161123190203	5159
1.0.20161221171240	5036
1.0.20161227200419	4836
1.0.20170217172322	5905
1.0.20170413194156	5661
1.0.20170817131858	5710
1.0.20170822192924	4993
1.0.20170828135420	5231
1.0.20170928192020	5575
1.0.20180130110340	6539
1.0.20180225105849	6328
