version	total
1.0.20160310140736	4498
1.0.20160311201238	4603
1.0.20160318153100	4564
1.0.20160323212343	4480
1.0.20160325210917	4463
1.0.20160331184641	4563
1.0.20160408133555	4572
1.0.20160413143011	4449
1.0.20160422204730	4707
1.0.20160427142240	5654
1.0.20160714182449	8975
1.0.20160913171024	4533
1.0.20160930152149	4600
1.0.20161005195021	4699
1.0.20161007181528	4583
1.0.20161122201220	4617
1.0.20161123190203	4733
1.0.20161221171240	4610
1.0.20161227200419	4635
1.0.20170217172322	5431
1.0.20170413194156	5238
1.0.20170817131858	5246
1.0.20170822192924	4565
1.0.20170828135420	4804
1.0.20170928192020	5148
1.0.20180130110340	6002
1.0.20180225105849	5785
