version	total
1.0.20160907111242	4654
1.0.20161124105442	4345
1.0.20170214185319	5791
1.0.20180209171722	5474
1.0.20180601100346	2148
1.0.20190228134645	1378
1.0.20190906212748	1688
2.0.20200220223835	1287
2.2.20210901154959	1102
2.2.20211116163652	1104
2.2.20220521103021	779
