version	total
1.0.20160310140736	2891
1.0.20160311201238	2980
1.0.20160318153100	2923
1.0.20160323212343	2858
1.0.20160325210917	2841
1.0.20160331184641	2943
1.0.20160408133555	2945
1.0.20160413143011	2899
1.0.20160422204730	3106
1.0.20160427142240	3944
1.0.20160714182449	5878
1.0.20160913171024	2927
1.0.20160930152149	2968
1.0.20161005195021	3068
1.0.20161007181528	2955
1.0.20161122201220	2963
1.0.20161123190203	3103
1.0.20161221171240	2969
1.0.20161227200419	3125
1.0.20170217172322	3681
1.0.20170413194156	3595
1.0.20170817131858	3491
1.0.20170822192924	2933
1.0.20170828135420	3169
1.0.20170928192020	3524
1.0.20180130110340	4100
1.0.20180225105849	3767
