version	total
1.0.20160907111242	3480
1.0.20161124105442	3277
1.0.20170214185319	4684
1.0.20180209171722	4094
1.0.20180601100346	1080
1.0.20190228134645	291
1.0.20190906212748	449
2.0.20200220223835	245
2.2.20210901154959	58
2.2.20211116163652	54
