version	total
1.0.20160310140736	4774
1.0.20160311201238	4878
1.0.20160318153100	4836
1.0.20160323212343	4752
1.0.20160325210917	4739
1.0.20160331184641	4838
1.0.20160408133555	4844
1.0.20160413143011	4588
1.0.20160422204730	4974
1.0.20160427142240	5905
1.0.20160714182449	9499
1.0.20160913171024	4803
1.0.20160930152149	4874
1.0.20161005195021	4970
1.0.20161007181528	4853
1.0.20161122201220	4891
1.0.20161123190203	5005
1.0.20161221171240	4884
1.0.20161227200419	4771
1.0.20170217172322	5729
1.0.20170413194156	5508
1.0.20170817131858	5543
1.0.20170822192924	4840
1.0.20170828135420	5081
1.0.20170928192020	5420
1.0.20180130110340	6344
1.0.20180225105849	6122
