version	total
1.0.20160907111242	5389
1.0.20161124105442	5054
1.0.20170214185319	6520
1.0.20180209171722	6293
1.0.20180601100346	2858
1.0.20190228134645	2082
1.0.20190906212748	2545
2.0.20200220223835	1993
2.2.20210901154959	1805
2.2.20211116163652	1807
2.2.20220521103021	1490
