version	total
1.0.20160907111242	3342
1.0.20161124105442	3149
1.0.20170214185319	4554
1.0.20180209171722	3928
1.0.20180601100346	1018
1.0.20190228134645	229
1.0.20190906212748	374
2.0.20200220223835	207
2.2.20210901154959	16
