version	total
1.0.20160907111242	4371
1.0.20161124105442	4092
1.0.20170214185319	5534
1.0.20180209171722	5136
1.0.20180601100346	1900
1.0.20190228134645	1133
1.0.20190906212748	1405
2.0.20200220223835	1039
2.2.20210901154959	858
2.2.20211116163652	860
2.2.20220521103021	534
