version	total
1.0.20160907111242	3927
1.0.20161124105442	3692
1.0.20170214185319	5128
1.0.20180209171722	4611
1.0.20180601100346	1498
1.0.20190228134645	736
1.0.20190906212748	937
2.0.20200220223835	643
2.2.20210901154959	459
2.2.20211116163652	463
2.2.20220521103021	135
