version	total
1.0.20160310140736	3694
1.0.20160311201238	3785
1.0.20160318153100	3743
1.0.20160323212343	3666
1.0.20160325210917	3647
1.0.20160331184641	3749
1.0.20160408133555	3763
1.0.20160413143011	3702
1.0.20160422204730	3907
1.0.20160427142240	4825
1.0.20160714182449	7413
1.0.20160913171024	3728
1.0.20160930152149	3790
1.0.20161005195021	3879
1.0.20161007181528	3767
1.0.20161122201220	3789
1.0.20161123190203	3917
1.0.20161221171240	3792
1.0.20161227200419	3930
1.0.20170217172322	4574
1.0.20170413194156	4418
1.0.20170817131858	4387
1.0.20170822192924	3751
1.0.20170828135420	3992
1.0.20170928192020	4341
1.0.20180130110340	5027
1.0.20180225105849	4825
