version	total
1.0.20160907111242	3241
1.0.20161124105442	3054
1.0.20170214185319	4461
1.0.20180209171722	3819
1.0.20180601100346	971
1.0.20190228134645	177
1.0.20190906212748	322
2.0.20200220223835	155
