version	total
1.0.20160907111242	4704
1.0.20161124105442	4391
1.0.20170214185319	5838
1.0.20180209171722	5531
1.0.20180601100346	2193
1.0.20190228134645	1423
1.0.20190906212748	1738
2.0.20200220223835	1332
2.2.20210901154959	1147
2.2.20211116163652	1149
2.2.20220521103021	824
