version	total
1.0.20160310140736	3011
1.0.20160311201238	3097
1.0.20160318153100	3050
1.0.20160323212343	2978
1.0.20160325210917	2959
1.0.20160331184641	3061
1.0.20160408133555	3073
1.0.20160413143011	3020
1.0.20160422204730	3225
1.0.20160427142240	4073
1.0.20160714182449	6108
1.0.20160913171024	3044
1.0.20160930152149	3098
1.0.20161005195021	3185
1.0.20161007181528	3075
1.0.20161122201220	3092
1.0.20161123190203	3224
1.0.20161221171240	3098
1.0.20161227200419	3247
1.0.20170217172322	3812
1.0.20170413194156	3722
1.0.20170817131858	3624
1.0.20170822192924	3063
1.0.20170828135420	3297
1.0.20170928192020	3653
1.0.20180130110340	4234
1.0.20180225105849	3922
