version	total
1.0.20160907111242	3510
1.0.20161124105442	3305
1.0.20170214185319	4711
1.0.20180209171722	4123
1.0.20180601100346	1106
1.0.20190228134645	319
1.0.20190906212748	478
2.0.20200220223835	261
2.2.20210901154959	74
2.2.20211116163652	79
