version	total
1.0.20160907111242	3282
1.0.20161124105442	3094
1.0.20170214185319	4501
1.0.20180209171722	3864
1.0.20180601100346	990
1.0.20190228134645	197
1.0.20190906212748	343
2.0.20200220223835	176
