version	total
1.0.20160907111242	4979
1.0.20161124105442	4653
1.0.20170214185319	6109
1.0.20180209171722	5854
1.0.20180601100346	2451
1.0.20190228134645	1674
1.0.20190906212748	2054
2.0.20200220223835	1584
2.2.20210901154959	1398
2.2.20211116163652	1401
2.2.20220521103021	1079
