version	total
1.0.20160907111242	5864
1.0.20161124105442	5463
1.0.20170214185319	6949
1.0.20180209171722	6817
1.0.20180601100346	3276
1.0.20190228134645	2498
1.0.20190906212748	3073
2.0.20200220223835	2409
2.2.20210901154959	2221
2.2.20211116163652	2223
2.2.20220521103021	1913
