version	total
1.0.20160310140736	4043
1.0.20160311201238	4142
1.0.20160318153100	4102
1.0.20160323212343	4022
1.0.20160325210917	4004
1.0.20160331184641	4103
1.0.20160408133555	4116
1.0.20160413143011	4044
1.0.20160422204730	4259
1.0.20160427142240	5198
1.0.20160714182449	8083
1.0.20160913171024	4080
1.0.20160930152149	4141
1.0.20161005195021	4242
1.0.20161007181528	4123
1.0.20161122201220	4153
1.0.20161123190203	4272
1.0.20161221171240	4149
1.0.20161227200419	4270
1.0.20170217172322	4958
1.0.20170413194156	4779
1.0.20170817131858	4773
1.0.20170822192924	4107
1.0.20170828135420	4344
1.0.20170928192020	4691
1.0.20180130110340	5457
1.0.20180225105849	5274
