version	total
1.0.20160310140736	3864
1.0.20160311201238	3957
1.0.20160318153100	3915
1.0.20160323212343	3837
1.0.20160325210917	3818
1.0.20160331184641	3920
1.0.20160408133555	3932
1.0.20160413143011	3870
1.0.20160422204730	4077
1.0.20160427142240	5009
1.0.20160714182449	7738
1.0.20160913171024	3898
1.0.20160930152149	3960
1.0.20161005195021	4051
1.0.20161007181528	3938
1.0.20161122201220	3965
1.0.20161123190203	4089
1.0.20161221171240	3964
1.0.20161227200419	4098
1.0.20170217172322	4760
1.0.20170413194156	4589
1.0.20170817131858	4574
1.0.20170822192924	3922
1.0.20170828135420	4161
1.0.20170928192020	4511
1.0.20180130110340	5232
1.0.20180225105849	5045
