version	total
1.0.20160310140736	4118
1.0.20160311201238	4218
1.0.20160318153100	4177
1.0.20160323212343	4095
1.0.20160325210917	4077
1.0.20160331184641	4178
1.0.20160408133555	4189
1.0.20160413143011	4118
1.0.20160422204730	4334
1.0.20160427142240	5274
1.0.20160714182449	8223
1.0.20160913171024	4156
1.0.20160930152149	4216
1.0.20161005195021	4317
1.0.20161007181528	4197
1.0.20161122201220	4230
1.0.20161123190203	4348
1.0.20161221171240	4224
1.0.20161227200419	4344
1.0.20170217172322	5033
1.0.20170413194156	4854
1.0.20170817131858	4850
1.0.20170822192924	4181
1.0.20170828135420	4419
1.0.20170928192020	4765
1.0.20180130110340	5546
1.0.20180225105849	5356
