version	total
1.0.20160310140736	3642
1.0.20160311201238	3732
1.0.20160318153100	3690
1.0.20160323212343	3613
1.0.20160325210917	3594
1.0.20160331184641	3696
1.0.20160408133555	3712
1.0.20160413143011	3650
1.0.20160422204730	3854
1.0.20160427142240	4762
1.0.20160714182449	7318
1.0.20160913171024	3676
1.0.20160930152149	3740
1.0.20161005195021	3826
1.0.20161007181528	3712
1.0.20161122201220	3735
1.0.20161123190203	3863
1.0.20161221171240	3738
1.0.20161227200419	3878
1.0.20170217172322	4511
1.0.20170413194156	4365
1.0.20170817131858	4325
1.0.20170822192924	3698
1.0.20170828135420	3939
1.0.20170928192020	4288
1.0.20180130110340	4967
1.0.20180225105849	4745
