version	total
1.0.20160310140736	2646
1.0.20160311201238	2740
1.0.20160318153100	2668
1.0.20160323212343	2656
1.0.20160325210917	2639
1.0.20160331184641	2703
1.0.20160408133555	2689
1.0.20160413143011	2697
1.0.20160422204730	2865
1.0.20160427142240	3693
1.0.20160714182449	5396
1.0.20160913171024	2686
1.0.20160930152149	2708
1.0.20161005195021	2824
1.0.20161007181528	2741
1.0.20161122201220	2703
1.0.20161123190203	2866
1.0.20161221171240	2711
1.0.20161227200419	2921
1.0.20170217172322	3463
1.0.20170413194156	3341
1.0.20170817131858	3241
1.0.20170822192924	2672
1.0.20170828135420	2904
1.0.20170928192020	3266
1.0.20180130110340	3883
1.0.20180225105849	3455
