version	total
1.0.20160907111242	4964
1.0.20161124105442	4638
1.0.20170214185319	6094
1.0.20180209171722	5836
1.0.20180601100346	2435
1.0.20190228134645	1658
1.0.20190906212748	2039
2.0.20200220223835	1569
2.2.20210901154959	1384
2.2.20211116163652	1386
2.2.20220521103021	1064
