version	total
1.0.20160310140736	4000
1.0.20160311201238	4099
1.0.20160318153100	4059
1.0.20160323212343	3979
1.0.20160325210917	3961
1.0.20160331184641	4060
1.0.20160408133555	4073
1.0.20160413143011	4002
1.0.20160422204730	4217
1.0.20160427142240	5155
1.0.20160714182449	7998
1.0.20160913171024	4037
1.0.20160930152149	4098
1.0.20161005195021	4199
1.0.20161007181528	4080
1.0.20161122201220	4110
1.0.20161123190203	4229
1.0.20161221171240	4106
1.0.20161227200419	4228
1.0.20170217172322	4914
1.0.20170413194156	4736
1.0.20170817131858	4729
1.0.20170822192924	4063
1.0.20170828135420	4301
1.0.20170928192020	4648
1.0.20180130110340	5399
1.0.20180225105849	5226
