version	total
1.0.20160907111242	4346
1.0.20161124105442	4071
1.0.20170214185319	5511
1.0.20180209171722	5101
1.0.20180601100346	1879
1.0.20190228134645	1114
1.0.20190906212748	1384
2.0.20200220223835	1020
2.2.20210901154959	837
2.2.20211116163652	839
2.2.20220521103021	513
