version	total
1.0.20160907111242	4391
1.0.20161124105442	4113
1.0.20170214185319	5553
1.0.20180209171722	5162
1.0.20180601100346	1919
1.0.20190228134645	1152
1.0.20190906212748	1426
2.0.20200220223835	1059
2.2.20210901154959	877
2.2.20211116163652	879
2.2.20220521103021	553
