version	total
1.0.20160907111242	3716
1.0.20161124105442	3499
1.0.20170214185319	4925
1.0.20180209171722	4358
1.0.20180601100346	1303
1.0.20190228134645	536
1.0.20190906212748	710
2.0.20200220223835	455
2.2.20210901154959	272
2.2.20211116163652	275
