version	total
1.0.20160907111242	3561
1.0.20161124105442	3356
1.0.20170214185319	4764
1.0.20180209171722	4185
1.0.20180601100346	1159
1.0.20190228134645	376
1.0.20190906212748	535
2.0.20200220223835	314
2.2.20210901154959	128
2.2.20211116163652	133
