version	total
1.0.20160907111242	5118
1.0.20161124105442	4791
1.0.20170214185319	6244
1.0.20180209171722	6001
1.0.20180601100346	2585
1.0.20190228134645	1812
1.0.20190906212748	2211
2.0.20200220223835	1721
2.2.20210901154959	1534
2.2.20211116163652	1536
2.2.20220521103021	1216
