version	total
1.0.20160907111242	4742
1.0.20161124105442	4430
1.0.20170214185319	5876
1.0.20180209171722	5573
1.0.20180601100346	2231
1.0.20190228134645	1459
1.0.20190906212748	1788
2.0.20200220223835	1369
2.2.20210901154959	1184
2.2.20211116163652	1186
2.2.20220521103021	861
