version	total
1.0.20160907111242	3579
1.0.20161124105442	3372
1.0.20170214185319	4782
1.0.20180209171722	4203
1.0.20180601100346	1177
1.0.20190228134645	394
1.0.20190906212748	554
2.0.20200220223835	330
2.2.20210901154959	144
2.2.20211116163652	149
