version	total
1.0.20160907111242	5331
1.0.20161124105442	4998
1.0.20170214185319	6461
1.0.20180209171722	6233
1.0.20180601100346	2799
1.0.20190228134645	2025
1.0.20190906212748	2463
2.0.20200220223835	1936
2.2.20210901154959	1749
2.2.20211116163652	1750
2.2.20220521103021	1431
