version	total
1.0.20160907111242	5933
1.0.20161124105442	5509
1.0.20170214185319	7013
1.0.20180209171722	6908
1.0.20180601100346	3341
1.0.20190228134645	2561
1.0.20190906212748	3172
2.0.20200220223835	2471
2.2.20210901154959	2284
2.2.20211116163652	2285
2.2.20220521103021	1975
