version	total
1.0.20160907111242	4229
1.0.20161124105442	3966
1.0.20170214185319	5402
1.0.20180209171722	4971
1.0.20180601100346	1769
1.0.20190228134645	1007
1.0.20190906212748	1268
2.0.20200220223835	914
2.2.20210901154959	731
2.2.20211116163652	733
2.2.20220521103021	407
