version	total
1.0.20160907111242	5618
1.0.20161124105442	5264
1.0.20170214185319	6734
1.0.20180209171722	6536
1.0.20180601100346	3069
1.0.20190228134645	2292
1.0.20190906212748	2805
2.0.20200220223835	2203
2.2.20210901154959	2015
2.2.20211116163652	2016
2.2.20220521103021	1700
