version	total
1.0.20160907111242	5675
1.0.20161124105442	5308
1.0.20170214185319	6780
1.0.20180209171722	6600
1.0.20180601100346	3111
1.0.20190228134645	2333
1.0.20190906212748	2860
2.0.20200220223835	2245
2.2.20210901154959	2057
2.2.20211116163652	2057
2.2.20220521103021	1743
