version	total
1.0.20160907111242	4328
1.0.20161124105442	4057
1.0.20170214185319	5497
1.0.20180209171722	5082
1.0.20180601100346	1866
1.0.20190228134645	1101
1.0.20190906212748	1371
2.0.20200220223835	1007
2.2.20210901154959	824
2.2.20211116163652	826
2.2.20220521103021	500
