version	total
1.0.20160907111242	5098
1.0.20161124105442	4772
1.0.20170214185319	6227
1.0.20180209171722	5977
1.0.20180601100346	2568
1.0.20190228134645	1793
1.0.20190906212748	2190
2.0.20200220223835	1703
2.2.20210901154959	1515
2.2.20211116163652	1519
2.2.20220521103021	1199
