version	total
1.0.20160907111242	5273
1.0.20161124105442	4941
1.0.20170214185319	6406
1.0.20180209171722	6173
1.0.20180601100346	2744
1.0.20190228134645	1970
1.0.20190906212748	2396
2.0.20200220223835	1879
2.2.20210901154959	1692
2.2.20211116163652	1693
2.2.20220521103021	1376
