version	total
1.0.20160907111242	3526
1.0.20161124105442	3321
1.0.20170214185319	4729
1.0.20180209171722	4148
1.0.20180601100346	1125
1.0.20190228134645	338
1.0.20190906212748	498
2.0.20200220223835	280
2.2.20210901154959	94
2.2.20211116163652	99
