version	total
1.0.20160907111242	4188
1.0.20161124105442	3926
1.0.20170214185319	5362
1.0.20180209171722	4928
1.0.20180601100346	1731
1.0.20190228134645	967
1.0.20190906212748	1218
2.0.20200220223835	874
2.2.20210901154959	691
2.2.20211116163652	693
2.2.20220521103021	367
