version	total
1.0.20160907111242	4841
1.0.20161124105442	4516
1.0.20170214185319	5971
1.0.20180209171722	5703
1.0.20180601100346	2324
1.0.20190228134645	1550
1.0.20190906212748	1896
2.0.20200220223835	1461
2.2.20210901154959	1275
2.2.20211116163652	1276
2.2.20220521103021	953
