version	total
1.0.20160310140736	4307
1.0.20160311201238	4410
1.0.20160318153100	4369
1.0.20160323212343	4286
1.0.20160325210917	4268
1.0.20160331184641	4369
1.0.20160408133555	4380
1.0.20160413143011	4300
1.0.20160422204730	4522
1.0.20160427142240	5469
1.0.20160714182449	8595
1.0.20160913171024	4345
1.0.20160930152149	4407
1.0.20161005195021	4507
1.0.20161007181528	4389
1.0.20161122201220	4422
1.0.20161123190203	4539
1.0.20161221171240	4415
1.0.20161227200419	4518
1.0.20170217172322	5233
1.0.20170413194156	5045
1.0.20170817131858	5048
1.0.20170822192924	4372
1.0.20170828135420	4611
1.0.20170928192020	4955
1.0.20180130110340	5763
1.0.20180225105849	5570
