version	total
1.0.20160310140736	3531
1.0.20160311201238	3619
1.0.20160318153100	3577
1.0.20160323212343	3499
1.0.20160325210917	3480
1.0.20160331184641	3583
1.0.20160408133555	3599
1.0.20160413143011	3538
1.0.20160422204730	3742
1.0.20160427142240	4640
1.0.20160714182449	7104
1.0.20160913171024	3563
1.0.20160930152149	3625
1.0.20161005195021	3711
1.0.20161007181528	3599
1.0.20161122201220	3621
1.0.20161123190203	3749
1.0.20161221171240	3624
1.0.20161227200419	3765
1.0.20170217172322	4385
1.0.20170413194156	4251
1.0.20170817131858	4199
1.0.20170822192924	3586
1.0.20170828135420	3825
1.0.20170928192020	4176
1.0.20180130110340	4841
1.0.20180225105849	4599
