version	total
1.0.20160907111242	3595
1.0.20161124105442	3388
1.0.20170214185319	4798
1.0.20180209171722	4221
1.0.20180601100346	1194
1.0.20190228134645	413
1.0.20190906212748	572
2.0.20200220223835	345
2.2.20210901154959	161
2.2.20211116163652	166
