version	total
1.0.20160907111242	4447
1.0.20161124105442	4167
1.0.20170214185319	5608
1.0.20180209171722	5226
1.0.20180601100346	1973
1.0.20190228134645	1205
1.0.20190906212748	1486
2.0.20200220223835	1113
2.2.20210901154959	929
2.2.20211116163652	933
2.2.20220521103021	607
