version	total
1.0.20160907111242	5785
1.0.20161124105442	5406
1.0.20170214185319	6882
1.0.20180209171722	6728
1.0.20180601100346	3213
1.0.20190228134645	2435
1.0.20190906212748	2999
2.0.20200220223835	2345
2.2.20210901154959	2157
2.2.20211116163652	2159
2.2.20220521103021	1849
