version	total
1.0.20160907111242	5580
1.0.20161124105442	5231
1.0.20170214185319	6699
1.0.20180209171722	6496
1.0.20180601100346	3034
1.0.20190228134645	2256
1.0.20190906212748	2760
2.0.20200220223835	2167
2.2.20210901154959	1980
2.2.20211116163652	1981
2.2.20220521103021	1665
