version	total
1.0.20160310140736	4104
1.0.20160311201238	4204
1.0.20160318153100	4163
1.0.20160323212343	4081
1.0.20160325210917	4063
1.0.20160331184641	4164
1.0.20160408133555	4176
1.0.20160413143011	4104
1.0.20160422204730	4320
1.0.20160427142240	5260
1.0.20160714182449	8195
1.0.20160913171024	4142
1.0.20160930152149	4202
1.0.20161005195021	4303
1.0.20161007181528	4183
1.0.20161122201220	4216
1.0.20161123190203	4334
1.0.20161221171240	4210
1.0.20161227200419	4330
1.0.20170217172322	5019
1.0.20170413194156	4840
1.0.20170817131858	4836
1.0.20170822192924	4168
1.0.20170828135420	4405
1.0.20170928192020	4752
1.0.20180130110340	5528
1.0.20180225105849	5342
