version	total
1.0.20160310140736	2440
1.0.20160311201238	2529
1.0.20160318153100	2461
1.0.20160323212343	2451
1.0.20160325210917	2437
1.0.20160331184641	2497
1.0.20160408133555	2481
1.0.20160413143011	2492
1.0.20160422204730	2654
1.0.20160427142240	3472
1.0.20160714182449	4990
1.0.20160913171024	2473
1.0.20160930152149	2497
1.0.20161005195021	2613
1.0.20161007181528	2531
1.0.20161122201220	2492
1.0.20161123190203	2655
1.0.20161221171240	2500
1.0.20161227200419	2715
1.0.20170217172322	3245
1.0.20170413194156	3134
1.0.20170817131858	3016
1.0.20170822192924	2461
1.0.20170828135420	2691
1.0.20170928192020	3057
1.0.20180130110340	3658
1.0.20180225105849	3199
