version	total
1.0.20160907111242	3235
1.0.20161124105442	3048
1.0.20170214185319	4455
1.0.20180209171722	3813
1.0.20180601100346	968
1.0.20190228134645	174
1.0.20190906212748	319
2.0.20200220223835	152
