version	total
1.0.20160907111242	5841
1.0.20161124105442	5444
1.0.20170214185319	6926
1.0.20180209171722	6788
1.0.20180601100346	3254
1.0.20190228134645	2476
1.0.20190906212748	3047
2.0.20200220223835	2387
2.2.20210901154959	2199
2.2.20211116163652	2201
2.2.20220521103021	1891
