version	total
1.0.20160907111242	5013
1.0.20161124105442	4687
1.0.20170214185319	6141
1.0.20180209171722	5888
1.0.20180601100346	2483
1.0.20190228134645	1707
1.0.20190906212748	2093
2.0.20200220223835	1617
2.2.20210901154959	1431
2.2.20211116163652	1434
2.2.20220521103021	1112
