version	total
1.0.20160907111242	5254
1.0.20161124105442	4923
1.0.20170214185319	6383
1.0.20180209171722	6150
1.0.20180601100346	2721
1.0.20190228134645	1947
1.0.20190906212748	2368
2.0.20200220223835	1856
2.2.20210901154959	1669
2.2.20211116163652	1670
2.2.20220521103021	1353
