version	total
1.0.20160310140736	2500
1.0.20160311201238	2588
1.0.20160318153100	2520
1.0.20160323212343	2511
1.0.20160325210917	2495
1.0.20160331184641	2556
1.0.20160408133555	2540
1.0.20160413143011	2553
1.0.20160422204730	2716
1.0.20160427142240	3538
1.0.20160714182449	5108
1.0.20160913171024	2532
1.0.20160930152149	2556
1.0.20161005195021	2672
1.0.20161007181528	2593
1.0.20161122201220	2553
1.0.20161123190203	2716
1.0.20161221171240	2562
1.0.20161227200419	2774
1.0.20170217172322	3312
1.0.20170413194156	3193
1.0.20170817131858	3079
1.0.20170822192924	2521
1.0.20170828135420	2754
1.0.20170928192020	3115
1.0.20180130110340	3720
1.0.20180225105849	3274
