version	total
1.0.20160907111242	5142
1.0.20161124105442	4813
1.0.20170214185319	6271
1.0.20180209171722	6027
1.0.20180601100346	2612
1.0.20190228134645	1837
1.0.20190906212748	2238
2.0.20200220223835	1746
2.2.20210901154959	1559
2.2.20211116163652	1563
2.2.20220521103021	1244
