version	total
1.0.20160310140736	3382
1.0.20160311201238	3464
1.0.20160318153100	3423
1.0.20160323212343	3345
1.0.20160325210917	3326
1.0.20160331184641	3428
1.0.20160408133555	3447
1.0.20160413143011	3389
1.0.20160422204730	3593
1.0.20160427142240	4481
1.0.20160714182449	6815
1.0.20160913171024	3414
1.0.20160930152149	3473
1.0.20161005195021	3556
1.0.20161007181528	3444
1.0.20161122201220	3467
1.0.20161123190203	3594
1.0.20161221171240	3470
1.0.20161227200419	3616
1.0.20170217172322	4221
1.0.20170413194156	4100
1.0.20170817131858	4034
1.0.20170822192924	3436
1.0.20170828135420	3673
1.0.20170928192020	4026
1.0.20180130110340	4671
1.0.20180225105849	4412
