version	total
1.0.20160907111242	5652
1.0.20161124105442	5291
1.0.20170214185319	6762
1.0.20180209171722	6577
1.0.20180601100346	3094
1.0.20190228134645	2316
1.0.20190906212748	2834
2.0.20200220223835	2228
2.2.20210901154959	2040
2.2.20211116163652	2040
2.2.20220521103021	1725
