version	total
1.0.20160907111242	4212
1.0.20161124105442	3950
1.0.20170214185319	5386
1.0.20180209171722	4952
1.0.20180601100346	1754
1.0.20190228134645	991
1.0.20190906212748	1248
2.0.20200220223835	898
2.2.20210901154959	715
2.2.20211116163652	717
2.2.20220521103021	391
