version	total
1.0.20160310140736	2878
1.0.20160311201238	2967
1.0.20160318153100	2909
1.0.20160323212343	2846
1.0.20160325210917	2830
1.0.20160331184641	2931
1.0.20160408133555	2931
1.0.20160413143011	2887
1.0.20160422204730	3094
1.0.20160427142240	3931
1.0.20160714182449	5852
1.0.20160913171024	2914
1.0.20160930152149	2954
1.0.20161005195021	3053
1.0.20161007181528	2943
1.0.20161122201220	2949
1.0.20161123190203	3091
1.0.20161221171240	2954
1.0.20161227200419	3114
1.0.20170217172322	3668
1.0.20170413194156	3580
1.0.20170817131858	3478
1.0.20170822192924	2919
1.0.20170828135420	3155
1.0.20170928192020	3509
1.0.20180130110340	4086
1.0.20180225105849	3751
