version	total
1.0.20160907111242	4676
1.0.20161124105442	4366
1.0.20170214185319	5812
1.0.20180209171722	5498
1.0.20180601100346	2169
1.0.20190228134645	1399
1.0.20190906212748	1713
2.0.20200220223835	1308
2.2.20210901154959	1123
2.2.20211116163652	1125
2.2.20220521103021	800
