version	total
1.0.20160907111242	5931
1.0.20161124105442	5507
1.0.20170214185319	7011
1.0.20180209171722	6906
1.0.20180601100346	3338
1.0.20190228134645	2559
1.0.20190906212748	3167
2.0.20200220223835	2469
2.2.20210901154959	2282
2.2.20211116163652	2283
2.2.20220521103021	1973
