version	total
1.0.20160310140736	4570
1.0.20160311201238	4675
1.0.20160318153100	4635
1.0.20160323212343	4553
1.0.20160325210917	4535
1.0.20160331184641	4634
1.0.20160408133555	4644
1.0.20160413143011	4489
1.0.20160422204730	4779
1.0.20160427142240	5729
1.0.20160714182449	9113
1.0.20160913171024	4605
1.0.20160930152149	4672
1.0.20161005195021	4771
1.0.20161007181528	4654
1.0.20161122201220	4689
1.0.20161123190203	4803
1.0.20161221171240	4681
1.0.20161227200419	4672
1.0.20170217172322	5509
1.0.20170413194156	5308
1.0.20170817131858	5324
1.0.20170822192924	4637
1.0.20170828135420	4875
1.0.20170928192020	5220
1.0.20180130110340	6088
1.0.20180225105849	5871
