version	total
1.0.20160907111242	4529
1.0.20161124105442	4239
1.0.20170214185319	5681
1.0.20180209171722	5326
1.0.20180601100346	2043
1.0.20190228134645	1276
1.0.20190906212748	1562
2.0.20200220223835	1183
2.2.20210901154959	999
2.2.20211116163652	1001
2.2.20220521103021	675
