version	total
1.0.20160310140736	3825
1.0.20160311201238	3918
1.0.20160318153100	3876
1.0.20160323212343	3798
1.0.20160325210917	3779
1.0.20160331184641	3881
1.0.20160408133555	3895
1.0.20160413143011	3833
1.0.20160422204730	4038
1.0.20160427142240	4970
1.0.20160714182449	7661
1.0.20160913171024	3859
1.0.20160930152149	3922
1.0.20161005195021	4012
1.0.20161007181528	3899
1.0.20161122201220	3924
1.0.20161123190203	4050
1.0.20161221171240	3925
1.0.20161227200419	4061
1.0.20170217172322	4719
1.0.20170413194156	4550
1.0.20170817131858	4534
1.0.20170822192924	3882
1.0.20170828135420	4123
1.0.20170928192020	4472
1.0.20180130110340	5183
1.0.20180225105849	4997
