version	total
1.0.20160907111242	5001
1.0.20161124105442	4675
1.0.20170214185319	6129
1.0.20180209171722	5876
1.0.20180601100346	2471
1.0.20190228134645	1695
1.0.20190906212748	2079
2.0.20200220223835	1605
2.2.20210901154959	1418
2.2.20211116163652	1422
2.2.20220521103021	1100
