version	total
1.0.20160907111242	3352
1.0.20161124105442	3159
1.0.20170214185319	4564
1.0.20180209171722	3938
1.0.20180601100346	1018
1.0.20190228134645	229
1.0.20190906212748	374
2.0.20200220223835	207
2.2.20210901154959	16
