version	total
1.0.20160907111242	4974
1.0.20161124105442	4648
1.0.20170214185319	6104
1.0.20180209171722	5846
1.0.20180601100346	2446
1.0.20190228134645	1669
1.0.20190906212748	2049
2.0.20200220223835	1579
2.2.20210901154959	1394
2.2.20211116163652	1396
2.2.20220521103021	1074
