version	total
1.0.20160310140736	4247
1.0.20160311201238	4350
1.0.20160318153100	4309
1.0.20160323212343	4226
1.0.20160325210917	4208
1.0.20160331184641	4309
1.0.20160408133555	4321
1.0.20160413143011	4242
1.0.20160422204730	4462
1.0.20160427142240	5406
1.0.20160714182449	8478
1.0.20160913171024	4285
1.0.20160930152149	4347
1.0.20161005195021	4447
1.0.20161007181528	4329
1.0.20161122201220	4362
1.0.20161123190203	4479
1.0.20161221171240	4355
1.0.20161227200419	4462
1.0.20170217172322	5170
1.0.20170413194156	4985
1.0.20170817131858	4986
1.0.20170822192924	4312
1.0.20170828135420	4551
1.0.20170928192020	4895
1.0.20180130110340	5696
1.0.20180225105849	5502
