version	total
1.0.20160907111242	3072
1.0.20161124105442	2887
1.0.20170214185319	4294
1.0.20180209171722	3626
1.0.20180601100346	881
1.0.20190228134645	87
1.0.20190906212748	222
2.0.20200220223835	66
