version	total
1.0.20160907111242	3650
1.0.20161124105442	3441
1.0.20170214185319	4861
1.0.20180209171722	4282
1.0.20180601100346	1245
1.0.20190228134645	476
1.0.20190906212748	643
2.0.20200220223835	399
2.2.20210901154959	215
2.2.20211116163652	219
