version	total
1.0.20160907111242	5025
1.0.20161124105442	4699
1.0.20170214185319	6154
1.0.20180209171722	5902
1.0.20180601100346	2495
1.0.20190228134645	1720
1.0.20190906212748	2105
2.0.20200220223835	1629
2.2.20210901154959	1442
2.2.20211116163652	1446
2.2.20220521103021	1125
