version	total
1.0.20160907111242	4901
1.0.20161124105442	4575
1.0.20170214185319	6030
1.0.20180209171722	5765
1.0.20180601100346	2375
1.0.20190228134645	1601
1.0.20190906212748	1959
2.0.20200220223835	1512
2.2.20210901154959	1326
2.2.20211116163652	1327
2.2.20220521103021	1004
