version	total
1.0.20160310140736	4030
1.0.20160311201238	4129
1.0.20160318153100	4089
1.0.20160323212343	4009
1.0.20160325210917	3991
1.0.20160331184641	4090
1.0.20160408133555	4103
1.0.20160413143011	4031
1.0.20160422204730	4246
1.0.20160427142240	5185
1.0.20160714182449	8057
1.0.20160913171024	4067
1.0.20160930152149	4128
1.0.20161005195021	4229
1.0.20161007181528	4110
1.0.20161122201220	4140
1.0.20161123190203	4259
1.0.20161221171240	4136
1.0.20161227200419	4257
1.0.20170217172322	4945
1.0.20170413194156	4766
1.0.20170817131858	4760
1.0.20170822192924	4094
1.0.20170828135420	4331
1.0.20170928192020	4678
1.0.20180130110340	5438
1.0.20180225105849	5261
