version	total
1.0.20160907111242	5903
1.0.20161124105442	5492
1.0.20170214185319	6986
1.0.20180209171722	6862
1.0.20180601100346	3313
1.0.20190228134645	2536
1.0.20190906212748	3130
2.0.20200220223835	2446
2.2.20210901154959	2258
2.2.20211116163652	2259
2.2.20220521103021	1949
