version	total
1.0.20160310140736	3315
1.0.20160311201238	3399
1.0.20160318153100	3356
1.0.20160323212343	3278
1.0.20160325210917	3259
1.0.20160331184641	3361
1.0.20160408133555	3380
1.0.20160413143011	3322
1.0.20160422204730	3526
1.0.20160427142240	4407
1.0.20160714182449	6688
1.0.20160913171024	3347
1.0.20160930152149	3406
1.0.20161005195021	3491
1.0.20161007181528	3377
1.0.20161122201220	3400
1.0.20161123190203	3527
1.0.20161221171240	3403
1.0.20161227200419	3549
1.0.20170217172322	4147
1.0.20170413194156	4033
1.0.20170817131858	3960
1.0.20170822192924	3369
1.0.20170828135420	3606
1.0.20170928192020	3959
1.0.20180130110340	4594
1.0.20180225105849	4325
