version	total
1.0.20160310140736	4313
1.0.20160311201238	4416
1.0.20160318153100	4375
1.0.20160323212343	4292
1.0.20160325210917	4274
1.0.20160331184641	4375
1.0.20160408133555	4386
1.0.20160413143011	4305
1.0.20160422204730	4528
1.0.20160427142240	5474
1.0.20160714182449	8607
1.0.20160913171024	4351
1.0.20160930152149	4413
1.0.20161005195021	4513
1.0.20161007181528	4395
1.0.20161122201220	4428
1.0.20161123190203	4545
1.0.20161221171240	4421
1.0.20161227200419	4522
1.0.20170217172322	5239
1.0.20170413194156	5051
1.0.20170817131858	5054
1.0.20170822192924	4378
1.0.20170828135420	4617
1.0.20170928192020	4961
1.0.20180130110340	5770
1.0.20180225105849	5576
