version	total
1.0.20160310140736	4907
1.0.20160311201238	5009
1.0.20160318153100	4965
1.0.20160323212343	4882
1.0.20160325210917	4872
1.0.20160331184641	4967
1.0.20160408133555	4973
1.0.20160413143011	4653
1.0.20160422204730	5084
1.0.20160427142240	5998
1.0.20160714182449	9744
1.0.20160913171024	4931
1.0.20160930152149	5003
1.0.20161005195021	5097
1.0.20161007181528	4982
1.0.20161122201220	5017
1.0.20161123190203	5134
1.0.20161221171240	5011
1.0.20161227200419	4829
1.0.20170217172322	5878
1.0.20170413194156	5638
1.0.20170817131858	5684
1.0.20170822192924	4969
1.0.20170828135420	5206
1.0.20170928192020	5550
1.0.20180130110340	6510
1.0.20180225105849	6297
