version	total
1.0.20160907111242	5144
1.0.20161124105442	4815
1.0.20170214185319	6273
1.0.20180209171722	6029
1.0.20180601100346	2614
1.0.20190228134645	1839
1.0.20190906212748	2241
2.0.20200220223835	1748
2.2.20210901154959	1561
2.2.20211116163652	1565
2.2.20220521103021	1246
