version	total
1.0.20160907111242	5436
1.0.20161124105442	5100
1.0.20170214185319	6566
1.0.20180209171722	6345
1.0.20180601100346	2904
1.0.20190228134645	2127
1.0.20190906212748	2594
2.0.20200220223835	2039
2.2.20210901154959	1851
2.2.20211116163652	1852
2.2.20220521103021	1535
