version	total
1.0.20160907111242	4594
1.0.20161124105442	4293
1.0.20170214185319	5737
1.0.20180209171722	5404
1.0.20180601100346	2098
1.0.20190228134645	1329
1.0.20190906212748	1628
2.0.20200220223835	1237
2.2.20210901154959	1052
2.2.20211116163652	1054
2.2.20220521103021	729
