version	total
1.0.20160907111242	4903
1.0.20161124105442	4577
1.0.20170214185319	6032
1.0.20180209171722	5767
1.0.20180601100346	2377
1.0.20190228134645	1603
1.0.20190906212748	1961
2.0.20200220223835	1514
2.2.20210901154959	1328
2.2.20211116163652	1329
2.2.20220521103021	1006
