version	total
1.0.20160907111242	5337
1.0.20161124105442	5004
1.0.20170214185319	6467
1.0.20180209171722	6239
1.0.20180601100346	2805
1.0.20190228134645	2031
1.0.20190906212748	2469
2.0.20200220223835	1942
2.2.20210901154959	1755
2.2.20211116163652	1756
2.2.20220521103021	1437
