version	total
1.0.20160907111242	5416
1.0.20161124105442	5080
1.0.20170214185319	6546
1.0.20180209171722	6325
1.0.20180601100346	2884
1.0.20190228134645	2108
1.0.20190906212748	2573
2.0.20200220223835	2019
2.2.20210901154959	1831
2.2.20211116163652	1832
2.2.20220521103021	1515
