version	total
1.0.20160907111242	5200
1.0.20161124105442	4871
1.0.20170214185319	6329
1.0.20180209171722	6093
1.0.20180601100346	2669
1.0.20190228134645	1894
1.0.20190906212748	2304
2.0.20200220223835	1803
2.2.20210901154959	1616
2.2.20211116163652	1619
2.2.20220521103021	1301
