version	total
1.0.20160907111242	5620
1.0.20161124105442	5266
1.0.20170214185319	6736
1.0.20180209171722	6538
1.0.20180601100346	3071
1.0.20190228134645	2293
1.0.20190906212748	2808
2.0.20200220223835	2205
2.2.20210901154959	2017
2.2.20211116163652	2018
2.2.20220521103021	1702
