version	total
1.0.20160907111242	3905
1.0.20161124105442	3672
1.0.20170214185319	5109
1.0.20180209171722	4583
1.0.20180601100346	1479
1.0.20190228134645	717
1.0.20190906212748	915
2.0.20200220223835	626
2.2.20210901154959	442
2.2.20211116163652	444
2.2.20220521103021	116
