version	total
1.0.20160907111242	3299
1.0.20161124105442	3110
1.0.20170214185319	4517
1.0.20180209171722	3882
1.0.20180601100346	1000
1.0.20190228134645	208
1.0.20190906212748	354
2.0.20200220223835	188
