version	total
1.0.20160907111242	4302
1.0.20161124105442	4035
1.0.20170214185319	5473
1.0.20180209171722	5054
1.0.20180601100346	1841
1.0.20190228134645	1075
1.0.20190906212748	1344
2.0.20200220223835	983
2.2.20210901154959	800
2.2.20211116163652	802
2.2.20220521103021	476
