version	total
1.0.20160310140736	2510
1.0.20160311201238	2598
1.0.20160318153100	2530
1.0.20160323212343	2521
1.0.20160325210917	2505
1.0.20160331184641	2566
1.0.20160408133555	2550
1.0.20160413143011	2563
1.0.20160422204730	2726
1.0.20160427142240	3550
1.0.20160714182449	5128
1.0.20160913171024	2545
1.0.20160930152149	2568
1.0.20161005195021	2684
1.0.20161007181528	2603
1.0.20161122201220	2564
1.0.20161123190203	2727
1.0.20161221171240	2572
1.0.20161227200419	2787
1.0.20170217172322	3324
1.0.20170413194156	3204
1.0.20170817131858	3093
1.0.20170822192924	2533
1.0.20170828135420	2764
1.0.20170928192020	3127
1.0.20180130110340	3731
1.0.20180225105849	3289
