version	total
1.0.20160310140736	4522
1.0.20160311201238	4627
1.0.20160318153100	4587
1.0.20160323212343	4505
1.0.20160325210917	4487
1.0.20160331184641	4586
1.0.20160408133555	4596
1.0.20160413143011	4463
1.0.20160422204730	4731
1.0.20160427142240	5680
1.0.20160714182449	9021
1.0.20160913171024	4557
1.0.20160930152149	4624
1.0.20161005195021	4723
1.0.20161007181528	4606
1.0.20161122201220	4641
1.0.20161123190203	4756
1.0.20161221171240	4633
1.0.20161227200419	4647
1.0.20170217172322	5457
1.0.20170413194156	5261
1.0.20170817131858	5272
1.0.20170822192924	4589
1.0.20170828135420	4827
1.0.20170928192020	5172
1.0.20180130110340	6029
1.0.20180225105849	5814
