version	total
1.0.20160310140736	2462
1.0.20160311201238	2550
1.0.20160318153100	2482
1.0.20160323212343	2472
1.0.20160325210917	2458
1.0.20160331184641	2518
1.0.20160408133555	2502
1.0.20160413143011	2513
1.0.20160422204730	2675
1.0.20160427142240	3495
1.0.20160714182449	5031
1.0.20160913171024	2494
1.0.20160930152149	2518
1.0.20161005195021	2634
1.0.20161007181528	2552
1.0.20161122201220	2513
1.0.20161123190203	2676
1.0.20161221171240	2522
1.0.20161227200419	2736
1.0.20170217172322	3267
1.0.20170413194156	3155
1.0.20170817131858	3039
1.0.20170822192924	2483
1.0.20170828135420	2713
1.0.20170928192020	3078
1.0.20180130110340	3680
1.0.20180225105849	3224
