version	total
1.0.20160310140736	2565
1.0.20160311201238	2654
1.0.20160318153100	2585
1.0.20160323212343	2574
1.0.20160325210917	2558
1.0.20160331184641	2621
1.0.20160408133555	2605
1.0.20160413143011	2616
1.0.20160422204730	2782
1.0.20160427142240	3607
1.0.20160714182449	5238
1.0.20160913171024	2602
1.0.20160930152149	2624
1.0.20161005195021	2740
1.0.20161007181528	2657
1.0.20161122201220	2620
1.0.20161123190203	2783
1.0.20161221171240	2627
1.0.20161227200419	2840
1.0.20170217172322	3379
1.0.20170413194156	3260
1.0.20170817131858	3151
1.0.20170822192924	2589
1.0.20170828135420	2819
1.0.20170928192020	3183
1.0.20180130110340	3793
1.0.20180225105849	3353
