version	total
1.0.20160310140736	2466
1.0.20160311201238	2554
1.0.20160318153100	2486
1.0.20160323212343	2476
1.0.20160325210917	2462
1.0.20160331184641	2522
1.0.20160408133555	2506
1.0.20160413143011	2517
1.0.20160422204730	2679
1.0.20160427142240	3499
1.0.20160714182449	5039
1.0.20160913171024	2498
1.0.20160930152149	2522
1.0.20161005195021	2638
1.0.20161007181528	2556
1.0.20161122201220	2517
1.0.20161123190203	2680
1.0.20161221171240	2526
1.0.20161227200419	2740
1.0.20170217172322	3272
1.0.20170413194156	3159
1.0.20170817131858	3043
1.0.20170822192924	2487
1.0.20170828135420	2717
1.0.20170928192020	3082
1.0.20180130110340	3684
1.0.20180225105849	3228
