version	total
1.0.20160907111242	5444
1.0.20161124105442	5108
1.0.20170214185319	6574
1.0.20180209171722	6353
1.0.20180601100346	2912
1.0.20190228134645	2136
1.0.20190906212748	2603
2.0.20200220223835	2046
2.2.20210901154959	1859
2.2.20211116163652	1860
2.2.20220521103021	1543
