version	total
1.0.20160310140736	2714
1.0.20160311201238	2807
1.0.20160318153100	2737
1.0.20160323212343	2698
1.0.20160325210917	2683
1.0.20160331184641	2770
1.0.20160408133555	2757
1.0.20160413143011	2739
1.0.20160422204730	2934
1.0.20160427142240	3763
1.0.20160714182449	5529
1.0.20160913171024	2752
1.0.20160930152149	2776
1.0.20161005195021	2892
1.0.20161007181528	2792
1.0.20161122201220	2772
1.0.20161123190203	2932
1.0.20161221171240	2781
1.0.20161227200419	2966
1.0.20170217172322	3513
1.0.20170413194156	3409
1.0.20170817131858	3311
1.0.20170822192924	2741
1.0.20170828135420	2974
1.0.20170928192020	3334
1.0.20180130110340	3928
1.0.20180225105849	3541
