version	total
1.0.20160907111242	4463
1.0.20161124105442	4181
1.0.20170214185319	5623
1.0.20180209171722	5244
1.0.20180601100346	1985
1.0.20190228134645	1219
1.0.20190906212748	1500
2.0.20200220223835	1127
2.2.20210901154959	943
2.2.20211116163652	945
2.2.20220521103021	619
