version	total
1.0.20160310140736	4971
1.0.20160311201238	5075
1.0.20160318153100	5030
1.0.20160323212343	4949
1.0.20160325210917	4938
1.0.20160331184641	5033
1.0.20160408133555	5039
1.0.20160413143011	4674
1.0.20160422204730	5127
1.0.20160427142240	6031
1.0.20160714182449	9862
1.0.20160913171024	4989
1.0.20160930152149	5070
1.0.20161005195021	5163
1.0.20161007181528	5049
1.0.20161122201220	5083
1.0.20161123190203	5198
1.0.20161221171240	5076
1.0.20161227200419	4846
1.0.20170217172322	5952
1.0.20170413194156	5701
1.0.20170817131858	5756
1.0.20170822192924	5033
1.0.20170828135420	5275
1.0.20170928192020	5617
1.0.20180130110340	6601
1.0.20180225105849	6389
