version	total
1.0.20160907111242	5007
1.0.20161124105442	4681
1.0.20170214185319	6135
1.0.20180209171722	5882
1.0.20180601100346	2477
1.0.20190228134645	1701
1.0.20190906212748	2088
2.0.20200220223835	1611
2.2.20210901154959	1425
2.2.20211116163652	1428
2.2.20220521103021	1106
