version	total
1.0.20160310140736	3444
1.0.20160311201238	3530
1.0.20160318153100	3488
1.0.20160323212343	3411
1.0.20160325210917	3392
1.0.20160331184641	3494
1.0.20160408133555	3510
1.0.20160413143011	3453
1.0.20160422204730	3657
1.0.20160427142240	4547
1.0.20160714182449	6937
1.0.20160913171024	3478
1.0.20160930152149	3536
1.0.20161005195021	3622
1.0.20161007181528	3510
1.0.20161122201220	3532
1.0.20161123190203	3660
1.0.20161221171240	3535
1.0.20161227200419	3680
1.0.20170217172322	4289
1.0.20170413194156	4162
1.0.20170817131858	4102
1.0.20170822192924	3499
1.0.20170828135420	3736
1.0.20170928192020	4089
1.0.20180130110340	4746
1.0.20180225105849	4485
