version	total
1.0.20160310140736	3018
1.0.20160311201238	3103
1.0.20160318153100	3058
1.0.20160323212343	2984
1.0.20160325210917	2964
1.0.20160331184641	3067
1.0.20160408133555	3083
1.0.20160413143011	3026
1.0.20160422204730	3230
1.0.20160427142240	4079
1.0.20160714182449	6122
1.0.20160913171024	3050
1.0.20160930152149	3106
1.0.20161005195021	3193
1.0.20161007181528	3080
1.0.20161122201220	3099
1.0.20161123190203	3230
1.0.20161221171240	3104
1.0.20161227200419	3253
1.0.20170217172322	3820
1.0.20170413194156	3730
1.0.20170817131858	3632
1.0.20170822192924	3070
1.0.20170828135420	3306
1.0.20170928192020	3661
1.0.20180130110340	4244
1.0.20180225105849	3933
