version	total
1.0.20160907111242	5491
1.0.20161124105442	5148
1.0.20170214185319	6615
1.0.20180209171722	6406
1.0.20180601100346	2950
1.0.20190228134645	2174
1.0.20190906212748	2658
2.0.20200220223835	2085
2.2.20210901154959	1897
2.2.20211116163652	1898
2.2.20220521103021	1581
