version	total
1.0.20160310140736	3399
1.0.20160311201238	3481
1.0.20160318153100	3440
1.0.20160323212343	3362
1.0.20160325210917	3343
1.0.20160331184641	3445
1.0.20160408133555	3464
1.0.20160413143011	3406
1.0.20160422204730	3610
1.0.20160427142240	4498
1.0.20160714182449	6849
1.0.20160913171024	3431
1.0.20160930152149	3490
1.0.20161005195021	3574
1.0.20161007181528	3461
1.0.20161122201220	3484
1.0.20161123190203	3611
1.0.20161221171240	3487
1.0.20161227200419	3633
1.0.20170217172322	4238
1.0.20170413194156	4117
1.0.20170817131858	4051
1.0.20170822192924	3453
1.0.20170828135420	3690
1.0.20170928192020	4043
1.0.20180130110340	4692
1.0.20180225105849	4430
