version	total
1.0.20160907111242	4487
1.0.20161124105442	4202
1.0.20170214185319	5644
1.0.20180209171722	5275
1.0.20180601100346	2006
1.0.20190228134645	1239
1.0.20190906212748	1521
2.0.20200220223835	1147
2.2.20210901154959	963
2.2.20211116163652	965
2.2.20220521103021	639
