version	total
1.0.20160907111242	5541
1.0.20161124105442	5197
1.0.20170214185319	6665
1.0.20180209171722	6459
1.0.20180601100346	3001
1.0.20190228134645	2224
1.0.20190906212748	2718
2.0.20200220223835	2135
2.2.20210901154959	1947
2.2.20211116163652	1948
2.2.20220521103021	1632
