version	total
1.0.20160907111242	4511
1.0.20161124105442	4222
1.0.20170214185319	5664
1.0.20180209171722	5305
1.0.20180601100346	2024
1.0.20190228134645	1257
1.0.20190906212748	1542
2.0.20200220223835	1165
2.2.20210901154959	981
2.2.20211116163652	983
2.2.20220521103021	657
