version	total
1.0.20160310140736	2760
1.0.20160311201238	2852
1.0.20160318153100	2784
1.0.20160323212343	2730
1.0.20160325210917	2715
1.0.20160331184641	2814
1.0.20160408133555	2804
1.0.20160413143011	2771
1.0.20160422204730	2976
1.0.20160427142240	3808
1.0.20160714182449	5621
1.0.20160913171024	2797
1.0.20160930152149	2824
1.0.20161005195021	2938
1.0.20161007181528	2825
1.0.20161122201220	2820
1.0.20161123190203	2976
1.0.20161221171240	2828
1.0.20161227200419	2998
1.0.20170217172322	3547
1.0.20170413194156	3456
1.0.20170817131858	3357
1.0.20170822192924	2789
1.0.20170828135420	3021
1.0.20170928192020	3381
1.0.20180130110340	3960
1.0.20180225105849	3601
