version	total
1.0.20160907111242	5926
1.0.20161124105442	5506
1.0.20170214185319	7003
1.0.20180209171722	6898
1.0.20180601100346	3330
1.0.20190228134645	2553
1.0.20190906212748	3158
2.0.20200220223835	2463
2.2.20210901154959	2276
2.2.20211116163652	2276
2.2.20220521103021	1965
