version	total
1.0.20160310140736	2722
1.0.20160311201238	2814
1.0.20160318153100	2745
1.0.20160323212343	2702
1.0.20160325210917	2686
1.0.20160331184641	2777
1.0.20160408133555	2765
1.0.20160413143011	2743
1.0.20160422204730	2941
1.0.20160427142240	3770
1.0.20160714182449	5545
1.0.20160913171024	2759
1.0.20160930152149	2784
1.0.20161005195021	2899
1.0.20161007181528	2796
1.0.20161122201220	2780
1.0.20161123190203	2939
1.0.20161221171240	2789
1.0.20161227200419	2969
1.0.20170217172322	3516
1.0.20170413194156	3417
1.0.20170817131858	3318
1.0.20170822192924	2749
1.0.20170828135420	2982
1.0.20170928192020	3342
1.0.20180130110340	3932
1.0.20180225105849	3549
