version	total
1.0.20160310140736	4463
1.0.20160311201238	4568
1.0.20160318153100	4529
1.0.20160323212343	4446
1.0.20160325210917	4428
1.0.20160331184641	4528
1.0.20160408133555	4537
1.0.20160413143011	4426
1.0.20160422204730	4674
1.0.20160427142240	5621
1.0.20160714182449	8906
1.0.20160913171024	4498
1.0.20160930152149	4565
1.0.20161005195021	4664
1.0.20161007181528	4548
1.0.20161122201220	4582
1.0.20161123190203	4698
1.0.20161221171240	4575
1.0.20161227200419	4614
1.0.20170217172322	5395
1.0.20170413194156	5203
1.0.20170817131858	5210
1.0.20170822192924	4530
1.0.20170828135420	4769
1.0.20170928192020	5113
1.0.20180130110340	5957
1.0.20180225105849	5745
