version	total
1.0.20160310140736	4999
1.0.20160311201238	5108
1.0.20160318153100	5062
1.0.20160323212343	4980
1.0.20160325210917	4968
1.0.20160331184641	5066
1.0.20160408133555	5069
1.0.20160413143011	4690
1.0.20160422204730	5146
1.0.20160427142240	6053
1.0.20160714182449	9907
1.0.20160913171024	5010
1.0.20160930152149	5099
1.0.20161005195021	5194
1.0.20161007181528	5078
1.0.20161122201220	5115
1.0.20161123190203	5229
1.0.20161221171240	5106
1.0.20161227200419	4857
1.0.20170217172322	5988
1.0.20170413194156	5728
1.0.20170817131858	5794
1.0.20170822192924	5061
1.0.20170828135420	5304
1.0.20170928192020	5645
1.0.20180130110340	6653
1.0.20180225105849	6447
