version	total
1.0.20160907111242	5046
1.0.20161124105442	4720
1.0.20170214185319	6175
1.0.20180209171722	5925
1.0.20180601100346	2516
1.0.20190228134645	1741
1.0.20190906212748	2129
2.0.20200220223835	1650
2.2.20210901154959	1463
2.2.20211116163652	1467
2.2.20220521103021	1147
