version	total
1.0.20160310140736	4836
1.0.20160311201238	4939
1.0.20160318153100	4895
1.0.20160323212343	4813
1.0.20160325210917	4800
1.0.20160331184641	4897
1.0.20160408133555	4902
1.0.20160413143011	4617
1.0.20160422204730	5025
1.0.20160427142240	5947
1.0.20160714182449	9614
1.0.20160913171024	4861
1.0.20160930152149	4933
1.0.20161005195021	5028
1.0.20161007181528	4911
1.0.20161122201220	4948
1.0.20161123190203	5063
1.0.20161221171240	4943
1.0.20161227200419	4796
1.0.20170217172322	5796
1.0.20170413194156	5569
1.0.20170817131858	5604
1.0.20170822192924	4899
1.0.20170828135420	5138
1.0.20170928192020	5481
1.0.20180130110340	6428
1.0.20180225105849	6200
