version	total
1.0.20160907111242	4878
1.0.20161124105442	4552
1.0.20170214185319	6007
1.0.20180209171722	5742
1.0.20180601100346	2359
1.0.20190228134645	1585
1.0.20190906212748	1939
2.0.20200220223835	1496
2.2.20210901154959	1310
2.2.20211116163652	1311
2.2.20220521103021	988
