version	total
1.0.20160907111242	5527
1.0.20161124105442	5183
1.0.20170214185319	6648
1.0.20180209171722	6445
1.0.20180601100346	2984
1.0.20190228134645	2208
1.0.20190906212748	2701
2.0.20200220223835	2118
2.2.20210901154959	1930
2.2.20211116163652	1931
2.2.20220521103021	1614
