version	total
1.0.20160310140736	3343
1.0.20160311201238	3427
1.0.20160318153100	3384
1.0.20160323212343	3306
1.0.20160325210917	3287
1.0.20160331184641	3389
1.0.20160408133555	3408
1.0.20160413143011	3350
1.0.20160422204730	3554
1.0.20160427142240	4437
1.0.20160714182449	6742
1.0.20160913171024	3375
1.0.20160930152149	3434
1.0.20161005195021	3519
1.0.20161007181528	3405
1.0.20161122201220	3428
1.0.20161123190203	3555
1.0.20161221171240	3431
1.0.20161227200419	3577
1.0.20170217172322	4177
1.0.20170413194156	4061
1.0.20170817131858	3990
1.0.20170822192924	3397
1.0.20170828135420	3634
1.0.20170928192020	3987
1.0.20180130110340	4627
1.0.20180225105849	4360
