version	total
1.0.20160310140736	4284
1.0.20160311201238	4387
1.0.20160318153100	4346
1.0.20160323212343	4263
1.0.20160325210917	4245
1.0.20160331184641	4346
1.0.20160408133555	4357
1.0.20160413143011	4277
1.0.20160422204730	4499
1.0.20160427142240	5446
1.0.20160714182449	8549
1.0.20160913171024	4322
1.0.20160930152149	4384
1.0.20161005195021	4484
1.0.20161007181528	4366
1.0.20161122201220	4399
1.0.20161123190203	4516
1.0.20161221171240	4392
1.0.20161227200419	4496
1.0.20170217172322	5210
1.0.20170413194156	5022
1.0.20170817131858	5025
1.0.20170822192924	4349
1.0.20170828135420	4588
1.0.20170928192020	4932
1.0.20180130110340	5737
1.0.20180225105849	5547
