version	total
1.0.20160907111242	4960
1.0.20161124105442	4634
1.0.20170214185319	6090
1.0.20180209171722	5830
1.0.20180601100346	2431
1.0.20190228134645	1654
1.0.20190906212748	2034
2.0.20200220223835	1565
2.2.20210901154959	1380
2.2.20211116163652	1382
2.2.20220521103021	1060
