version	total
1.0.20160310140736	3898
1.0.20160311201238	3997
1.0.20160318153100	3955
1.0.20160323212343	3875
1.0.20160325210917	3856
1.0.20160331184641	3958
1.0.20160408133555	3969
1.0.20160413143011	3901
1.0.20160422204730	4110
1.0.20160427142240	5045
1.0.20160714182449	7803
1.0.20160913171024	3932
1.0.20160930152149	3997
1.0.20161005195021	4091
1.0.20161007181528	3975
1.0.20161122201220	4005
1.0.20161123190203	4128
1.0.20161221171240	4004
1.0.20161227200419	4129
1.0.20170217172322	4800
1.0.20170413194156	4625
1.0.20170817131858	4617
1.0.20170822192924	3959
1.0.20170828135420	4198
1.0.20170928192020	4547
1.0.20180130110340	5275
1.0.20180225105849	5098
