version	total
1.0.20160907111242	3587
1.0.20161124105442	3382
1.0.20170214185319	4790
1.0.20180209171722	4212
1.0.20180601100346	1186
1.0.20190228134645	405
1.0.20190906212748	564
2.0.20200220223835	339
2.2.20210901154959	155
2.2.20211116163652	160
