version	total
1.0.20160310140736	2364
1.0.20160311201238	2453
1.0.20160318153100	2385
1.0.20160323212343	2375
1.0.20160325210917	2361
1.0.20160331184641	2421
1.0.20160408133555	2404
1.0.20160413143011	2416
1.0.20160422204730	2578
1.0.20160427142240	3392
1.0.20160714182449	4843
1.0.20160913171024	2397
1.0.20160930152149	2421
1.0.20161005195021	2537
1.0.20161007181528	2455
1.0.20161122201220	2416
1.0.20161123190203	2579
1.0.20161221171240	2424
1.0.20161227200419	2639
1.0.20170217172322	3165
1.0.20170413194156	3057
1.0.20170817131858	2936
1.0.20170822192924	2385
1.0.20170828135420	2615
1.0.20170928192020	2981
1.0.20180130110340	3579
1.0.20180225105849	3108
