version	total
1.0.20160907111242	4346
1.0.20161124105442	4071
1.0.20170214185319	5513
1.0.20180209171722	5102
1.0.20180601100346	1881
1.0.20190228134645	1114
1.0.20190906212748	1384
2.0.20200220223835	1022
2.2.20210901154959	839
2.2.20211116163652	841
2.2.20220521103021	515
