version	total
1.0.20160310140736	3627
1.0.20160311201238	3717
1.0.20160318153100	3675
1.0.20160323212343	3598
1.0.20160325210917	3579
1.0.20160331184641	3681
1.0.20160408133555	3697
1.0.20160413143011	3634
1.0.20160422204730	3839
1.0.20160427142240	4746
1.0.20160714182449	7289
1.0.20160913171024	3660
1.0.20160930152149	3725
1.0.20161005195021	3811
1.0.20161007181528	3697
1.0.20161122201220	3720
1.0.20161123190203	3848
1.0.20161221171240	3723
1.0.20161227200419	3863
1.0.20170217172322	4494
1.0.20170413194156	4350
1.0.20170817131858	4307
1.0.20170822192924	3683
1.0.20170828135420	3924
1.0.20170928192020	4273
1.0.20180130110340	4949
1.0.20180225105849	4725
