version	total
1.0.20160907111242	4987
1.0.20161124105442	4661
1.0.20170214185319	6117
1.0.20180209171722	5862
1.0.20180601100346	2459
1.0.20190228134645	1682
1.0.20190906212748	2064
2.0.20200220223835	1592
2.2.20210901154959	1406
2.2.20211116163652	1409
2.2.20220521103021	1087
