version	total
1.0.20160907111242	4604
1.0.20161124105442	4301
1.0.20170214185319	5745
1.0.20180209171722	5416
1.0.20180601100346	2104
1.0.20190228134645	1335
1.0.20190906212748	1635
2.0.20200220223835	1243
2.2.20210901154959	1058
2.2.20211116163652	1060
2.2.20220521103021	735
