version	total
1.0.20160907111242	3063
1.0.20161124105442	2878
1.0.20170214185319	4285
1.0.20180209171722	3618
1.0.20180601100346	880
1.0.20190228134645	86
1.0.20190906212748	221
2.0.20200220223835	65
