version	total
1.0.20160310140736	4700
1.0.20160311201238	4805
1.0.20160318153100	4763
1.0.20160323212343	4679
1.0.20160325210917	4664
1.0.20160331184641	4763
1.0.20160408133555	4771
1.0.20160413143011	4550
1.0.20160422204730	4906
1.0.20160427142240	5846
1.0.20160714182449	9366
1.0.20160913171024	4733
1.0.20160930152149	4801
1.0.20161005195021	4900
1.0.20161007181528	4783
1.0.20161122201220	4821
1.0.20161123190203	4933
1.0.20161221171240	4812
1.0.20161227200419	4733
1.0.20170217172322	5651
1.0.20170413194156	5437
1.0.20170817131858	5463
1.0.20170822192924	4767
1.0.20170828135420	5005
1.0.20170928192020	5349
1.0.20180130110340	6253
1.0.20180225105849	6027
