version	total
1.0.20160907111242	5349
1.0.20161124105442	5016
1.0.20170214185319	6481
1.0.20180209171722	6251
1.0.20180601100346	2819
1.0.20190228134645	2044
1.0.20190906212748	2488
2.0.20200220223835	1954
2.2.20210901154959	1767
2.2.20211116163652	1768
2.2.20220521103021	1451
