version	total
1.0.20160310140736	4045
1.0.20160311201238	4144
1.0.20160318153100	4104
1.0.20160323212343	4023
1.0.20160325210917	4004
1.0.20160331184641	4105
1.0.20160408133555	4117
1.0.20160413143011	4046
1.0.20160422204730	4261
1.0.20160427142240	5200
1.0.20160714182449	8087
1.0.20160913171024	4082
1.0.20160930152149	4143
1.0.20161005195021	4244
1.0.20161007181528	4124
1.0.20161122201220	4155
1.0.20161123190203	4274
1.0.20161221171240	4151
1.0.20161227200419	4272
1.0.20170217172322	4958
1.0.20170413194156	4781
1.0.20170817131858	4775
1.0.20170822192924	4109
1.0.20170828135420	4345
1.0.20170928192020	4693
1.0.20180130110340	5458
1.0.20180225105849	5276
