version	total
1.0.20160907111242	5319
1.0.20161124105442	4986
1.0.20170214185319	6451
1.0.20180209171722	6220
1.0.20180601100346	2788
1.0.20190228134645	2013
1.0.20190906212748	2446
2.0.20200220223835	1923
2.2.20210901154959	1736
2.2.20211116163652	1737
2.2.20220521103021	1420
