version	total
1.0.20160310140736	4034
1.0.20160311201238	4132
1.0.20160318153100	4092
1.0.20160323212343	4012
1.0.20160325210917	3994
1.0.20160331184641	4093
1.0.20160408133555	4107
1.0.20160413143011	4035
1.0.20160422204730	4250
1.0.20160427142240	5189
1.0.20160714182449	8065
1.0.20160913171024	4071
1.0.20160930152149	4132
1.0.20161005195021	4232
1.0.20161007181528	4113
1.0.20161122201220	4143
1.0.20161123190203	4262
1.0.20161221171240	4139
1.0.20161227200419	4261
1.0.20170217172322	4948
1.0.20170413194156	4770
1.0.20170817131858	4763
1.0.20170822192924	4098
1.0.20170828135420	4335
1.0.20170928192020	4682
1.0.20180130110340	5444
1.0.20180225105849	5264
