version	total
1.0.20160907111242	3456
1.0.20161124105442	3254
1.0.20170214185319	4661
1.0.20180209171722	4063
1.0.20180601100346	1061
1.0.20190228134645	272
1.0.20190906212748	428
2.0.20200220223835	235
2.2.20210901154959	48
2.2.20211116163652	34
