version	total
1.0.20160310140736	2768
1.0.20160311201238	2860
1.0.20160318153100	2792
1.0.20160323212343	2740
1.0.20160325210917	2725
1.0.20160331184641	2824
1.0.20160408133555	2814
1.0.20160413143011	2781
1.0.20160422204730	2986
1.0.20160427142240	3818
1.0.20160714182449	5637
1.0.20160913171024	2805
1.0.20160930152149	2834
1.0.20161005195021	2946
1.0.20161007181528	2835
1.0.20161122201220	2830
1.0.20161123190203	2985
1.0.20161221171240	2836
1.0.20161227200419	3008
1.0.20170217172322	3557
1.0.20170413194156	3464
1.0.20170817131858	3365
1.0.20170822192924	2799
1.0.20170828135420	3031
1.0.20170928192020	3391
1.0.20180130110340	3970
1.0.20180225105849	3612
