version	total
1.0.20160310140736	4687
1.0.20160311201238	4792
1.0.20160318153100	4750
1.0.20160323212343	4667
1.0.20160325210917	4652
1.0.20160331184641	4750
1.0.20160408133555	4758
1.0.20160413143011	4542
1.0.20160422204730	4891
1.0.20160427142240	5830
1.0.20160714182449	9339
1.0.20160913171024	4718
1.0.20160930152149	4786
1.0.20161005195021	4885
1.0.20161007181528	4768
1.0.20161122201220	4806
1.0.20161123190203	4918
1.0.20161221171240	4797
1.0.20161227200419	4724
1.0.20170217172322	5634
1.0.20170413194156	5422
1.0.20170817131858	5445
1.0.20170822192924	4752
1.0.20170828135420	4990
1.0.20170928192020	5334
1.0.20180130110340	6235
1.0.20180225105849	6004
