version	total
1.0.20160310140736	4572
1.0.20160311201238	4677
1.0.20160318153100	4637
1.0.20160323212343	4555
1.0.20160325210917	4537
1.0.20160331184641	4636
1.0.20160408133555	4646
1.0.20160413143011	4490
1.0.20160422204730	4781
1.0.20160427142240	5731
1.0.20160714182449	9117
1.0.20160913171024	4607
1.0.20160930152149	4674
1.0.20161005195021	4773
1.0.20161007181528	4656
1.0.20161122201220	4691
1.0.20161123190203	4805
1.0.20161221171240	4683
1.0.20161227200419	4673
1.0.20170217172322	5510
1.0.20170413194156	5310
1.0.20170817131858	5326
1.0.20170822192924	4639
1.0.20170828135420	4877
1.0.20170928192020	5222
1.0.20180130110340	6091
1.0.20180225105849	5873
