version	total
1.0.20160907111242	4182
1.0.20161124105442	3920
1.0.20170214185319	5356
1.0.20180209171722	4922
1.0.20180601100346	1723
1.0.20190228134645	961
1.0.20190906212748	1212
2.0.20200220223835	868
2.2.20210901154959	685
2.2.20211116163652	687
2.2.20220521103021	361
