version	total
1.0.20160907111242	5088
1.0.20161124105442	4762
1.0.20170214185319	6217
1.0.20180209171722	5967
1.0.20180601100346	2558
1.0.20190228134645	1783
1.0.20190906212748	2179
2.0.20200220223835	1693
2.2.20210901154959	1505
2.2.20211116163652	1509
2.2.20220521103021	1189
