version	total
1.0.20160310140736	3640
1.0.20160311201238	3730
1.0.20160318153100	3688
1.0.20160323212343	3611
1.0.20160325210917	3592
1.0.20160331184641	3694
1.0.20160408133555	3710
1.0.20160413143011	3647
1.0.20160422204730	3852
1.0.20160427142240	4760
1.0.20160714182449	7314
1.0.20160913171024	3674
1.0.20160930152149	3737
1.0.20161005195021	3824
1.0.20161007181528	3710
1.0.20161122201220	3733
1.0.20161123190203	3861
1.0.20161221171240	3736
1.0.20161227200419	3876
1.0.20170217172322	4509
1.0.20170413194156	4363
1.0.20170817131858	4323
1.0.20170822192924	3696
1.0.20170828135420	3937
1.0.20170928192020	4286
1.0.20180130110340	4965
1.0.20180225105849	4743
