version	total
1.0.20160310140736	4677
1.0.20160311201238	4782
1.0.20160318153100	4740
1.0.20160323212343	4657
1.0.20160325210917	4642
1.0.20160331184641	4740
1.0.20160408133555	4748
1.0.20160413143011	4539
1.0.20160422204730	4883
1.0.20160427142240	5824
1.0.20160714182449	9319
1.0.20160913171024	4709
1.0.20160930152149	4776
1.0.20161005195021	4875
1.0.20161007181528	4758
1.0.20161122201220	4795
1.0.20161123190203	4908
1.0.20161221171240	4787
1.0.20161227200419	4721
1.0.20170217172322	5623
1.0.20170413194156	5412
1.0.20170817131858	5434
1.0.20170822192924	4741
1.0.20170828135420	4980
1.0.20170928192020	5324
1.0.20180130110340	6222
1.0.20180225105849	5992
