version	total
1.0.20160310140736	3341
1.0.20160311201238	3425
1.0.20160318153100	3382
1.0.20160323212343	3304
1.0.20160325210917	3285
1.0.20160331184641	3387
1.0.20160408133555	3406
1.0.20160413143011	3348
1.0.20160422204730	3552
1.0.20160427142240	4435
1.0.20160714182449	6738
1.0.20160913171024	3373
1.0.20160930152149	3432
1.0.20161005195021	3517
1.0.20161007181528	3403
1.0.20161122201220	3426
1.0.20161123190203	3553
1.0.20161221171240	3429
1.0.20161227200419	3575
1.0.20170217172322	4175
1.0.20170413194156	4059
1.0.20170817131858	3988
1.0.20170822192924	3395
1.0.20170828135420	3632
1.0.20170928192020	3985
1.0.20180130110340	4625
1.0.20180225105849	4357
