version	total
1.0.20160310140736	3750
1.0.20160311201238	3842
1.0.20160318153100	3800
1.0.20160323212343	3722
1.0.20160325210917	3703
1.0.20160331184641	3805
1.0.20160408133555	3820
1.0.20160413143011	3758
1.0.20160422204730	3963
1.0.20160427142240	4885
1.0.20160714182449	7521
1.0.20160913171024	3784
1.0.20160930152149	3847
1.0.20161005195021	3936
1.0.20161007181528	3823
1.0.20161122201220	3848
1.0.20161123190203	3974
1.0.20161221171240	3849
1.0.20161227200419	3986
1.0.20170217172322	4634
1.0.20170413194156	4475
1.0.20170817131858	4448
1.0.20170822192924	3807
1.0.20170828135420	4048
1.0.20170928192020	4397
1.0.20180130110340	5097
1.0.20180225105849	4899
