version	total
1.0.20160310140736	3972
1.0.20160311201238	4071
1.0.20160318153100	4031
1.0.20160323212343	3951
1.0.20160325210917	3933
1.0.20160331184641	4032
1.0.20160408133555	4044
1.0.20160413143011	3974
1.0.20160422204730	4189
1.0.20160427142240	5127
1.0.20160714182449	7950
1.0.20160913171024	4009
1.0.20160930152149	4070
1.0.20161005195021	4171
1.0.20161007181528	4052
1.0.20161122201220	4082
1.0.20161123190203	4201
1.0.20161221171240	4078
1.0.20161227200419	4200
1.0.20170217172322	4886
1.0.20170413194156	4707
1.0.20170817131858	4701
1.0.20170822192924	4035
1.0.20170828135420	4273
1.0.20170928192020	4620
1.0.20180130110340	5369
1.0.20180225105849	5198
