version	total
1.0.20160907111242	4851
1.0.20161124105442	4526
1.0.20170214185319	5981
1.0.20180209171722	5713
1.0.20180601100346	2334
1.0.20190228134645	1560
1.0.20190906212748	1910
2.0.20200220223835	1471
2.2.20210901154959	1285
2.2.20211116163652	1286
2.2.20220521103021	963
