version	total
1.0.20160310140736	4453
1.0.20160311201238	4558
1.0.20160318153100	4519
1.0.20160323212343	4436
1.0.20160325210917	4418
1.0.20160331184641	4518
1.0.20160408133555	4527
1.0.20160413143011	4419
1.0.20160422204730	4664
1.0.20160427142240	5611
1.0.20160714182449	8886
1.0.20160913171024	4488
1.0.20160930152149	4555
1.0.20161005195021	4654
1.0.20161007181528	4538
1.0.20161122201220	4572
1.0.20161123190203	4688
1.0.20161221171240	4565
1.0.20161227200419	4609
1.0.20170217172322	5385
1.0.20170413194156	5193
1.0.20170817131858	5200
1.0.20170822192924	4520
1.0.20170828135420	4759
1.0.20170928192020	5103
1.0.20180130110340	5944
1.0.20180225105849	5734
