version	total
1.0.20160907111242	5853
1.0.20161124105442	5455
1.0.20170214185319	6937
1.0.20180209171722	6801
1.0.20180601100346	3265
1.0.20190228134645	2487
1.0.20190906212748	3061
2.0.20200220223835	2398
2.2.20210901154959	2210
2.2.20211116163652	2211
2.2.20220521103021	1900
