version	total
1.0.20160907111242	4237
1.0.20161124105442	3973
1.0.20170214185319	5409
1.0.20180209171722	4981
1.0.20180601100346	1776
1.0.20190228134645	1014
1.0.20190906212748	1275
2.0.20200220223835	921
2.2.20210901154959	738
2.2.20211116163652	740
2.2.20220521103021	414
