version	total
1.0.20160907111242	4720
1.0.20161124105442	4406
1.0.20170214185319	5853
1.0.20180209171722	5549
1.0.20180601100346	2208
1.0.20190228134645	1438
1.0.20190906212748	1756
2.0.20200220223835	1347
2.2.20210901154959	1162
2.2.20211116163652	1164
2.2.20220521103021	839
