version	total
1.0.20160310140736	4163
1.0.20160311201238	4264
1.0.20160318153100	4223
1.0.20160323212343	4140
1.0.20160325210917	4122
1.0.20160331184641	4223
1.0.20160408133555	4235
1.0.20160413143011	4162
1.0.20160422204730	4380
1.0.20160427142240	5320
1.0.20160714182449	8313
1.0.20160913171024	4201
1.0.20160930152149	4262
1.0.20161005195021	4362
1.0.20161007181528	4243
1.0.20161122201220	4276
1.0.20161123190203	4393
1.0.20161221171240	4269
1.0.20161227200419	4388
1.0.20170217172322	5081
1.0.20170413194156	4900
1.0.20170817131858	4898
1.0.20170822192924	4227
1.0.20170828135420	4465
1.0.20170928192020	4810
1.0.20180130110340	5595
1.0.20180225105849	5406
