version	total
1.0.20160310140736	3800
1.0.20160311201238	3893
1.0.20160318153100	3851
1.0.20160323212343	3773
1.0.20160325210917	3754
1.0.20160331184641	3856
1.0.20160408133555	3870
1.0.20160413143011	3808
1.0.20160422204730	4013
1.0.20160427142240	4942
1.0.20160714182449	7614
1.0.20160913171024	3834
1.0.20160930152149	3898
1.0.20161005195021	3987
1.0.20161007181528	3874
1.0.20161122201220	3899
1.0.20161123190203	4025
1.0.20161221171240	3900
1.0.20161227200419	4036
1.0.20170217172322	4691
1.0.20170413194156	4525
1.0.20170817131858	4506
1.0.20170822192924	3858
1.0.20170828135420	4098
1.0.20170928192020	4448
1.0.20180130110340	5157
1.0.20180225105849	4962
