version	total
1.0.20160907111242	5377
1.0.20161124105442	5043
1.0.20170214185319	6509
1.0.20180209171722	6279
1.0.20180601100346	2847
1.0.20190228134645	2072
1.0.20190906212748	2530
2.0.20200220223835	1982
2.2.20210901154959	1795
2.2.20211116163652	1796
2.2.20220521103021	1479
