version	total
1.0.20160907111242	4421
1.0.20161124105442	4141
1.0.20170214185319	5583
1.0.20180209171722	5196
1.0.20180601100346	1948
1.0.20190228134645	1180
1.0.20190906212748	1458
2.0.20200220223835	1089
2.2.20210901154959	906
2.2.20211116163652	908
2.2.20220521103021	582
