version	total
1.0.20160907111242	5206
1.0.20161124105442	4877
1.0.20170214185319	6335
1.0.20180209171722	6099
1.0.20180601100346	2675
1.0.20190228134645	1900
1.0.20190906212748	2310
2.0.20200220223835	1809
2.2.20210901154959	1622
2.2.20211116163652	1624
2.2.20220521103021	1307
