version	total
1.0.20160907111242	5851
1.0.20161124105442	5453
1.0.20170214185319	6935
1.0.20180209171722	6799
1.0.20180601100346	3263
1.0.20190228134645	2485
1.0.20190906212748	3057
2.0.20200220223835	2396
2.2.20210901154959	2208
2.2.20211116163652	2210
2.2.20220521103021	1900
