version	total
1.0.20160907111242	4552
1.0.20161124105442	4256
1.0.20170214185319	5699
1.0.20180209171722	5358
1.0.20180601100346	2058
1.0.20190228134645	1291
1.0.20190906212748	1579
2.0.20200220223835	1198
2.2.20210901154959	1014
2.2.20211116163652	1016
2.2.20220521103021	690
