version	total
1.0.20160310140736	3486
1.0.20160311201238	3572
1.0.20160318153100	3530
1.0.20160323212343	3453
1.0.20160325210917	3434
1.0.20160331184641	3536
1.0.20160408133555	3554
1.0.20160413143011	3493
1.0.20160422204730	3697
1.0.20160427142240	4589
1.0.20160714182449	7019
1.0.20160913171024	3518
1.0.20160930152149	3580
1.0.20161005195021	3664
1.0.20161007181528	3552
1.0.20161122201220	3574
1.0.20161123190203	3702
1.0.20161221171240	3577
1.0.20161227200419	3720
1.0.20170217172322	4333
1.0.20170413194156	4206
1.0.20170817131858	4146
1.0.20170822192924	3541
1.0.20170828135420	3780
1.0.20170928192020	4131
1.0.20180130110340	4793
1.0.20180225105849	4536
