version	total
1.0.20160310140736	4890
1.0.20160311201238	4993
1.0.20160318153100	4949
1.0.20160323212343	4867
1.0.20160325210917	4856
1.0.20160331184641	4952
1.0.20160408133555	4957
1.0.20160413143011	4643
1.0.20160422204730	5071
1.0.20160427142240	5985
1.0.20160714182449	9716
1.0.20160913171024	4915
1.0.20160930152149	4987
1.0.20161005195021	5082
1.0.20161007181528	4966
1.0.20161122201220	5002
1.0.20161123190203	5118
1.0.20161221171240	4996
1.0.20161227200419	4820
1.0.20170217172322	5858
1.0.20170413194156	5623
1.0.20170817131858	5665
1.0.20170822192924	4954
1.0.20170828135420	5191
1.0.20170928192020	5535
1.0.20180130110340	6494
1.0.20180225105849	6272
