version	total
1.0.20160310140736	3700
1.0.20160311201238	3792
1.0.20160318153100	3750
1.0.20160323212343	3672
1.0.20160325210917	3653
1.0.20160331184641	3755
1.0.20160408133555	3770
1.0.20160413143011	3708
1.0.20160422204730	3913
1.0.20160427142240	4831
1.0.20160714182449	7425
1.0.20160913171024	3734
1.0.20160930152149	3797
1.0.20161005195021	3886
1.0.20161007181528	3773
1.0.20161122201220	3796
1.0.20161123190203	3924
1.0.20161221171240	3799
1.0.20161227200419	3936
1.0.20170217172322	4580
1.0.20170413194156	4424
1.0.20170817131858	4394
1.0.20170822192924	3757
1.0.20170828135420	3998
1.0.20170928192020	4347
1.0.20180130110340	5033
1.0.20180225105849	4833
