version	total
1.0.20160310140736	3580
1.0.20160311201238	3670
1.0.20160318153100	3628
1.0.20160323212343	3551
1.0.20160325210917	3531
1.0.20160331184641	3634
1.0.20160408133555	3648
1.0.20160413143011	3587
1.0.20160422204730	3791
1.0.20160427142240	4692
1.0.20160714182449	7199
1.0.20160913171024	3612
1.0.20160930152149	3675
1.0.20161005195021	3763
1.0.20161007181528	3650
1.0.20161122201220	3672
1.0.20161123190203	3800
1.0.20161221171240	3675
1.0.20161227200419	3816
1.0.20170217172322	4440
1.0.20170413194156	4301
1.0.20170817131858	4253
1.0.20170822192924	3636
1.0.20170828135420	3875
1.0.20170928192020	4225
1.0.20180130110340	4898
1.0.20180225105849	4661
