version	total
1.0.20160310140736	4950
1.0.20160311201238	5055
1.0.20160318153100	5011
1.0.20160323212343	4928
1.0.20160325210917	4917
1.0.20160331184641	5013
1.0.20160408133555	5017
1.0.20160413143011	4666
1.0.20160422204730	5110
1.0.20160427142240	6015
1.0.20160714182449	9822
1.0.20160913171024	4970
1.0.20160930152149	5049
1.0.20161005195021	5144
1.0.20161007181528	5028
1.0.20161122201220	5062
1.0.20161123190203	5178
1.0.20161221171240	5057
1.0.20161227200419	4840
1.0.20170217172322	5927
1.0.20170413194156	5680
1.0.20170817131858	5732
1.0.20170822192924	5012
1.0.20170828135420	5254
1.0.20170928192020	5596
1.0.20180130110340	6573
1.0.20180225105849	6357
