version	total
1.0.20160310140736	3388
1.0.20160311201238	3470
1.0.20160318153100	3429
1.0.20160323212343	3351
1.0.20160325210917	3332
1.0.20160331184641	3434
1.0.20160408133555	3453
1.0.20160413143011	3395
1.0.20160422204730	3599
1.0.20160427142240	4487
1.0.20160714182449	6827
1.0.20160913171024	3420
1.0.20160930152149	3479
1.0.20161005195021	3562
1.0.20161007181528	3450
1.0.20161122201220	3473
1.0.20161123190203	3600
1.0.20161221171240	3476
1.0.20161227200419	3622
1.0.20170217172322	4227
1.0.20170413194156	4106
1.0.20170817131858	4040
1.0.20170822192924	3442
1.0.20170828135420	3679
1.0.20170928192020	4032
1.0.20180130110340	4679
1.0.20180225105849	4418
