version	total
1.0.20160310140736	3696
1.0.20160311201238	3787
1.0.20160318153100	3745
1.0.20160323212343	3668
1.0.20160325210917	3649
1.0.20160331184641	3751
1.0.20160408133555	3765
1.0.20160413143011	3704
1.0.20160422204730	3909
1.0.20160427142240	4827
1.0.20160714182449	7417
1.0.20160913171024	3730
1.0.20160930152149	3792
1.0.20161005195021	3881
1.0.20161007181528	3769
1.0.20161122201220	3791
1.0.20161123190203	3919
1.0.20161221171240	3794
1.0.20161227200419	3932
1.0.20170217172322	4576
1.0.20170413194156	4420
1.0.20170817131858	4389
1.0.20170822192924	3753
1.0.20170828135420	3993
1.0.20170928192020	4343
1.0.20180130110340	5029
1.0.20180225105849	4827
