version	total
1.0.20160310140736	4197
1.0.20160311201238	4298
1.0.20160318153100	4257
1.0.20160323212343	4174
1.0.20160325210917	4156
1.0.20160331184641	4257
1.0.20160408133555	4269
1.0.20160413143011	4196
1.0.20160422204730	4414
1.0.20160427142240	5354
1.0.20160714182449	8381
1.0.20160913171024	4235
1.0.20160930152149	4296
1.0.20161005195021	4396
1.0.20161007181528	4276
1.0.20161122201220	4310
1.0.20161123190203	4427
1.0.20161221171240	4303
1.0.20161227200419	4421
1.0.20170217172322	5115
1.0.20170413194156	4935
1.0.20170817131858	4932
1.0.20170822192924	4261
1.0.20170828135420	4499
1.0.20170928192020	4844
1.0.20180130110340	5635
1.0.20180225105849	5443
