version	total
1.0.20160907111242	5345
1.0.20161124105442	5012
1.0.20170214185319	6475
1.0.20180209171722	6247
1.0.20180601100346	2813
1.0.20190228134645	2040
1.0.20190906212748	2483
2.0.20200220223835	1950
2.2.20210901154959	1763
2.2.20211116163652	1764
2.2.20220521103021	1445
