version	total
1.0.20160310140736	4532
1.0.20160311201238	4637
1.0.20160318153100	4597
1.0.20160323212343	4515
1.0.20160325210917	4497
1.0.20160331184641	4596
1.0.20160408133555	4606
1.0.20160413143011	4468
1.0.20160422204730	4741
1.0.20160427142240	5690
1.0.20160714182449	9041
1.0.20160913171024	4567
1.0.20160930152149	4634
1.0.20161005195021	4733
1.0.20161007181528	4616
1.0.20161122201220	4651
1.0.20161123190203	4766
1.0.20161221171240	4643
1.0.20161227200419	4652
1.0.20170217172322	5467
1.0.20170413194156	5271
1.0.20170817131858	5282
1.0.20170822192924	4599
1.0.20170828135420	4837
1.0.20170928192020	5182
1.0.20180130110340	6039
1.0.20180225105849	5824
