version	total
1.0.20160907111242	4682
1.0.20161124105442	4371
1.0.20170214185319	5817
1.0.20180209171722	5506
1.0.20180601100346	2174
1.0.20190228134645	1404
1.0.20190906212748	1719
2.0.20200220223835	1313
2.2.20210901154959	1128
2.2.20211116163652	1130
2.2.20220521103021	805
