version	total
1.0.20160907111242	5872
1.0.20161124105442	5469
1.0.20170214185319	6957
1.0.20180209171722	6826
1.0.20180601100346	3284
1.0.20190228134645	2506
1.0.20190906212748	3085
2.0.20200220223835	2417
2.2.20210901154959	2229
2.2.20211116163652	2231
2.2.20220521103021	1921
