version	total
1.0.20160310140736	2308
1.0.20160311201238	2394
1.0.20160318153100	2327
1.0.20160323212343	2319
1.0.20160325210917	2304
1.0.20160331184641	2363
1.0.20160408133555	2347
1.0.20160413143011	2358
1.0.20160422204730	2519
1.0.20160427142240	3333
1.0.20160714182449	4734
1.0.20160913171024	2340
1.0.20160930152149	2364
1.0.20161005195021	2479
1.0.20161007181528	2397
1.0.20161122201220	2357
1.0.20161123190203	2522
1.0.20161221171240	2366
1.0.20161227200419	2583
1.0.20170217172322	3107
1.0.20170413194156	3000
1.0.20170817131858	2878
1.0.20170822192924	2328
1.0.20170828135420	2558
1.0.20170928192020	2924
1.0.20180130110340	3517
1.0.20180225105849	3048
