version	total
1.0.20160310140736	3768
1.0.20160311201238	3859
1.0.20160318153100	3817
1.0.20160323212343	3739
1.0.20160325210917	3720
1.0.20160331184641	3822
1.0.20160408133555	3837
1.0.20160413143011	3776
1.0.20160422204730	3981
1.0.20160427142240	4906
1.0.20160714182449	7554
1.0.20160913171024	3802
1.0.20160930152149	3864
1.0.20161005195021	3953
1.0.20161007181528	3840
1.0.20161122201220	3865
1.0.20161123190203	3991
1.0.20161221171240	3866
1.0.20161227200419	4004
1.0.20170217172322	4654
1.0.20170413194156	4493
1.0.20170817131858	4468
1.0.20170822192924	3825
1.0.20170828135420	4065
1.0.20170928192020	4415
1.0.20180130110340	5118
1.0.20180225105849	4923
