version	total
1.0.20160907111242	4658
1.0.20161124105442	4349
1.0.20170214185319	5795
1.0.20180209171722	5478
1.0.20180601100346	2152
1.0.20190228134645	1382
1.0.20190906212748	1693
2.0.20200220223835	1291
2.2.20210901154959	1106
2.2.20211116163652	1108
2.2.20220521103021	783
