version	total
1.0.20160310140736	3918
1.0.20160311201238	4017
1.0.20160318153100	3975
1.0.20160323212343	3895
1.0.20160325210917	3876
1.0.20160331184641	3978
1.0.20160408133555	3989
1.0.20160413143011	3921
1.0.20160422204730	4132
1.0.20160427142240	5070
1.0.20160714182449	7844
1.0.20160913171024	3954
1.0.20160930152149	4017
1.0.20161005195021	4114
1.0.20161007181528	3997
1.0.20161122201220	4027
1.0.20161123190203	4148
1.0.20161221171240	4025
1.0.20161227200419	4149
1.0.20170217172322	4826
1.0.20170413194156	4649
1.0.20170817131858	4644
1.0.20170822192924	3980
1.0.20170828135420	4219
1.0.20170928192020	4567
1.0.20180130110340	5301
1.0.20180225105849	5127
