version	total
1.0.20160310140736	3802
1.0.20160311201238	3895
1.0.20160318153100	3853
1.0.20160323212343	3775
1.0.20160325210917	3756
1.0.20160331184641	3858
1.0.20160408133555	3872
1.0.20160413143011	3810
1.0.20160422204730	4015
1.0.20160427142240	4944
1.0.20160714182449	7618
1.0.20160913171024	3836
1.0.20160930152149	3899
1.0.20161005195021	3989
1.0.20161007181528	3876
1.0.20161122201220	3901
1.0.20161123190203	4027
1.0.20161221171240	3902
1.0.20161227200419	4038
1.0.20170217172322	4693
1.0.20170413194156	4527
1.0.20170817131858	4508
1.0.20170822192924	3860
1.0.20170828135420	4100
1.0.20170928192020	4450
1.0.20180130110340	5159
1.0.20180225105849	4964
