version	total
1.0.20160310140736	2396
1.0.20160311201238	2485
1.0.20160318153100	2417
1.0.20160323212343	2407
1.0.20160325210917	2393
1.0.20160331184641	2453
1.0.20160408133555	2436
1.0.20160413143011	2448
1.0.20160422204730	2610
1.0.20160427142240	3424
1.0.20160714182449	4907
1.0.20160913171024	2429
1.0.20160930152149	2453
1.0.20161005195021	2569
1.0.20161007181528	2487
1.0.20161122201220	2448
1.0.20161123190203	2611
1.0.20161221171240	2456
1.0.20161227200419	2671
1.0.20170217172322	3197
1.0.20170413194156	3089
1.0.20170817131858	2968
1.0.20170822192924	2417
1.0.20170828135420	2647
1.0.20170928192020	3013
1.0.20180130110340	3613
1.0.20180225105849	3142
