version	total
1.0.20160907111242	5956
1.0.20161124105442	5530
1.0.20170214185319	7036
1.0.20180209171722	6937
1.0.20180601100346	3365
1.0.20190228134645	2583
1.0.20190906212748	3206
2.0.20200220223835	2493
2.2.20210901154959	2306
2.2.20211116163652	2307
2.2.20220521103021	1997
