version	total
1.0.20160310140736	3366
1.0.20160311201238	3450
1.0.20160318153100	3407
1.0.20160323212343	3329
1.0.20160325210917	3310
1.0.20160331184641	3412
1.0.20160408133555	3431
1.0.20160413143011	3373
1.0.20160422204730	3577
1.0.20160427142240	4465
1.0.20160714182449	6783
1.0.20160913171024	3398
1.0.20160930152149	3457
1.0.20161005195021	3542
1.0.20161007181528	3428
1.0.20161122201220	3451
1.0.20161123190203	3578
1.0.20161221171240	3454
1.0.20161227200419	3600
1.0.20170217172322	4205
1.0.20170413194156	4084
1.0.20170817131858	4018
1.0.20170822192924	3420
1.0.20170828135420	3657
1.0.20170928192020	4010
1.0.20180130110340	4651
1.0.20180225105849	4396
