version	total
1.0.20160907111242	5373
1.0.20161124105442	5040
1.0.20170214185319	6505
1.0.20180209171722	6275
1.0.20180601100346	2843
1.0.20190228134645	2068
1.0.20190906212748	2524
2.0.20200220223835	1977
2.2.20210901154959	1791
2.2.20211116163652	1792
2.2.20220521103021	1475
