version	total
1.0.20160907111242	4928
1.0.20161124105442	4601
1.0.20170214185319	6056
1.0.20180209171722	5796
1.0.20180601100346	2402
1.0.20190228134645	1627
1.0.20190906212748	1997
2.0.20200220223835	1538
2.2.20210901154959	1352
2.2.20211116163652	1353
2.2.20220521103021	1031
