version	total
1.0.20160907111242	5188
1.0.20161124105442	4859
1.0.20170214185319	6317
1.0.20180209171722	6081
1.0.20180601100346	2657
1.0.20190228134645	1882
1.0.20190906212748	2291
2.0.20200220223835	1791
2.2.20210901154959	1604
2.2.20211116163652	1607
2.2.20220521103021	1289
