version	total
1.0.20160310140736	4810
1.0.20160311201238	4912
1.0.20160318153100	4869
1.0.20160323212343	4788
1.0.20160325210917	4774
1.0.20160331184641	4873
1.0.20160408133555	4878
1.0.20160413143011	4604
1.0.20160422204730	5004
1.0.20160427142240	5931
1.0.20160714182449	9567
1.0.20160913171024	4837
1.0.20160930152149	4909
1.0.20161005195021	5005
1.0.20161007181528	4885
1.0.20161122201220	4925
1.0.20161123190203	5040
1.0.20161221171240	4919
1.0.20161227200419	4786
1.0.20170217172322	5770
1.0.20170413194156	5546
1.0.20170817131858	5579
1.0.20170822192924	4876
1.0.20170828135420	5115
1.0.20170928192020	5456
1.0.20180130110340	6393
1.0.20180225105849	6171
