version	total
1.0.20160907111242	4639
1.0.20161124105442	4332
1.0.20170214185319	5775
1.0.20180209171722	5457
1.0.20180601100346	2132
1.0.20190228134645	1363
1.0.20190906212748	1672
2.0.20200220223835	1271
2.2.20210901154959	1086
2.2.20211116163652	1088
2.2.20220521103021	763
