version	total
1.0.20160907111242	4168
1.0.20161124105442	3907
1.0.20170214185319	5343
1.0.20180209171722	4901
1.0.20180601100346	1713
1.0.20190228134645	949
1.0.20190906212748	1199
2.0.20200220223835	855
2.2.20210901154959	673
2.2.20211116163652	675
2.2.20220521103021	349
