version	total
1.0.20160907111242	3421
1.0.20161124105442	3220
1.0.20170214185319	4626
1.0.20180209171722	4022
1.0.20180601100346	1029
1.0.20190228134645	239
1.0.20190906212748	392
2.0.20200220223835	215
2.2.20210901154959	28
