version	total
1.0.20160310140736	3457
1.0.20160311201238	3543
1.0.20160318153100	3501
1.0.20160323212343	3424
1.0.20160325210917	3405
1.0.20160331184641	3507
1.0.20160408133555	3523
1.0.20160413143011	3466
1.0.20160422204730	3670
1.0.20160427142240	4561
1.0.20160714182449	6962
1.0.20160913171024	3491
1.0.20160930152149	3549
1.0.20161005195021	3635
1.0.20161007181528	3523
1.0.20161122201220	3545
1.0.20161123190203	3673
1.0.20161221171240	3548
1.0.20161227200419	3693
1.0.20170217172322	4303
1.0.20170413194156	4176
1.0.20170817131858	4116
1.0.20170822192924	3512
1.0.20170828135420	3749
1.0.20170928192020	4102
1.0.20180130110340	4761
1.0.20180225105849	4502
