version	total
1.0.20160310140736	4039
1.0.20160311201238	4138
1.0.20160318153100	4098
1.0.20160323212343	4018
1.0.20160325210917	4000
1.0.20160331184641	4099
1.0.20160408133555	4111
1.0.20160413143011	4040
1.0.20160422204730	4255
1.0.20160427142240	5194
1.0.20160714182449	8075
1.0.20160913171024	4076
1.0.20160930152149	4137
1.0.20161005195021	4238
1.0.20161007181528	4119
1.0.20161122201220	4149
1.0.20161123190203	4268
1.0.20161221171240	4145
1.0.20161227200419	4266
1.0.20170217172322	4954
1.0.20170413194156	4775
1.0.20170817131858	4769
1.0.20170822192924	4103
1.0.20170828135420	4340
1.0.20170928192020	4687
1.0.20180130110340	5452
1.0.20180225105849	5270
