version	total
1.0.20160907111242	4116
1.0.20161124105442	3861
1.0.20170214185319	5299
1.0.20180209171722	4835
1.0.20180601100346	1673
1.0.20190228134645	909
1.0.20190906212748	1153
2.0.20200220223835	815
2.2.20210901154959	633
2.2.20211116163652	635
2.2.20220521103021	311
