version	total
1.0.20160907111242	4610
1.0.20161124105442	4307
1.0.20170214185319	5751
1.0.20180209171722	5422
1.0.20180601100346	2110
1.0.20190228134645	1341
1.0.20190906212748	1645
2.0.20200220223835	1249
2.2.20210901154959	1064
2.2.20211116163652	1066
2.2.20220521103021	741
