version	total
1.0.20160310140736	4983
1.0.20160311201238	5089
1.0.20160318153100	5043
1.0.20160323212343	4963
1.0.20160325210917	4951
1.0.20160331184641	5047
1.0.20160408133555	5052
1.0.20160413143011	4682
1.0.20160422204730	5136
1.0.20160427142240	6042
1.0.20160714182449	9878
1.0.20160913171024	4997
1.0.20160930152149	5082
1.0.20161005195021	5175
1.0.20161007181528	5061
1.0.20161122201220	5096
1.0.20161123190203	5210
1.0.20161221171240	5087
1.0.20161227200419	4851
1.0.20170217172322	5968
1.0.20170413194156	5712
1.0.20170817131858	5772
1.0.20170822192924	5044
1.0.20170828135420	5287
1.0.20170928192020	5628
1.0.20180130110340	6622
1.0.20180225105849	6415
