version	total
1.0.20160310140736	2394
1.0.20160311201238	2483
1.0.20160318153100	2415
1.0.20160323212343	2405
1.0.20160325210917	2391
1.0.20160331184641	2451
1.0.20160408133555	2434
1.0.20160413143011	2446
1.0.20160422204730	2608
1.0.20160427142240	3422
1.0.20160714182449	4903
1.0.20160913171024	2427
1.0.20160930152149	2451
1.0.20161005195021	2567
1.0.20161007181528	2485
1.0.20161122201220	2446
1.0.20161123190203	2609
1.0.20161221171240	2454
1.0.20161227200419	2669
1.0.20170217172322	3195
1.0.20170413194156	3087
1.0.20170817131858	2966
1.0.20170822192924	2415
1.0.20170828135420	2645
1.0.20170928192020	3011
1.0.20180130110340	3611
1.0.20180225105849	3140
