version	total
1.0.20160907111242	5482
1.0.20161124105442	5142
1.0.20170214185319	6608
1.0.20180209171722	6397
1.0.20180601100346	2944
1.0.20190228134645	2168
1.0.20190906212748	2650
2.0.20200220223835	2079
2.2.20210901154959	1891
2.2.20211116163652	1892
2.2.20220521103021	1575
