version	total
1.0.20160310140736	3914
1.0.20160311201238	4013
1.0.20160318153100	3971
1.0.20160323212343	3891
1.0.20160325210917	3872
1.0.20160331184641	3974
1.0.20160408133555	3985
1.0.20160413143011	3918
1.0.20160422204730	4127
1.0.20160427142240	5065
1.0.20160714182449	7836
1.0.20160913171024	3950
1.0.20160930152149	4013
1.0.20161005195021	4108
1.0.20161007181528	3992
1.0.20161122201220	4023
1.0.20161123190203	4144
1.0.20161221171240	4020
1.0.20161227200419	4145
1.0.20170217172322	4818
1.0.20170413194156	4644
1.0.20170817131858	4638
1.0.20170822192924	3976
1.0.20170828135420	4214
1.0.20170928192020	4563
1.0.20180130110340	5294
1.0.20180225105849	5120
