version	total
1.0.20160907111242	5691
1.0.20161124105442	5323
1.0.20170214185319	6795
1.0.20180209171722	6619
1.0.20180601100346	3126
1.0.20190228134645	2349
1.0.20190906212748	2878
2.0.20200220223835	2260
2.2.20210901154959	2072
2.2.20211116163652	2072
2.2.20220521103021	1758
