version	total
1.0.20160907111242	5582
1.0.20161124105442	5233
1.0.20170214185319	6701
1.0.20180209171722	6498
1.0.20180601100346	3036
1.0.20190228134645	2259
1.0.20190906212748	2762
2.0.20200220223835	2170
2.2.20210901154959	1982
2.2.20211116163652	1983
2.2.20220521103021	1667
