version	total
1.0.20160907111242	3869
1.0.20161124105442	3640
1.0.20170214185319	5076
1.0.20180209171722	4543
1.0.20180601100346	1446
1.0.20190228134645	685
1.0.20190906212748	878
2.0.20200220223835	595
2.2.20210901154959	411
2.2.20211116163652	413
2.2.20220521103021	84
