version	total
1.0.20160907111242	4330
1.0.20161124105442	4059
1.0.20170214185319	5499
1.0.20180209171722	5084
1.0.20180601100346	1868
1.0.20190228134645	1103
1.0.20190906212748	1373
2.0.20200220223835	1009
2.2.20210901154959	826
2.2.20211116163652	828
2.2.20220521103021	502
