version	total
1.0.20160907111242	3193
1.0.20161124105442	3006
1.0.20170214185319	4413
1.0.20180209171722	3763
1.0.20180601100346	945
1.0.20190228134645	151
1.0.20190906212748	293
2.0.20200220223835	129
