version	total
1.0.20160907111242	4292
1.0.20161124105442	4026
1.0.20170214185319	5464
1.0.20180209171722	5042
1.0.20180601100346	1832
1.0.20190228134645	1065
1.0.20190906212748	1334
2.0.20200220223835	974
2.2.20210901154959	791
2.2.20211116163652	793
2.2.20220521103021	467
