version	total
1.0.20160310140736	3937
1.0.20160311201238	4036
1.0.20160318153100	3996
1.0.20160323212343	3916
1.0.20160325210917	3898
1.0.20160331184641	3997
1.0.20160408133555	4010
1.0.20160413143011	3939
1.0.20160422204730	4153
1.0.20160427142240	5091
1.0.20160714182449	7881
1.0.20160913171024	3974
1.0.20160930152149	4035
1.0.20161005195021	4136
1.0.20161007181528	4017
1.0.20161122201220	4047
1.0.20161123190203	4166
1.0.20161221171240	4043
1.0.20161227200419	4166
1.0.20170217172322	4850
1.0.20170413194156	4672
1.0.20170817131858	4665
1.0.20170822192924	4000
1.0.20170828135420	4238
1.0.20170928192020	4585
1.0.20180130110340	5325
1.0.20180225105849	5159
