version	total
1.0.20160907111242	3915
1.0.20161124105442	3681
1.0.20170214185319	5117
1.0.20180209171722	4597
1.0.20180601100346	1487
1.0.20190228134645	725
1.0.20190906212748	925
2.0.20200220223835	634
2.2.20210901154959	450
2.2.20211116163652	452
2.2.20220521103021	124
