version	total
1.0.20160907111242	4660
1.0.20161124105442	4351
1.0.20170214185319	5797
1.0.20180209171722	5480
1.0.20180601100346	2154
1.0.20190228134645	1384
1.0.20190906212748	1696
2.0.20200220223835	1293
2.2.20210901154959	1108
2.2.20211116163652	1110
2.2.20220521103021	785
