version	total
1.0.20160907111242	4276
1.0.20161124105442	4010
1.0.20170214185319	5447
1.0.20180209171722	5024
1.0.20180601100346	1816
1.0.20190228134645	1049
1.0.20190906212748	1315
2.0.20200220223835	959
2.2.20210901154959	776
2.2.20211116163652	778
2.2.20220521103021	452
