version	total
1.0.20160907111242	3567
1.0.20161124105442	3360
1.0.20170214185319	4770
1.0.20180209171722	4191
1.0.20180601100346	1165
1.0.20190228134645	382
1.0.20190906212748	541
2.0.20200220223835	318
2.2.20210901154959	132
2.2.20211116163652	137
