version	total
1.0.20160907111242	4459
1.0.20161124105442	4178
1.0.20170214185319	5620
1.0.20180209171722	5239
1.0.20180601100346	1983
1.0.20190228134645	1217
1.0.20190906212748	1498
2.0.20200220223835	1125
2.2.20210901154959	941
2.2.20211116163652	943
2.2.20220521103021	617
