version	total
1.0.20160310140736	3305
1.0.20160311201238	3389
1.0.20160318153100	3346
1.0.20160323212343	3268
1.0.20160325210917	3249
1.0.20160331184641	3351
1.0.20160408133555	3370
1.0.20160413143011	3312
1.0.20160422204730	3516
1.0.20160427142240	4393
1.0.20160714182449	6672
1.0.20160913171024	3338
1.0.20160930152149	3396
1.0.20161005195021	3481
1.0.20161007181528	3367
1.0.20161122201220	3390
1.0.20161123190203	3517
1.0.20161221171240	3393
1.0.20161227200419	3539
1.0.20170217172322	4133
1.0.20170413194156	4023
1.0.20170817131858	3947
1.0.20170822192924	3359
1.0.20170828135420	3596
1.0.20170928192020	3949
1.0.20180130110340	4584
1.0.20180225105849	4305
