version	total
1.0.20160310140736	4770
1.0.20160311201238	4874
1.0.20160318153100	4832
1.0.20160323212343	4748
1.0.20160325210917	4735
1.0.20160331184641	4834
1.0.20160408133555	4840
1.0.20160413143011	4586
1.0.20160422204730	4970
1.0.20160427142240	5902
1.0.20160714182449	9491
1.0.20160913171024	4799
1.0.20160930152149	4870
1.0.20161005195021	4966
1.0.20161007181528	4849
1.0.20161122201220	4887
1.0.20161123190203	5001
1.0.20161221171240	4880
1.0.20161227200419	4769
1.0.20170217172322	5725
1.0.20170413194156	5504
1.0.20170817131858	5539
1.0.20170822192924	4836
1.0.20170828135420	5077
1.0.20170928192020	5416
1.0.20180130110340	6337
1.0.20180225105849	6118
