version	total
1.0.20160310140736	2675
1.0.20160311201238	2769
1.0.20160318153100	2700
1.0.20160323212343	2676
1.0.20160325210917	2660
1.0.20160331184641	2731
1.0.20160408133555	2719
1.0.20160413143011	2718
1.0.20160422204730	2894
1.0.20160427142240	3721
1.0.20160714182449	5455
1.0.20160913171024	2715
1.0.20160930152149	2739
1.0.20161005195021	2853
1.0.20161007181528	2765
1.0.20161122201220	2734
1.0.20161123190203	2893
1.0.20161221171240	2742
1.0.20161227200419	2942
1.0.20170217172322	3487
1.0.20170413194156	3370
1.0.20170817131858	3271
1.0.20170822192924	2703
1.0.20170828135420	2935
1.0.20170928192020	3296
1.0.20180130110340	3904
1.0.20180225105849	3492
