version	total
1.0.20160907111242	5836
1.0.20161124105442	5441
1.0.20170214185319	6923
1.0.20180209171722	6784
1.0.20180601100346	3251
1.0.20190228134645	2474
1.0.20190906212748	3043
2.0.20200220223835	2385
2.2.20210901154959	2197
2.2.20211116163652	2199
2.2.20220521103021	1889
