version	total
1.0.20160907111242	5734
1.0.20161124105442	5360
1.0.20170214185319	6834
1.0.20180209171722	6665
1.0.20180601100346	3166
1.0.20190228134645	2387
1.0.20190906212748	2934
2.0.20200220223835	2298
2.2.20210901154959	2109
2.2.20211116163652	2113
2.2.20220521103021	1797
