version	total
1.0.20160907111242	3268
1.0.20161124105442	3080
1.0.20170214185319	4487
1.0.20180209171722	3846
1.0.20180601100346	984
1.0.20190228134645	191
1.0.20190906212748	336
2.0.20200220223835	170
