version	total
1.0.20160310140736	2518
1.0.20160311201238	2606
1.0.20160318153100	2538
1.0.20160323212343	2529
1.0.20160325210917	2513
1.0.20160331184641	2574
1.0.20160408133555	2558
1.0.20160413143011	2571
1.0.20160422204730	2734
1.0.20160427142240	3558
1.0.20160714182449	5144
1.0.20160913171024	2553
1.0.20160930152149	2576
1.0.20161005195021	2692
1.0.20161007181528	2611
1.0.20161122201220	2572
1.0.20161123190203	2735
1.0.20161221171240	2580
1.0.20161227200419	2795
1.0.20170217172322	3332
1.0.20170413194156	3213
1.0.20170817131858	3101
1.0.20170822192924	2541
1.0.20170828135420	2772
1.0.20170928192020	3136
1.0.20180130110340	3739
1.0.20180225105849	3298
