version	total
1.0.20160310140736	2652
1.0.20160311201238	2747
1.0.20160318153100	2675
1.0.20160323212343	2663
1.0.20160325210917	2645
1.0.20160331184641	2710
1.0.20160408133555	2696
1.0.20160413143011	2704
1.0.20160422204730	2872
1.0.20160427142240	3700
1.0.20160714182449	5408
1.0.20160913171024	2693
1.0.20160930152149	2715
1.0.20161005195021	2831
1.0.20161007181528	2748
1.0.20161122201220	2710
1.0.20161123190203	2873
1.0.20161221171240	2718
1.0.20161227200419	2927
1.0.20170217172322	3470
1.0.20170413194156	3348
1.0.20170817131858	3248
1.0.20170822192924	2679
1.0.20170828135420	2911
1.0.20170928192020	3273
1.0.20180130110340	3890
1.0.20180225105849	3463
