version	total
1.0.20160907111242	5058
1.0.20161124105442	4732
1.0.20170214185319	6187
1.0.20180209171722	5937
1.0.20180601100346	2528
1.0.20190228134645	1753
1.0.20190906212748	2142
2.0.20200220223835	1662
2.2.20210901154959	1475
2.2.20211116163652	1479
2.2.20220521103021	1159
