version	total
1.0.20160310140736	4826
1.0.20160311201238	4929
1.0.20160318153100	4885
1.0.20160323212343	4803
1.0.20160325210917	4790
1.0.20160331184641	4887
1.0.20160408133555	4892
1.0.20160413143011	4613
1.0.20160422204730	5015
1.0.20160427142240	5941
1.0.20160714182449	9594
1.0.20160913171024	4851
1.0.20160930152149	4923
1.0.20161005195021	5018
1.0.20161007181528	4901
1.0.20161122201220	4938
1.0.20161123190203	5053
1.0.20161221171240	4933
1.0.20161227200419	4792
1.0.20170217172322	5785
1.0.20170413194156	5559
1.0.20170817131858	5594
1.0.20170822192924	4889
1.0.20170828135420	5128
1.0.20170928192020	5471
1.0.20180130110340	6414
1.0.20180225105849	6190
