version	total
1.0.20160310140736	4939
1.0.20160311201238	5043
1.0.20160318153100	4999
1.0.20160323212343	4916
1.0.20160325210917	4905
1.0.20160331184641	5001
1.0.20160408133555	5005
1.0.20160413143011	4663
1.0.20160422204730	5105
1.0.20160427142240	6011
1.0.20160714182449	9802
1.0.20160913171024	4960
1.0.20160930152149	5037
1.0.20161005195021	5131
1.0.20161007181528	5016
1.0.20161122201220	5051
1.0.20161123190203	5166
1.0.20161221171240	5044
1.0.20161227200419	4837
1.0.20170217172322	5913
1.0.20170413194156	5669
1.0.20170817131858	5717
1.0.20170822192924	5000
1.0.20170828135420	5239
1.0.20170928192020	5584
1.0.20180130110340	6552
1.0.20180225105849	6338
