version	total
1.0.20160310140736	2915
1.0.20160311201238	3003
1.0.20160318153100	2951
1.0.20160323212343	2884
1.0.20160325210917	2867
1.0.20160331184641	2968
1.0.20160408133555	2972
1.0.20160413143011	2926
1.0.20160422204730	3131
1.0.20160427142240	3975
1.0.20160714182449	5924
1.0.20160913171024	2951
1.0.20160930152149	2997
1.0.20161005195021	3092
1.0.20161007181528	2980
1.0.20161122201220	2993
1.0.20161123190203	3130
1.0.20161221171240	2997
1.0.20161227200419	3152
1.0.20170217172322	3711
1.0.20170413194156	3625
1.0.20170817131858	3524
1.0.20170822192924	2962
1.0.20170828135420	3198
1.0.20170928192020	3553
1.0.20180130110340	4129
1.0.20180225105849	3807
