version	total
1.0.20160907111242	5478
1.0.20161124105442	5138
1.0.20170214185319	6604
1.0.20180209171722	6393
1.0.20180601100346	2940
1.0.20190228134645	2163
1.0.20190906212748	2643
2.0.20200220223835	2075
2.2.20210901154959	1887
2.2.20211116163652	1888
2.2.20220521103021	1571
