version	total
1.0.20160310140736	3347
1.0.20160311201238	3431
1.0.20160318153100	3388
1.0.20160323212343	3310
1.0.20160325210917	3291
1.0.20160331184641	3393
1.0.20160408133555	3412
1.0.20160413143011	3354
1.0.20160422204730	3558
1.0.20160427142240	4443
1.0.20160714182449	6748
1.0.20160913171024	3379
1.0.20160930152149	3438
1.0.20161005195021	3523
1.0.20161007181528	3409
1.0.20161122201220	3432
1.0.20161123190203	3559
1.0.20161221171240	3435
1.0.20161227200419	3581
1.0.20170217172322	4183
1.0.20170413194156	4065
1.0.20170817131858	3996
1.0.20170822192924	3401
1.0.20170828135420	3638
1.0.20170928192020	3991
1.0.20180130110340	4631
1.0.20180225105849	4369
