version	total
1.0.20160907111242	4260
1.0.20161124105442	3996
1.0.20170214185319	5433
1.0.20180209171722	5005
1.0.20180601100346	1802
1.0.20190228134645	1036
1.0.20190906212748	1299
2.0.20200220223835	946
2.2.20210901154959	763
2.2.20211116163652	765
2.2.20220521103021	439
