version	total
1.0.20160310140736	4214
1.0.20160311201238	4315
1.0.20160318153100	4274
1.0.20160323212343	4191
1.0.20160325210917	4173
1.0.20160331184641	4274
1.0.20160408133555	4286
1.0.20160413143011	4211
1.0.20160422204730	4429
1.0.20160427142240	5371
1.0.20160714182449	8414
1.0.20160913171024	4252
1.0.20160930152149	4313
1.0.20161005195021	4412
1.0.20161007181528	4294
1.0.20161122201220	4327
1.0.20161123190203	4444
1.0.20161221171240	4320
1.0.20161227200419	4435
1.0.20170217172322	5133
1.0.20170413194156	4952
1.0.20170817131858	4949
1.0.20170822192924	4278
1.0.20170828135420	4516
1.0.20170928192020	4861
1.0.20180130110340	5656
1.0.20180225105849	5461
