version	total
1.0.20160310140736	4082
1.0.20160311201238	4182
1.0.20160318153100	4143
1.0.20160323212343	4060
1.0.20160325210917	4042
1.0.20160331184641	4143
1.0.20160408133555	4154
1.0.20160413143011	4083
1.0.20160422204730	4299
1.0.20160427142240	5239
1.0.20160714182449	8153
1.0.20160913171024	4120
1.0.20160930152149	4181
1.0.20161005195021	4282
1.0.20161007181528	4162
1.0.20161122201220	4195
1.0.20161123190203	4312
1.0.20161221171240	4190
1.0.20161227200419	4309
1.0.20170217172322	4997
1.0.20170413194156	4819
1.0.20170817131858	4814
1.0.20170822192924	4147
1.0.20170828135420	4383
1.0.20170928192020	4731
1.0.20180130110340	5502
1.0.20180225105849	5321
