version	total
1.0.20160907111242	5965
1.0.20161124105442	5537
1.0.20170214185319	7045
1.0.20180209171722	6949
1.0.20180601100346	3374
1.0.20190228134645	2592
1.0.20190906212748	3220
2.0.20200220223835	2502
2.2.20210901154959	2315
2.2.20211116163652	2316
2.2.20220521103021	2006
