version	total
1.0.20160907111242	5031
1.0.20161124105442	4705
1.0.20170214185319	6160
1.0.20180209171722	5908
1.0.20180601100346	2501
1.0.20190228134645	1726
1.0.20190906212748	2113
2.0.20200220223835	1635
2.2.20210901154959	1448
2.2.20211116163652	1452
2.2.20220521103021	1132
