version	total
1.0.20160907111242	4843
1.0.20161124105442	4518
1.0.20170214185319	5973
1.0.20180209171722	5705
1.0.20180601100346	2326
1.0.20190228134645	1552
1.0.20190906212748	1899
2.0.20200220223835	1463
2.2.20210901154959	1277
2.2.20211116163652	1278
2.2.20220521103021	955
