version	total
1.0.20160310140736	3459
1.0.20160311201238	3545
1.0.20160318153100	3503
1.0.20160323212343	3426
1.0.20160325210917	3407
1.0.20160331184641	3509
1.0.20160408133555	3525
1.0.20160413143011	3468
1.0.20160422204730	3672
1.0.20160427142240	4563
1.0.20160714182449	6966
1.0.20160913171024	3493
1.0.20160930152149	3551
1.0.20161005195021	3637
1.0.20161007181528	3525
1.0.20161122201220	3547
1.0.20161123190203	3675
1.0.20161221171240	3550
1.0.20161227200419	3695
1.0.20170217172322	4305
1.0.20170413194156	4178
1.0.20170817131858	4118
1.0.20170822192924	3514
1.0.20170828135420	3751
1.0.20170928192020	4104
1.0.20180130110340	4764
1.0.20180225105849	4504
