version	total
1.0.20160310140736	4268
1.0.20160311201238	4371
1.0.20160318153100	4330
1.0.20160323212343	4247
1.0.20160325210917	4229
1.0.20160331184641	4330
1.0.20160408133555	4341
1.0.20160413143011	4262
1.0.20160422204730	4483
1.0.20160427142240	5430
1.0.20160714182449	8517
1.0.20160913171024	4306
1.0.20160930152149	4368
1.0.20161005195021	4468
1.0.20161007181528	4350
1.0.20161122201220	4383
1.0.20161123190203	4500
1.0.20161221171240	4376
1.0.20161227200419	4481
1.0.20170217172322	5194
1.0.20170413194156	5006
1.0.20170817131858	5009
1.0.20170822192924	4333
1.0.20170828135420	4572
1.0.20170928192020	4916
1.0.20180130110340	5720
1.0.20180225105849	5531
