version	total
1.0.20160310140736	2669
1.0.20160311201238	2762
1.0.20160318153100	2691
1.0.20160323212343	2673
1.0.20160325210917	2656
1.0.20160331184641	2724
1.0.20160408133555	2713
1.0.20160413143011	2714
1.0.20160422204730	2886
1.0.20160427142240	3715
1.0.20160714182449	5441
1.0.20160913171024	2708
1.0.20160930152149	2732
1.0.20161005195021	2846
1.0.20161007181528	2761
1.0.20161122201220	2727
1.0.20161123190203	2887
1.0.20161221171240	2734
1.0.20161227200419	2938
1.0.20170217172322	3482
1.0.20170413194156	3364
1.0.20170817131858	3264
1.0.20170822192924	2696
1.0.20170828135420	2928
1.0.20170928192020	3290
1.0.20180130110340	3900
1.0.20180225105849	3483
