version	total
1.0.20160310140736	3349
1.0.20160311201238	3433
1.0.20160318153100	3390
1.0.20160323212343	3312
1.0.20160325210917	3293
1.0.20160331184641	3395
1.0.20160408133555	3414
1.0.20160413143011	3356
1.0.20160422204730	3560
1.0.20160427142240	4445
1.0.20160714182449	6752
1.0.20160913171024	3381
1.0.20160930152149	3440
1.0.20161005195021	3525
1.0.20161007181528	3411
1.0.20161122201220	3434
1.0.20161123190203	3561
1.0.20161221171240	3437
1.0.20161227200419	3583
1.0.20170217172322	4185
1.0.20170413194156	4067
1.0.20170817131858	3998
1.0.20170822192924	3403
1.0.20170828135420	3640
1.0.20170928192020	3993
1.0.20180130110340	4633
1.0.20180225105849	4371
