version	total
1.0.20160907111242	5472
1.0.20161124105442	5132
1.0.20170214185319	6598
1.0.20180209171722	6387
1.0.20180601100346	2934
1.0.20190228134645	2158
1.0.20190906212748	2633
2.0.20200220223835	2069
2.2.20210901154959	1881
2.2.20211116163652	1882
2.2.20220521103021	1565
