version	total
1.0.20160907111242	5931
1.0.20161124105442	5507
1.0.20170214185319	7009
1.0.20180209171722	6904
1.0.20180601100346	3336
1.0.20190228134645	2557
1.0.20190906212748	3165
2.0.20200220223835	2467
2.2.20210901154959	2280
2.2.20211116163652	2281
2.2.20220521103021	1971
