version	total
1.0.20160907111242	4728
1.0.20161124105442	4416
1.0.20170214185319	5861
1.0.20180209171722	5558
1.0.20180601100346	2217
1.0.20190228134645	1446
1.0.20190906212748	1766
2.0.20200220223835	1355
2.2.20210901154959	1170
2.2.20211116163652	1172
2.2.20220521103021	847
