version	total
1.0.20160310140736	2637
1.0.20160311201238	2729
1.0.20160318153100	2657
1.0.20160323212343	2646
1.0.20160325210917	2630
1.0.20160331184641	2693
1.0.20160408133555	2679
1.0.20160413143011	2688
1.0.20160422204730	2855
1.0.20160427142240	3683
1.0.20160714182449	5377
1.0.20160913171024	2676
1.0.20160930152149	2698
1.0.20161005195021	2814
1.0.20161007181528	2730
1.0.20161122201220	2693
1.0.20161123190203	2856
1.0.20161221171240	2699
1.0.20161227200419	2912
1.0.20170217172322	3456
1.0.20170413194156	3331
1.0.20170817131858	3230
1.0.20170822192924	2662
1.0.20170828135420	2894
1.0.20170928192020	3256
1.0.20180130110340	3871
1.0.20180225105849	3445
