version	total
1.0.20160907111242	5781
1.0.20161124105442	5402
1.0.20170214185319	6878
1.0.20180209171722	6724
1.0.20180601100346	3209
1.0.20190228134645	2431
1.0.20190906212748	2993
2.0.20200220223835	2341
2.2.20210901154959	2153
2.2.20211116163652	2156
2.2.20220521103021	1844
