version	total
1.0.20160310140736	3442
1.0.20160311201238	3528
1.0.20160318153100	3486
1.0.20160323212343	3409
1.0.20160325210917	3390
1.0.20160331184641	3492
1.0.20160408133555	3508
1.0.20160413143011	3451
1.0.20160422204730	3655
1.0.20160427142240	4545
1.0.20160714182449	6933
1.0.20160913171024	3476
1.0.20160930152149	3534
1.0.20161005195021	3620
1.0.20161007181528	3508
1.0.20161122201220	3530
1.0.20161123190203	3658
1.0.20161221171240	3533
1.0.20161227200419	3678
1.0.20170217172322	4287
1.0.20170413194156	4160
1.0.20170817131858	4100
1.0.20170822192924	3497
1.0.20170828135420	3734
1.0.20170928192020	4087
1.0.20180130110340	4744
1.0.20180225105849	4482
