version	total
1.0.20160310140736	4010
1.0.20160311201238	4109
1.0.20160318153100	4069
1.0.20160323212343	3989
1.0.20160325210917	3971
1.0.20160331184641	4070
1.0.20160408133555	4083
1.0.20160413143011	4011
1.0.20160422204730	4226
1.0.20160427142240	5164
1.0.20160714182449	8018
1.0.20160913171024	4047
1.0.20160930152149	4108
1.0.20161005195021	4209
1.0.20161007181528	4090
1.0.20161122201220	4120
1.0.20161123190203	4239
1.0.20161221171240	4116
1.0.20161227200419	4237
1.0.20170217172322	4924
1.0.20170413194156	4746
1.0.20170817131858	4739
1.0.20170822192924	4073
1.0.20170828135420	4311
1.0.20170928192020	4658
1.0.20180130110340	5411
1.0.20180225105849	5236
