version	total
1.0.20160310140736	2766
1.0.20160311201238	2858
1.0.20160318153100	2790
1.0.20160323212343	2738
1.0.20160325210917	2723
1.0.20160331184641	2822
1.0.20160408133555	2812
1.0.20160413143011	2779
1.0.20160422204730	2984
1.0.20160427142240	3816
1.0.20160714182449	5633
1.0.20160913171024	2803
1.0.20160930152149	2830
1.0.20161005195021	2944
1.0.20161007181528	2833
1.0.20161122201220	2826
1.0.20161123190203	2983
1.0.20161221171240	2834
1.0.20161227200419	3006
1.0.20170217172322	3555
1.0.20170413194156	3462
1.0.20170817131858	3363
1.0.20170822192924	2795
1.0.20170828135420	3029
1.0.20170928192020	3387
1.0.20180130110340	3968
1.0.20180225105849	3608
