version	total
1.0.20160907111242	4274
1.0.20161124105442	4008
1.0.20170214185319	5445
1.0.20180209171722	5022
1.0.20180601100346	1814
1.0.20190228134645	1047
1.0.20190906212748	1313
2.0.20200220223835	957
2.2.20210901154959	774
2.2.20211116163652	776
2.2.20220521103021	450
