version	total
1.0.20160907111242	3638
1.0.20161124105442	3430
1.0.20170214185319	4847
1.0.20180209171722	4268
1.0.20180601100346	1233
1.0.20190228134645	462
1.0.20190906212748	628
2.0.20200220223835	385
2.2.20210901154959	203
2.2.20211116163652	207
