version	total
1.0.20160310140736	3719
1.0.20160311201238	3811
1.0.20160318153100	3769
1.0.20160323212343	3691
1.0.20160325210917	3672
1.0.20160331184641	3774
1.0.20160408133555	3788
1.0.20160413143011	3727
1.0.20160422204730	3932
1.0.20160427142240	4851
1.0.20160714182449	7462
1.0.20160913171024	3753
1.0.20160930152149	3815
1.0.20161005195021	3905
1.0.20161007181528	3792
1.0.20161122201220	3817
1.0.20161123190203	3943
1.0.20161221171240	3818
1.0.20161227200419	3955
1.0.20170217172322	4600
1.0.20170413194156	4444
1.0.20170817131858	4414
1.0.20170822192924	3776
1.0.20170828135420	4017
1.0.20170928192020	4366
1.0.20180130110340	5057
1.0.20180225105849	4859
