version	total
1.0.20160310140736	3504
1.0.20160311201238	3590
1.0.20160318153100	3548
1.0.20160323212343	3471
1.0.20160325210917	3452
1.0.20160331184641	3554
1.0.20160408133555	3572
1.0.20160413143011	3511
1.0.20160422204730	3715
1.0.20160427142240	4607
1.0.20160714182449	7055
1.0.20160913171024	3536
1.0.20160930152149	3598
1.0.20161005195021	3682
1.0.20161007181528	3570
1.0.20161122201220	3592
1.0.20161123190203	3720
1.0.20161221171240	3595
1.0.20161227200419	3738
1.0.20170217172322	4351
1.0.20170413194156	4224
1.0.20170817131858	4164
1.0.20170822192924	3559
1.0.20170828135420	3798
1.0.20170928192020	4149
1.0.20180130110340	4812
1.0.20180225105849	4555
