version	total
1.0.20160310140736	2860
1.0.20160311201238	2952
1.0.20160318153100	2888
1.0.20160323212343	2830
1.0.20160325210917	2814
1.0.20160331184641	2915
1.0.20160408133555	2910
1.0.20160413143011	2871
1.0.20160422204730	3078
1.0.20160427142240	3913
1.0.20160714182449	5819
1.0.20160913171024	2897
1.0.20160930152149	2933
1.0.20161005195021	3038
1.0.20161007181528	2927
1.0.20161122201220	2928
1.0.20161123190203	3076
1.0.20161221171240	2932
1.0.20161227200419	3097
1.0.20170217172322	3648
1.0.20170413194156	3559
1.0.20170817131858	3460
1.0.20170822192924	2897
1.0.20170828135420	3132
1.0.20170928192020	3487
1.0.20180130110340	4068
1.0.20180225105849	3722
