version	total
1.0.20160907111242	5924
1.0.20161124105442	5505
1.0.20170214185319	7002
1.0.20180209171722	6894
1.0.20180601100346	3329
1.0.20190228134645	2552
1.0.20190906212748	3156
2.0.20200220223835	2462
2.2.20210901154959	2275
2.2.20211116163652	2275
2.2.20220521103021	1964
