version	total
1.0.20160310140736	2558
1.0.20160311201238	2646
1.0.20160318153100	2578
1.0.20160323212343	2567
1.0.20160325210917	2551
1.0.20160331184641	2614
1.0.20160408133555	2598
1.0.20160413143011	2609
1.0.20160422204730	2775
1.0.20160427142240	3600
1.0.20160714182449	5223
1.0.20160913171024	2594
1.0.20160930152149	2617
1.0.20161005195021	2732
1.0.20161007181528	2650
1.0.20161122201220	2613
1.0.20161123190203	2776
1.0.20161221171240	2620
1.0.20161227200419	2833
1.0.20170217172322	3372
1.0.20170413194156	3253
1.0.20170817131858	3144
1.0.20170822192924	2582
1.0.20170828135420	2812
1.0.20170928192020	3176
1.0.20180130110340	3783
1.0.20180225105849	3345
