version	total
1.0.20160310140736	2842
1.0.20160311201238	2934
1.0.20160318153100	2866
1.0.20160323212343	2811
1.0.20160325210917	2795
1.0.20160331184641	2895
1.0.20160408133555	2888
1.0.20160413143011	2852
1.0.20160422204730	3058
1.0.20160427142240	3892
1.0.20160714182449	5784
1.0.20160913171024	2879
1.0.20160930152149	2910
1.0.20161005195021	3020
1.0.20161007181528	2907
1.0.20161122201220	2905
1.0.20161123190203	3057
1.0.20161221171240	2910
1.0.20161227200419	3078
1.0.20170217172322	3629
1.0.20170413194156	3537
1.0.20170817131858	3440
1.0.20170822192924	2874
1.0.20170828135420	3109
1.0.20170928192020	3465
1.0.20180130110340	4044
1.0.20180225105849	3696
