version	total
1.0.20160907111242	3693
1.0.20161124105442	3480
1.0.20170214185319	4904
1.0.20180209171722	4331
1.0.20180601100346	1283
1.0.20190228134645	517
1.0.20190906212748	687
2.0.20200220223835	436
2.2.20210901154959	253
2.2.20211116163652	257
