version	total
1.0.20160907111242	5198
1.0.20161124105442	4869
1.0.20170214185319	6327
1.0.20180209171722	6091
1.0.20180601100346	2667
1.0.20190228134645	1892
1.0.20190906212748	2302
2.0.20200220223835	1801
2.2.20210901154959	1614
2.2.20211116163652	1617
2.2.20220521103021	1299
