version	total
1.0.20160907111242	3084
1.0.20161124105442	2899
1.0.20170214185319	4306
1.0.20180209171722	3638
1.0.20180601100346	887
1.0.20190228134645	93
1.0.20190906212748	229
2.0.20200220223835	72
