version	total
1.0.20160907111242	3134
1.0.20161124105442	2949
1.0.20170214185319	4356
1.0.20180209171722	3692
1.0.20180601100346	914
1.0.20190228134645	120
1.0.20190906212748	260
2.0.20200220223835	98
