version	total
1.0.20160310140736	4151
1.0.20160311201238	4252
1.0.20160318153100	4211
1.0.20160323212343	4128
1.0.20160325210917	4110
1.0.20160331184641	4211
1.0.20160408133555	4223
1.0.20160413143011	4150
1.0.20160422204730	4368
1.0.20160427142240	5308
1.0.20160714182449	8288
1.0.20160913171024	4189
1.0.20160930152149	4250
1.0.20161005195021	4350
1.0.20161007181528	4231
1.0.20161122201220	4264
1.0.20161123190203	4381
1.0.20161221171240	4257
1.0.20161227200419	4376
1.0.20170217172322	5069
1.0.20170413194156	4888
1.0.20170817131858	4886
1.0.20170822192924	4215
1.0.20170828135420	4453
1.0.20170928192020	4798
1.0.20180130110340	5581
1.0.20180225105849	5394
