version	total
1.0.20160310140736	3638
1.0.20160311201238	3728
1.0.20160318153100	3686
1.0.20160323212343	3609
1.0.20160325210917	3590
1.0.20160331184641	3692
1.0.20160408133555	3707
1.0.20160413143011	3645
1.0.20160422204730	3850
1.0.20160427142240	4758
1.0.20160714182449	7310
1.0.20160913171024	3672
1.0.20160930152149	3734
1.0.20161005195021	3822
1.0.20161007181528	3708
1.0.20161122201220	3731
1.0.20161123190203	3859
1.0.20161221171240	3734
1.0.20161227200419	3874
1.0.20170217172322	4507
1.0.20170413194156	4361
1.0.20170817131858	4321
1.0.20170822192924	3694
1.0.20170828135420	3934
1.0.20170928192020	4284
1.0.20180130110340	4963
1.0.20180225105849	4741
