version	total
1.0.20160310140736	2854
1.0.20160311201238	2946
1.0.20160318153100	2881
1.0.20160323212343	2823
1.0.20160325210917	2807
1.0.20160331184641	2908
1.0.20160408133555	2902
1.0.20160413143011	2864
1.0.20160422204730	3071
1.0.20160427142240	3906
1.0.20160714182449	5807
1.0.20160913171024	2891
1.0.20160930152149	2925
1.0.20161005195021	3032
1.0.20161007181528	2920
1.0.20161122201220	2920
1.0.20161123190203	3069
1.0.20161221171240	2925
1.0.20161227200419	3090
1.0.20170217172322	3641
1.0.20170413194156	3552
1.0.20170817131858	3454
1.0.20170822192924	2889
1.0.20170828135420	3124
1.0.20170928192020	3479
1.0.20180130110340	4058
1.0.20180225105849	3712
