version	total
1.0.20160310140736	2330
1.0.20160311201238	2417
1.0.20160318153100	2350
1.0.20160323212343	2341
1.0.20160325210917	2327
1.0.20160331184641	2385
1.0.20160408133555	2369
1.0.20160413143011	2380
1.0.20160422204730	2541
1.0.20160427142240	3355
1.0.20160714182449	4776
1.0.20160913171024	2362
1.0.20160930152149	2386
1.0.20161005195021	2501
1.0.20161007181528	2419
1.0.20161122201220	2379
1.0.20161123190203	2544
1.0.20161221171240	2388
1.0.20161227200419	2605
1.0.20170217172322	3129
1.0.20170413194156	3022
1.0.20170817131858	2900
1.0.20170822192924	2350
1.0.20170828135420	2580
1.0.20170928192020	2946
1.0.20180130110340	3540
1.0.20180225105849	3070
