version	total
1.0.20160310140736	4634
1.0.20160311201238	4740
1.0.20160318153100	4701
1.0.20160323212343	4618
1.0.20160325210917	4601
1.0.20160331184641	4700
1.0.20160408133555	4709
1.0.20160413143011	4520
1.0.20160422204730	4843
1.0.20160427142240	5790
1.0.20160714182449	9240
1.0.20160913171024	4670
1.0.20160930152149	4736
1.0.20161005195021	4836
1.0.20161007181528	4719
1.0.20161122201220	4755
1.0.20161123190203	4869
1.0.20161221171240	4747
1.0.20161227200419	4701
1.0.20170217172322	5578
1.0.20170413194156	5372
1.0.20170817131858	5392
1.0.20170822192924	4702
1.0.20170828135420	4939
1.0.20170928192020	5285
1.0.20180130110340	6171
1.0.20180225105849	5946
