version	total
1.0.20160310140736	3421
1.0.20160311201238	3503
1.0.20160318153100	3462
1.0.20160323212343	3384
1.0.20160325210917	3365
1.0.20160331184641	3467
1.0.20160408133555	3486
1.0.20160413143011	3428
1.0.20160422204730	3632
1.0.20160427142240	4522
1.0.20160714182449	6891
1.0.20160913171024	3453
1.0.20160930152149	3512
1.0.20161005195021	3595
1.0.20161007181528	3483
1.0.20161122201220	3506
1.0.20161123190203	3633
1.0.20161221171240	3509
1.0.20161227200419	3655
1.0.20170217172322	4262
1.0.20170413194156	4139
1.0.20170817131858	4075
1.0.20170822192924	3475
1.0.20170828135420	3712
1.0.20170928192020	4065
1.0.20180130110340	4715
1.0.20180225105849	4458
