version	total
1.0.20160907111242	5981
1.0.20161124105442	5546
1.0.20170214185319	7056
1.0.20180209171722	6966
1.0.20180601100346	3380
1.0.20190228134645	2598
1.0.20190906212748	3232
2.0.20200220223835	2508
2.2.20210901154959	2321
2.2.20211116163652	2322
2.2.20220521103021	2012
