version	total
1.0.20160907111242	4262
1.0.20161124105442	3998
1.0.20170214185319	5435
1.0.20180209171722	5007
1.0.20180601100346	1804
1.0.20190228134645	1038
1.0.20190906212748	1303
2.0.20200220223835	948
2.2.20210901154959	765
2.2.20211116163652	767
2.2.20220521103021	441
