version	total
1.0.20160310140736	2809
1.0.20160311201238	2901
1.0.20160318153100	2833
1.0.20160323212343	2779
1.0.20160325210917	2764
1.0.20160331184641	2862
1.0.20160408133555	2856
1.0.20160413143011	2820
1.0.20160422204730	3025
1.0.20160427142240	3858
1.0.20160714182449	5718
1.0.20160913171024	2845
1.0.20160930152149	2877
1.0.20161005195021	2987
1.0.20161007181528	2874
1.0.20161122201220	2873
1.0.20161123190203	3024
1.0.20161221171240	2877
1.0.20161227200419	3047
1.0.20170217172322	3597
1.0.20170413194156	3504
1.0.20170817131858	3405
1.0.20170822192924	2840
1.0.20170828135420	3074
1.0.20170928192020	3432
1.0.20180130110340	4010
1.0.20180225105849	3659
