version	total
1.0.20160907111242	3532
1.0.20161124105442	3327
1.0.20170214185319	4735
1.0.20180209171722	4154
1.0.20180601100346	1131
1.0.20190228134645	346
1.0.20190906212748	506
2.0.20200220223835	286
2.2.20210901154959	100
2.2.20211116163652	105
