version	total
1.0.20160907111242	5458
1.0.20161124105442	5122
1.0.20170214185319	6588
1.0.20180209171722	6367
1.0.20180601100346	2926
1.0.20190228134645	2150
1.0.20190906212748	2623
2.0.20200220223835	2060
2.2.20210901154959	1873
2.2.20211116163652	1874
2.2.20220521103021	1557
