version	total
1.0.20160907111242	3197
1.0.20161124105442	3010
1.0.20170214185319	4417
1.0.20180209171722	3767
1.0.20180601100346	947
1.0.20190228134645	153
1.0.20190906212748	295
2.0.20200220223835	131
