version	total
1.0.20160310140736	3546
1.0.20160311201238	3634
1.0.20160318153100	3592
1.0.20160323212343	3515
1.0.20160325210917	3495
1.0.20160331184641	3598
1.0.20160408133555	3614
1.0.20160413143011	3553
1.0.20160422204730	3757
1.0.20160427142240	4656
1.0.20160714182449	7133
1.0.20160913171024	3578
1.0.20160930152149	3640
1.0.20161005195021	3726
1.0.20161007181528	3614
1.0.20161122201220	3636
1.0.20161123190203	3764
1.0.20161221171240	3639
1.0.20161227200419	3780
1.0.20170217172322	4401
1.0.20170413194156	4266
1.0.20170817131858	4215
1.0.20170822192924	3601
1.0.20170828135420	3841
1.0.20170928192020	4191
1.0.20180130110340	4858
1.0.20180225105849	4618
