version	total
1.0.20160310140736	3484
1.0.20160311201238	3568
1.0.20160318153100	3526
1.0.20160323212343	3449
1.0.20160325210917	3430
1.0.20160331184641	3532
1.0.20160408133555	3550
1.0.20160413143011	3493
1.0.20160422204730	3697
1.0.20160427142240	4589
1.0.20160714182449	7015
1.0.20160913171024	3518
1.0.20160930152149	3576
1.0.20161005195021	3660
1.0.20161007181528	3548
1.0.20161122201220	3570
1.0.20161123190203	3698
1.0.20161221171240	3573
1.0.20161227200419	3720
1.0.20170217172322	4329
1.0.20170413194156	4204
1.0.20170817131858	4142
1.0.20170822192924	3539
1.0.20170828135420	3776
1.0.20170928192020	4129
1.0.20180130110340	4789
1.0.20180225105849	4531
