version	total
1.0.20160310140736	3413
1.0.20160311201238	3496
1.0.20160318153100	3454
1.0.20160323212343	3376
1.0.20160325210917	3357
1.0.20160331184641	3459
1.0.20160408133555	3478
1.0.20160413143011	3420
1.0.20160422204730	3624
1.0.20160427142240	4514
1.0.20160714182449	6875
1.0.20160913171024	3445
1.0.20160930152149	3504
1.0.20161005195021	3588
1.0.20161007181528	3475
1.0.20161122201220	3498
1.0.20161123190203	3625
1.0.20161221171240	3501
1.0.20161227200419	3647
1.0.20170217172322	4254
1.0.20170413194156	4131
1.0.20170817131858	4067
1.0.20170822192924	3467
1.0.20170828135420	3704
1.0.20170928192020	4057
1.0.20180130110340	4707
1.0.20180225105849	4450
