version	total
1.0.20160907111242	5817
1.0.20161124105442	5428
1.0.20170214185319	6908
1.0.20180209171722	6761
1.0.20180601100346	3238
1.0.20190228134645	2460
1.0.20190906212748	3029
2.0.20200220223835	2370
2.2.20210901154959	2182
2.2.20211116163652	2184
2.2.20220521103021	1874
