version	total
1.0.20160907111242	3516
1.0.20161124105442	3311
1.0.20170214185319	4717
1.0.20180209171722	4130
1.0.20180601100346	1113
1.0.20190228134645	326
1.0.20190906212748	487
2.0.20200220223835	266
2.2.20210901154959	80
2.2.20211116163652	85
