version	total
1.0.20160907111242	4738
1.0.20161124105442	4426
1.0.20170214185319	5871
1.0.20180209171722	5569
1.0.20180601100346	2227
1.0.20190228134645	1454
1.0.20190906212748	1783
2.0.20200220223835	1363
2.2.20210901154959	1178
2.2.20211116163652	1182
2.2.20220521103021	857
