version	total
1.0.20160310140736	4373
1.0.20160311201238	4475
1.0.20160318153100	4436
1.0.20160323212343	4353
1.0.20160325210917	4335
1.0.20160331184641	4434
1.0.20160408133555	4446
1.0.20160413143011	4360
1.0.20160422204730	4584
1.0.20160427142240	5533
1.0.20160714182449	8727
1.0.20160913171024	4408
1.0.20160930152149	4474
1.0.20161005195021	4571
1.0.20161007181528	4455
1.0.20161122201220	4489
1.0.20161123190203	4604
1.0.20161221171240	4482
1.0.20161227200419	4568
1.0.20170217172322	5302
1.0.20170413194156	5112
1.0.20170817131858	5115
1.0.20170822192924	4439
1.0.20170828135420	4678
1.0.20170928192020	5022
1.0.20180130110340	5847
1.0.20180225105849	5642
