version	total
1.0.20160310140736	4842
1.0.20160311201238	4945
1.0.20160318153100	4901
1.0.20160323212343	4819
1.0.20160325210917	4806
1.0.20160331184641	4903
1.0.20160408133555	4908
1.0.20160413143011	4620
1.0.20160422204730	5031
1.0.20160427142240	5951
1.0.20160714182449	9626
1.0.20160913171024	4867
1.0.20160930152149	4939
1.0.20161005195021	5034
1.0.20161007181528	4917
1.0.20161122201220	4954
1.0.20161123190203	5069
1.0.20161221171240	4949
1.0.20161227200419	4799
1.0.20170217172322	5802
1.0.20170413194156	5575
1.0.20170817131858	5610
1.0.20170822192924	4905
1.0.20170828135420	5144
1.0.20170928192020	5487
1.0.20180130110340	6438
1.0.20180225105849	6207
