version	total
1.0.20160310140736	4496
1.0.20160311201238	4601
1.0.20160318153100	4562
1.0.20160323212343	4478
1.0.20160325210917	4461
1.0.20160331184641	4561
1.0.20160408133555	4570
1.0.20160413143011	4448
1.0.20160422204730	4705
1.0.20160427142240	5652
1.0.20160714182449	8971
1.0.20160913171024	4531
1.0.20160930152149	4598
1.0.20161005195021	4697
1.0.20161007181528	4581
1.0.20161122201220	4615
1.0.20161123190203	4731
1.0.20161221171240	4608
1.0.20161227200419	4634
1.0.20170217172322	5429
1.0.20170413194156	5236
1.0.20170817131858	5244
1.0.20170822192924	4563
1.0.20170828135420	4802
1.0.20170928192020	5146
1.0.20180130110340	6000
1.0.20180225105849	5783
