version	total
1.0.20160907111242	3674
1.0.20161124105442	3463
1.0.20170214185319	4885
1.0.20180209171722	4309
1.0.20180601100346	1265
1.0.20190228134645	499
1.0.20190906212748	669
2.0.20200220223835	420
2.2.20210901154959	235
2.2.20211116163652	239
