version	total
1.0.20160907111242	4811
1.0.20161124105442	4490
1.0.20170214185319	5943
1.0.20180209171722	5666
1.0.20180601100346	2298
1.0.20190228134645	1523
1.0.20190906212748	1862
2.0.20200220223835	1433
2.2.20210901154959	1247
2.2.20211116163652	1249
2.2.20220521103021	926
