version	total
1.0.20160310140736	4681
1.0.20160311201238	4784
1.0.20160318153100	4742
1.0.20160323212343	4659
1.0.20160325210917	4644
1.0.20160331184641	4742
1.0.20160408133555	4752
1.0.20160413143011	4540
1.0.20160422204730	4886
1.0.20160427142240	5827
1.0.20160714182449	9327
1.0.20160913171024	4713
1.0.20160930152149	4780
1.0.20161005195021	4877
1.0.20161007181528	4760
1.0.20161122201220	4798
1.0.20161123190203	4910
1.0.20161221171240	4789
1.0.20161227200419	4722
1.0.20170217172322	5627
1.0.20170413194156	5416
1.0.20170817131858	5437
1.0.20170822192924	4745
1.0.20170828135420	4984
1.0.20170928192020	5328
1.0.20180130110340	6225
1.0.20180225105849	5994
