version	total
1.0.20160310140736	4715
1.0.20160311201238	4822
1.0.20160318153100	4779
1.0.20160323212343	4696
1.0.20160325210917	4680
1.0.20160331184641	4779
1.0.20160408133555	4786
1.0.20160413143011	4558
1.0.20160422204730	4920
1.0.20160427142240	5862
1.0.20160714182449	9394
1.0.20160913171024	4748
1.0.20160930152149	4817
1.0.20161005195021	4916
1.0.20161007181528	4799
1.0.20161122201220	4837
1.0.20161123190203	4949
1.0.20161221171240	4828
1.0.20161227200419	4741
1.0.20170217172322	5670
1.0.20170413194156	5454
1.0.20170817131858	5481
1.0.20170822192924	4783
1.0.20170828135420	5021
1.0.20170928192020	5365
1.0.20180130110340	6273
1.0.20180225105849	6049
