version	total
1.0.20160310140736	4766
1.0.20160311201238	4870
1.0.20160318153100	4828
1.0.20160323212343	4746
1.0.20160325210917	4732
1.0.20160331184641	4830
1.0.20160408133555	4836
1.0.20160413143011	4584
1.0.20160422204730	4966
1.0.20160427142240	5900
1.0.20160714182449	9483
1.0.20160913171024	4795
1.0.20160930152149	4866
1.0.20161005195021	4962
1.0.20161007181528	4846
1.0.20161122201220	4883
1.0.20161123190203	4997
1.0.20161221171240	4876
1.0.20161227200419	4767
1.0.20170217172322	5722
1.0.20170413194156	5500
1.0.20170817131858	5535
1.0.20170822192924	4832
1.0.20170828135420	5073
1.0.20170928192020	5412
1.0.20180130110340	6335
1.0.20180225105849	6114
