version	total
1.0.20160310140736	3630
1.0.20160311201238	3720
1.0.20160318153100	3678
1.0.20160323212343	3601
1.0.20160325210917	3582
1.0.20160331184641	3684
1.0.20160408133555	3700
1.0.20160413143011	3637
1.0.20160422204730	3842
1.0.20160427142240	4750
1.0.20160714182449	7294
1.0.20160913171024	3663
1.0.20160930152149	3728
1.0.20161005195021	3814
1.0.20161007181528	3700
1.0.20161122201220	3723
1.0.20161123190203	3851
1.0.20161221171240	3726
1.0.20161227200419	3866
1.0.20170217172322	4499
1.0.20170413194156	4353
1.0.20170817131858	4311
1.0.20170822192924	3686
1.0.20170828135420	3927
1.0.20170928192020	4276
1.0.20180130110340	4953
1.0.20180225105849	4731
