version	total
1.0.20160310140736	3688
1.0.20160311201238	3779
1.0.20160318153100	3737
1.0.20160323212343	3660
1.0.20160325210917	3641
1.0.20160331184641	3743
1.0.20160408133555	3758
1.0.20160413143011	3696
1.0.20160422204730	3901
1.0.20160427142240	4819
1.0.20160714182449	7401
1.0.20160913171024	3722
1.0.20160930152149	3785
1.0.20161005195021	3873
1.0.20161007181528	3761
1.0.20161122201220	3783
1.0.20161123190203	3911
1.0.20161221171240	3786
1.0.20161227200419	3924
1.0.20170217172322	4568
1.0.20170413194156	4412
1.0.20170817131858	4381
1.0.20170822192924	3745
1.0.20170828135420	3986
1.0.20170928192020	4335
1.0.20180130110340	5021
1.0.20180225105849	4819
