version	total
1.0.20160907111242	5614
1.0.20161124105442	5260
1.0.20170214185319	6730
1.0.20180209171722	6532
1.0.20180601100346	3065
1.0.20190228134645	2288
1.0.20190906212748	2801
2.0.20200220223835	2199
2.2.20210901154959	2011
2.2.20211116163652	2012
2.2.20220521103021	1696
