version	total
1.0.20160310140736	2348
1.0.20160311201238	2437
1.0.20160318153100	2369
1.0.20160323212343	2359
1.0.20160325210917	2345
1.0.20160331184641	2404
1.0.20160408133555	2388
1.0.20160413143011	2399
1.0.20160422204730	2561
1.0.20160427142240	3375
1.0.20160714182449	4811
1.0.20160913171024	2381
1.0.20160930152149	2405
1.0.20161005195021	2520
1.0.20161007181528	2439
1.0.20161122201220	2398
1.0.20161123190203	2563
1.0.20161221171240	2407
1.0.20161227200419	2623
1.0.20170217172322	3148
1.0.20170413194156	3041
1.0.20170817131858	2919
1.0.20170822192924	2369
1.0.20170828135420	2599
1.0.20170928192020	2965
1.0.20180130110340	3561
1.0.20180225105849	3090
