version	total
1.0.20160310140736	2986
1.0.20160311201238	3072
1.0.20160318153100	3023
1.0.20160323212343	2951
1.0.20160325210917	2932
1.0.20160331184641	3036
1.0.20160408133555	3046
1.0.20160413143011	2993
1.0.20160422204730	3200
1.0.20160427142240	4047
1.0.20160714182449	6059
1.0.20160913171024	3019
1.0.20160930152149	3071
1.0.20161005195021	3160
1.0.20161007181528	3048
1.0.20161122201220	3065
1.0.20161123190203	3199
1.0.20161221171240	3071
1.0.20161227200419	3220
1.0.20170217172322	3784
1.0.20170413194156	3696
1.0.20170817131858	3598
1.0.20170822192924	3036
1.0.20170828135420	3270
1.0.20170928192020	3626
1.0.20180130110340	4204
1.0.20180225105849	3893
