version	total
1.0.20160907111242	5866
1.0.20161124105442	5465
1.0.20170214185319	6951
1.0.20180209171722	6819
1.0.20180601100346	3278
1.0.20190228134645	2500
1.0.20190906212748	3076
2.0.20200220223835	2411
2.2.20210901154959	2223
2.2.20211116163652	2226
2.2.20220521103021	1915
