version	total
1.0.20160310140736	4006
1.0.20160311201238	4105
1.0.20160318153100	4065
1.0.20160323212343	3985
1.0.20160325210917	3967
1.0.20160331184641	4066
1.0.20160408133555	4079
1.0.20160413143011	4008
1.0.20160422204730	4223
1.0.20160427142240	5161
1.0.20160714182449	8010
1.0.20160913171024	4043
1.0.20160930152149	4104
1.0.20161005195021	4205
1.0.20161007181528	4086
1.0.20161122201220	4116
1.0.20161123190203	4235
1.0.20161221171240	4112
1.0.20161227200419	4234
1.0.20170217172322	4920
1.0.20170413194156	4742
1.0.20170817131858	4735
1.0.20170822192924	4069
1.0.20170828135420	4307
1.0.20170928192020	4654
1.0.20180130110340	5407
1.0.20180225105849	5232
