version	total
1.0.20160907111242	5545
1.0.20161124105442	5201
1.0.20170214185319	6669
1.0.20180209171722	6463
1.0.20180601100346	3005
1.0.20190228134645	2227
1.0.20190906212748	2722
2.0.20200220223835	2139
2.2.20210901154959	1951
2.2.20211116163652	1952
2.2.20220521103021	1636
