version	total
1.0.20160907111242	4968
1.0.20161124105442	4642
1.0.20170214185319	6098
1.0.20180209171722	5840
1.0.20180601100346	2439
1.0.20190228134645	1663
1.0.20190906212748	2043
2.0.20200220223835	1573
2.2.20210901154959	1388
2.2.20211116163652	1390
2.2.20220521103021	1068
