version	total
1.0.20160907111242	4425
1.0.20161124105442	4145
1.0.20170214185319	5587
1.0.20180209171722	5200
1.0.20180601100346	1952
1.0.20190228134645	1184
1.0.20190906212748	1463
2.0.20200220223835	1093
2.2.20210901154959	910
2.2.20211116163652	912
2.2.20220521103021	586
