version	total
1.0.20160310140736	4012
1.0.20160311201238	4111
1.0.20160318153100	4071
1.0.20160323212343	3991
1.0.20160325210917	3973
1.0.20160331184641	4072
1.0.20160408133555	4085
1.0.20160413143011	4013
1.0.20160422204730	4228
1.0.20160427142240	5166
1.0.20160714182449	8022
1.0.20160913171024	4049
1.0.20160930152149	4110
1.0.20161005195021	4211
1.0.20161007181528	4092
1.0.20161122201220	4122
1.0.20161123190203	4241
1.0.20161221171240	4118
1.0.20161227200419	4239
1.0.20170217172322	4926
1.0.20170413194156	4748
1.0.20170817131858	4741
1.0.20170822192924	4075
1.0.20170828135420	4313
1.0.20170928192020	4660
1.0.20180130110340	5413
1.0.20180225105849	5238
