version	total
1.0.20160310140736	4451
1.0.20160311201238	4556
1.0.20160318153100	4517
1.0.20160323212343	4434
1.0.20160325210917	4416
1.0.20160331184641	4516
1.0.20160408133555	4525
1.0.20160413143011	4418
1.0.20160422204730	4662
1.0.20160427142240	5609
1.0.20160714182449	8882
1.0.20160913171024	4486
1.0.20160930152149	4553
1.0.20161005195021	4652
1.0.20161007181528	4536
1.0.20161122201220	4570
1.0.20161123190203	4686
1.0.20161221171240	4563
1.0.20161227200419	4608
1.0.20170217172322	5383
1.0.20170413194156	5191
1.0.20170817131858	5198
1.0.20170822192924	4518
1.0.20170828135420	4758
1.0.20170928192020	5101
1.0.20180130110340	5942
1.0.20180225105849	5731
