version	total
1.0.20160310140736	3741
1.0.20160311201238	3833
1.0.20160318153100	3791
1.0.20160323212343	3713
1.0.20160325210917	3694
1.0.20160331184641	3796
1.0.20160408133555	3811
1.0.20160413143011	3749
1.0.20160422204730	3954
1.0.20160427142240	4875
1.0.20160714182449	7504
1.0.20160913171024	3775
1.0.20160930152149	3838
1.0.20161005195021	3927
1.0.20161007181528	3814
1.0.20161122201220	3839
1.0.20161123190203	3965
1.0.20161221171240	3840
1.0.20161227200419	3977
1.0.20170217172322	4624
1.0.20170413194156	4466
1.0.20170817131858	4438
1.0.20170822192924	3798
1.0.20170828135420	4039
1.0.20170928192020	4388
1.0.20180130110340	5085
1.0.20180225105849	4887
