version	total
1.0.20160907111242	4515
1.0.20161124105442	4225
1.0.20170214185319	5667
1.0.20180209171722	5312
1.0.20180601100346	2028
1.0.20190228134645	1261
1.0.20190906212748	1546
2.0.20200220223835	1169
2.2.20210901154959	985
2.2.20211116163652	987
2.2.20220521103021	661
