version	total
1.0.20160907111242	4816
1.0.20161124105442	4494
1.0.20170214185319	5947
1.0.20180209171722	5674
1.0.20180601100346	2302
1.0.20190228134645	1527
1.0.20190906212748	1867
2.0.20200220223835	1438
2.2.20210901154959	1251
2.2.20211116163652	1253
2.2.20220521103021	931
