version	total
1.0.20160907111242	5880
1.0.20161124105442	5473
1.0.20170214185319	6961
1.0.20180209171722	6836
1.0.20180601100346	3288
1.0.20190228134645	2512
1.0.20190906212748	3093
2.0.20200220223835	2423
2.2.20210901154959	2235
2.2.20211116163652	2235
2.2.20220521103021	1924
