version	total
1.0.20160310140736	2838
1.0.20160311201238	2930
1.0.20160318153100	2862
1.0.20160323212343	2809
1.0.20160325210917	2793
1.0.20160331184641	2893
1.0.20160408133555	2884
1.0.20160413143011	2850
1.0.20160422204730	3056
1.0.20160427142240	3890
1.0.20160714182449	5776
1.0.20160913171024	2875
1.0.20160930152149	2906
1.0.20161005195021	3016
1.0.20161007181528	2905
1.0.20161122201220	2901
1.0.20161123190203	3055
1.0.20161221171240	2906
1.0.20161227200419	3076
1.0.20170217172322	3627
1.0.20170413194156	3533
1.0.20170817131858	3437
1.0.20170822192924	2870
1.0.20170828135420	3105
1.0.20170928192020	3461
1.0.20180130110340	4042
1.0.20180225105849	3692
