version	total
1.0.20160907111242	5535
1.0.20161124105442	5191
1.0.20170214185319	6659
1.0.20180209171722	6453
1.0.20180601100346	2995
1.0.20190228134645	2218
1.0.20190906212748	2711
2.0.20200220223835	2129
2.2.20210901154959	1941
2.2.20211116163652	1942
2.2.20220521103021	1626
