version	total
1.0.20160907111242	3286
1.0.20161124105442	3098
1.0.20170214185319	4505
1.0.20180209171722	3869
1.0.20180601100346	992
1.0.20190228134645	200
1.0.20190906212748	346
2.0.20200220223835	179
