version	total
1.0.20160310140736	4388
1.0.20160311201238	4493
1.0.20160318153100	4454
1.0.20160323212343	4371
1.0.20160325210917	4353
1.0.20160331184641	4452
1.0.20160408133555	4462
1.0.20160413143011	4372
1.0.20160422204730	4599
1.0.20160427142240	5547
1.0.20160714182449	8757
1.0.20160913171024	4423
1.0.20160930152149	4490
1.0.20161005195021	4589
1.0.20161007181528	4473
1.0.20161122201220	4507
1.0.20161123190203	4622
1.0.20161221171240	4500
1.0.20161227200419	4575
1.0.20170217172322	5319
1.0.20170413194156	5128
1.0.20170817131858	5133
1.0.20170822192924	4455
1.0.20170828135420	4695
1.0.20170928192020	5038
1.0.20180130110340	5866
1.0.20180225105849	5663
