version	total
1.0.20160310140736	5059
1.0.20160311201238	5167
1.0.20160318153100	5122
1.0.20160323212343	5039
1.0.20160325210917	5027
1.0.20160331184641	5125
1.0.20160408133555	5128
1.0.20160413143011	4712
1.0.20160422204730	5187
1.0.20160427142240	6098
1.0.20160714182449	10015
1.0.20160913171024	5064
1.0.20160930152149	5158
1.0.20161005195021	5253
1.0.20161007181528	5136
1.0.20161122201220	5174
1.0.20161123190203	5288
1.0.20161221171240	5166
1.0.20161227200419	4872
1.0.20170217172322	6057
1.0.20170413194156	5788
1.0.20170817131858	5865
1.0.20170822192924	5120
1.0.20170828135420	5364
1.0.20170928192020	5705
1.0.20180130110340	6736
1.0.20180225105849	6535
