version	total
1.0.20160907111242	4915
1.0.20161124105442	4589
1.0.20170214185319	6044
1.0.20180209171722	5780
1.0.20180601100346	2389
1.0.20190228134645	1614
1.0.20190906212748	1979
2.0.20200220223835	1525
2.2.20210901154959	1339
2.2.20211116163652	1340
2.2.20220521103021	1017
