version	total
1.0.20160310140736	2823
1.0.20160311201238	2915
1.0.20160318153100	2847
1.0.20160323212343	2794
1.0.20160325210917	2778
1.0.20160331184641	2878
1.0.20160408133555	2870
1.0.20160413143011	2835
1.0.20160422204730	3041
1.0.20160427142240	3874
1.0.20160714182449	5747
1.0.20160913171024	2860
1.0.20160930152149	2891
1.0.20161005195021	3001
1.0.20161007181528	2890
1.0.20161122201220	2887
1.0.20161123190203	3040
1.0.20161221171240	2891
1.0.20161227200419	3061
1.0.20170217172322	3612
1.0.20170413194156	3518
1.0.20170817131858	3422
1.0.20170822192924	2855
1.0.20170828135420	3090
1.0.20170928192020	3446
1.0.20180130110340	4027
1.0.20180225105849	3674
