version	total
1.0.20160310140736	5012
1.0.20160311201238	5121
1.0.20160318153100	5075
1.0.20160323212343	4993
1.0.20160325210917	4981
1.0.20160331184641	5079
1.0.20160408133555	5082
1.0.20160413143011	4696
1.0.20160422204730	5157
1.0.20160427142240	6061
1.0.20160714182449	9932
1.0.20160913171024	5022
1.0.20160930152149	5112
1.0.20161005195021	5207
1.0.20161007181528	5091
1.0.20161122201220	5128
1.0.20161123190203	5242
1.0.20161221171240	5119
1.0.20161227200419	4861
1.0.20170217172322	6002
1.0.20170413194156	5741
1.0.20170817131858	5808
1.0.20170822192924	5074
1.0.20170828135420	5317
1.0.20170928192020	5658
1.0.20180130110340	6672
1.0.20180225105849	6465
