version	total
1.0.20160310140736	3949
1.0.20160311201238	4048
1.0.20160318153100	4008
1.0.20160323212343	3928
1.0.20160325210917	3910
1.0.20160331184641	4009
1.0.20160408133555	4022
1.0.20160413143011	3951
1.0.20160422204730	4166
1.0.20160427142240	5103
1.0.20160714182449	7905
1.0.20160913171024	3986
1.0.20160930152149	4047
1.0.20161005195021	4148
1.0.20161007181528	4029
1.0.20161122201220	4059
1.0.20161123190203	4178
1.0.20161221171240	4055
1.0.20161227200419	4177
1.0.20170217172322	4862
1.0.20170413194156	4684
1.0.20170817131858	4677
1.0.20170822192924	4012
1.0.20170828135420	4250
1.0.20170928192020	4597
1.0.20180130110340	5340
1.0.20180225105849	5171
