version	total
1.0.20160907111242	4286
1.0.20161124105442	4020
1.0.20170214185319	5456
1.0.20180209171722	5036
1.0.20180601100346	1825
1.0.20190228134645	1060
1.0.20190906212748	1327
2.0.20200220223835	968
2.2.20210901154959	785
2.2.20211116163652	787
2.2.20220521103021	461
