version	total
1.0.20160310140736	3476
1.0.20160311201238	3562
1.0.20160318153100	3520
1.0.20160323212343	3443
1.0.20160325210917	3422
1.0.20160331184641	3526
1.0.20160408133555	3542
1.0.20160413143011	3485
1.0.20160422204730	3689
1.0.20160427142240	4581
1.0.20160714182449	6999
1.0.20160913171024	3510
1.0.20160930152149	3568
1.0.20161005195021	3654
1.0.20161007181528	3542
1.0.20161122201220	3564
1.0.20161123190203	3692
1.0.20161221171240	3567
1.0.20161227200419	3712
1.0.20170217172322	4321
1.0.20170413194156	4196
1.0.20170817131858	4136
1.0.20170822192924	3531
1.0.20170828135420	3768
1.0.20170928192020	4121
1.0.20180130110340	4783
1.0.20180225105849	4525
