version	total
1.0.20160310140736	3684
1.0.20160311201238	3772
1.0.20160318153100	3730
1.0.20160323212343	3653
1.0.20160325210917	3634
1.0.20160331184641	3736
1.0.20160408133555	3752
1.0.20160413143011	3692
1.0.20160422204730	3897
1.0.20160427142240	4811
1.0.20160714182449	7397
1.0.20160913171024	3718
1.0.20160930152149	3780
1.0.20161005195021	3866
1.0.20161007181528	3754
1.0.20161122201220	3776
1.0.20161123190203	3904
1.0.20161221171240	3779
1.0.20161227200419	3920
1.0.20170217172322	4557
1.0.20170413194156	4407
1.0.20170817131858	4370
1.0.20170822192924	3741
1.0.20170828135420	3980
1.0.20170928192020	4331
1.0.20180130110340	5014
1.0.20180225105849	4802
