version	total
1.0.20160907111242	3786
1.0.20161124105442	3565
1.0.20170214185319	4996
1.0.20180209171722	4434
1.0.20180601100346	1370
1.0.20190228134645	607
1.0.20190906212748	790
2.0.20200220223835	521
2.2.20210901154959	339
2.2.20211116163652	341
