version	total
1.0.20160907111242	4457
1.0.20161124105442	4176
1.0.20170214185319	5618
1.0.20180209171722	5237
1.0.20180601100346	1981
1.0.20190228134645	1215
1.0.20190906212748	1496
2.0.20200220223835	1123
2.2.20210901154959	939
2.2.20211116163652	941
2.2.20220521103021	615
