version	total
1.0.20160907111242	5612
1.0.20161124105442	5259
1.0.20170214185319	6728
1.0.20180209171722	6530
1.0.20180601100346	3063
1.0.20190228134645	2285
1.0.20190906212748	2799
2.0.20200220223835	2196
2.2.20210901154959	2009
2.2.20211116163652	2010
2.2.20220521103021	1694
