version	total
1.0.20160310140736	2827
1.0.20160311201238	2919
1.0.20160318153100	2851
1.0.20160323212343	2798
1.0.20160325210917	2782
1.0.20160331184641	2882
1.0.20160408133555	2874
1.0.20160413143011	2839
1.0.20160422204730	3045
1.0.20160427142240	3878
1.0.20160714182449	5755
1.0.20160913171024	2864
1.0.20160930152149	2895
1.0.20161005195021	3005
1.0.20161007181528	2894
1.0.20161122201220	2891
1.0.20161123190203	3044
1.0.20161221171240	2895
1.0.20161227200419	3065
1.0.20170217172322	3616
1.0.20170413194156	3522
1.0.20170817131858	3426
1.0.20170822192924	2859
1.0.20170828135420	3094
1.0.20170928192020	3450
1.0.20180130110340	4031
1.0.20180225105849	3678
