version	total
1.0.20160907111242	4861
1.0.20161124105442	4535
1.0.20170214185319	5990
1.0.20180209171722	5725
1.0.20180601100346	2343
1.0.20190228134645	1569
1.0.20190906212748	1920
2.0.20200220223835	1480
2.2.20210901154959	1294
2.2.20211116163652	1295
2.2.20220521103021	972
