version	total
1.0.20160907111242	5489
1.0.20161124105442	5146
1.0.20170214185319	6613
1.0.20180209171722	6404
1.0.20180601100346	2948
1.0.20190228134645	2172
1.0.20190906212748	2656
2.0.20200220223835	2083
2.2.20210901154959	1895
2.2.20211116163652	1896
2.2.20220521103021	1579
