version	total
1.0.20160907111242	5330
1.0.20161124105442	4996
1.0.20170214185319	6459
1.0.20180209171722	6233
1.0.20180601100346	2797
1.0.20190228134645	2025
1.0.20190906212748	2463
2.0.20200220223835	1934
2.2.20210901154959	1747
2.2.20211116163652	1748
2.2.20220521103021	1429
