version	total
1.0.20160310140736	3771
1.0.20160311201238	3863
1.0.20160318153100	3821
1.0.20160323212343	3743
1.0.20160325210917	3724
1.0.20160331184641	3826
1.0.20160408133555	3841
1.0.20160413143011	3779
1.0.20160422204730	3984
1.0.20160427142240	4909
1.0.20160714182449	7560
1.0.20160913171024	3805
1.0.20160930152149	3868
1.0.20161005195021	3957
1.0.20161007181528	3844
1.0.20161122201220	3869
1.0.20161123190203	3995
1.0.20161221171240	3870
1.0.20161227200419	4007
1.0.20170217172322	4658
1.0.20170413194156	4496
1.0.20170817131858	4472
1.0.20170822192924	3828
1.0.20170828135420	4069
1.0.20170928192020	4418
1.0.20180130110340	5124
1.0.20180225105849	4928
