version	total
1.0.20160907111242	4941
1.0.20161124105442	4615
1.0.20170214185319	6071
1.0.20180209171722	5810
1.0.20180601100346	2416
1.0.20190228134645	1639
1.0.20190906212748	2013
2.0.20200220223835	1550
2.2.20210901154959	1365
2.2.20211116163652	1367
2.2.20220521103021	1045
