version	total
1.0.20160907111242	4722
1.0.20161124105442	4408
1.0.20170214185319	5855
1.0.20180209171722	5551
1.0.20180601100346	2210
1.0.20190228134645	1440
1.0.20190906212748	1758
2.0.20200220223835	1349
2.2.20210901154959	1164
2.2.20211116163652	1166
2.2.20220521103021	841
