version	total
1.0.20160310140736	3351
1.0.20160311201238	3435
1.0.20160318153100	3392
1.0.20160323212343	3314
1.0.20160325210917	3295
1.0.20160331184641	3397
1.0.20160408133555	3416
1.0.20160413143011	3358
1.0.20160422204730	3562
1.0.20160427142240	4447
1.0.20160714182449	6756
1.0.20160913171024	3383
1.0.20160930152149	3442
1.0.20161005195021	3527
1.0.20161007181528	3413
1.0.20161122201220	3436
1.0.20161123190203	3563
1.0.20161221171240	3439
1.0.20161227200419	3585
1.0.20170217172322	4187
1.0.20170413194156	4069
1.0.20170817131858	4000
1.0.20170822192924	3405
1.0.20170828135420	3642
1.0.20170928192020	3995
1.0.20180130110340	4635
1.0.20180225105849	4373
