version	total
1.0.20160907111242	5154
1.0.20161124105442	4825
1.0.20170214185319	6283
1.0.20180209171722	6043
1.0.20180601100346	2622
1.0.20190228134645	1847
1.0.20190906212748	2251
2.0.20200220223835	1756
2.2.20210901154959	1569
2.2.20211116163652	1573
2.2.20220521103021	1254
