version	total
1.0.20160907111242	5537
1.0.20161124105442	5193
1.0.20170214185319	6661
1.0.20180209171722	6455
1.0.20180601100346	2997
1.0.20190228134645	2220
1.0.20190906212748	2713
2.0.20200220223835	2131
2.2.20210901154959	1943
2.2.20211116163652	1944
2.2.20220521103021	1628
