version	total
1.0.20160310140736	4189
1.0.20160311201238	4290
1.0.20160318153100	4249
1.0.20160323212343	4166
1.0.20160325210917	4148
1.0.20160331184641	4249
1.0.20160408133555	4261
1.0.20160413143011	4188
1.0.20160422204730	4406
1.0.20160427142240	5346
1.0.20160714182449	8365
1.0.20160913171024	4227
1.0.20160930152149	4288
1.0.20161005195021	4388
1.0.20161007181528	4269
1.0.20161122201220	4302
1.0.20161123190203	4419
1.0.20161221171240	4295
1.0.20161227200419	4414
1.0.20170217172322	5107
1.0.20170413194156	4926
1.0.20170817131858	4924
1.0.20170822192924	4253
1.0.20170828135420	4491
1.0.20170928192020	4836
1.0.20180130110340	5625
1.0.20180225105849	5433
