version	total
1.0.20160907111242	5076
1.0.20161124105442	4750
1.0.20170214185319	6205
1.0.20180209171722	5955
1.0.20180601100346	2546
1.0.20190228134645	1771
1.0.20190906212748	2164
2.0.20200220223835	1680
2.2.20210901154959	1493
2.2.20211116163652	1497
2.2.20220521103021	1177
