version	total
1.0.20160310140736	2953
1.0.20160311201238	3039
1.0.20160318153100	2988
1.0.20160323212343	2920
1.0.20160325210917	2902
1.0.20160331184641	3003
1.0.20160408133555	3011
1.0.20160413143011	2962
1.0.20160422204730	3168
1.0.20160427142240	4014
1.0.20160714182449	5994
1.0.20160913171024	2986
1.0.20160930152149	3036
1.0.20161005195021	3127
1.0.20161007181528	3017
1.0.20161122201220	3031
1.0.20161123190203	3166
1.0.20161221171240	3036
1.0.20161227200419	3189
1.0.20170217172322	3752
1.0.20170413194156	3662
1.0.20170817131858	3564
1.0.20170822192924	3001
1.0.20170828135420	3235
1.0.20170928192020	3591
1.0.20180130110340	4169
1.0.20180225105849	3855
