version	total
1.0.20160907111242	5351
1.0.20161124105442	5018
1.0.20170214185319	6483
1.0.20180209171722	6253
1.0.20180601100346	2821
1.0.20190228134645	2046
1.0.20190906212748	2492
2.0.20200220223835	1956
2.2.20210901154959	1769
2.2.20211116163652	1770
2.2.20220521103021	1453
