version	total
1.0.20160310140736	2444
1.0.20160311201238	2533
1.0.20160318153100	2465
1.0.20160323212343	2455
1.0.20160325210917	2441
1.0.20160331184641	2501
1.0.20160408133555	2485
1.0.20160413143011	2496
1.0.20160422204730	2658
1.0.20160427142240	3476
1.0.20160714182449	4998
1.0.20160913171024	2477
1.0.20160930152149	2501
1.0.20161005195021	2617
1.0.20161007181528	2535
1.0.20161122201220	2496
1.0.20161123190203	2659
1.0.20161221171240	2504
1.0.20161227200419	2719
1.0.20170217172322	3249
1.0.20170413194156	3138
1.0.20170817131858	3020
1.0.20170822192924	2465
1.0.20170828135420	2695
1.0.20170928192020	3061
1.0.20180130110340	3663
1.0.20180225105849	3203
