version	total
1.0.20160310140736	4059
1.0.20160311201238	4158
1.0.20160318153100	4118
1.0.20160323212343	4036
1.0.20160325210917	4018
1.0.20160331184641	4118
1.0.20160408133555	4131
1.0.20160413143011	4060
1.0.20160422204730	4275
1.0.20160427142240	5214
1.0.20160714182449	8107
1.0.20160913171024	4096
1.0.20160930152149	4157
1.0.20161005195021	4258
1.0.20161007181528	4138
1.0.20161122201220	4169
1.0.20161123190203	4287
1.0.20161221171240	4165
1.0.20161227200419	4286
1.0.20170217172322	4972
1.0.20170413194156	4795
1.0.20170817131858	4789
1.0.20170822192924	4123
1.0.20170828135420	4359
1.0.20170928192020	4707
1.0.20180130110340	5473
1.0.20180225105849	5292
