version	total
1.0.20160907111242	3540
1.0.20161124105442	3335
1.0.20170214185319	4743
1.0.20180209171722	4164
1.0.20180601100346	1139
1.0.20190228134645	354
1.0.20190906212748	514
2.0.20200220223835	294
2.2.20210901154959	108
2.2.20211116163652	113
