version	total
1.0.20160907111242	5216
1.0.20161124105442	4887
1.0.20170214185319	6345
1.0.20180209171722	6109
1.0.20180601100346	2685
1.0.20190228134645	1910
1.0.20190906212748	2321
2.0.20200220223835	1819
2.2.20210901154959	1632
2.2.20211116163652	1635
2.2.20220521103021	1317
