version	total
1.0.20160907111242	5895
1.0.20161124105442	5484
1.0.20170214185319	6978
1.0.20180209171722	6854
1.0.20180601100346	3305
1.0.20190228134645	2528
1.0.20190906212748	3118
2.0.20200220223835	2438
2.2.20210901154959	2250
2.2.20211116163652	2251
2.2.20220521103021	1941
