version	total
1.0.20160907111242	5887
1.0.20161124105442	5479
1.0.20170214185319	6971
1.0.20180209171722	6844
1.0.20180601100346	3298
1.0.20190228134645	2521
1.0.20190906212748	3110
2.0.20200220223835	2431
2.2.20210901154959	2243
2.2.20211116163652	2244
2.2.20220521103021	1934
