version	total
1.0.20160310140736	3758
1.0.20160311201238	3850
1.0.20160318153100	3808
1.0.20160323212343	3730
1.0.20160325210917	3711
1.0.20160331184641	3813
1.0.20160408133555	3828
1.0.20160413143011	3766
1.0.20160422204730	3971
1.0.20160427142240	4895
1.0.20160714182449	7535
1.0.20160913171024	3792
1.0.20160930152149	3855
1.0.20161005195021	3944
1.0.20161007181528	3831
1.0.20161122201220	3856
1.0.20161123190203	3982
1.0.20161221171240	3857
1.0.20161227200419	3994
1.0.20170217172322	4644
1.0.20170413194156	4483
1.0.20170817131858	4458
1.0.20170822192924	3815
1.0.20170828135420	4056
1.0.20170928192020	4405
1.0.20180130110340	5105
1.0.20180225105849	4912
