version	total
1.0.20160907111242	5779
1.0.20161124105442	5400
1.0.20170214185319	6876
1.0.20180209171722	6722
1.0.20180601100346	3207
1.0.20190228134645	2429
1.0.20190906212748	2991
2.0.20200220223835	2339
2.2.20210901154959	2152
2.2.20211116163652	2154
2.2.20220521103021	1841
