version	total
1.0.20160907111242	3322
1.0.20161124105442	3131
1.0.20170214185319	4536
1.0.20180209171722	3905
1.0.20180601100346	1013
1.0.20190228134645	223
1.0.20190906212748	367
2.0.20200220223835	202
