version	total
1.0.20160907111242	4775
1.0.20161124105442	4458
1.0.20170214185319	5912
1.0.20180209171722	5617
1.0.20180601100346	2265
1.0.20190228134645	1491
1.0.20190906212748	1826
2.0.20200220223835	1402
2.2.20210901154959	1216
2.2.20211116163652	1219
2.2.20220521103021	896
