version	total
1.0.20160907111242	4998
1.0.20161124105442	4672
1.0.20170214185319	6125
1.0.20180209171722	5873
1.0.20180601100346	2467
1.0.20190228134645	1692
1.0.20190906212748	2076
2.0.20200220223835	1603
2.2.20210901154959	1416
2.2.20211116163652	1418
2.2.20220521103021	1096
