version	total
1.0.20160907111242	5381
1.0.20161124105442	5047
1.0.20170214185319	6513
1.0.20180209171722	6283
1.0.20180601100346	2851
1.0.20190228134645	2077
1.0.20190906212748	2536
2.0.20200220223835	1986
2.2.20210901154959	1798
2.2.20211116163652	1800
2.2.20220521103021	1483
