version	total
1.0.20160310140736	4867
1.0.20160311201238	4970
1.0.20160318153100	4926
1.0.20160323212343	4845
1.0.20160325210917	4831
1.0.20160331184641	4928
1.0.20160408133555	4933
1.0.20160413143011	4630
1.0.20160422204730	5053
1.0.20160427142240	5965
1.0.20160714182449	9676
1.0.20160913171024	4892
1.0.20160930152149	4964
1.0.20161005195021	5059
1.0.20161007181528	4942
1.0.20161122201220	4979
1.0.20161123190203	5094
1.0.20161221171240	4974
1.0.20161227200419	4809
1.0.20170217172322	5829
1.0.20170413194156	5600
1.0.20170817131858	5636
1.0.20170822192924	4930
1.0.20170828135420	5169
1.0.20170928192020	5512
1.0.20180130110340	6469
1.0.20180225105849	6235
