version	total
1.0.20160907111242	5092
1.0.20161124105442	4766
1.0.20170214185319	6221
1.0.20180209171722	5971
1.0.20180601100346	2562
1.0.20190228134645	1787
1.0.20190906212748	2184
2.0.20200220223835	1697
2.2.20210901154959	1509
2.2.20211116163652	1513
2.2.20220521103021	1193
