version	total
1.0.20160907111242	3138
1.0.20161124105442	2953
1.0.20170214185319	4360
1.0.20180209171722	3696
1.0.20180601100346	916
1.0.20190228134645	122
1.0.20190906212748	262
2.0.20200220223835	100
