version	total
1.0.20160907111242	4473
1.0.20161124105442	4189
1.0.20170214185319	5631
1.0.20180209171722	5259
1.0.20180601100346	1993
1.0.20190228134645	1226
1.0.20190906212748	1507
2.0.20200220223835	1134
2.2.20210901154959	950
2.2.20211116163652	952
2.2.20220521103021	626
