version	total
1.0.20160310140736	2556
1.0.20160311201238	2644
1.0.20160318153100	2576
1.0.20160323212343	2565
1.0.20160325210917	2549
1.0.20160331184641	2612
1.0.20160408133555	2596
1.0.20160413143011	2607
1.0.20160422204730	2773
1.0.20160427142240	3598
1.0.20160714182449	5219
1.0.20160913171024	2592
1.0.20160930152149	2615
1.0.20161005195021	2730
1.0.20161007181528	2648
1.0.20161122201220	2611
1.0.20161123190203	2774
1.0.20161221171240	2618
1.0.20161227200419	2831
1.0.20170217172322	3370
1.0.20170413194156	3251
1.0.20170817131858	3142
1.0.20170822192924	2580
1.0.20170828135420	2810
1.0.20170928192020	3174
1.0.20180130110340	3781
1.0.20180225105849	3343
