version	total
1.0.20160310140736	4066
1.0.20160311201238	4165
1.0.20160318153100	4125
1.0.20160323212343	4044
1.0.20160325210917	4025
1.0.20160331184641	4126
1.0.20160408133555	4138
1.0.20160413143011	4066
1.0.20160422204730	4282
1.0.20160427142240	5221
1.0.20160714182449	8120
1.0.20160913171024	4103
1.0.20160930152149	4164
1.0.20161005195021	4265
1.0.20161007181528	4145
1.0.20161122201220	4176
1.0.20161123190203	4295
1.0.20161221171240	4172
1.0.20161227200419	4292
1.0.20170217172322	4979
1.0.20170413194156	4802
1.0.20170817131858	4796
1.0.20170822192924	4130
1.0.20170828135420	4366
1.0.20170928192020	4714
1.0.20180130110340	5484
1.0.20180225105849	5299
