version	total
1.0.20160907111242	4401
1.0.20161124105442	4123
1.0.20170214185319	5563
1.0.20180209171722	5173
1.0.20180601100346	1929
1.0.20190228134645	1162
1.0.20190906212748	1438
2.0.20200220223835	1070
2.2.20210901154959	887
2.2.20211116163652	889
2.2.20220521103021	563
