version	total
1.0.20160310140736	4593
1.0.20160311201238	4698
1.0.20160318153100	4659
1.0.20160323212343	4576
1.0.20160325210917	4559
1.0.20160331184641	4658
1.0.20160408133555	4668
1.0.20160413143011	4501
1.0.20160422204730	4803
1.0.20160427142240	5752
1.0.20160714182449	9159
1.0.20160913171024	4629
1.0.20160930152149	4695
1.0.20161005195021	4794
1.0.20161007181528	4677
1.0.20161122201220	4712
1.0.20161123190203	4827
1.0.20161221171240	4705
1.0.20161227200419	4683
1.0.20170217172322	5534
1.0.20170413194156	5331
1.0.20170817131858	5349
1.0.20170822192924	4661
1.0.20170828135420	4898
1.0.20170928192020	5244
1.0.20180130110340	6122
1.0.20180225105849	5897
