version	total
1.0.20160310140736	2908
1.0.20160311201238	2996
1.0.20160318153100	2944
1.0.20160323212343	2877
1.0.20160325210917	2860
1.0.20160331184641	2961
1.0.20160408133555	2965
1.0.20160413143011	2919
1.0.20160422204730	3124
1.0.20160427142240	3967
1.0.20160714182449	5911
1.0.20160913171024	2944
1.0.20160930152149	2990
1.0.20161005195021	3085
1.0.20161007181528	2973
1.0.20161122201220	2986
1.0.20161123190203	3123
1.0.20161221171240	2990
1.0.20161227200419	3145
1.0.20170217172322	3703
1.0.20170413194156	3618
1.0.20170817131858	3516
1.0.20170822192924	2954
1.0.20170828135420	3191
1.0.20170928192020	3546
1.0.20180130110340	4122
1.0.20180225105849	3797
