version	total
1.0.20160907111242	4270
1.0.20161124105442	4004
1.0.20170214185319	5441
1.0.20180209171722	5018
1.0.20180601100346	1809
1.0.20190228134645	1043
1.0.20190906212748	1308
2.0.20200220223835	953
2.2.20210901154959	770
2.2.20211116163652	772
2.2.20220521103021	446
