version	total
1.0.20160310140736	3423
1.0.20160311201238	3505
1.0.20160318153100	3464
1.0.20160323212343	3386
1.0.20160325210917	3367
1.0.20160331184641	3469
1.0.20160408133555	3488
1.0.20160413143011	3430
1.0.20160422204730	3634
1.0.20160427142240	4524
1.0.20160714182449	6895
1.0.20160913171024	3455
1.0.20160930152149	3514
1.0.20161005195021	3597
1.0.20161007181528	3485
1.0.20161122201220	3508
1.0.20161123190203	3635
1.0.20161221171240	3511
1.0.20161227200419	3657
1.0.20170217172322	4264
1.0.20170413194156	4141
1.0.20170817131858	4077
1.0.20170822192924	3477
1.0.20170828135420	3714
1.0.20170928192020	4067
1.0.20180130110340	4717
1.0.20180225105849	4460
