version	total
1.0.20160310140736	4824
1.0.20160311201238	4927
1.0.20160318153100	4883
1.0.20160323212343	4801
1.0.20160325210917	4788
1.0.20160331184641	4885
1.0.20160408133555	4890
1.0.20160413143011	4612
1.0.20160422204730	5013
1.0.20160427142240	5940
1.0.20160714182449	9590
1.0.20160913171024	4849
1.0.20160930152149	4921
1.0.20161005195021	5016
1.0.20161007181528	4898
1.0.20161122201220	4936
1.0.20161123190203	5051
1.0.20161221171240	4931
1.0.20161227200419	4791
1.0.20170217172322	5783
1.0.20170413194156	5557
1.0.20170817131858	5592
1.0.20170822192924	4887
1.0.20170828135420	5126
1.0.20170928192020	5469
1.0.20180130110340	6409
1.0.20180225105849	6188
