version	total
1.0.20160310140736	2647
1.0.20160311201238	2742
1.0.20160318153100	2670
1.0.20160323212343	2658
1.0.20160325210917	2640
1.0.20160331184641	2705
1.0.20160408133555	2691
1.0.20160413143011	2699
1.0.20160422204730	2867
1.0.20160427142240	3695
1.0.20160714182449	5398
1.0.20160913171024	2688
1.0.20160930152149	2710
1.0.20161005195021	2826
1.0.20161007181528	2743
1.0.20161122201220	2705
1.0.20161123190203	2868
1.0.20161221171240	2713
1.0.20161227200419	2922
1.0.20170217172322	3465
1.0.20170413194156	3343
1.0.20170817131858	3243
1.0.20170822192924	2674
1.0.20170828135420	2906
1.0.20170928192020	3268
1.0.20180130110340	3885
1.0.20180225105849	3457
