version	total
1.0.20160310140736	4270
1.0.20160311201238	4373
1.0.20160318153100	4332
1.0.20160323212343	4249
1.0.20160325210917	4231
1.0.20160331184641	4332
1.0.20160408133555	4343
1.0.20160413143011	4264
1.0.20160422204730	4485
1.0.20160427142240	5432
1.0.20160714182449	8521
1.0.20160913171024	4308
1.0.20160930152149	4370
1.0.20161005195021	4470
1.0.20161007181528	4351
1.0.20161122201220	4385
1.0.20161123190203	4502
1.0.20161221171240	4378
1.0.20161227200419	4483
1.0.20170217172322	5196
1.0.20170413194156	5008
1.0.20170817131858	5011
1.0.20170822192924	4335
1.0.20170828135420	4574
1.0.20170928192020	4918
1.0.20180130110340	5722
1.0.20180225105849	5533
