version	total
1.0.20160907111242	5405
1.0.20161124105442	5070
1.0.20170214185319	6536
1.0.20180209171722	6309
1.0.20180601100346	2874
1.0.20190228134645	2099
1.0.20190906212748	2562
2.0.20200220223835	2009
2.2.20210901154959	1821
2.2.20211116163652	1823
2.2.20220521103021	1506
