version	total
1.0.20160310140736	2514
1.0.20160311201238	2602
1.0.20160318153100	2534
1.0.20160323212343	2525
1.0.20160325210917	2509
1.0.20160331184641	2570
1.0.20160408133555	2554
1.0.20160413143011	2567
1.0.20160422204730	2730
1.0.20160427142240	3554
1.0.20160714182449	5136
1.0.20160913171024	2549
1.0.20160930152149	2572
1.0.20161005195021	2688
1.0.20161007181528	2607
1.0.20161122201220	2568
1.0.20161123190203	2731
1.0.20161221171240	2576
1.0.20161227200419	2791
1.0.20170217172322	3328
1.0.20170413194156	3208
1.0.20170817131858	3097
1.0.20170822192924	2537
1.0.20170828135420	2768
1.0.20170928192020	3132
1.0.20180130110340	3735
1.0.20180225105849	3293
