version	total
1.0.20160907111242	4710
1.0.20161124105442	4396
1.0.20170214185319	5843
1.0.20180209171722	5539
1.0.20180601100346	2198
1.0.20190228134645	1428
1.0.20190906212748	1744
2.0.20200220223835	1337
2.2.20210901154959	1152
2.2.20211116163652	1154
2.2.20220521103021	829
