version	total
1.0.20160310140736	3632
1.0.20160311201238	3722
1.0.20160318153100	3680
1.0.20160323212343	3603
1.0.20160325210917	3584
1.0.20160331184641	3686
1.0.20160408133555	3701
1.0.20160413143011	3639
1.0.20160422204730	3844
1.0.20160427142240	4752
1.0.20160714182449	7298
1.0.20160913171024	3666
1.0.20160930152149	3729
1.0.20161005195021	3816
1.0.20161007181528	3702
1.0.20161122201220	3725
1.0.20161123190203	3853
1.0.20161221171240	3728
1.0.20161227200419	3868
1.0.20170217172322	4501
1.0.20170413194156	4355
1.0.20170817131858	4314
1.0.20170822192924	3688
1.0.20170828135420	3929
1.0.20170928192020	4278
1.0.20180130110340	4956
1.0.20180225105849	4733
