version	total
1.0.20160310140736	4534
1.0.20160311201238	4639
1.0.20160318153100	4599
1.0.20160323212343	4517
1.0.20160325210917	4499
1.0.20160331184641	4598
1.0.20160408133555	4608
1.0.20160413143011	4469
1.0.20160422204730	4743
1.0.20160427142240	5692
1.0.20160714182449	9045
1.0.20160913171024	4569
1.0.20160930152149	4636
1.0.20161005195021	4735
1.0.20161007181528	4618
1.0.20161122201220	4653
1.0.20161123190203	4768
1.0.20161221171240	4645
1.0.20161227200419	4653
1.0.20170217172322	5469
1.0.20170413194156	5273
1.0.20170817131858	5284
1.0.20170822192924	4601
1.0.20170828135420	4839
1.0.20170928192020	5184
1.0.20180130110340	6041
1.0.20180225105849	5826
