version	total
1.0.20160907111242	5171
1.0.20161124105442	4842
1.0.20170214185319	6300
1.0.20180209171722	6064
1.0.20180601100346	2640
1.0.20190228134645	1865
1.0.20190906212748	2272
2.0.20200220223835	1774
2.2.20210901154959	1587
2.2.20211116163652	1590
2.2.20220521103021	1272
