version	total
1.0.20160310140736	3415
1.0.20160311201238	3497
1.0.20160318153100	3456
1.0.20160323212343	3378
1.0.20160325210917	3359
1.0.20160331184641	3461
1.0.20160408133555	3480
1.0.20160413143011	3422
1.0.20160422204730	3626
1.0.20160427142240	4516
1.0.20160714182449	6879
1.0.20160913171024	3447
1.0.20160930152149	3506
1.0.20161005195021	3590
1.0.20161007181528	3477
1.0.20161122201220	3500
1.0.20161123190203	3627
1.0.20161221171240	3503
1.0.20161227200419	3649
1.0.20170217172322	4256
1.0.20170413194156	4133
1.0.20170817131858	4069
1.0.20170822192924	3469
1.0.20170828135420	3706
1.0.20170928192020	4059
1.0.20180130110340	4709
1.0.20180225105849	4452
