version	total
1.0.20160310140736	3848
1.0.20160311201238	3941
1.0.20160318153100	3899
1.0.20160323212343	3821
1.0.20160325210917	3802
1.0.20160331184641	3904
1.0.20160408133555	3918
1.0.20160413143011	3855
1.0.20160422204730	4061
1.0.20160427142240	4993
1.0.20160714182449	7706
1.0.20160913171024	3882
1.0.20160930152149	3946
1.0.20161005195021	4035
1.0.20161007181528	3922
1.0.20161122201220	3947
1.0.20161123190203	4073
1.0.20161221171240	3948
1.0.20161227200419	4083
1.0.20170217172322	4743
1.0.20170413194156	4573
1.0.20170817131858	4558
1.0.20170822192924	3908
1.0.20170828135420	4146
1.0.20170928192020	4497
1.0.20180130110340	5209
1.0.20180225105849	5023
