version	total
1.0.20160907111242	3617
1.0.20161124105442	3409
1.0.20170214185319	4821
1.0.20180209171722	4244
1.0.20180601100346	1214
1.0.20190228134645	435
1.0.20190906212748	597
2.0.20200220223835	366
2.2.20210901154959	183
2.2.20211116163652	187
