version	total
1.0.20160907111242	3506
1.0.20161124105442	3299
1.0.20170214185319	4707
1.0.20180209171722	4118
1.0.20180601100346	1102
1.0.20190228134645	315
1.0.20190906212748	474
2.0.20200220223835	255
2.2.20210901154959	68
2.2.20211116163652	73
