version	total
1.0.20160310140736	3794
1.0.20160311201238	3887
1.0.20160318153100	3845
1.0.20160323212343	3767
1.0.20160325210917	3748
1.0.20160331184641	3850
1.0.20160408133555	3864
1.0.20160413143011	3802
1.0.20160422204730	4007
1.0.20160427142240	4936
1.0.20160714182449	7602
1.0.20160913171024	3828
1.0.20160930152149	3891
1.0.20161005195021	3981
1.0.20161007181528	3868
1.0.20161122201220	3893
1.0.20161123190203	4019
1.0.20161221171240	3894
1.0.20161227200419	4030
1.0.20170217172322	4685
1.0.20170413194156	4519
1.0.20170817131858	4500
1.0.20170822192924	3851
1.0.20170828135420	4092
1.0.20170928192020	4441
1.0.20180130110340	5151
1.0.20180225105849	4956
