version	total
1.0.20160310140736	4589
1.0.20160311201238	4694
1.0.20160318153100	4655
1.0.20160323212343	4572
1.0.20160325210917	4554
1.0.20160331184641	4654
1.0.20160408133555	4664
1.0.20160413143011	4499
1.0.20160422204730	4799
1.0.20160427142240	5749
1.0.20160714182449	9151
1.0.20160913171024	4625
1.0.20160930152149	4691
1.0.20161005195021	4790
1.0.20161007181528	4673
1.0.20161122201220	4708
1.0.20161123190203	4823
1.0.20161221171240	4701
1.0.20161227200419	4681
1.0.20170217172322	5531
1.0.20170413194156	5327
1.0.20170817131858	5345
1.0.20170822192924	4657
1.0.20170828135420	4894
1.0.20170928192020	5240
1.0.20180130110340	6118
1.0.20180225105849	5893
