version	total
1.0.20160310140736	4407
1.0.20160311201238	4512
1.0.20160318153100	4473
1.0.20160323212343	4390
1.0.20160325210917	4372
1.0.20160331184641	4471
1.0.20160408133555	4481
1.0.20160413143011	4385
1.0.20160422204730	4618
1.0.20160427142240	5566
1.0.20160714182449	8794
1.0.20160913171024	4442
1.0.20160930152149	4509
1.0.20161005195021	4608
1.0.20161007181528	4492
1.0.20161122201220	4526
1.0.20161123190203	4641
1.0.20161221171240	4519
1.0.20161227200419	4586
1.0.20170217172322	5339
1.0.20170413194156	5147
1.0.20170817131858	5153
1.0.20170822192924	4474
1.0.20170828135420	4713
1.0.20170928192020	5057
1.0.20180130110340	5887
1.0.20180225105849	5684
