version	total
1.0.20160310140736	3766
1.0.20160311201238	3856
1.0.20160318153100	3814
1.0.20160323212343	3736
1.0.20160325210917	3717
1.0.20160331184641	3819
1.0.20160408133555	3834
1.0.20160413143011	3773
1.0.20160422204730	3978
1.0.20160427142240	4903
1.0.20160714182449	7550
1.0.20160913171024	3799
1.0.20160930152149	3862
1.0.20161005195021	3950
1.0.20161007181528	3837
1.0.20161122201220	3862
1.0.20161123190203	3988
1.0.20161221171240	3863
1.0.20161227200419	4001
1.0.20170217172322	4651
1.0.20170413194156	4491
1.0.20170817131858	4465
1.0.20170822192924	3823
1.0.20170828135420	4062
1.0.20170928192020	4413
1.0.20180130110340	5114
1.0.20180225105849	4920
