version	total
1.0.20160907111242	5557
1.0.20161124105442	5211
1.0.20170214185319	6679
1.0.20180209171722	6475
1.0.20180601100346	3014
1.0.20190228134645	2236
1.0.20190906212748	2735
2.0.20200220223835	2147
2.2.20210901154959	1960
2.2.20211116163652	1961
2.2.20220521103021	1645
