version	total
1.0.20160907111242	5742
1.0.20161124105442	5367
1.0.20170214185319	6842
1.0.20180209171722	6679
1.0.20180601100346	3173
1.0.20190228134645	2395
1.0.20190906212748	2943
2.0.20200220223835	2305
2.2.20210901154959	2117
2.2.20211116163652	2119
2.2.20220521103021	1804
