version	total
1.0.20160310140736	4121
1.0.20160311201238	4221
1.0.20160318153100	4180
1.0.20160323212343	4097
1.0.20160325210917	4079
1.0.20160331184641	4180
1.0.20160408133555	4192
1.0.20160413143011	4120
1.0.20160422204730	4337
1.0.20160427142240	5276
1.0.20160714182449	8227
1.0.20160913171024	4158
1.0.20160930152149	4219
1.0.20161005195021	4320
1.0.20161007181528	4200
1.0.20161122201220	4233
1.0.20161123190203	4350
1.0.20161221171240	4226
1.0.20161227200419	4346
1.0.20170217172322	5037
1.0.20170413194156	4857
1.0.20170817131858	4854
1.0.20170822192924	4184
1.0.20170828135420	4421
1.0.20170928192020	4767
1.0.20180130110340	5549
1.0.20180225105849	5359
