version	total
1.0.20160310140736	3384
1.0.20160311201238	3466
1.0.20160318153100	3425
1.0.20160323212343	3347
1.0.20160325210917	3328
1.0.20160331184641	3430
1.0.20160408133555	3449
1.0.20160413143011	3391
1.0.20160422204730	3595
1.0.20160427142240	4483
1.0.20160714182449	6819
1.0.20160913171024	3416
1.0.20160930152149	3475
1.0.20161005195021	3558
1.0.20161007181528	3446
1.0.20161122201220	3469
1.0.20161123190203	3596
1.0.20161221171240	3472
1.0.20161227200419	3618
1.0.20170217172322	4223
1.0.20170413194156	4102
1.0.20170817131858	4036
1.0.20170822192924	3438
1.0.20170828135420	3675
1.0.20170928192020	4028
1.0.20180130110340	4673
1.0.20180225105849	4414
