version	total
1.0.20160310140736	4080
1.0.20160311201238	4179
1.0.20160318153100	4140
1.0.20160323212343	4057
1.0.20160325210917	4039
1.0.20160331184641	4140
1.0.20160408133555	4152
1.0.20160413143011	4080
1.0.20160422204730	4296
1.0.20160427142240	5235
1.0.20160714182449	8148
1.0.20160913171024	4117
1.0.20160930152149	4178
1.0.20161005195021	4279
1.0.20161007181528	4159
1.0.20161122201220	4192
1.0.20161123190203	4309
1.0.20161221171240	4187
1.0.20161227200419	4306
1.0.20170217172322	4993
1.0.20170413194156	4816
1.0.20170817131858	4810
1.0.20170822192924	4144
1.0.20170828135420	4380
1.0.20170928192020	4728
1.0.20180130110340	5499
1.0.20180225105849	5315
