version	total
1.0.20160310140736	2312
1.0.20160311201238	2398
1.0.20160318153100	2331
1.0.20160323212343	2323
1.0.20160325210917	2308
1.0.20160331184641	2367
1.0.20160408133555	2351
1.0.20160413143011	2362
1.0.20160422204730	2523
1.0.20160427142240	3337
1.0.20160714182449	4742
1.0.20160913171024	2344
1.0.20160930152149	2368
1.0.20161005195021	2483
1.0.20161007181528	2401
1.0.20161122201220	2361
1.0.20161123190203	2526
1.0.20161221171240	2370
1.0.20161227200419	2587
1.0.20170217172322	3111
1.0.20170413194156	3004
1.0.20170817131858	2882
1.0.20170822192924	2332
1.0.20170828135420	2562
1.0.20170928192020	2928
1.0.20180130110340	3521
1.0.20180225105849	3052
