version	total
1.0.20160907111242	4423
1.0.20161124105442	4143
1.0.20170214185319	5585
1.0.20180209171722	5198
1.0.20180601100346	1950
1.0.20190228134645	1182
1.0.20190906212748	1460
2.0.20200220223835	1091
2.2.20210901154959	908
2.2.20211116163652	910
2.2.20220521103021	584
