version	total
1.0.20160310140736	3321
1.0.20160311201238	3405
1.0.20160318153100	3362
1.0.20160323212343	3284
1.0.20160325210917	3265
1.0.20160331184641	3367
1.0.20160408133555	3386
1.0.20160413143011	3328
1.0.20160422204730	3532
1.0.20160427142240	4413
1.0.20160714182449	6700
1.0.20160913171024	3354
1.0.20160930152149	3412
1.0.20161005195021	3497
1.0.20161007181528	3383
1.0.20161122201220	3406
1.0.20161123190203	3533
1.0.20161221171240	3409
1.0.20161227200419	3555
1.0.20170217172322	4153
1.0.20170413194156	4039
1.0.20170817131858	3966
1.0.20170822192924	3375
1.0.20170828135420	3612
1.0.20170928192020	3965
1.0.20180130110340	4600
1.0.20180225105849	4331
