version	total
1.0.20160907111242	4217
1.0.20161124105442	3955
1.0.20170214185319	5391
1.0.20180209171722	4957
1.0.20180601100346	1760
1.0.20190228134645	996
1.0.20190906212748	1256
2.0.20200220223835	903
2.2.20210901154959	720
2.2.20211116163652	722
2.2.20220521103021	396
