version	total
1.0.20160907111242	5939
1.0.20161124105442	5515
1.0.20170214185319	7019
1.0.20180209171722	6916
1.0.20180601100346	3347
1.0.20190228134645	2566
1.0.20190906212748	3179
2.0.20200220223835	2476
2.2.20210901154959	2289
2.2.20211116163652	2290
2.2.20220521103021	1980
