version	total
1.0.20160907111242	5040
1.0.20161124105442	4714
1.0.20170214185319	6169
1.0.20180209171722	5919
1.0.20180601100346	2510
1.0.20190228134645	1735
1.0.20190906212748	2122
2.0.20200220223835	1644
2.2.20210901154959	1457
2.2.20211116163652	1461
2.2.20220521103021	1141
