version	total
1.0.20160907111242	5442
1.0.20161124105442	5106
1.0.20170214185319	6570
1.0.20180209171722	6351
1.0.20180601100346	2908
1.0.20190228134645	2133
1.0.20190906212748	2601
2.0.20200220223835	2043
2.2.20210901154959	1855
2.2.20211116163652	1856
2.2.20220521103021	1539
