version	total
1.0.20160310140736	3636
1.0.20160311201238	3726
1.0.20160318153100	3684
1.0.20160323212343	3607
1.0.20160325210917	3588
1.0.20160331184641	3690
1.0.20160408133555	3706
1.0.20160413143011	3643
1.0.20160422204730	3848
1.0.20160427142240	4756
1.0.20160714182449	7306
1.0.20160913171024	3670
1.0.20160930152149	3733
1.0.20161005195021	3820
1.0.20161007181528	3706
1.0.20161122201220	3729
1.0.20161123190203	3857
1.0.20161221171240	3732
1.0.20161227200419	3872
1.0.20170217172322	4505
1.0.20170413194156	4359
1.0.20170817131858	4318
1.0.20170822192924	3692
1.0.20170828135420	3933
1.0.20170928192020	4282
1.0.20180130110340	4960
1.0.20180225105849	4738
