version	total
1.0.20160907111242	5689
1.0.20161124105442	5321
1.0.20170214185319	6793
1.0.20180209171722	6617
1.0.20180601100346	3124
1.0.20190228134645	2346
1.0.20190906212748	2876
2.0.20200220223835	2257
2.2.20210901154959	2070
2.2.20211116163652	2070
2.2.20220521103021	1756
