version	total
1.0.20160310140736	5046
1.0.20160311201238	5153
1.0.20160318153100	5108
1.0.20160323212343	5026
1.0.20160325210917	5014
1.0.20160331184641	5111
1.0.20160408133555	5115
1.0.20160413143011	4708
1.0.20160422204730	5178
1.0.20160427142240	6089
1.0.20160714182449	9991
1.0.20160913171024	5051
1.0.20160930152149	5145
1.0.20161005195021	5239
1.0.20161007181528	5123
1.0.20161122201220	5160
1.0.20161123190203	5274
1.0.20161221171240	5152
1.0.20161227200419	4869
1.0.20170217172322	6042
1.0.20170413194156	5775
1.0.20170817131858	5849
1.0.20170822192924	5107
1.0.20170828135420	5351
1.0.20170928192020	5692
1.0.20180130110340	6720
1.0.20180225105849	6514
