version	total
1.0.20160907111242	4363
1.0.20161124105442	4085
1.0.20170214185319	5527
1.0.20180209171722	5125
1.0.20180601100346	1893
1.0.20190228134645	1126
1.0.20190906212748	1398
2.0.20200220223835	1034
2.2.20210901154959	851
2.2.20211116163652	853
2.2.20220521103021	527
