version	total
1.0.20160310140736	4016
1.0.20160311201238	4115
1.0.20160318153100	4075
1.0.20160323212343	3995
1.0.20160325210917	3977
1.0.20160331184641	4076
1.0.20160408133555	4088
1.0.20160413143011	4017
1.0.20160422204730	4232
1.0.20160427142240	5170
1.0.20160714182449	8030
1.0.20160913171024	4053
1.0.20160930152149	4114
1.0.20161005195021	4215
1.0.20161007181528	4096
1.0.20161122201220	4126
1.0.20161123190203	4245
1.0.20161221171240	4122
1.0.20161227200419	4243
1.0.20170217172322	4930
1.0.20170413194156	4752
1.0.20170817131858	4745
1.0.20170822192924	4080
1.0.20170828135420	4317
1.0.20170928192020	4664
1.0.20180130110340	5419
1.0.20180225105849	5242
