version	total
1.0.20160907111242	3536
1.0.20161124105442	3330
1.0.20170214185319	4739
1.0.20180209171722	4158
1.0.20180601100346	1135
1.0.20190228134645	350
1.0.20190906212748	510
2.0.20200220223835	288
2.2.20210901154959	102
2.2.20211116163652	107
