version	total
1.0.20160907111242	5009
1.0.20161124105442	4683
1.0.20170214185319	6137
1.0.20180209171722	5884
1.0.20180601100346	2479
1.0.20190228134645	1703
1.0.20190906212748	2090
2.0.20200220223835	1613
2.2.20210901154959	1427
2.2.20211116163652	1430
2.2.20220521103021	1108
