version	total
1.0.20160907111242	5414
1.0.20161124105442	5078
1.0.20170214185319	6544
1.0.20180209171722	6323
1.0.20180601100346	2882
1.0.20190228134645	2106
1.0.20190906212748	2570
2.0.20200220223835	2017
2.2.20210901154959	1829
2.2.20211116163652	1830
2.2.20220521103021	1513
