version	total
1.0.20160907111242	5100
1.0.20161124105442	4774
1.0.20170214185319	6229
1.0.20180209171722	5979
1.0.20180601100346	2570
1.0.20190228134645	1795
1.0.20190906212748	2193
2.0.20200220223835	1705
2.2.20210901154959	1517
2.2.20211116163652	1521
2.2.20220521103021	1201
