version	total
1.0.20160907111242	3254
1.0.20161124105442	3066
1.0.20170214185319	4473
1.0.20180209171722	3832
1.0.20180601100346	977
1.0.20190228134645	184
1.0.20190906212748	329
2.0.20200220223835	162
