version	total
1.0.20160907111242	4186
1.0.20161124105442	3924
1.0.20170214185319	5360
1.0.20180209171722	4926
1.0.20180601100346	1728
1.0.20190228134645	965
1.0.20190906212748	1216
2.0.20200220223835	872
2.2.20210901154959	689
2.2.20211116163652	691
2.2.20220521103021	365
