version	total
1.0.20160907111242	3100
1.0.20161124105442	2915
1.0.20170214185319	4322
1.0.20180209171722	3656
1.0.20180601100346	896
1.0.20190228134645	102
1.0.20190906212748	240
2.0.20200220223835	81
