version	total
1.0.20160310140736	4364
1.0.20160311201238	4468
1.0.20160318153100	4429
1.0.20160323212343	4346
1.0.20160325210917	4328
1.0.20160331184641	4427
1.0.20160408133555	4438
1.0.20160413143011	4353
1.0.20160422204730	4577
1.0.20160427142240	5525
1.0.20160714182449	8710
1.0.20160913171024	4401
1.0.20160930152149	4466
1.0.20161005195021	4564
1.0.20161007181528	4448
1.0.20161122201220	4482
1.0.20161123190203	4597
1.0.20161221171240	4475
1.0.20161227200419	4564
1.0.20170217172322	5294
1.0.20170413194156	5103
1.0.20170817131858	5107
1.0.20170822192924	4430
1.0.20170828135420	4671
1.0.20170928192020	5013
1.0.20180130110340	5837
1.0.20180225105849	5632
