version	total
1.0.20160310140736	4469
1.0.20160311201238	4574
1.0.20160318153100	4535
1.0.20160323212343	4452
1.0.20160325210917	4434
1.0.20160331184641	4534
1.0.20160408133555	4543
1.0.20160413143011	4430
1.0.20160422204730	4679
1.0.20160427142240	5626
1.0.20160714182449	8918
1.0.20160913171024	4504
1.0.20160930152149	4571
1.0.20161005195021	4670
1.0.20161007181528	4554
1.0.20161122201220	4588
1.0.20161123190203	4704
1.0.20161221171240	4581
1.0.20161227200419	4618
1.0.20170217172322	5401
1.0.20170413194156	5209
1.0.20170817131858	5216
1.0.20170822192924	4536
1.0.20170828135420	4775
1.0.20170928192020	5119
1.0.20180130110340	5966
1.0.20180225105849	5752
