version	total
1.0.20160310140736	3711
1.0.20160311201238	3803
1.0.20160318153100	3761
1.0.20160323212343	3683
1.0.20160325210917	3664
1.0.20160331184641	3766
1.0.20160408133555	3781
1.0.20160413143011	3719
1.0.20160422204730	3924
1.0.20160427142240	4843
1.0.20160714182449	7446
1.0.20160913171024	3745
1.0.20160930152149	3808
1.0.20161005195021	3897
1.0.20161007181528	3784
1.0.20161122201220	3809
1.0.20161123190203	3935
1.0.20161221171240	3810
1.0.20161227200419	3947
1.0.20170217172322	4592
1.0.20170413194156	4436
1.0.20170817131858	4406
1.0.20170822192924	3768
1.0.20170828135420	4009
1.0.20170928192020	4358
1.0.20180130110340	5047
1.0.20180225105849	4850
