version	total
1.0.20160310140736	4220
1.0.20160311201238	4320
1.0.20160318153100	4279
1.0.20160323212343	4197
1.0.20160325210917	4179
1.0.20160331184641	4278
1.0.20160408133555	4292
1.0.20160413143011	4217
1.0.20160422204730	4435
1.0.20160427142240	5377
1.0.20160714182449	8426
1.0.20160913171024	4258
1.0.20160930152149	4319
1.0.20161005195021	4417
1.0.20161007181528	4299
1.0.20161122201220	4332
1.0.20161123190203	4448
1.0.20161221171240	4325
1.0.20161227200419	4441
1.0.20170217172322	5139
1.0.20170413194156	4958
1.0.20170817131858	4953
1.0.20170822192924	4284
1.0.20170828135420	4522
1.0.20170928192020	4867
1.0.20180130110340	5663
1.0.20180225105849	5466
