version	total
1.0.20160907111242	5657
1.0.20161124105442	5295
1.0.20170214185319	6764
1.0.20180209171722	6583
1.0.20180601100346	3097
1.0.20190228134645	2321
1.0.20190906212748	2842
2.0.20200220223835	2231
2.2.20210901154959	2043
2.2.20211116163652	2043
2.2.20220521103021	1728
