version	total
1.0.20160907111242	5297
1.0.20161124105442	4964
1.0.20170214185319	6429
1.0.20180209171722	6198
1.0.20180601100346	2766
1.0.20190228134645	1991
1.0.20190906212748	2421
2.0.20200220223835	1901
2.2.20210901154959	1714
2.2.20211116163652	1715
2.2.20220521103021	1398
