version	total
1.0.20160310140736	2708
1.0.20160311201238	2801
1.0.20160318153100	2731
1.0.20160323212343	2695
1.0.20160325210917	2680
1.0.20160331184641	2764
1.0.20160408133555	2751
1.0.20160413143011	2736
1.0.20160422204730	2928
1.0.20160427142240	3757
1.0.20160714182449	5517
1.0.20160913171024	2746
1.0.20160930152149	2770
1.0.20161005195021	2886
1.0.20161007181528	2789
1.0.20161122201220	2766
1.0.20161123190203	2926
1.0.20161221171240	2776
1.0.20161227200419	2963
1.0.20170217172322	3510
1.0.20170413194156	3403
1.0.20170817131858	3305
1.0.20170822192924	2735
1.0.20170828135420	2968
1.0.20170928192020	3328
1.0.20180130110340	3925
1.0.20180225105849	3535
