version	total
1.0.20160907111242	3542
1.0.20161124105442	3337
1.0.20170214185319	4745
1.0.20180209171722	4166
1.0.20180601100346	1141
1.0.20190228134645	356
1.0.20190906212748	516
2.0.20200220223835	296
2.2.20210901154959	110
2.2.20211116163652	115
