version	total
1.0.20160310140736	2663
1.0.20160311201238	2757
1.0.20160318153100	2686
1.0.20160323212343	2671
1.0.20160325210917	2654
1.0.20160331184641	2719
1.0.20160408133555	2707
1.0.20160413143011	2712
1.0.20160422204730	2881
1.0.20160427142240	3710
1.0.20160714182449	5429
1.0.20160913171024	2703
1.0.20160930152149	2726
1.0.20161005195021	2841
1.0.20161007181528	2756
1.0.20161122201220	2721
1.0.20161123190203	2882
1.0.20161221171240	2729
1.0.20161227200419	2936
1.0.20170217172322	3480
1.0.20170413194156	3358
1.0.20170817131858	3259
1.0.20170822192924	2690
1.0.20170828135420	2922
1.0.20170928192020	3284
1.0.20180130110340	3898
1.0.20180225105849	3476
