version	total
1.0.20160310140736	2508
1.0.20160311201238	2596
1.0.20160318153100	2528
1.0.20160323212343	2519
1.0.20160325210917	2503
1.0.20160331184641	2564
1.0.20160408133555	2548
1.0.20160413143011	2561
1.0.20160422204730	2724
1.0.20160427142240	3547
1.0.20160714182449	5124
1.0.20160913171024	2542
1.0.20160930152149	2565
1.0.20161005195021	2681
1.0.20161007181528	2601
1.0.20161122201220	2562
1.0.20161123190203	2725
1.0.20161221171240	2570
1.0.20161227200419	2783
1.0.20170217172322	3321
1.0.20170413194156	3202
1.0.20170817131858	3090
1.0.20170822192924	2530
1.0.20170828135420	2762
1.0.20170928192020	3125
1.0.20180130110340	3728
1.0.20180225105849	3287
