version	total
1.0.20160310140736	3478
1.0.20160311201238	3564
1.0.20160318153100	3522
1.0.20160323212343	3445
1.0.20160325210917	3425
1.0.20160331184641	3528
1.0.20160408133555	3544
1.0.20160413143011	3487
1.0.20160422204730	3691
1.0.20160427142240	4583
1.0.20160714182449	7003
1.0.20160913171024	3512
1.0.20160930152149	3570
1.0.20161005195021	3656
1.0.20161007181528	3544
1.0.20161122201220	3566
1.0.20161123190203	3694
1.0.20161221171240	3569
1.0.20161227200419	3714
1.0.20170217172322	4323
1.0.20170413194156	4198
1.0.20170817131858	4138
1.0.20170822192924	3533
1.0.20170828135420	3770
1.0.20170928192020	4123
1.0.20180130110340	4785
1.0.20180225105849	4527
