version	total
1.0.20160310140736	4814
1.0.20160311201238	4917
1.0.20160318153100	4874
1.0.20160323212343	4793
1.0.20160325210917	4779
1.0.20160331184641	4876
1.0.20160408133555	4882
1.0.20160413143011	4607
1.0.20160422204730	5007
1.0.20160427142240	5934
1.0.20160714182449	9572
1.0.20160913171024	4840
1.0.20160930152149	4912
1.0.20161005195021	5008
1.0.20161007181528	4888
1.0.20161122201220	4928
1.0.20161123190203	5043
1.0.20161221171240	4922
1.0.20161227200419	4788
1.0.20170217172322	5774
1.0.20170413194156	5549
1.0.20170817131858	5583
1.0.20170822192924	4879
1.0.20170828135420	5118
1.0.20170928192020	5459
1.0.20180130110340	6396
1.0.20180225105849	6176
