version	total
1.0.20160310140736	2378
1.0.20160311201238	2467
1.0.20160318153100	2399
1.0.20160323212343	2389
1.0.20160325210917	2375
1.0.20160331184641	2435
1.0.20160408133555	2418
1.0.20160413143011	2430
1.0.20160422204730	2592
1.0.20160427142240	3406
1.0.20160714182449	4871
1.0.20160913171024	2411
1.0.20160930152149	2435
1.0.20161005195021	2551
1.0.20161007181528	2469
1.0.20161122201220	2430
1.0.20161123190203	2593
1.0.20161221171240	2438
1.0.20161227200419	2653
1.0.20170217172322	3179
1.0.20170413194156	3071
1.0.20170817131858	2950
1.0.20170822192924	2399
1.0.20170828135420	2629
1.0.20170928192020	2995
1.0.20180130110340	3594
1.0.20180225105849	3122
