version	total
1.0.20160310140736	4620
1.0.20160311201238	4725
1.0.20160318153100	4686
1.0.20160323212343	4603
1.0.20160325210917	4585
1.0.20160331184641	4685
1.0.20160408133555	4695
1.0.20160413143011	4513
1.0.20160422204730	4829
1.0.20160427142240	5776
1.0.20160714182449	9212
1.0.20160913171024	4656
1.0.20160930152149	4722
1.0.20161005195021	4821
1.0.20161007181528	4704
1.0.20161122201220	4740
1.0.20161123190203	4854
1.0.20161221171240	4732
1.0.20161227200419	4694
1.0.20170217172322	5562
1.0.20170413194156	5358
1.0.20170817131858	5377
1.0.20170822192924	4688
1.0.20170828135420	4925
1.0.20170928192020	5271
1.0.20180130110340	6153
1.0.20180225105849	5931
