version	total
1.0.20160310140736	4753
1.0.20160311201238	4857
1.0.20160318153100	4815
1.0.20160323212343	4733
1.0.20160325210917	4719
1.0.20160331184641	4817
1.0.20160408133555	4823
1.0.20160413143011	4577
1.0.20160422204730	4955
1.0.20160427142240	5891
1.0.20160714182449	9462
1.0.20160913171024	4784
1.0.20160930152149	4854
1.0.20161005195021	4951
1.0.20161007181528	4835
1.0.20161122201220	4872
1.0.20161123190203	4986
1.0.20161221171240	4865
1.0.20161227200419	4762
1.0.20170217172322	5709
1.0.20170413194156	5489
1.0.20170817131858	5523
1.0.20170822192924	4821
1.0.20170828135420	5061
1.0.20170928192020	5401
1.0.20180130110340	6321
1.0.20180225105849	6099
