version	total
1.0.20160310140736	3941
1.0.20160311201238	4040
1.0.20160318153100	4000
1.0.20160323212343	3920
1.0.20160325210917	3902
1.0.20160331184641	4001
1.0.20160408133555	4014
1.0.20160413143011	3943
1.0.20160422204730	4157
1.0.20160427142240	5095
1.0.20160714182449	7889
1.0.20160913171024	3978
1.0.20160930152149	4039
1.0.20161005195021	4140
1.0.20161007181528	4021
1.0.20161122201220	4051
1.0.20161123190203	4170
1.0.20161221171240	4047
1.0.20161227200419	4169
1.0.20170217172322	4854
1.0.20170413194156	4676
1.0.20170817131858	4669
1.0.20170822192924	4004
1.0.20170828135420	4242
1.0.20170928192020	4589
1.0.20180130110340	5331
1.0.20180225105849	5163
