version	total
1.0.20160907111242	5994
1.0.20161124105442	5557
1.0.20170214185319	7067
1.0.20180209171722	6984
1.0.20180601100346	3392
1.0.20190228134645	2609
1.0.20190906212748	3248
2.0.20200220223835	2519
2.2.20210901154959	2332
2.2.20211116163652	2333
2.2.20220521103021	2023
