version	total
1.0.20160310140736	4530
1.0.20160311201238	4635
1.0.20160318153100	4595
1.0.20160323212343	4513
1.0.20160325210917	4495
1.0.20160331184641	4594
1.0.20160408133555	4604
1.0.20160413143011	4467
1.0.20160422204730	4739
1.0.20160427142240	5688
1.0.20160714182449	9037
1.0.20160913171024	4565
1.0.20160930152149	4632
1.0.20161005195021	4731
1.0.20161007181528	4614
1.0.20161122201220	4649
1.0.20161123190203	4764
1.0.20161221171240	4641
1.0.20161227200419	4651
1.0.20170217172322	5465
1.0.20170413194156	5269
1.0.20170817131858	5280
1.0.20170822192924	4597
1.0.20170828135420	4835
1.0.20170928192020	5180
1.0.20180130110340	6037
1.0.20180225105849	5822
