version	total
1.0.20160907111242	5699
1.0.20161124105442	5331
1.0.20170214185319	6803
1.0.20180209171722	6628
1.0.20180601100346	3134
1.0.20190228134645	2356
1.0.20190906212748	2889
2.0.20200220223835	2266
2.2.20210901154959	2078
2.2.20211116163652	2081
2.2.20220521103021	1766
