version	total
1.0.20160310140736	4508
1.0.20160311201238	4613
1.0.20160318153100	4574
1.0.20160323212343	4490
1.0.20160325210917	4473
1.0.20160331184641	4573
1.0.20160408133555	4582
1.0.20160413143011	4455
1.0.20160422204730	4717
1.0.20160427142240	5664
1.0.20160714182449	8995
1.0.20160913171024	4543
1.0.20160930152149	4610
1.0.20161005195021	4709
1.0.20161007181528	4593
1.0.20161122201220	4627
1.0.20161123190203	4743
1.0.20161221171240	4620
1.0.20161227200419	4640
1.0.20170217172322	5441
1.0.20170413194156	5248
1.0.20170817131858	5256
1.0.20170822192924	4575
1.0.20170828135420	4814
1.0.20170928192020	5158
1.0.20180130110340	6013
1.0.20180225105849	5795
