version	total
1.0.20160310140736	4382
1.0.20160311201238	4487
1.0.20160318153100	4448
1.0.20160323212343	4365
1.0.20160325210917	4347
1.0.20160331184641	4446
1.0.20160408133555	4456
1.0.20160413143011	4367
1.0.20160422204730	4593
1.0.20160427142240	5541
1.0.20160714182449	8745
1.0.20160913171024	4417
1.0.20160930152149	4484
1.0.20161005195021	4583
1.0.20161007181528	4467
1.0.20161122201220	4501
1.0.20161123190203	4616
1.0.20161221171240	4494
1.0.20161227200419	4572
1.0.20170217172322	5313
1.0.20170413194156	5122
1.0.20170817131858	5127
1.0.20170822192924	4449
1.0.20170828135420	4689
1.0.20170928192020	5032
1.0.20180130110340	5860
1.0.20180225105849	5657
