version	total
1.0.20160310140736	2430
1.0.20160311201238	2519
1.0.20160318153100	2451
1.0.20160323212343	2441
1.0.20160325210917	2427
1.0.20160331184641	2487
1.0.20160408133555	2471
1.0.20160413143011	2482
1.0.20160422204730	2644
1.0.20160427142240	3462
1.0.20160714182449	4970
1.0.20160913171024	2463
1.0.20160930152149	2487
1.0.20161005195021	2603
1.0.20161007181528	2521
1.0.20161122201220	2482
1.0.20161123190203	2645
1.0.20161221171240	2490
1.0.20161227200419	2705
1.0.20170217172322	3235
1.0.20170413194156	3124
1.0.20170817131858	3006
1.0.20170822192924	2451
1.0.20170828135420	2681
1.0.20170928192020	3047
1.0.20180130110340	3648
1.0.20180225105849	3189
