version	total
1.0.20160310140736	4356
1.0.20160311201238	4458
1.0.20160318153100	4419
1.0.20160323212343	4336
1.0.20160325210917	4318
1.0.20160331184641	4417
1.0.20160408133555	4429
1.0.20160413143011	4346
1.0.20160422204730	4569
1.0.20160427142240	5517
1.0.20160714182449	8694
1.0.20160913171024	4393
1.0.20160930152149	4457
1.0.20161005195021	4554
1.0.20161007181528	4438
1.0.20161122201220	4472
1.0.20161123190203	4587
1.0.20161221171240	4465
1.0.20161227200419	4558
1.0.20170217172322	5284
1.0.20170413194156	5095
1.0.20170817131858	5097
1.0.20170822192924	4422
1.0.20170828135420	4661
1.0.20170928192020	5005
1.0.20180130110340	5826
1.0.20180225105849	5622
