version	total
1.0.20160907111242	3454
1.0.20161124105442	3251
1.0.20170214185319	4659
1.0.20180209171722	4061
1.0.20180601100346	1059
1.0.20190228134645	270
1.0.20190906212748	425
2.0.20200220223835	234
2.2.20210901154959	47
2.2.20211116163652	32
