version	total
1.0.20160310140736	2656
1.0.20160311201238	2751
1.0.20160318153100	2679
1.0.20160323212343	2667
1.0.20160325210917	2649
1.0.20160331184641	2714
1.0.20160408133555	2700
1.0.20160413143011	2708
1.0.20160422204730	2876
1.0.20160427142240	3704
1.0.20160714182449	5416
1.0.20160913171024	2697
1.0.20160930152149	2719
1.0.20161005195021	2835
1.0.20161007181528	2752
1.0.20161122201220	2714
1.0.20161123190203	2877
1.0.20161221171240	2722
1.0.20161227200419	2931
1.0.20170217172322	3474
1.0.20170413194156	3352
1.0.20170817131858	3252
1.0.20170822192924	2683
1.0.20170828135420	2915
1.0.20170928192020	3277
1.0.20180130110340	3894
1.0.20180225105849	3467
