version	total
1.0.20160310140736	2946
1.0.20160311201238	3032
1.0.20160318153100	2981
1.0.20160323212343	2913
1.0.20160325210917	2895
1.0.20160331184641	2996
1.0.20160408133555	3004
1.0.20160413143011	2955
1.0.20160422204730	3161
1.0.20160427142240	4006
1.0.20160714182449	5981
1.0.20160913171024	2979
1.0.20160930152149	3029
1.0.20161005195021	3120
1.0.20161007181528	3010
1.0.20161122201220	3024
1.0.20161123190203	3159
1.0.20161221171240	3029
1.0.20161227200419	3182
1.0.20170217172322	3744
1.0.20170413194156	3655
1.0.20170817131858	3556
1.0.20170822192924	2994
1.0.20170828135420	3228
1.0.20170928192020	3584
1.0.20180130110340	4160
1.0.20180225105849	3846
