version	total
1.0.20160907111242	4548
1.0.20161124105442	4252
1.0.20170214185319	5693
1.0.20180209171722	5354
1.0.20180601100346	2052
1.0.20190228134645	1284
1.0.20190906212748	1574
2.0.20200220223835	1191
2.2.20210901154959	1007
2.2.20211116163652	1009
2.2.20220521103021	683
