version	total
1.0.20160310140736	4103
1.0.20160311201238	4202
1.0.20160318153100	4161
1.0.20160323212343	4081
1.0.20160325210917	4063
1.0.20160331184641	4162
1.0.20160408133555	4175
1.0.20160413143011	4103
1.0.20160422204730	4319
1.0.20160427142240	5259
1.0.20160714182449	8193
1.0.20160913171024	4141
1.0.20160930152149	4201
1.0.20161005195021	4301
1.0.20161007181528	4182
1.0.20161122201220	4214
1.0.20161123190203	4332
1.0.20161221171240	4208
1.0.20161227200419	4329
1.0.20170217172322	5019
1.0.20170413194156	4839
1.0.20170817131858	4834
1.0.20170822192924	4167
1.0.20170828135420	4404
1.0.20170928192020	4751
1.0.20180130110340	5527
1.0.20180225105849	5340
