version	total
1.0.20160907111242	5996
1.0.20161124105442	5558
1.0.20170214185319	7068
1.0.20180209171722	6986
1.0.20180601100346	3393
1.0.20190228134645	2611
1.0.20190906212748	3252
2.0.20200220223835	2521
2.2.20210901154959	2334
2.2.20211116163652	2335
2.2.20220521103021	2024
