version	total
1.0.20160907111242	4249
1.0.20161124105442	3985
1.0.20170214185319	5421
1.0.20180209171722	4996
1.0.20180601100346	1790
1.0.20190228134645	1026
1.0.20190906212748	1288
2.0.20200220223835	933
2.2.20210901154959	750
2.2.20211116163652	752
2.2.20220521103021	426
