version	total
1.0.20160310140736	4207
1.0.20160311201238	4308
1.0.20160318153100	4267
1.0.20160323212343	4184
1.0.20160325210917	4166
1.0.20160331184641	4265
1.0.20160408133555	4279
1.0.20160413143011	4206
1.0.20160422204730	4424
1.0.20160427142240	5364
1.0.20160714182449	8401
1.0.20160913171024	4245
1.0.20160930152149	4306
1.0.20161005195021	4406
1.0.20161007181528	4286
1.0.20161122201220	4320
1.0.20161123190203	4435
1.0.20161221171240	4313
1.0.20161227200419	4430
1.0.20170217172322	5125
1.0.20170413194156	4945
1.0.20170817131858	4942
1.0.20170822192924	4271
1.0.20170828135420	4509
1.0.20170928192020	4854
1.0.20180130110340	5648
1.0.20180225105849	5453
