version	total
1.0.20160907111242	5655
1.0.20161124105442	5293
1.0.20170214185319	6764
1.0.20180209171722	6581
1.0.20180601100346	3097
1.0.20190228134645	2320
1.0.20190906212748	2839
2.0.20200220223835	2231
2.2.20210901154959	2043
2.2.20211116163652	2043
2.2.20220521103021	1728
