version	total
1.0.20160907111242	5064
1.0.20161124105442	4738
1.0.20170214185319	6193
1.0.20180209171722	5943
1.0.20180601100346	2534
1.0.20190228134645	1759
1.0.20190906212748	2149
2.0.20200220223835	1669
2.2.20210901154959	1482
2.2.20211116163652	1485
2.2.20220521103021	1165
