version	total
1.0.20160907111242	5246
1.0.20161124105442	4915
1.0.20170214185319	6377
1.0.20180209171722	6142
1.0.20180601100346	2715
1.0.20190228134645	1939
1.0.20190906212748	2359
2.0.20200220223835	1849
2.2.20210901154959	1662
2.2.20211116163652	1664
2.2.20220521103021	1347
