version	total
1.0.20160310140736	4863
1.0.20160311201238	4966
1.0.20160318153100	4922
1.0.20160323212343	4841
1.0.20160325210917	4827
1.0.20160331184641	4924
1.0.20160408133555	4929
1.0.20160413143011	4628
1.0.20160422204730	5049
1.0.20160427142240	5963
1.0.20160714182449	9668
1.0.20160913171024	4888
1.0.20160930152149	4960
1.0.20161005195021	5055
1.0.20161007181528	4938
1.0.20161122201220	4975
1.0.20161123190203	5090
1.0.20161221171240	4970
1.0.20161227200419	4807
1.0.20170217172322	5824
1.0.20170413194156	5596
1.0.20170817131858	5632
1.0.20170822192924	4926
1.0.20170828135420	5165
1.0.20170928192020	5508
1.0.20180130110340	6462
1.0.20180225105849	6231
