version	total
1.0.20160907111242	4893
1.0.20161124105442	4567
1.0.20170214185319	6022
1.0.20180209171722	5757
1.0.20180601100346	2367
1.0.20190228134645	1593
1.0.20190906212748	1949
2.0.20200220223835	1504
2.2.20210901154959	1318
2.2.20211116163652	1319
2.2.20220521103021	996
