version	total
1.0.20160310140736	3906
1.0.20160311201238	4005
1.0.20160318153100	3963
1.0.20160323212343	3883
1.0.20160325210917	3864
1.0.20160331184641	3966
1.0.20160408133555	3978
1.0.20160413143011	3909
1.0.20160422204730	4118
1.0.20160427142240	5053
1.0.20160714182449	7819
1.0.20160913171024	3940
1.0.20160930152149	4005
1.0.20161005195021	4099
1.0.20161007181528	3983
1.0.20161122201220	4013
1.0.20161123190203	4136
1.0.20161221171240	4012
1.0.20161227200419	4137
1.0.20170217172322	4809
1.0.20170413194156	4633
1.0.20170817131858	4625
1.0.20170822192924	3967
1.0.20170828135420	4207
1.0.20170928192020	4555
1.0.20180130110340	5283
1.0.20180225105849	5107
