version	total
1.0.20160310140736	3735
1.0.20160311201238	3827
1.0.20160318153100	3785
1.0.20160323212343	3707
1.0.20160325210917	3688
1.0.20160331184641	3790
1.0.20160408133555	3804
1.0.20160413143011	3743
1.0.20160422204730	3948
1.0.20160427142240	4869
1.0.20160714182449	7492
1.0.20160913171024	3769
1.0.20160930152149	3831
1.0.20161005195021	3921
1.0.20161007181528	3808
1.0.20161122201220	3833
1.0.20161123190203	3959
1.0.20161221171240	3834
1.0.20161227200419	3971
1.0.20170217172322	4618
1.0.20170413194156	4460
1.0.20170817131858	4432
1.0.20170822192924	3792
1.0.20170828135420	4033
1.0.20170928192020	4382
1.0.20180130110340	5077
1.0.20180225105849	4879
