version	total
1.0.20160310140736	2624
1.0.20160311201238	2715
1.0.20160318153100	2644
1.0.20160323212343	2633
1.0.20160325210917	2617
1.0.20160331184641	2680
1.0.20160408133555	2666
1.0.20160413143011	2675
1.0.20160422204730	2842
1.0.20160427142240	3671
1.0.20160714182449	5351
1.0.20160913171024	2662
1.0.20160930152149	2685
1.0.20161005195021	2800
1.0.20161007181528	2717
1.0.20161122201220	2680
1.0.20161123190203	2843
1.0.20161221171240	2686
1.0.20161227200419	2899
1.0.20170217172322	3443
1.0.20170413194156	3318
1.0.20170817131858	3216
1.0.20170822192924	2650
1.0.20170828135420	2880
1.0.20170928192020	3244
1.0.20180130110340	3856
1.0.20180225105849	3431
