version	total
1.0.20160907111242	4589
1.0.20161124105442	4289
1.0.20170214185319	5733
1.0.20180209171722	5397
1.0.20180601100346	2093
1.0.20190228134645	1325
1.0.20190906212748	1623
2.0.20200220223835	1233
2.2.20210901154959	1048
2.2.20211116163652	1050
2.2.20220521103021	725
