version	total
1.0.20160310140736	3518
1.0.20160311201238	3606
1.0.20160318153100	3564
1.0.20160323212343	3486
1.0.20160325210917	3466
1.0.20160331184641	3570
1.0.20160408133555	3586
1.0.20160413143011	3525
1.0.20160422204730	3729
1.0.20160427142240	4623
1.0.20160714182449	7082
1.0.20160913171024	3550
1.0.20160930152149	3612
1.0.20161005195021	3698
1.0.20161007181528	3586
1.0.20161122201220	3608
1.0.20161123190203	3736
1.0.20161221171240	3611
1.0.20161227200419	3752
1.0.20170217172322	4368
1.0.20170413194156	4238
1.0.20170817131858	4182
1.0.20170822192924	3573
1.0.20170828135420	3812
1.0.20170928192020	4163
1.0.20180130110340	4828
1.0.20180225105849	4576
