version	total
1.0.20160907111242	3472
1.0.20161124105442	3267
1.0.20170214185319	4675
1.0.20180209171722	4085
1.0.20180601100346	1072
1.0.20190228134645	283
1.0.20190906212748	441
2.0.20200220223835	241
2.2.20210901154959	53
2.2.20211116163652	44
