version	total
1.0.20160907111242	5033
1.0.20161124105442	4707
1.0.20170214185319	6162
1.0.20180209171722	5910
1.0.20180601100346	2503
1.0.20190228134645	1728
1.0.20190906212748	2115
2.0.20200220223835	1637
2.2.20210901154959	1450
2.2.20211116163652	1454
2.2.20220521103021	1134
