version	total
1.0.20160310140736	2667
1.0.20160311201238	2760
1.0.20160318153100	2690
1.0.20160323212343	2672
1.0.20160325210917	2655
1.0.20160331184641	2722
1.0.20160408133555	2711
1.0.20160413143011	2713
1.0.20160422204730	2884
1.0.20160427142240	3713
1.0.20160714182449	5437
1.0.20160913171024	2706
1.0.20160930152149	2730
1.0.20161005195021	2844
1.0.20161007181528	2759
1.0.20161122201220	2725
1.0.20161123190203	2886
1.0.20161221171240	2733
1.0.20161227200419	2937
1.0.20170217172322	3481
1.0.20170413194156	3362
1.0.20170817131858	3262
1.0.20170822192924	2694
1.0.20170828135420	2926
1.0.20170928192020	3288
1.0.20180130110340	3899
1.0.20180225105849	3481
