version	total
1.0.20160907111242	4670
1.0.20161124105442	4360
1.0.20170214185319	5806
1.0.20180209171722	5492
1.0.20180601100346	2163
1.0.20190228134645	1393
1.0.20190906212748	1707
2.0.20200220223835	1302
2.2.20210901154959	1117
2.2.20211116163652	1119
2.2.20220521103021	794
