version	total
1.0.20160310140736	3769
1.0.20160311201238	3861
1.0.20160318153100	3819
1.0.20160323212343	3741
1.0.20160325210917	3722
1.0.20160331184641	3824
1.0.20160408133555	3839
1.0.20160413143011	3777
1.0.20160422204730	3982
1.0.20160427142240	4907
1.0.20160714182449	7556
1.0.20160913171024	3803
1.0.20160930152149	3866
1.0.20161005195021	3955
1.0.20161007181528	3842
1.0.20161122201220	3867
1.0.20161123190203	3993
1.0.20161221171240	3868
1.0.20161227200419	4005
1.0.20170217172322	4656
1.0.20170413194156	4494
1.0.20170817131858	4470
1.0.20170822192924	3826
1.0.20170828135420	4067
1.0.20170928192020	4416
1.0.20180130110340	5121
1.0.20180225105849	4926
