version	total
1.0.20160907111242	4214
1.0.20161124105442	3952
1.0.20170214185319	5387
1.0.20180209171722	4953
1.0.20180601100346	1756
1.0.20190228134645	992
1.0.20190906212748	1249
2.0.20200220223835	900
2.2.20210901154959	717
2.2.20211116163652	719
2.2.20220521103021	393
