version	total
1.0.20160310140736	2887
1.0.20160311201238	2976
1.0.20160318153100	2919
1.0.20160323212343	2855
1.0.20160325210917	2838
1.0.20160331184641	2939
1.0.20160408133555	2941
1.0.20160413143011	2896
1.0.20160422204730	3103
1.0.20160427142240	3940
1.0.20160714182449	5870
1.0.20160913171024	2923
1.0.20160930152149	2964
1.0.20161005195021	3063
1.0.20161007181528	2952
1.0.20161122201220	2959
1.0.20161123190203	3100
1.0.20161221171240	2965
1.0.20161227200419	3122
1.0.20170217172322	3677
1.0.20170413194156	3590
1.0.20170817131858	3486
1.0.20170822192924	2929
1.0.20170828135420	3165
1.0.20170928192020	3520
1.0.20180130110340	4096
1.0.20180225105849	3762
