version	total
1.0.20160907111242	3575
1.0.20161124105442	3368
1.0.20170214185319	4778
1.0.20180209171722	4199
1.0.20180601100346	1173
1.0.20190228134645	390
1.0.20190906212748	549
2.0.20200220223835	326
2.2.20210901154959	140
2.2.20211116163652	145
