version	total
1.0.20160907111242	5746
1.0.20161124105442	5371
1.0.20170214185319	6846
1.0.20180209171722	6683
1.0.20180601100346	3177
1.0.20190228134645	2399
1.0.20190906212748	2949
2.0.20200220223835	2309
2.2.20210901154959	2121
2.2.20211116163652	2124
2.2.20220521103021	1810
