version	total
1.0.20160907111242	5885
1.0.20161124105442	5477
1.0.20170214185319	6969
1.0.20180209171722	6842
1.0.20180601100346	3296
1.0.20190228134645	2518
1.0.20190906212748	3106
2.0.20200220223835	2429
2.2.20210901154959	2241
2.2.20211116163652	2242
2.2.20220521103021	1932
