version	total
1.0.20160310140736	4409
1.0.20160311201238	4514
1.0.20160318153100	4475
1.0.20160323212343	4392
1.0.20160325210917	4374
1.0.20160331184641	4473
1.0.20160408133555	4483
1.0.20160413143011	4386
1.0.20160422204730	4620
1.0.20160427142240	5568
1.0.20160714182449	8798
1.0.20160913171024	4444
1.0.20160930152149	4511
1.0.20161005195021	4610
1.0.20161007181528	4494
1.0.20161122201220	4528
1.0.20161123190203	4643
1.0.20161221171240	4521
1.0.20161227200419	4587
1.0.20170217172322	5341
1.0.20170413194156	5149
1.0.20170817131858	5155
1.0.20170822192924	4476
1.0.20170828135420	4715
1.0.20170928192020	5059
1.0.20180130110340	5890
1.0.20180225105849	5686
