version	total
1.0.20160310140736	3568
1.0.20160311201238	3657
1.0.20160318153100	3615
1.0.20160323212343	3538
1.0.20160325210917	3519
1.0.20160331184641	3621
1.0.20160408133555	3636
1.0.20160413143011	3575
1.0.20160422204730	3779
1.0.20160427142240	4679
1.0.20160714182449	7176
1.0.20160913171024	3600
1.0.20160930152149	3663
1.0.20161005195021	3750
1.0.20161007181528	3637
1.0.20161122201220	3659
1.0.20161123190203	3787
1.0.20161221171240	3662
1.0.20161227200419	3804
1.0.20170217172322	4426
1.0.20170413194156	4288
1.0.20170817131858	4239
1.0.20170822192924	3623
1.0.20170828135420	3863
1.0.20170928192020	4213
1.0.20180130110340	4883
1.0.20180225105849	4644
