version	total
1.0.20160907111242	5341
1.0.20161124105442	5008
1.0.20170214185319	6471
1.0.20180209171722	6243
1.0.20180601100346	2809
1.0.20190228134645	2036
1.0.20190906212748	2475
2.0.20200220223835	1946
2.2.20210901154959	1759
2.2.20211116163652	1760
2.2.20220521103021	1441
