version	total
1.0.20160907111242	3366
1.0.20161124105442	3171
1.0.20170214185319	4576
1.0.20180209171722	3958
1.0.20180601100346	1021
1.0.20190228134645	231
1.0.20190906212748	378
2.0.20200220223835	210
2.2.20210901154959	21
