version	total
1.0.20160310140736	3709
1.0.20160311201238	3801
1.0.20160318153100	3759
1.0.20160323212343	3681
1.0.20160325210917	3662
1.0.20160331184641	3764
1.0.20160408133555	3779
1.0.20160413143011	3717
1.0.20160422204730	3922
1.0.20160427142240	4841
1.0.20160714182449	7442
1.0.20160913171024	3743
1.0.20160930152149	3806
1.0.20161005195021	3895
1.0.20161007181528	3782
1.0.20161122201220	3807
1.0.20161123190203	3933
1.0.20161221171240	3808
1.0.20161227200419	3945
1.0.20170217172322	4590
1.0.20170413194156	4434
1.0.20170817131858	4404
1.0.20170822192924	3766
1.0.20170828135420	4007
1.0.20170928192020	4356
1.0.20180130110340	5043
1.0.20180225105849	4848
