version	total
1.0.20160310140736	2682
1.0.20160311201238	2775
1.0.20160318153100	2706
1.0.20160323212343	2682
1.0.20160325210917	2665
1.0.20160331184641	2739
1.0.20160408133555	2726
1.0.20160413143011	2724
1.0.20160422204730	2902
1.0.20160427142240	3729
1.0.20160714182449	5467
1.0.20160913171024	2721
1.0.20160930152149	2745
1.0.20161005195021	2860
1.0.20161007181528	2772
1.0.20161122201220	2740
1.0.20161123190203	2901
1.0.20161221171240	2748
1.0.20161227200419	2948
1.0.20170217172322	3492
1.0.20170413194156	3376
1.0.20170817131858	3277
1.0.20170822192924	2709
1.0.20170828135420	2942
1.0.20170928192020	3302
1.0.20180130110340	3910
1.0.20180225105849	3500
