version	total
1.0.20160907111242	3256
1.0.20161124105442	3068
1.0.20170214185319	4475
1.0.20180209171722	3834
1.0.20180601100346	978
1.0.20190228134645	185
1.0.20190906212748	330
2.0.20200220223835	163
