version	total
1.0.20160310140736	2941
1.0.20160311201238	3027
1.0.20160318153100	2976
1.0.20160323212343	2908
1.0.20160325210917	2890
1.0.20160331184641	2991
1.0.20160408133555	2999
1.0.20160413143011	2950
1.0.20160422204730	3156
1.0.20160427142240	4000
1.0.20160714182449	5972
1.0.20160913171024	2975
1.0.20160930152149	3024
1.0.20161005195021	3115
1.0.20161007181528	3005
1.0.20161122201220	3019
1.0.20161123190203	3154
1.0.20161221171240	3024
1.0.20161227200419	3177
1.0.20170217172322	3738
1.0.20170413194156	3650
1.0.20170817131858	3552
1.0.20170822192924	2989
1.0.20170828135420	3224
1.0.20170928192020	3579
1.0.20180130110340	4154
1.0.20180225105849	3840
