version	total
1.0.20160907111242	3170
1.0.20161124105442	2983
1.0.20170214185319	4390
1.0.20180209171722	3738
1.0.20180601100346	933
1.0.20190228134645	139
1.0.20190906212748	281
2.0.20200220223835	118
