version	total
1.0.20160907111242	4112
1.0.20161124105442	3859
1.0.20170214185319	5295
1.0.20180209171722	4831
1.0.20180601100346	1669
1.0.20190228134645	905
1.0.20190906212748	1149
2.0.20200220223835	813
2.2.20210901154959	631
2.2.20211116163652	633
2.2.20220521103021	307
