version	total
1.0.20160310140736	4607
1.0.20160311201238	4712
1.0.20160318153100	4673
1.0.20160323212343	4590
1.0.20160325210917	4572
1.0.20160331184641	4672
1.0.20160408133555	4682
1.0.20160413143011	4508
1.0.20160422204730	4816
1.0.20160427142240	5764
1.0.20160714182449	9187
1.0.20160913171024	4643
1.0.20160930152149	4709
1.0.20161005195021	4808
1.0.20161007181528	4691
1.0.20161122201220	4726
1.0.20161123190203	4841
1.0.20161221171240	4719
1.0.20161227200419	4689
1.0.20170217172322	5549
1.0.20170413194156	5345
1.0.20170817131858	5363
1.0.20170822192924	4675
1.0.20170828135420	4912
1.0.20170928192020	5258
1.0.20180130110340	6139
1.0.20180225105849	5912
