version	total
1.0.20160310140736	2586
1.0.20160311201238	2677
1.0.20160318153100	2606
1.0.20160323212343	2595
1.0.20160325210917	2579
1.0.20160331184641	2643
1.0.20160408133555	2628
1.0.20160413143011	2637
1.0.20160422204730	2804
1.0.20160427142240	3630
1.0.20160714182449	5279
1.0.20160913171024	2624
1.0.20160930152149	2647
1.0.20161005195021	2762
1.0.20161007181528	2679
1.0.20161122201220	2643
1.0.20161123190203	2805
1.0.20161221171240	2648
1.0.20161227200419	2861
1.0.20170217172322	3401
1.0.20170413194156	3281
1.0.20170817131858	3174
1.0.20170822192924	2612
1.0.20170828135420	2842
1.0.20170928192020	3206
1.0.20180130110340	3815
1.0.20180225105849	3379
