version	total
1.0.20160310140736	3480
1.0.20160311201238	3566
1.0.20160318153100	3524
1.0.20160323212343	3447
1.0.20160325210917	3427
1.0.20160331184641	3530
1.0.20160408133555	3546
1.0.20160413143011	3489
1.0.20160422204730	3693
1.0.20160427142240	4585
1.0.20160714182449	7007
1.0.20160913171024	3514
1.0.20160930152149	3572
1.0.20161005195021	3658
1.0.20161007181528	3546
1.0.20161122201220	3568
1.0.20161123190203	3696
1.0.20161221171240	3571
1.0.20161227200419	3716
1.0.20170217172322	4325
1.0.20170413194156	4200
1.0.20170817131858	4140
1.0.20170822192924	3535
1.0.20170828135420	3772
1.0.20170928192020	4125
1.0.20180130110340	4787
1.0.20180225105849	4529
