version	total
1.0.20160310140736	4289
1.0.20160311201238	4392
1.0.20160318153100	4351
1.0.20160323212343	4270
1.0.20160325210917	4252
1.0.20160331184641	4351
1.0.20160408133555	4362
1.0.20160413143011	4282
1.0.20160422204730	4504
1.0.20160427142240	5451
1.0.20160714182449	8559
1.0.20160913171024	4327
1.0.20160930152149	4389
1.0.20161005195021	4489
1.0.20161007181528	4372
1.0.20161122201220	4404
1.0.20161123190203	4521
1.0.20161221171240	4397
1.0.20161227200419	4501
1.0.20170217172322	5216
1.0.20170413194156	5027
1.0.20170817131858	5030
1.0.20170822192924	4354
1.0.20170828135420	4593
1.0.20170928192020	4937
1.0.20180130110340	5746
1.0.20180225105849	5552
