version	total
1.0.20160310140736	2516
1.0.20160311201238	2604
1.0.20160318153100	2536
1.0.20160323212343	2527
1.0.20160325210917	2511
1.0.20160331184641	2572
1.0.20160408133555	2556
1.0.20160413143011	2569
1.0.20160422204730	2732
1.0.20160427142240	3556
1.0.20160714182449	5140
1.0.20160913171024	2551
1.0.20160930152149	2574
1.0.20161005195021	2690
1.0.20161007181528	2609
1.0.20161122201220	2570
1.0.20161123190203	2733
1.0.20161221171240	2578
1.0.20161227200419	2793
1.0.20170217172322	3330
1.0.20170413194156	3210
1.0.20170817131858	3099
1.0.20170822192924	2539
1.0.20170828135420	2770
1.0.20170928192020	3134
1.0.20180130110340	3737
1.0.20180225105849	3296
