version	total
1.0.20160907111242	5830
1.0.20161124105442	5436
1.0.20170214185319	6918
1.0.20180209171722	6776
1.0.20180601100346	3247
1.0.20190228134645	2470
1.0.20190906212748	3039
2.0.20200220223835	2380
2.2.20210901154959	2192
2.2.20211116163652	2194
2.2.20220521103021	1884
