version	total
1.0.20160310140736	4064
1.0.20160311201238	4163
1.0.20160318153100	4123
1.0.20160323212343	4041
1.0.20160325210917	4023
1.0.20160331184641	4124
1.0.20160408133555	4136
1.0.20160413143011	4064
1.0.20160422204730	4280
1.0.20160427142240	5219
1.0.20160714182449	8116
1.0.20160913171024	4101
1.0.20160930152149	4162
1.0.20161005195021	4263
1.0.20161007181528	4143
1.0.20161122201220	4174
1.0.20161123190203	4293
1.0.20161221171240	4170
1.0.20161227200419	4290
1.0.20170217172322	4977
1.0.20170413194156	4800
1.0.20170817131858	4794
1.0.20170822192924	4128
1.0.20170828135420	4364
1.0.20170928192020	4712
1.0.20180130110340	5481
1.0.20180225105849	5297
