version	total
1.0.20160907111242	5594
1.0.20161124105442	5243
1.0.20170214185319	6711
1.0.20180209171722	6509
1.0.20180601100346	3046
1.0.20190228134645	2268
1.0.20190906212748	2778
2.0.20200220223835	2179
2.2.20210901154959	1992
2.2.20211116163652	1993
2.2.20220521103021	1677
