version	total
1.0.20160907111242	4935
1.0.20161124105442	4609
1.0.20170214185319	6065
1.0.20180209171722	5804
1.0.20180601100346	2410
1.0.20190228134645	1634
1.0.20190906212748	2006
2.0.20200220223835	1546
2.2.20210901154959	1360
2.2.20211116163652	1361
2.2.20220521103021	1039
