version	total
1.0.20160907111242	3384
1.0.20161124105442	3186
1.0.20170214185319	4591
1.0.20180209171722	3980
1.0.20180601100346	1024
1.0.20190228134645	233
1.0.20190906212748	381
2.0.20200220223835	213
2.2.20210901154959	26
