version	total
1.0.20160907111242	5357
1.0.20161124105442	5024
1.0.20170214185319	6489
1.0.20180209171722	6259
1.0.20180601100346	2827
1.0.20190228134645	2051
1.0.20190906212748	2499
2.0.20200220223835	1962
2.2.20210901154959	1775
2.2.20211116163652	1776
2.2.20220521103021	1459
