version	total
1.0.20160907111242	5177
1.0.20161124105442	4848
1.0.20170214185319	6306
1.0.20180209171722	6070
1.0.20180601100346	2646
1.0.20190228134645	1871
1.0.20190906212748	2278
2.0.20200220223835	1780
2.2.20210901154959	1593
2.2.20211116163652	1596
2.2.20220521103021	1278
