version	total
1.0.20160310140736	4778
1.0.20160311201238	4882
1.0.20160318153100	4840
1.0.20160323212343	4758
1.0.20160325210917	4744
1.0.20160331184641	4842
1.0.20160408133555	4848
1.0.20160413143011	4590
1.0.20160422204730	4978
1.0.20160427142240	5907
1.0.20160714182449	9507
1.0.20160913171024	4807
1.0.20160930152149	4878
1.0.20161005195021	4974
1.0.20161007181528	4857
1.0.20161122201220	4895
1.0.20161123190203	5009
1.0.20161221171240	4888
1.0.20161227200419	4773
1.0.20170217172322	5733
1.0.20170413194156	5512
1.0.20170817131858	5547
1.0.20170822192924	4844
1.0.20170828135420	5085
1.0.20170928192020	5424
1.0.20180130110340	6353
1.0.20180225105849	6126
