version	total
1.0.20160907111242	4730
1.0.20161124105442	4418
1.0.20170214185319	5863
1.0.20180209171722	5561
1.0.20180601100346	2219
1.0.20190228134645	1448
1.0.20190906212748	1768
2.0.20200220223835	1357
2.2.20210901154959	1172
2.2.20211116163652	1174
2.2.20220521103021	849
