version	total
1.0.20160310140736	3646
1.0.20160311201238	3736
1.0.20160318153100	3694
1.0.20160323212343	3617
1.0.20160325210917	3598
1.0.20160331184641	3700
1.0.20160408133555	3716
1.0.20160413143011	3654
1.0.20160422204730	3858
1.0.20160427142240	4766
1.0.20160714182449	7326
1.0.20160913171024	3680
1.0.20160930152149	3744
1.0.20161005195021	3830
1.0.20161007181528	3716
1.0.20161122201220	3740
1.0.20161123190203	3867
1.0.20161221171240	3742
1.0.20161227200419	3882
1.0.20170217172322	4515
1.0.20170413194156	4369
1.0.20170817131858	4329
1.0.20170822192924	3702
1.0.20170828135420	3944
1.0.20170928192020	4292
1.0.20180130110340	4971
1.0.20180225105849	4750
