version	total
1.0.20160310140736	3806
1.0.20160311201238	3899
1.0.20160318153100	3857
1.0.20160323212343	3779
1.0.20160325210917	3760
1.0.20160331184641	3862
1.0.20160408133555	3876
1.0.20160413143011	3814
1.0.20160422204730	4019
1.0.20160427142240	4948
1.0.20160714182449	7626
1.0.20160913171024	3840
1.0.20160930152149	3903
1.0.20161005195021	3993
1.0.20161007181528	3880
1.0.20161122201220	3905
1.0.20161123190203	4031
1.0.20161221171240	3906
1.0.20161227200419	4042
1.0.20170217172322	4697
1.0.20170413194156	4531
1.0.20170817131858	4512
1.0.20170822192924	3864
1.0.20170828135420	4104
1.0.20170928192020	4454
1.0.20180130110340	5164
1.0.20180225105849	4969
