version	total
1.0.20160907111242	4771
1.0.20161124105442	4454
1.0.20170214185319	5908
1.0.20180209171722	5613
1.0.20180601100346	2261
1.0.20190228134645	1489
1.0.20190906212748	1822
2.0.20200220223835	1398
2.2.20210901154959	1212
2.2.20211116163652	1215
2.2.20220521103021	891
