version	total
1.0.20160310140736	2446
1.0.20160311201238	2535
1.0.20160318153100	2467
1.0.20160323212343	2457
1.0.20160325210917	2443
1.0.20160331184641	2503
1.0.20160408133555	2487
1.0.20160413143011	2498
1.0.20160422204730	2660
1.0.20160427142240	3478
1.0.20160714182449	5002
1.0.20160913171024	2479
1.0.20160930152149	2503
1.0.20161005195021	2619
1.0.20161007181528	2537
1.0.20161122201220	2498
1.0.20161123190203	2661
1.0.20161221171240	2506
1.0.20161227200419	2721
1.0.20170217172322	3251
1.0.20170413194156	3140
1.0.20170817131858	3022
1.0.20170822192924	2467
1.0.20170828135420	2697
1.0.20170928192020	3063
1.0.20180130110340	3665
1.0.20180225105849	3205
