version	total
1.0.20160310140736	4689
1.0.20160311201238	4794
1.0.20160318153100	4752
1.0.20160323212343	4669
1.0.20160325210917	4654
1.0.20160331184641	4752
1.0.20160408133555	4760
1.0.20160413143011	4543
1.0.20160422204730	4893
1.0.20160427142240	5832
1.0.20160714182449	9343
1.0.20160913171024	4720
1.0.20160930152149	4788
1.0.20161005195021	4887
1.0.20161007181528	4770
1.0.20161122201220	4808
1.0.20161123190203	4920
1.0.20161221171240	4799
1.0.20161227200419	4725
1.0.20170217172322	5636
1.0.20170413194156	5424
1.0.20170817131858	5447
1.0.20170822192924	4754
1.0.20170828135420	4992
1.0.20170928192020	5336
1.0.20180130110340	6237
1.0.20180225105849	6006
