version	total
1.0.20160310140736	2631
1.0.20160311201238	2723
1.0.20160318153100	2651
1.0.20160323212343	2640
1.0.20160325210917	2624
1.0.20160331184641	2687
1.0.20160408133555	2673
1.0.20160413143011	2682
1.0.20160422204730	2849
1.0.20160427142240	3677
1.0.20160714182449	5365
1.0.20160913171024	2670
1.0.20160930152149	2692
1.0.20161005195021	2808
1.0.20161007181528	2724
1.0.20161122201220	2687
1.0.20161123190203	2850
1.0.20161221171240	2693
1.0.20161227200419	2906
1.0.20170217172322	3450
1.0.20170413194156	3325
1.0.20170817131858	3224
1.0.20170822192924	2656
1.0.20170828135420	2888
1.0.20170928192020	3250
1.0.20180130110340	3863
1.0.20180225105849	3439
