version	total
1.0.20160907111242	4410
1.0.20161124105442	4131
1.0.20170214185319	5572
1.0.20180209171722	5183
1.0.20180601100346	1937
1.0.20190228134645	1170
1.0.20190906212748	1446
2.0.20200220223835	1079
2.2.20210901154959	895
2.2.20211116163652	897
2.2.20220521103021	571
