version	total
1.0.20160310140736	4692
1.0.20160311201238	4797
1.0.20160318153100	4755
1.0.20160323212343	4672
1.0.20160325210917	4657
1.0.20160331184641	4755
1.0.20160408133555	4763
1.0.20160413143011	4545
1.0.20160422204730	4896
1.0.20160427142240	5836
1.0.20160714182449	9348
1.0.20160913171024	4723
1.0.20160930152149	4791
1.0.20161005195021	4890
1.0.20161007181528	4773
1.0.20161122201220	4811
1.0.20161123190203	4923
1.0.20161221171240	4802
1.0.20161227200419	4727
1.0.20170217172322	5640
1.0.20170413194156	5427
1.0.20170817131858	5451
1.0.20170822192924	4757
1.0.20170828135420	4995
1.0.20170928192020	5339
1.0.20180130110340	6240
1.0.20180225105849	6012
