version	total
1.0.20160907111242	4570
1.0.20161124105442	4273
1.0.20170214185319	5717
1.0.20180209171722	5380
1.0.20180601100346	2077
1.0.20190228134645	1309
1.0.20190906212748	1599
2.0.20200220223835	1217
2.2.20210901154959	1032
2.2.20211116163652	1034
2.2.20220521103021	709
