version	total
1.0.20160310140736	4828
1.0.20160311201238	4931
1.0.20160318153100	4887
1.0.20160323212343	4805
1.0.20160325210917	4792
1.0.20160331184641	4889
1.0.20160408133555	4894
1.0.20160413143011	4614
1.0.20160422204730	5017
1.0.20160427142240	5942
1.0.20160714182449	9598
1.0.20160913171024	4853
1.0.20160930152149	4925
1.0.20161005195021	5020
1.0.20161007181528	4902
1.0.20161122201220	4940
1.0.20161123190203	5055
1.0.20161221171240	4935
1.0.20161227200419	4793
1.0.20170217172322	5787
1.0.20170413194156	5561
1.0.20170817131858	5596
1.0.20170822192924	4891
1.0.20170828135420	5130
1.0.20170928192020	5473
1.0.20180130110340	6416
1.0.20180225105849	6192
