version	total
1.0.20160310140736	3732
1.0.20160311201238	3824
1.0.20160318153100	3782
1.0.20160323212343	3704
1.0.20160325210917	3685
1.0.20160331184641	3787
1.0.20160408133555	3801
1.0.20160413143011	3740
1.0.20160422204730	3945
1.0.20160427142240	4865
1.0.20160714182449	7487
1.0.20160913171024	3766
1.0.20160930152149	3828
1.0.20161005195021	3918
1.0.20161007181528	3805
1.0.20161122201220	3830
1.0.20161123190203	3956
1.0.20161221171240	3831
1.0.20161227200419	3968
1.0.20170217172322	4614
1.0.20170413194156	4457
1.0.20170817131858	4428
1.0.20170822192924	3789
1.0.20170828135420	4029
1.0.20170928192020	4379
1.0.20180130110340	5074
1.0.20180225105849	4874
