version	total
1.0.20160310140736	2522
1.0.20160311201238	2610
1.0.20160318153100	2542
1.0.20160323212343	2533
1.0.20160325210917	2517
1.0.20160331184641	2578
1.0.20160408133555	2562
1.0.20160413143011	2575
1.0.20160422204730	2738
1.0.20160427142240	3562
1.0.20160714182449	5152
1.0.20160913171024	2557
1.0.20160930152149	2580
1.0.20161005195021	2696
1.0.20161007181528	2615
1.0.20161122201220	2576
1.0.20161123190203	2739
1.0.20161221171240	2584
1.0.20161227200419	2799
1.0.20170217172322	3336
1.0.20170413194156	3217
1.0.20170817131858	3105
1.0.20170822192924	2545
1.0.20170828135420	2776
1.0.20170928192020	3140
1.0.20180130110340	3743
1.0.20180225105849	3302
