version	total
1.0.20160907111242	3158
1.0.20161124105442	2971
1.0.20170214185319	4378
1.0.20180209171722	3721
1.0.20180601100346	927
1.0.20190228134645	133
1.0.20190906212748	274
2.0.20200220223835	112
