version	total
1.0.20160907111242	5285
1.0.20161124105442	4953
1.0.20170214185319	6418
1.0.20180209171722	6185
1.0.20180601100346	2756
1.0.20190228134645	1981
1.0.20190906212748	2409
2.0.20200220223835	1891
2.2.20210901154959	1704
2.2.20211116163652	1705
2.2.20220521103021	1388
