version	total
1.0.20160310140736	4611
1.0.20160311201238	4715
1.0.20160318153100	4676
1.0.20160323212343	4593
1.0.20160325210917	4576
1.0.20160331184641	4675
1.0.20160408133555	4686
1.0.20160413143011	4510
1.0.20160422204730	4820
1.0.20160427142240	5766
1.0.20160714182449	9195
1.0.20160913171024	4647
1.0.20160930152149	4713
1.0.20161005195021	4811
1.0.20161007181528	4694
1.0.20161122201220	4730
1.0.20161123190203	4844
1.0.20161221171240	4722
1.0.20161227200419	4691
1.0.20170217172322	5552
1.0.20170413194156	5349
1.0.20170817131858	5366
1.0.20170822192924	4679
1.0.20170828135420	4916
1.0.20170928192020	5262
1.0.20180130110340	6142
1.0.20180225105849	5917
