version	total
1.0.20160310140736	4591
1.0.20160311201238	4696
1.0.20160318153100	4657
1.0.20160323212343	4574
1.0.20160325210917	4556
1.0.20160331184641	4656
1.0.20160408133555	4666
1.0.20160413143011	4500
1.0.20160422204730	4801
1.0.20160427142240	5751
1.0.20160714182449	9155
1.0.20160913171024	4627
1.0.20160930152149	4693
1.0.20161005195021	4792
1.0.20161007181528	4675
1.0.20161122201220	4710
1.0.20161123190203	4825
1.0.20161221171240	4703
1.0.20161227200419	4682
1.0.20170217172322	5533
1.0.20170413194156	5329
1.0.20170817131858	5347
1.0.20170822192924	4659
1.0.20170828135420	4896
1.0.20170928192020	5242
1.0.20180130110340	6120
1.0.20180225105849	5895
