version	total
1.0.20160907111242	3248
1.0.20161124105442	3060
1.0.20170214185319	4467
1.0.20180209171722	3826
1.0.20180601100346	974
1.0.20190228134645	181
1.0.20190906212748	326
2.0.20200220223835	159
