version	total
1.0.20160907111242	3266
1.0.20161124105442	3078
1.0.20170214185319	4485
1.0.20180209171722	3844
1.0.20180601100346	983
1.0.20190228134645	190
1.0.20190906212748	335
2.0.20200220223835	169
