version	total
1.0.20160907111242	3252
1.0.20161124105442	3064
1.0.20170214185319	4471
1.0.20180209171722	3830
1.0.20180601100346	976
1.0.20190228134645	183
1.0.20190906212748	328
2.0.20200220223835	161
