version	total
1.0.20160907111242	3272
1.0.20161124105442	3084
1.0.20170214185319	4491
1.0.20180209171722	3850
1.0.20180601100346	986
1.0.20190228134645	193
1.0.20190906212748	338
2.0.20200220223835	173
