version	total
1.0.20160310140736	4076
1.0.20160311201238	4173
1.0.20160318153100	4133
1.0.20160323212343	4053
1.0.20160325210917	4035
1.0.20160331184641	4134
1.0.20160408133555	4148
1.0.20160413143011	4076
1.0.20160422204730	4292
1.0.20160427142240	5231
1.0.20160714182449	8140
1.0.20160913171024	4113
1.0.20160930152149	4174
1.0.20161005195021	4273
1.0.20161007181528	4154
1.0.20161122201220	4184
1.0.20161123190203	4303
1.0.20161221171240	4180
1.0.20161227200419	4302
1.0.20170217172322	4989
1.0.20170413194156	4812
1.0.20170817131858	4804
1.0.20170822192924	4140
1.0.20170828135420	4376
1.0.20170928192020	4724
1.0.20180130110340	5494
1.0.20180225105849	5307
