version	total
1.0.20160310140736	4328
1.0.20160311201238	4431
1.0.20160318153100	4390
1.0.20160323212343	4307
1.0.20160325210917	4289
1.0.20160331184641	4390
1.0.20160408133555	4401
1.0.20160413143011	4320
1.0.20160422204730	4543
1.0.20160427142240	5489
1.0.20160714182449	8637
1.0.20160913171024	4366
1.0.20160930152149	4428
1.0.20161005195021	4528
1.0.20161007181528	4410
1.0.20161122201220	4443
1.0.20161123190203	4560
1.0.20161221171240	4436
1.0.20161227200419	4536
1.0.20170217172322	5254
1.0.20170413194156	5066
1.0.20170817131858	5070
1.0.20170822192924	4393
1.0.20170828135420	4632
1.0.20170928192020	4976
1.0.20180130110340	5790
1.0.20180225105849	5591
