version	total
1.0.20160310140736	3953
1.0.20160311201238	4052
1.0.20160318153100	4012
1.0.20160323212343	3932
1.0.20160325210917	3914
1.0.20160331184641	4013
1.0.20160408133555	4026
1.0.20160413143011	3955
1.0.20160422204730	4170
1.0.20160427142240	5107
1.0.20160714182449	7913
1.0.20160913171024	3990
1.0.20160930152149	4051
1.0.20161005195021	4152
1.0.20161007181528	4033
1.0.20161122201220	4063
1.0.20161123190203	4182
1.0.20161221171240	4059
1.0.20161227200419	4181
1.0.20170217172322	4866
1.0.20170413194156	4688
1.0.20170817131858	4681
1.0.20170822192924	4016
1.0.20170828135420	4254
1.0.20170928192020	4601
1.0.20180130110340	5346
1.0.20180225105849	5175
