version	total
1.0.20160907111242	3597
1.0.20161124105442	3390
1.0.20170214185319	4800
1.0.20180209171722	4224
1.0.20180601100346	1196
1.0.20190228134645	415
1.0.20190906212748	574
2.0.20200220223835	347
2.2.20210901154959	163
2.2.20211116163652	168
