version	total
1.0.20160907111242	5367
1.0.20161124105442	5034
1.0.20170214185319	6497
1.0.20180209171722	6269
1.0.20180601100346	2835
1.0.20190228134645	2061
1.0.20190906212748	2515
2.0.20200220223835	1970
2.2.20210901154959	1783
2.2.20211116163652	1784
2.2.20220521103021	1467
