version	total
1.0.20160907111242	3319
1.0.20161124105442	3128
1.0.20170214185319	4534
1.0.20180209171722	3902
1.0.20180601100346	1011
1.0.20190228134645	220
1.0.20190906212748	366
2.0.20200220223835	200
