version	total
1.0.20160907111242	5086
1.0.20161124105442	4760
1.0.20170214185319	6215
1.0.20180209171722	5965
1.0.20180601100346	2556
1.0.20190228134645	1781
1.0.20190906212748	2176
2.0.20200220223835	1691
2.2.20210901154959	1504
2.2.20211116163652	1507
2.2.20220521103021	1187
