version	total
1.0.20160310140736	2332
1.0.20160311201238	2419
1.0.20160318153100	2352
1.0.20160323212343	2343
1.0.20160325210917	2329
1.0.20160331184641	2387
1.0.20160408133555	2371
1.0.20160413143011	2382
1.0.20160422204730	2543
1.0.20160427142240	3357
1.0.20160714182449	4780
1.0.20160913171024	2364
1.0.20160930152149	2388
1.0.20161005195021	2503
1.0.20161007181528	2421
1.0.20161122201220	2381
1.0.20161123190203	2546
1.0.20161221171240	2390
1.0.20161227200419	2607
1.0.20170217172322	3131
1.0.20170413194156	3024
1.0.20170817131858	2902
1.0.20170822192924	2352
1.0.20170828135420	2582
1.0.20170928192020	2948
1.0.20180130110340	3542
1.0.20180225105849	3072
