version	total
1.0.20160907111242	3406
1.0.20161124105442	3208
1.0.20170214185319	4612
1.0.20180209171722	4004
1.0.20180601100346	1025
1.0.20190228134645	233
1.0.20190906212748	386
2.0.20200220223835	214
2.2.20210901154959	27
