version	total
1.0.20160907111242	3423
1.0.20161124105442	3223
1.0.20170214185319	4629
1.0.20180209171722	4025
1.0.20180601100346	1031
1.0.20190228134645	241
1.0.20190906212748	394
2.0.20200220223835	216
2.2.20210901154959	29
