version	total
1.0.20160907111242	3591
1.0.20161124105442	3386
1.0.20170214185319	4794
1.0.20180209171722	4217
1.0.20180601100346	1190
1.0.20190228134645	409
1.0.20190906212748	568
2.0.20200220223835	343
2.2.20210901154959	159
2.2.20211116163652	164
