version	total
1.0.20160310140736	4781
1.0.20160311201238	4885
1.0.20160318153100	4843
1.0.20160323212343	4760
1.0.20160325210917	4747
1.0.20160331184641	4845
1.0.20160408133555	4851
1.0.20160413143011	4592
1.0.20160422204730	4981
1.0.20160427142240	5911
1.0.20160714182449	9513
1.0.20160913171024	4810
1.0.20160930152149	4881
1.0.20161005195021	4977
1.0.20161007181528	4859
1.0.20161122201220	4898
1.0.20161123190203	5012
1.0.20161221171240	4891
1.0.20161227200419	4775
1.0.20170217172322	5738
1.0.20170413194156	5516
1.0.20170817131858	5551
1.0.20170822192924	4848
1.0.20170828135420	5088
1.0.20170928192020	5427
1.0.20180130110340	6358
1.0.20180225105849	6133
