version	total
1.0.20160907111242	3487
1.0.20161124105442	3284
1.0.20170214185319	4691
1.0.20180209171722	4101
1.0.20180601100346	1087
1.0.20190228134645	299
1.0.20190906212748	457
2.0.20200220223835	248
2.2.20210901154959	61
2.2.20211116163652	60
