version	total
1.0.20160310140736	2730
1.0.20160311201238	2822
1.0.20160318153100	2754
1.0.20160323212343	2706
1.0.20160325210917	2690
1.0.20160331184641	2786
1.0.20160408133555	2774
1.0.20160413143011	2747
1.0.20160422204730	2949
1.0.20160427142240	3780
1.0.20160714182449	5562
1.0.20160913171024	2767
1.0.20160930152149	2793
1.0.20161005195021	2908
1.0.20161007181528	2800
1.0.20161122201220	2789
1.0.20161123190203	2948
1.0.20161221171240	2798
1.0.20161227200419	2973
1.0.20170217172322	3521
1.0.20170413194156	3426
1.0.20170817131858	3326
1.0.20170822192924	2758
1.0.20170828135420	2991
1.0.20170928192020	3351
1.0.20180130110340	3936
1.0.20180225105849	3560
