version	total
1.0.20160310140736	3877
1.0.20160311201238	3974
1.0.20160318153100	3932
1.0.20160323212343	3852
1.0.20160325210917	3833
1.0.20160331184641	3935
1.0.20160408133555	3947
1.0.20160413143011	3883
1.0.20160422204730	4091
1.0.20160427142240	5026
1.0.20160714182449	7762
1.0.20160913171024	3912
1.0.20160930152149	3974
1.0.20161005195021	4068
1.0.20161007181528	3952
1.0.20161122201220	3982
1.0.20161123190203	4105
1.0.20161221171240	3981
1.0.20161227200419	4111
1.0.20170217172322	4777
1.0.20170413194156	4604
1.0.20170817131858	4593
1.0.20170822192924	3937
1.0.20170828135420	4176
1.0.20170928192020	4525
1.0.20180130110340	5249
1.0.20180225105849	5072
