version	total
1.0.20160310140736	3798
1.0.20160311201238	3891
1.0.20160318153100	3849
1.0.20160323212343	3771
1.0.20160325210917	3752
1.0.20160331184641	3854
1.0.20160408133555	3868
1.0.20160413143011	3806
1.0.20160422204730	4011
1.0.20160427142240	4940
1.0.20160714182449	7610
1.0.20160913171024	3832
1.0.20160930152149	3896
1.0.20161005195021	3985
1.0.20161007181528	3872
1.0.20161122201220	3897
1.0.20161123190203	4023
1.0.20161221171240	3898
1.0.20161227200419	4034
1.0.20170217172322	4689
1.0.20170413194156	4523
1.0.20170817131858	4504
1.0.20170822192924	3856
1.0.20170828135420	4096
1.0.20170928192020	4446
1.0.20180130110340	5155
1.0.20180225105849	4960
