version	total
1.0.20160310140736	3852
1.0.20160311201238	3945
1.0.20160318153100	3903
1.0.20160323212343	3825
1.0.20160325210917	3806
1.0.20160331184641	3908
1.0.20160408133555	3921
1.0.20160413143011	3859
1.0.20160422204730	4065
1.0.20160427142240	4997
1.0.20160714182449	7714
1.0.20160913171024	3886
1.0.20160930152149	3948
1.0.20161005195021	4039
1.0.20161007181528	3926
1.0.20161122201220	3951
1.0.20161123190203	4077
1.0.20161221171240	3952
1.0.20161227200419	4087
1.0.20170217172322	4747
1.0.20170413194156	4577
1.0.20170817131858	4562
1.0.20170822192924	3910
1.0.20170828135420	4150
1.0.20170928192020	4499
1.0.20180130110340	5215
1.0.20180225105849	5027
