version	total
1.0.20160907111242	4939
1.0.20161124105442	4613
1.0.20170214185319	6069
1.0.20180209171722	5808
1.0.20180601100346	2414
1.0.20190228134645	1637
1.0.20190906212748	2011
2.0.20200220223835	1548
2.2.20210901154959	1363
2.2.20211116163652	1365
2.2.20220521103021	1043
