version	total
1.0.20160310140736	4459
1.0.20160311201238	4564
1.0.20160318153100	4525
1.0.20160323212343	4442
1.0.20160325210917	4424
1.0.20160331184641	4524
1.0.20160408133555	4533
1.0.20160413143011	4423
1.0.20160422204730	4670
1.0.20160427142240	5617
1.0.20160714182449	8898
1.0.20160913171024	4494
1.0.20160930152149	4561
1.0.20161005195021	4660
1.0.20161007181528	4544
1.0.20161122201220	4578
1.0.20161123190203	4694
1.0.20161221171240	4571
1.0.20161227200419	4612
1.0.20170217172322	5390
1.0.20170413194156	5199
1.0.20170817131858	5206
1.0.20170822192924	4526
1.0.20170828135420	4765
1.0.20170928192020	5109
1.0.20180130110340	5951
1.0.20180225105849	5741
