version	total
1.0.20160310140736	4789
1.0.20160311201238	4893
1.0.20160318153100	4851
1.0.20160323212343	4768
1.0.20160325210917	4756
1.0.20160331184641	4853
1.0.20160408133555	4859
1.0.20160413143011	4595
1.0.20160422204730	4987
1.0.20160427142240	5916
1.0.20160714182449	9528
1.0.20160913171024	4817
1.0.20160930152149	4889
1.0.20161005195021	4985
1.0.20161007181528	4867
1.0.20161122201220	4906
1.0.20161123190203	5021
1.0.20161221171240	4899
1.0.20161227200419	4777
1.0.20170217172322	5747
1.0.20170413194156	5525
1.0.20170817131858	5559
1.0.20170822192924	4856
1.0.20170828135420	5096
1.0.20170928192020	5435
1.0.20180130110340	6367
1.0.20180225105849	6143
