version	total
1.0.20160907111242	6003
1.0.20161124105442	5562
1.0.20170214185319	7075
1.0.20180209171722	6997
1.0.20180601100346	3402
1.0.20190228134645	2618
1.0.20190906212748	3260
2.0.20200220223835	2528
2.2.20210901154959	2341
2.2.20211116163652	2342
2.2.20220521103021	2032
