version	total
1.0.20160310140736	4784
1.0.20160311201238	4887
1.0.20160318153100	4845
1.0.20160323212343	4762
1.0.20160325210917	4750
1.0.20160331184641	4847
1.0.20160408133555	4853
1.0.20160413143011	4593
1.0.20160422204730	4983
1.0.20160427142240	5913
1.0.20160714182449	9518
1.0.20160913171024	4812
1.0.20160930152149	4883
1.0.20161005195021	4979
1.0.20161007181528	4861
1.0.20161122201220	4900
1.0.20161123190203	5015
1.0.20161221171240	4893
1.0.20161227200419	4776
1.0.20170217172322	5741
1.0.20170413194156	5519
1.0.20170817131858	5553
1.0.20170822192924	4850
1.0.20170828135420	5090
1.0.20170928192020	5429
1.0.20180130110340	6360
1.0.20180225105849	6137
