version	total
1.0.20160907111242	3237
1.0.20161124105442	3050
1.0.20170214185319	4457
1.0.20180209171722	3815
1.0.20180601100346	969
1.0.20190228134645	175
1.0.20190906212748	320
2.0.20200220223835	153
