version	total
1.0.20160907111242	5347
1.0.20161124105442	5014
1.0.20170214185319	6477
1.0.20180209171722	6249
1.0.20180601100346	2814
1.0.20190228134645	2041
1.0.20190906212748	2485
2.0.20200220223835	1950
2.2.20210901154959	1763
2.2.20211116163652	1764
2.2.20220521103021	1445
