version	total
1.0.20160907111242	5950
1.0.20161124105442	5524
1.0.20170214185319	7030
1.0.20180209171722	6930
1.0.20180601100346	3358
1.0.20190228134645	2577
1.0.20190906212748	3194
2.0.20200220223835	2487
2.2.20210901154959	2300
2.2.20211116163652	2301
2.2.20220521103021	1991
