version	total
1.0.20160907111242	3599
1.0.20161124105442	3394
1.0.20170214185319	4802
1.0.20180209171722	4228
1.0.20180601100346	1198
1.0.20190228134645	417
1.0.20190906212748	577
2.0.20200220223835	351
2.2.20210901154959	168
2.2.20211116163652	172
