version	total
1.0.20160310140736	4696
1.0.20160311201238	4801
1.0.20160318153100	4759
1.0.20160323212343	4676
1.0.20160325210917	4660
1.0.20160331184641	4759
1.0.20160408133555	4767
1.0.20160413143011	4547
1.0.20160422204730	4900
1.0.20160427142240	5839
1.0.20160714182449	9356
1.0.20160913171024	4727
1.0.20160930152149	4795
1.0.20161005195021	4894
1.0.20161007181528	4777
1.0.20161122201220	4815
1.0.20161123190203	4927
1.0.20161221171240	4806
1.0.20161227200419	4729
1.0.20170217172322	5644
1.0.20170413194156	5431
1.0.20170817131858	5455
1.0.20170822192924	4761
1.0.20170828135420	4999
1.0.20170928192020	5343
1.0.20180130110340	6246
1.0.20180225105849	6016
