version	total
1.0.20160310140736	2815
1.0.20160311201238	2907
1.0.20160318153100	2839
1.0.20160323212343	2785
1.0.20160325210917	2770
1.0.20160331184641	2868
1.0.20160408133555	2862
1.0.20160413143011	2826
1.0.20160422204730	3031
1.0.20160427142240	3864
1.0.20160714182449	5730
1.0.20160913171024	2852
1.0.20160930152149	2883
1.0.20161005195021	2993
1.0.20161007181528	2880
1.0.20161122201220	2879
1.0.20161123190203	3030
1.0.20161221171240	2883
1.0.20161227200419	3053
1.0.20170217172322	3603
1.0.20170413194156	3510
1.0.20170817131858	3413
1.0.20170822192924	2846
1.0.20170828135420	3080
1.0.20170928192020	3438
1.0.20180130110340	4017
1.0.20180225105849	3665
