version	total
1.0.20160907111242	5711
1.0.20161124105442	5341
1.0.20170214185319	6814
1.0.20180209171722	6643
1.0.20180601100346	3146
1.0.20190228134645	2367
1.0.20190906212748	2905
2.0.20200220223835	2277
2.2.20210901154959	2089
2.2.20211116163652	2093
2.2.20220521103021	1777
