version	total
1.0.20160310140736	3700
1.0.20160311201238	3789
1.0.20160318153100	3748
1.0.20160323212343	3670
1.0.20160325210917	3651
1.0.20160331184641	3753
1.0.20160408133555	3768
1.0.20160413143011	3708
1.0.20160422204730	3913
1.0.20160427142240	4831
1.0.20160714182449	7425
1.0.20160913171024	3734
1.0.20160930152149	3796
1.0.20161005195021	3883
1.0.20161007181528	3771
1.0.20161122201220	3794
1.0.20161123190203	3921
1.0.20161221171240	3797
1.0.20161227200419	3936
1.0.20170217172322	4578
1.0.20170413194156	4424
1.0.20170817131858	4391
1.0.20170822192924	3757
1.0.20170828135420	3996
1.0.20170928192020	4347
1.0.20180130110340	5031
1.0.20180225105849	4830
