version	total
1.0.20160907111242	5822
1.0.20161124105442	5432
1.0.20170214185319	6912
1.0.20180209171722	6765
1.0.20180601100346	3242
1.0.20190228134645	2464
1.0.20190906212748	3033
2.0.20200220223835	2374
2.2.20210901154959	2186
2.2.20211116163652	2188
2.2.20220521103021	1878
