version	total
1.0.20160907111242	4580
1.0.20161124105442	4281
1.0.20170214185319	5725
1.0.20180209171722	5388
1.0.20180601100346	2085
1.0.20190228134645	1317
1.0.20190906212748	1612
2.0.20200220223835	1225
2.2.20210901154959	1040
2.2.20211116163652	1042
2.2.20220521103021	717
