version	total
1.0.20160907111242	5236
1.0.20161124105442	4907
1.0.20170214185319	6365
1.0.20180209171722	6132
1.0.20180601100346	2705
1.0.20190228134645	1929
1.0.20190906212748	2346
2.0.20200220223835	1838
2.2.20210901154959	1651
2.2.20211116163652	1654
2.2.20220521103021	1337
