version	total
1.0.20160310140736	2576
1.0.20160311201238	2665
1.0.20160318153100	2596
1.0.20160323212343	2585
1.0.20160325210917	2569
1.0.20160331184641	2632
1.0.20160408133555	2616
1.0.20160413143011	2627
1.0.20160422204730	2793
1.0.20160427142240	3619
1.0.20160714182449	5259
1.0.20160913171024	2613
1.0.20160930152149	2635
1.0.20161005195021	2751
1.0.20161007181528	2668
1.0.20161122201220	2631
1.0.20161123190203	2794
1.0.20161221171240	2638
1.0.20161227200419	2851
1.0.20170217172322	3391
1.0.20170413194156	3271
1.0.20170817131858	3163
1.0.20170822192924	2600
1.0.20170828135420	2830
1.0.20170928192020	3194
1.0.20180130110340	3804
1.0.20180225105849	3366
