version	total
1.0.20160907111242	4930
1.0.20161124105442	4603
1.0.20170214185319	6059
1.0.20180209171722	5799
1.0.20180601100346	2404
1.0.20190228134645	1629
1.0.20190906212748	2000
2.0.20200220223835	1540
2.2.20210901154959	1354
2.2.20211116163652	1355
2.2.20220521103021	1033
