version	total
1.0.20160907111242	4763
1.0.20161124105442	4447
1.0.20170214185319	5897
1.0.20180209171722	5601
1.0.20180601100346	2251
1.0.20190228134645	1476
1.0.20190906212748	1812
2.0.20200220223835	1385
2.2.20210901154959	1200
2.2.20211116163652	1203
2.2.20220521103021	881
