version	total
1.0.20160310140736	4465
1.0.20160311201238	4570
1.0.20160318153100	4531
1.0.20160323212343	4448
1.0.20160325210917	4429
1.0.20160331184641	4530
1.0.20160408133555	4539
1.0.20160413143011	4428
1.0.20160422204730	4676
1.0.20160427142240	5623
1.0.20160714182449	8910
1.0.20160913171024	4500
1.0.20160930152149	4567
1.0.20161005195021	4666
1.0.20161007181528	4550
1.0.20161122201220	4584
1.0.20161123190203	4700
1.0.20161221171240	4577
1.0.20161227200419	4616
1.0.20170217172322	5397
1.0.20170413194156	5205
1.0.20170817131858	5212
1.0.20170822192924	4532
1.0.20170828135420	4771
1.0.20170928192020	5115
1.0.20180130110340	5959
1.0.20180225105849	5747
