version	total
1.0.20160907111242	4777
1.0.20161124105442	4460
1.0.20170214185319	5914
1.0.20180209171722	5619
1.0.20180601100346	2267
1.0.20190228134645	1495
1.0.20190906212748	1829
2.0.20200220223835	1404
2.2.20210901154959	1218
2.2.20211116163652	1221
2.2.20220521103021	898
