version	total
1.0.20160310140736	4857
1.0.20160311201238	4960
1.0.20160318153100	4916
1.0.20160323212343	4835
1.0.20160325210917	4821
1.0.20160331184641	4918
1.0.20160408133555	4923
1.0.20160413143011	4625
1.0.20160422204730	5044
1.0.20160427142240	5960
1.0.20160714182449	9655
1.0.20160913171024	4883
1.0.20160930152149	4954
1.0.20161005195021	5049
1.0.20161007181528	4932
1.0.20161122201220	4969
1.0.20161123190203	5084
1.0.20161221171240	4964
1.0.20161227200419	4806
1.0.20170217172322	5818
1.0.20170413194156	5590
1.0.20170817131858	5626
1.0.20170822192924	4920
1.0.20170828135420	5159
1.0.20170928192020	5502
1.0.20180130110340	6455
1.0.20180225105849	6225
