version	total
1.0.20160310140736	3854
1.0.20160311201238	3947
1.0.20160318153100	3905
1.0.20160323212343	3827
1.0.20160325210917	3808
1.0.20160331184641	3910
1.0.20160408133555	3923
1.0.20160413143011	3861
1.0.20160422204730	4067
1.0.20160427142240	4999
1.0.20160714182449	7718
1.0.20160913171024	3888
1.0.20160930152149	3950
1.0.20161005195021	4041
1.0.20161007181528	3928
1.0.20161122201220	3953
1.0.20161123190203	4079
1.0.20161221171240	3954
1.0.20161227200419	4089
1.0.20170217172322	4749
1.0.20170413194156	4579
1.0.20170817131858	4564
1.0.20170822192924	3912
1.0.20170828135420	4151
1.0.20170928192020	4501
1.0.20180130110340	5217
1.0.20180225105849	5029
