version	total
1.0.20160310140736	2400
1.0.20160311201238	2489
1.0.20160318153100	2421
1.0.20160323212343	2411
1.0.20160325210917	2397
1.0.20160331184641	2457
1.0.20160408133555	2440
1.0.20160413143011	2452
1.0.20160422204730	2614
1.0.20160427142240	3428
1.0.20160714182449	4915
1.0.20160913171024	2433
1.0.20160930152149	2457
1.0.20161005195021	2573
1.0.20161007181528	2491
1.0.20161122201220	2452
1.0.20161123190203	2615
1.0.20161221171240	2460
1.0.20161227200419	2675
1.0.20170217172322	3201
1.0.20170413194156	3093
1.0.20170817131858	2972
1.0.20170822192924	2421
1.0.20170828135420	2651
1.0.20170928192020	3017
1.0.20180130110340	3617
1.0.20180225105849	3146
