version	total
1.0.20160310140736	5032
1.0.20160311201238	5140
1.0.20160318153100	5095
1.0.20160323212343	5012
1.0.20160325210917	5000
1.0.20160331184641	5098
1.0.20160408133555	5101
1.0.20160413143011	4704
1.0.20160422204730	5170
1.0.20160427142240	6079
1.0.20160714182449	9965
1.0.20160913171024	5039
1.0.20160930152149	5131
1.0.20161005195021	5226
1.0.20161007181528	5110
1.0.20161122201220	5147
1.0.20161123190203	5261
1.0.20161221171240	5139
1.0.20161227200419	4867
1.0.20170217172322	6026
1.0.20170413194156	5761
1.0.20170817131858	5834
1.0.20170822192924	5093
1.0.20170828135420	5337
1.0.20170928192020	5678
1.0.20180130110340	6700
1.0.20180225105849	6495
