version	total
1.0.20160907111242	4891
1.0.20161124105442	4565
1.0.20170214185319	6020
1.0.20180209171722	5755
1.0.20180601100346	2365
1.0.20190228134645	1591
1.0.20190906212748	1947
2.0.20200220223835	1502
2.2.20210901154959	1316
2.2.20211116163652	1317
2.2.20220521103021	994
