version	total
1.0.20160310140736	4157
1.0.20160311201238	4258
1.0.20160318153100	4217
1.0.20160323212343	4134
1.0.20160325210917	4116
1.0.20160331184641	4217
1.0.20160408133555	4229
1.0.20160413143011	4156
1.0.20160422204730	4374
1.0.20160427142240	5314
1.0.20160714182449	8301
1.0.20160913171024	4195
1.0.20160930152149	4256
1.0.20161005195021	4356
1.0.20161007181528	4236
1.0.20161122201220	4270
1.0.20161123190203	4387
1.0.20161221171240	4263
1.0.20161227200419	4382
1.0.20170217172322	5075
1.0.20170413194156	4894
1.0.20170817131858	4892
1.0.20170822192924	4221
1.0.20170828135420	4459
1.0.20170928192020	4804
1.0.20180130110340	5589
1.0.20180225105849	5400
