version	total
1.0.20160907111242	4924
1.0.20161124105442	4597
1.0.20170214185319	6053
1.0.20180209171722	5792
1.0.20180601100346	2399
1.0.20190228134645	1624
1.0.20190906212748	1990
2.0.20200220223835	1535
2.2.20210901154959	1349
2.2.20211116163652	1350
2.2.20220521103021	1028
