version	total
1.0.20160907111242	5387
1.0.20161124105442	5052
1.0.20170214185319	6518
1.0.20180209171722	6291
1.0.20180601100346	2856
1.0.20190228134645	2081
1.0.20190906212748	2542
2.0.20200220223835	1991
2.2.20210901154959	1803
2.2.20211116163652	1805
2.2.20220521103021	1488
