version	total
1.0.20160907111242	5271
1.0.20161124105442	4939
1.0.20170214185319	6404
1.0.20180209171722	6171
1.0.20180601100346	2742
1.0.20190228134645	1967
1.0.20190906212748	2394
2.0.20200220223835	1877
2.2.20210901154959	1690
2.2.20211116163652	1691
2.2.20220521103021	1374
