version	total
1.0.20160310140736	3931
1.0.20160311201238	4030
1.0.20160318153100	3988
1.0.20160323212343	3909
1.0.20160325210917	3891
1.0.20160331184641	3991
1.0.20160408133555	4002
1.0.20160413143011	3933
1.0.20160422204730	4146
1.0.20160427142240	5084
1.0.20160714182449	7869
1.0.20160913171024	3968
1.0.20160930152149	4029
1.0.20161005195021	4129
1.0.20161007181528	4011
1.0.20161122201220	4041
1.0.20161123190203	4160
1.0.20161221171240	4037
1.0.20161227200419	4160
1.0.20170217172322	4843
1.0.20170413194156	4664
1.0.20170817131858	4658
1.0.20170822192924	3993
1.0.20170828135420	4232
1.0.20170928192020	4579
1.0.20180130110340	5315
1.0.20180225105849	5149
