version	total
1.0.20160310140736	2336
1.0.20160311201238	2424
1.0.20160318153100	2357
1.0.20160323212343	2347
1.0.20160325210917	2333
1.0.20160331184641	2392
1.0.20160408133555	2376
1.0.20160413143011	2387
1.0.20160422204730	2549
1.0.20160427142240	3362
1.0.20160714182449	4788
1.0.20160913171024	2369
1.0.20160930152149	2393
1.0.20161005195021	2508
1.0.20161007181528	2426
1.0.20161122201220	2386
1.0.20161123190203	2551
1.0.20161221171240	2395
1.0.20161227200419	2611
1.0.20170217172322	3135
1.0.20170413194156	3029
1.0.20170817131858	2907
1.0.20170822192924	2357
1.0.20170828135420	2587
1.0.20170928192020	2953
1.0.20180130110340	3547
1.0.20180225105849	3077
