version	total
1.0.20160310140736	4033
1.0.20160311201238	4131
1.0.20160318153100	4091
1.0.20160323212343	4011
1.0.20160325210917	3993
1.0.20160331184641	4092
1.0.20160408133555	4106
1.0.20160413143011	4034
1.0.20160422204730	4249
1.0.20160427142240	5188
1.0.20160714182449	8063
1.0.20160913171024	4070
1.0.20160930152149	4131
1.0.20161005195021	4231
1.0.20161007181528	4112
1.0.20161122201220	4142
1.0.20161123190203	4261
1.0.20161221171240	4138
1.0.20161227200419	4260
1.0.20170217172322	4947
1.0.20170413194156	4769
1.0.20170817131858	4762
1.0.20170822192924	4097
1.0.20170828135420	4334
1.0.20170928192020	4681
1.0.20180130110340	5442
1.0.20180225105849	5263
