version	total
1.0.20160907111242	3376
1.0.20161124105442	3179
1.0.20170214185319	4584
1.0.20180209171722	3972
1.0.20180601100346	1023
1.0.20190228134645	233
1.0.20190906212748	380
2.0.20200220223835	212
2.2.20210901154959	22
