version	total
1.0.20160907111242	3669
1.0.20161124105442	3456
1.0.20170214185319	4877
1.0.20180209171722	4301
1.0.20180601100346	1261
1.0.20190228134645	491
1.0.20190906212748	660
2.0.20200220223835	414
2.2.20210901154959	229
2.2.20211116163652	233
