version	total
1.0.20160907111242	3581
1.0.20161124105442	3374
1.0.20170214185319	4784
1.0.20180209171722	4206
1.0.20180601100346	1180
1.0.20190228134645	397
1.0.20190906212748	557
2.0.20200220223835	333
2.2.20210901154959	147
2.2.20211116163652	152
