version	total
1.0.20160907111242	3311
1.0.20161124105442	3121
1.0.20170214185319	4528
1.0.20180209171722	3894
1.0.20180601100346	1008
1.0.20190228134645	217
1.0.20190906212748	363
2.0.20200220223835	197
