version	total
1.0.20160310140736	4032
1.0.20160311201238	4130
1.0.20160318153100	4090
1.0.20160323212343	4010
1.0.20160325210917	3992
1.0.20160331184641	4091
1.0.20160408133555	4105
1.0.20160413143011	4033
1.0.20160422204730	4248
1.0.20160427142240	5187
1.0.20160714182449	8061
1.0.20160913171024	4069
1.0.20160930152149	4130
1.0.20161005195021	4230
1.0.20161007181528	4111
1.0.20161122201220	4141
1.0.20161123190203	4260
1.0.20161221171240	4137
1.0.20161227200419	4259
1.0.20170217172322	4946
1.0.20170413194156	4768
1.0.20170817131858	4761
1.0.20170822192924	4096
1.0.20170828135420	4333
1.0.20170928192020	4680
1.0.20180130110340	5440
1.0.20180225105849	5262
