version	total
1.0.20160310140736	4708
1.0.20160311201238	4813
1.0.20160318153100	4771
1.0.20160323212343	4688
1.0.20160325210917	4673
1.0.20160331184641	4771
1.0.20160408133555	4779
1.0.20160413143011	4553
1.0.20160422204730	4913
1.0.20160427142240	5852
1.0.20160714182449	9382
1.0.20160913171024	4741
1.0.20160930152149	4809
1.0.20161005195021	4908
1.0.20161007181528	4791
1.0.20161122201220	4829
1.0.20161123190203	4941
1.0.20161221171240	4820
1.0.20161227200419	4736
1.0.20170217172322	5660
1.0.20170413194156	5445
1.0.20170817131858	5471
1.0.20170822192924	4775
1.0.20170828135420	5013
1.0.20170928192020	5357
1.0.20180130110340	6262
1.0.20180225105849	6035
