version	total
1.0.20160310140736	3945
1.0.20160311201238	4044
1.0.20160318153100	4004
1.0.20160323212343	3924
1.0.20160325210917	3906
1.0.20160331184641	4005
1.0.20160408133555	4017
1.0.20160413143011	3947
1.0.20160422204730	4161
1.0.20160427142240	5099
1.0.20160714182449	7897
1.0.20160913171024	3982
1.0.20160930152149	4043
1.0.20161005195021	4144
1.0.20161007181528	4025
1.0.20161122201220	4055
1.0.20161123190203	4174
1.0.20161221171240	4051
1.0.20161227200419	4173
1.0.20170217172322	4858
1.0.20170413194156	4680
1.0.20170817131858	4673
1.0.20170822192924	4008
1.0.20170828135420	4245
1.0.20170928192020	4593
1.0.20180130110340	5336
1.0.20180225105849	5167
