version	total
1.0.20160310140736	2366
1.0.20160311201238	2455
1.0.20160318153100	2387
1.0.20160323212343	2377
1.0.20160325210917	2363
1.0.20160331184641	2423
1.0.20160408133555	2406
1.0.20160413143011	2418
1.0.20160422204730	2580
1.0.20160427142240	3394
1.0.20160714182449	4847
1.0.20160913171024	2399
1.0.20160930152149	2423
1.0.20161005195021	2539
1.0.20161007181528	2457
1.0.20161122201220	2418
1.0.20161123190203	2581
1.0.20161221171240	2426
1.0.20161227200419	2641
1.0.20170217172322	3167
1.0.20170413194156	3059
1.0.20170817131858	2938
1.0.20170822192924	2387
1.0.20170828135420	2617
1.0.20170928192020	2983
1.0.20180130110340	3581
1.0.20180225105849	3110
