version	total
1.0p1	5947
1.0p2	4863
1.0	4801
1.0.20200322	4060
1.0.20230620	479
