version	total
1.0p1	6637
1.0p2	5503
1.0	4975
1.0.20200322	4855
1.0.20230620	846
