version	total
1.0p1	5781
1.0p2	4698
1.0	4727
1.0.20200322	3887
1.0.20230620	369
