version	total
1.0p1	6611
1.0p2	5479
1.0	4973
1.0.20200322	4826
1.0.20230620	834
