version	total
1.0p1	6424
1.0p2	5318
1.0	4951
1.0.20200322	4600
1.0.20230620	719
