version	total
1.0p1	6434
1.0p2	5326
1.0	4954
1.0.20200322	4611
1.0.20230620	752
