version	total
1.0p1	5810
1.0p2	4727
1.0	4742
1.0.20200322	3916
1.0.20230620	394
