version	total
1.0p1	6149
1.0p2	5054
1.0	4881
1.0.20200322	4278
1.0.20230620	585
