version	total
1.0p1	6387
1.0p2	5282
1.0	4943
1.0.20200322	4560
1.0.20230620	705
