version	total
1.0p1	6417
1.0p2	5311
1.0	4950
1.0.20200322	4593
1.0.20230620	717
