version	total
1.0p1	5514
1.0p2	4437
1.0	4563
1.0.20200322	3597
1.0.20230620	111
