version	total
1.0p1	6345
1.0p2	5239
1.0	4934
1.0.20200322	4511
1.0.20230620	680
