version	total
1.0p1	6421
1.0p2	5315
1.0	4950
1.0.20200322	4597
1.0.20230620	717
