version	total
1.0p1	5473
1.0p2	4397
1.0	4524
1.0.20200322	3543
1.0.20230620	67
