version	total
1.0p1	5929
1.0p2	4845
1.0	4792
1.0.20200322	4040
1.0.20230620	464
