version	total
1.0p1	6055
1.0p2	4969
1.0	4848
1.0.20200322	4171
1.0.20230620	537
