version	total
1.0p1	6273
1.0p2	5174
1.0	4914
1.0.20200322	4423
1.0.20230620	648
