version	total
1.0p1	6155
1.0p2	5060
1.0	4882
1.0.20200322	4282
1.0.20230620	588
