version	total
1.0p1	6069
1.0p2	4983
1.0	4854
1.0.20200322	4186
1.0.20230620	547
