version	total
1.0p1	5574
1.0p2	4498
1.0	4611
1.0.20200322	3658
1.0.20230620	194
