version	total
1.0p1	5790
1.0p2	4707
1.0	4731
1.0.20200322	3896
1.0.20230620	377
