version	total
1.0p1	6098
1.0p2	5005
1.0	4862
1.0.20200322	4219
1.0.20230620	560
