version	total
1.0p1	6506
1.0p2	5392
1.0	4960
1.0.20200322	4701
1.0.20230620	789
