version	total
1.0p1	5838
1.0p2	4754
1.0	4755
1.0.20200322	3947
1.0.20230620	413
