version	total
1.0p1	5642
1.0p2	4565
1.0	4664
1.0.20200322	3732
1.0.20230620	259
