version	total
1.0p1	6006
1.0p2	4921
1.0	4827
1.0.20200322	4119
1.0.20230620	512
