version	total
1.0p1	5464
1.0p2	4388
1.0	4517
1.0.20200322	3533
1.0.20230620	58
