version	total
1.0p1	6684
1.0p2	5540
1.0	4981
1.0.20200322	4913
1.0.20230620	861
