version	total
1.0p1	5491
1.0p2	4415
1.0	4541
1.0.20200322	3563
1.0.20230620	85
