version	total
1.0p1	5605
1.0p2	4529
1.0	4640
1.0.20200322	3692
1.0.20230620	228
