version	total
1.0p1	6528
1.0p2	5409
1.0	4963
1.0.20200322	4730
1.0.20230620	796
