version	total
1.0p1	5701
1.0p2	4623
1.0	4691
1.0.20200322	3794
1.0.20230620	302
