version	total
1.0p1	5913
1.0p2	4829
1.0	4784
1.0.20200322	4024
1.0.20230620	453
