version	total
1.0p1	5728
1.0p2	4648
1.0	4703
1.0.20200322	3829
1.0.20230620	324
