version	total
1.0p1	5907
1.0p2	4823
1.0	4782
1.0.20200322	4018
1.0.20230620	450
