version	total
1.0p1	6590
1.0p2	5459
1.0	4970
1.0.20200322	4803
1.0.20230620	826
