version	total
1.0p1	6602
1.0p2	5471
1.0	4972
1.0.20200322	4815
1.0.20230620	832
