version	total
1.0p1	6442
1.0p2	5333
1.0	4955
1.0.20200322	4620
1.0.20230620	757
