version	total
1.0p1	6153
1.0p2	5058
1.0	4881
1.0.20200322	4280
1.0.20230620	587
