version	total
1.0p1	5502
1.0p2	4426
1.0	4552
1.0.20200322	3575
1.0.20230620	98
