version	total
1.0p1	5597
1.0p2	4521
1.0	4635
1.0.20200322	3682
1.0.20230620	221
