version	total
1.0p1	5834
1.0p2	4750
1.0	4752
1.0.20200322	3941
1.0.20230620	410
