version	total
1.0p1	5941
1.0p2	4857
1.0	4799
1.0.20200322	4054
1.0.20230620	477
