version	total
1.0p1	5865
1.0p2	4781
1.0	4766
1.0.20200322	3973
1.0.20230620	429
