version	total
1.0p1	6018
1.0p2	4933
1.0	4833
1.0.20200322	4131
1.0.20230620	520
