version	total
1.0p1	6539
1.0p2	5417
1.0	4963
1.0.20200322	4738
1.0.20230620	798
