version	total
1.0p1	5894
1.0p2	4809
1.0	4776
1.0.20200322	4001
1.0.20230620	442
