version	total
1.0p1	6490
1.0p2	5378
1.0	4958
1.0.20200322	4685
1.0.20230620	784
