version	total
1.0p1	6226
1.0p2	5131
1.0	4900
1.0.20200322	4365
1.0.20230620	620
