version	total
1.0p1	6084
1.0p2	4993
1.0	4858
1.0.20200322	4202
1.0.20230620	554
