version	total
1.0p1	6355
1.0p2	5248
1.0	4936
1.0.20200322	4521
1.0.20230620	685
