version	total
1.0p1	6000
1.0p2	4915
1.0	4825
1.0.20200322	4113
1.0.20230620	508
