version	total
1.0p1	5851
1.0p2	4767
1.0	4759
1.0.20200322	3959
1.0.20230620	418
