version	total
1.0p1	5540
1.0p2	4464
1.0	4580
1.0.20200322	3622
1.0.20230620	141
