version	total
1.0p1	5880
1.0p2	4795
1.0	4771
1.0.20200322	3988
1.0.20230620	435
