version	total
1.0p1	5911
1.0p2	4827
1.0	4783
1.0.20200322	4022
1.0.20230620	452
