version	total
1.0p1	5559
1.0p2	4484
1.0	4598
1.0.20200322	3641
1.0.20230620	180
