version	total
1.0p1	5900
1.0p2	4815
1.0	4778
1.0.20200322	4007
1.0.20230620	445
