version	total
1.0p1	6484
1.0p2	5372
1.0	4958
1.0.20200322	4679
1.0.20230620	783
