version	total
1.0p1	6330
1.0p2	5225
1.0	4931
1.0.20200322	4490
1.0.20230620	677
