version	total
1.0p1	6293
1.0p2	5194
1.0	4920
1.0.20200322	4448
1.0.20230620	656
