version	total
1.0p1	6377
1.0p2	5271
1.0	4941
1.0.20200322	4550
1.0.20230620	701
