version	total
1.0p1	6530
1.0p2	5411
1.0	4963
1.0.20200322	4732
1.0.20230620	796
