version	total
1.0p1	5557
1.0p2	4482
1.0	4596
1.0.20200322	3639
1.0.20230620	178
