version	total
1.0p1	6643
1.0p2	5509
1.0	4975
1.0.20200322	4862
1.0.20230620	846
