version	total
1.0p1	5844
1.0p2	4760
1.0	4756
1.0.20200322	3951
1.0.20230620	415
