version	total
1.0p1	5969
1.0p2	4885
1.0	4810
1.0.20200322	4080
1.0.20230620	491
