version	total
1.0p1	6385
1.0p2	5280
1.0	4943
1.0.20200322	4558
1.0.20230620	705
