version	total
1.0p1	6516
1.0p2	5401
1.0	4961
1.0.20200322	4713
1.0.20230620	791
