version	total
1.0p1	6241
1.0p2	5145
1.0	4904
1.0.20200322	4382
1.0.20230620	628
