version	total
1.0p1	5640
1.0p2	4563
1.0	4663
1.0.20200322	3730
1.0.20230620	258
