version	total
1.0p1	5892
1.0p2	4807
1.0	4775
1.0.20200322	3999
1.0.20230620	441
