version	total
1.0p1	5708
1.0p2	4630
1.0	4695
1.0.20200322	3806
1.0.20230620	309
