version	total
1.0p1	5453
1.0p2	4375
1.0	4507
1.0.20200322	3512
1.0.20230620	42
