version	total
1.0p1	5516
1.0p2	4439
1.0	4565
1.0.20200322	3599
1.0.20230620	113
