version	total
1.0p1	5599
1.0p2	4523
1.0	4637
1.0.20200322	3684
1.0.20230620	223
