version	total
1.0p1	5820
1.0p2	4737
1.0	4747
1.0.20200322	3926
1.0.20230620	402
