version	total
1.0p1	5566
1.0p2	4490
1.0	4603
1.0.20200322	3650
1.0.20230620	185
