version	total
1.0p1	5670
1.0p2	4593
1.0	4678
1.0.20200322	3760
1.0.20230620	279
