version	total
1.0p1	5882
1.0p2	4797
1.0	4771
1.0.20200322	3989
1.0.20230620	436
