version	total
1.0p1	6669
1.0p2	5527
1.0	4980
1.0.20200322	4893
1.0.20230620	857
