version	total
1.0p1	5457
1.0p2	4379
1.0	4511
1.0.20200322	3516
1.0.20230620	48
