version	total
1.0p1	6111
1.0p2	5017
1.0	4867
1.0.20200322	4237
1.0.20230620	565
