version	total
1.0p1	5650
1.0p2	4573
1.0	4668
1.0.20200322	3740
1.0.20230620	264
