version	total
1.0p1	5477
1.0p2	4401
1.0	4528
1.0.20200322	3547
1.0.20230620	71
