version	total
1.0p1	5658
1.0p2	4581
1.0	4672
1.0.20200322	3748
1.0.20230620	271
