version	total
1.0p1	6457
1.0p2	5349
1.0	4955
1.0.20200322	4637
1.0.20230620	766
