version	total
1.0p1	6231
1.0p2	5135
1.0	4902
1.0.20200322	4372
1.0.20230620	622
