version	total
1.0p1	6313
1.0p2	5211
1.0	4925
1.0.20200322	4476
1.0.20230620	669
