version	total
1.0p1	6556
1.0p2	5433
1.0	4964
1.0.20200322	4757
1.0.20230620	802
