version	total
1.0p1	5915
1.0p2	4831
1.0	4785
1.0.20200322	4026
1.0.20230620	455
