version	total
1.0p1	6409
1.0p2	5303
1.0	4947
1.0.20200322	4585
1.0.20230620	713
