version	total
1.0p1	5967
1.0p2	4883
1.0	4810
1.0.20200322	4078
1.0.20230620	489
