version	total
1.0p1	6475
1.0p2	5364
1.0	4957
1.0.20200322	4668
1.0.20230620	778
