version	total
1.0p1	6407
1.0p2	5300
1.0	4947
1.0.20200322	4581
1.0.20230620	713
