version	total
1.0p1	5740
1.0p2	4660
1.0	4709
1.0.20200322	3840
1.0.20230620	332
