version	total
1.0p1	5977
1.0p2	4893
1.0	4814
1.0.20200322	4088
1.0.20230620	495
