version	total
1.0p1	6127
1.0p2	5033
1.0	4874
1.0.20200322	4253
1.0.20230620	575
