version	total
1.0p1	6224
1.0p2	5129
1.0	4899
1.0.20200322	4363
1.0.20230620	617
