version	total
1.0p1	5783
1.0p2	4700
1.0	4728
1.0.20200322	3889
1.0.20230620	372
