version	total
1.0p1	6239
1.0p2	5143
1.0	4904
1.0.20200322	4380
1.0.20230620	628
