version	total
1.0p1	5998
1.0p2	4913
1.0	4824
1.0.20200322	4111
1.0.20230620	507
