version	total
1.0p1	6389
1.0p2	5284
1.0	4943
1.0.20200322	4562
1.0.20230620	705
