version	total
1.0p1	6624
1.0p2	5491
1.0	4974
1.0.20200322	4841
1.0.20230620	837
