version	total
1.0p1	6413
1.0p2	5307
1.0	4948
1.0.20200322	4589
1.0.20230620	714
