version	total
1.0p1	5888
1.0p2	4803
1.0	4774
1.0.20200322	3997
1.0.20230620	440
