version	total
1.0p1	6676
1.0p2	5533
1.0	4980
1.0.20200322	4903
1.0.20230620	859
