version	total
1.0p1	6247
1.0p2	5151
1.0	4907
1.0.20200322	4388
1.0.20230620	635
