version	total
1.0p1	5818
1.0p2	4735
1.0	4746
1.0.20200322	3924
1.0.20230620	400
