version	total
1.0p1	6361
1.0p2	5254
1.0	4938
1.0.20200322	4528
1.0.20230620	689
