version	total
1.0p1	6175
1.0p2	5078
1.0	4888
1.0.20200322	4302
1.0.20230620	596
