version	total
1.0p1	6357
1.0p2	5250
1.0	4936
1.0.20200322	4523
1.0.20230620	686
