version	total
1.0p1	5646
1.0p2	4569
1.0	4666
1.0.20200322	3736
1.0.20230620	262
