version	total
1.0p1	6663
1.0p2	5521
1.0	4979
1.0.20200322	4886
1.0.20230620	854
