version	total
1.0p1	6452
1.0p2	5345
1.0	4955
1.0.20200322	4631
1.0.20230620	764
