version	total
1.0p1	6622
1.0p2	5489
1.0	4974
1.0.20200322	4839
1.0.20230620	836
