version	total
1.0p1	6561
1.0p2	5437
1.0	4965
1.0.20200322	4766
1.0.20230620	804
