version	total
1.0p1	5973
1.0p2	4889
1.0	4812
1.0.20200322	4084
1.0.20230620	493
