version	total
1.0p1	5515
1.0p2	4438
1.0	4564
1.0.20200322	3598
1.0.20230620	112
