version	total
1.0p1	5497
1.0p2	4421
1.0	4547
1.0.20200322	3569
1.0.20230620	91
