version	total
1.0p1	5662
1.0p2	4585
1.0	4674
1.0.20200322	3752
1.0.20230620	274
