version	total
1.0p1	5660
1.0p2	4583
1.0	4673
1.0.20200322	3750
1.0.20230620	272
