version	total
1.0p1	6641
1.0p2	5507
1.0	4975
1.0.20200322	4859
1.0.20230620	846
