version	total
1.0p1	5461
1.0p2	4383
1.0	4515
1.0.20200322	3520
1.0.20230620	53
