version	total
1.0p1	6074
1.0p2	4986
1.0	4855
1.0.20200322	4188
1.0.20230620	549
