version	total
1.0p1	6395
1.0p2	5290
1.0	4946
1.0.20200322	4568
1.0.20230620	710
