version	total
1.0p1	5593
1.0p2	4517
1.0	4631
1.0.20200322	3678
1.0.20230620	217
