version	total
1.0p1	5511
1.0p2	4434
1.0	4559
1.0.20200322	3593
1.0.20230620	107
