version	total
1.0p1	5890
1.0p2	4805
1.0	4774
1.0.20200322	3997
1.0.20230620	440
