version	total
1.0p1	6121
1.0p2	5027
1.0	4871
1.0.20200322	4247
1.0.20230620	569
