version	total
1.0p1	6142
1.0p2	5047
1.0	4879
1.0.20200322	4270
1.0.20230620	580
