version	total
1.0p1	6564
1.0p2	5439
1.0	4966
1.0.20200322	4771
1.0.20230620	813
