version	total
1.0p1	5721
1.0p2	4642
1.0	4700
1.0.20200322	3819
1.0.20230620	320
