version	total
1.0p1	5975
1.0p2	4891
1.0	4814
1.0.20200322	4088
1.0.20230620	495
