version	total
1.0p1	6123
1.0p2	5029
1.0	4872
1.0.20200322	4249
1.0.20230620	572
