version	total
1.0p1	5812
1.0p2	4729
1.0	4743
1.0.20200322	3918
1.0.20230620	395
