version	total
1.0p1	5773
1.0p2	4690
1.0	4723
1.0.20200322	3879
1.0.20230620	357
