version	total
1.0p1	6446
1.0p2	5339
1.0	4955
1.0.20200322	4623
1.0.20230620	760
