version	total
1.0p1	5580
1.0p2	4504
1.0	4617
1.0.20200322	3664
1.0.20230620	201
