version	total
1.0p1	5951
1.0p2	4867
1.0	4803
1.0.20200322	4064
1.0.20230620	481
