version	total
1.0p1	5816
1.0p2	4733
1.0	4745
1.0.20200322	3922
1.0.20230620	398
