version	total
1.0p1	6670
1.0p2	5527
1.0	4980
1.0.20200322	4899
1.0.20230620	858
