version	total
1.0p1	5632
1.0p2	4555
1.0	4659
1.0.20200322	3722
1.0.20230620	252
