version	total
1.0p1	5802
1.0p2	4719
1.0	4738
1.0.20200322	3908
1.0.20230620	386
