version	total
1.0p1	5595
1.0p2	4519
1.0	4633
1.0.20200322	3680
1.0.20230620	219
