version	total
1.0p1	6211
1.0p2	5112
1.0	4897
1.0.20200322	4347
1.0.20230620	612
