version	total
1.0p1	6308
1.0p2	5207
1.0	4923
1.0.20200322	4468
1.0.20230620	665
