version	total
1.0p1	5690
1.0p2	4613
1.0	4688
1.0.20200322	3781
1.0.20230620	294
