version	total
1.0p1	6102
1.0p2	5009
1.0	4862
1.0.20200322	4223
1.0.20230620	560
