version	total
1.0p1	5688
1.0p2	4611
1.0	4687
1.0.20200322	3779
1.0.20230620	291
