version	total
1.0p1	6096
1.0p2	5003
1.0	4862
1.0.20200322	4217
1.0.20230620	560
