version	total
1.0p1	5798
1.0p2	4715
1.0	4736
1.0.20200322	3904
1.0.20230620	384
