version	total
1.0p1	5775
1.0p2	4692
1.0	4724
1.0.20200322	3881
1.0.20230620	359
