version	total
1.0p1	5570
1.0p2	4494
1.0	4607
1.0.20200322	3654
1.0.20230620	189
