version	total
1.0p1	6323
1.0p2	5219
1.0	4928
1.0.20200322	4484
1.0.20230620	672
