version	total
1.0p1	6572
1.0p2	5447
1.0	4966
1.0.20200322	4778
1.0.20230620	815
