version	total
1.0p1	6010
1.0p2	4925
1.0	4829
1.0.20200322	4123
1.0.20230620	514
