version	total
1.0p1	6113
1.0p2	5019
1.0	4868
1.0.20200322	4239
1.0.20230620	566
