version	total
1.0p1	6494
1.0p2	5382
1.0	4958
1.0.20200322	4688
1.0.20230620	784
