version	total
1.0p1	6267
1.0p2	5168
1.0	4912
1.0.20200322	4415
1.0.20230620	644
