version	total
1.0p1	5981
1.0p2	4897
1.0	4816
1.0.20200322	4092
1.0.20230620	497
