version	total
1.0p1	5656
1.0p2	4579
1.0	4671
1.0.20200322	3746
1.0.20230620	270
