version	total
1.0p1	6686
1.0p2	5542
1.0	4981
1.0.20200322	4915
1.0.20230620	861
