version	total
1.0p1	5849
1.0p2	4765
1.0	4758
1.0.20200322	3957
1.0.20230620	417
