version	total
1.0p1	6391
1.0p2	5286
1.0	4944
1.0.20200322	4564
1.0.20230620	706
