version	total
1.2.0.20230926	306
1.2.1.20240119	46
