version	total
1.2.0.20230926	974
1.2.1.20240119	863
1.3.0.20241113	150
