version	total
1.2.0.20230926	858
1.2.1.20240119	714
