version	total
1.2.0.20230926	970
1.2.1.20240119	859
1.3.0.20241113	143
