version	total
1.2.0.20230926	699
1.2.1.20240119	510
