version	total
1.2.0.20230926	609
1.2.1.20240119	438
