version	total
1.2.0.20230926	487
1.2.1.20240119	255
