version	total
1.2.0.20230926	1073
1.2.1.20240119	1067
1.3.0.20241113	356
