version	total
1.2.0.20230926	923
1.2.1.20240119	801
1.3.0.20241113	50
