version	total
1.2.0.20230926	335
1.2.1.20240119	79
