version	total
1.2.0.20230926	371
1.2.1.20240119	118
