version	total
1.2.0.20230926	930
1.2.1.20240119	809
1.3.0.20241113	55
