version	total
1.2.0.20230926	807
1.2.1.20240119	646
