version	total
1.2.0.20230926	1015
1.2.1.20240119	948
1.3.0.20241113	221
