version	total
1.2.0.20230926	721
1.2.1.20240119	534
