version	total
1.2.0.20230926	714
1.2.1.20240119	524
