version	total
1.2.0.20230926	569
1.2.1.20240119	383
