version	total
1.2.0.20230926	941
1.2.1.20240119	824
1.3.0.20241113	63
