version	total
1.2.0.20230926	1028
1.2.1.20240119	973
1.3.0.20241113	255
