version	total
1.2.0.20230926	861
1.2.1.20240119	718
