version	total
1.2.0.20230926	798
1.2.1.20240119	636
