version	total
1.2.0.20230926	947
1.2.1.20240119	830
1.3.0.20241113	67
