version	total
1.2.0.20230926	730
1.2.1.20240119	548
