version	total
1.2.0.20230926	979
1.2.1.20240119	874
1.3.0.20241113	162
