version	total
1.2.0.20230926	496
1.2.1.20240119	264
