version	total
1.2.0.20230926	363
1.2.1.20240119	110
