version	total
1.2.0.20230926	967
1.2.1.20240119	855
1.3.0.20241113	132
