version	total
1.2.0.20230926	891
1.2.1.20240119	762
