version	total
1.2.0.20230926	917
1.2.1.20240119	795
1.3.0.20241113	47
