version	total
1.2.0.20230926	972
1.2.1.20240119	861
1.3.0.20241113	145
