version	total
1.2.0.20230926	492
1.2.1.20240119	259
