version	total
1.2.0.20230926	1064
1.2.1.20240119	1052
1.3.0.20241113	344
