version	total
1.2.0.20230926	908
1.2.1.20240119	783
1.3.0.20241113	35
