version	total
2.23394	2708
3.be8f6	3445
4.0b8cc	2553
4.bff50	2583
5.9375b	2660
6.f5a1c	3481
7.4e23d	3165
8.fac81	2415
9.d36de	2990
10.6d92c	2682
11.e1a1c	2746
12.113e3	4762
13.45111	8495
