version	total
2.23394	3956
3.be8f6	4786
4.0b8cc	3806
4.bff50	3803
5.9375b	3911
6.f5a1c	4750
7.4e23d	4614
8.fac81	3676
9.d36de	4259
10.6d92c	4134
11.e1a1c	3988
12.113e3	8120
13.45111	71921
14.7e284	43117
