version	total
2.23394	3645
3.be8f6	4470
4.0b8cc	3496
4.bff50	3503
5.9375b	3600
6.f5a1c	4443
7.4e23d	4273
8.fac81	3366
9.d36de	3947
10.6d92c	3779
11.e1a1c	3680
12.113e3	7653
13.45111	64115
14.7e284	21820
