version	total
2.23394	2452
3.be8f6	3191
4.0b8cc	2293
4.bff50	2324
5.9375b	2390
6.f5a1c	3210
7.4e23d	2855
8.fac81	2144
9.d36de	2739
10.6d92c	2385
11.e1a1c	2476
12.113e3	4296
13.45111	5360
