version	total
2.23394	4106
3.be8f6	4943
4.0b8cc	3956
4.bff50	3954
5.9375b	4060
6.f5a1c	4898
7.4e23d	4783
8.fac81	3827
9.d36de	4413
10.6d92c	4304
11.e1a1c	4137
12.113e3	8310
13.45111	75698
14.7e284	52816
15.6f452	2834
