version	total
2.23394	4827
3.be8f6	5544
4.0b8cc	4679
4.bff50	4668
5.9375b	4783
6.f5a1c	5618
7.4e23d	5573
8.fac81	4554
9.d36de	5147
10.6d92c	5199
11.e1a1c	4866
12.113e3	9322
13.45111	90434
14.7e284	71680
15.6f452	49536
16.747c6	2068
