version	total
2.23394	4221
3.be8f6	5060
4.0b8cc	4071
4.bff50	4067
5.9375b	4174
6.f5a1c	5013
7.4e23d	4910
8.fac81	3942
9.d36de	4531
10.6d92c	4427
11.e1a1c	4253
12.113e3	8485
13.45111	77475
14.7e284	55036
15.6f452	6238
