version	total
2.23394	3675
3.be8f6	4502
4.0b8cc	3526
4.bff50	3533
5.9375b	3630
6.f5a1c	4472
7.4e23d	4305
8.fac81	3396
9.d36de	3979
10.6d92c	3813
11.e1a1c	3710
12.113e3	7705
13.45111	64882
14.7e284	23843
