version	total
2.23394	2541
3.be8f6	3296
4.0b8cc	2381
4.bff50	2410
5.9375b	2482
6.f5a1c	3302
7.4e23d	2958
8.fac81	2235
9.d36de	2840
10.6d92c	2486
11.e1a1c	2574
12.113e3	4477
13.45111	6637
