version	total
2.23394	4976
3.be8f6	5653
4.0b8cc	4829
4.bff50	4807
5.9375b	4932
6.f5a1c	5768
7.4e23d	5734
8.fac81	4702
9.d36de	5295
10.6d92c	5387
11.e1a1c	5016
12.113e3	9579
13.45111	93494
14.7e284	75792
15.6f452	56720
16.747c6	6847
17.b804f	4735
