version	total
2.23394	4541
3.be8f6	5360
4.0b8cc	4392
4.bff50	4384
5.9375b	4493
6.f5a1c	5331
7.4e23d	5253
8.fac81	4263
9.d36de	4852
10.6d92c	4825
11.e1a1c	4573
12.113e3	8919
13.45111	84139
14.7e284	63623
15.6f452	28954
