version	total
2.23394	4012
3.be8f6	4847
4.0b8cc	3862
4.bff50	3859
5.9375b	3967
6.f5a1c	4805
7.4e23d	4675
8.fac81	3732
9.d36de	4317
10.6d92c	4204
11.e1a1c	4044
12.113e3	8192
13.45111	74389
14.7e284	49246
15.6f452	640
