version	total
2.23394	4006
3.be8f6	4841
4.0b8cc	3856
4.bff50	3853
5.9375b	3961
6.f5a1c	4799
7.4e23d	4669
8.fac81	3726
9.d36de	4310
10.6d92c	4197
11.e1a1c	4038
12.113e3	8186
13.45111	74259
14.7e284	48977
15.6f452	336
