version	total
2.23394	4199
3.be8f6	5036
4.0b8cc	4049
4.bff50	4045
5.9375b	4152
6.f5a1c	4991
7.4e23d	4886
8.fac81	3920
9.d36de	4510
10.6d92c	4403
11.e1a1c	4230
12.113e3	8456
13.45111	77057
14.7e284	54648
15.6f452	5494
