version	total
2.23394	4358
3.be8f6	5191
4.0b8cc	4210
4.bff50	4203
5.9375b	4312
6.f5a1c	5150
7.4e23d	5059
8.fac81	4081
9.d36de	4671
10.6d92c	4595
11.e1a1c	4390
12.113e3	8679
13.45111	80398
14.7e284	58612
15.6f452	15217
