version	total
2.23394	3447
3.be8f6	4252
4.0b8cc	3298
4.bff50	3309
5.9375b	3406
6.f5a1c	4241
7.4e23d	4019
8.fac81	3166
9.d36de	3746
10.6d92c	3540
11.e1a1c	3482
12.113e3	7312
13.45111	55758
14.7e284	8232
