version	total
2.23394	3965
3.be8f6	4795
4.0b8cc	3815
4.bff50	3812
5.9375b	3920
6.f5a1c	4758
7.4e23d	4625
8.fac81	3685
9.d36de	4269
10.6d92c	4145
11.e1a1c	3997
12.113e3	8131
13.45111	72213
14.7e284	44248
