version	total
2.23394	2990
3.be8f6	3749
4.0b8cc	2846
4.bff50	2859
5.9375b	2957
6.f5a1c	3783
7.4e23d	3497
8.fac81	2712
9.d36de	3279
10.6d92c	2996
11.e1a1c	3024
12.113e3	5981
13.45111	17054
