version	total
2.23394	2675
3.be8f6	3410
4.0b8cc	2518
4.bff50	2549
5.9375b	2624
6.f5a1c	3444
7.4e23d	3126
8.fac81	2379
9.d36de	2955
10.6d92c	2638
11.e1a1c	2710
12.113e3	4713
13.45111	8261
