version	total
2.23394	3212
3.be8f6	3994
4.0b8cc	3066
4.bff50	3080
5.9375b	3176
6.f5a1c	4006
7.4e23d	3762
8.fac81	2932
9.d36de	3506
10.6d92c	3282
11.e1a1c	3248
12.113e3	6914
13.45111	31225
14.7e284	1044
