version	total
2.23394	4685
3.be8f6	5449
4.0b8cc	4534
4.bff50	4524
5.9375b	4636
6.f5a1c	5474
7.4e23d	5412
8.fac81	4405
9.d36de	4997
10.6d92c	5001
11.e1a1c	4716
12.113e3	9104
13.45111	86625
14.7e284	67418
15.6f452	40186
