version	total
2.23394	4891
3.be8f6	5584
4.0b8cc	4745
4.bff50	4728
5.9375b	4848
6.f5a1c	5685
7.4e23d	5641
8.fac81	4621
9.d36de	5215
10.6d92c	5284
11.e1a1c	4933
12.113e3	9431
13.45111	91313
14.7e284	73042
15.6f452	51331
16.747c6	4787
