version	total
2.23394	3450
3.be8f6	4256
4.0b8cc	3301
4.bff50	3312
5.9375b	3409
6.f5a1c	4244
7.4e23d	4022
8.fac81	3169
9.d36de	3750
10.6d92c	3543
11.e1a1c	3485
12.113e3	7320
13.45111	57087
14.7e284	8373
