version	total
2.23394	3784
3.be8f6	4620
4.0b8cc	3635
4.bff50	3641
5.9375b	3738
6.f5a1c	4581
7.4e23d	4424
8.fac81	3505
9.d36de	4090
10.6d92c	3943
11.e1a1c	3819
12.113e3	7878
13.45111	67933
14.7e284	30693
