version	total
2.23394	2344
3.be8f6	3041
4.0b8cc	2187
4.bff50	2218
5.9375b	2283
6.f5a1c	3069
7.4e23d	2735
8.fac81	2037
9.d36de	2623
10.6d92c	2262
11.e1a1c	2364
12.113e3	4084
13.45111	3849
