version	total
2.23394	4432
3.be8f6	5264
4.0b8cc	4285
4.bff50	4278
5.9375b	4387
6.f5a1c	5225
7.4e23d	5135
8.fac81	4156
9.d36de	4746
10.6d92c	4692
11.e1a1c	4466
12.113e3	8776
13.45111	82209
14.7e284	60888
15.6f452	21050
