version	total
2.23394	3720
3.be8f6	4551
4.0b8cc	3571
4.bff50	3577
5.9375b	3675
6.f5a1c	4517
7.4e23d	4351
8.fac81	3441
9.d36de	4024
10.6d92c	3868
11.e1a1c	3755
12.113e3	7779
13.45111	66301
14.7e284	26756
