version	total
2.23394	3565
3.be8f6	4378
4.0b8cc	3416
4.bff50	3423
5.9375b	3520
6.f5a1c	4362
7.4e23d	4176
8.fac81	3284
9.d36de	3867
10.6d92c	3680
11.e1a1c	3600
12.113e3	7513
13.45111	61481
14.7e284	15865
