version	total
2.23394	4194
3.be8f6	5030
4.0b8cc	4044
4.bff50	4040
5.9375b	4147
6.f5a1c	4986
7.4e23d	4881
8.fac81	3915
9.d36de	4505
10.6d92c	4398
11.e1a1c	4225
12.113e3	8449
13.45111	77027
14.7e284	54599
15.6f452	5400
