version	total
2.23394	4416
3.be8f6	5247
4.0b8cc	4268
4.bff50	4261
5.9375b	4370
6.f5a1c	5208
7.4e23d	5118
8.fac81	4139
9.d36de	4730
10.6d92c	4667
11.e1a1c	4449
12.113e3	8750
13.45111	81791
14.7e284	60392
15.6f452	19906
