version	total
2.23394	3393
3.be8f6	4195
4.0b8cc	3245
4.bff50	3258
5.9375b	3355
6.f5a1c	4187
7.4e23d	3964
8.fac81	3114
9.d36de	3690
10.6d92c	3478
11.e1a1c	3429
12.113e3	7211
13.45111	48920
14.7e284	5840
