version	total
2.23394	4769
3.be8f6	5505
4.0b8cc	4622
4.bff50	4611
5.9375b	4724
6.f5a1c	5562
7.4e23d	5512
8.fac81	4494
9.d36de	5088
10.6d92c	5124
11.e1a1c	4808
12.113e3	9235
13.45111	88747
14.7e284	70171
15.6f452	47531
