version	total
2.23394	3226
3.be8f6	4012
4.0b8cc	3082
4.bff50	3096
5.9375b	3192
6.f5a1c	4023
7.4e23d	3781
8.fac81	2948
9.d36de	3520
10.6d92c	3299
11.e1a1c	3262
12.113e3	6943
13.45111	31867
14.7e284	1269
