version	total
2.23394	3540
3.be8f6	4349
4.0b8cc	3390
4.bff50	3398
5.9375b	3496
6.f5a1c	4337
7.4e23d	4145
8.fac81	3259
9.d36de	3840
10.6d92c	3651
11.e1a1c	3574
12.113e3	7470
13.45111	60695
14.7e284	14327
