version	total
2.23394	3923
3.be8f6	4754
4.0b8cc	3773
4.bff50	3770
5.9375b	3878
6.f5a1c	4717
7.4e23d	4576
8.fac81	3643
9.d36de	4226
10.6d92c	4100
11.e1a1c	3955
12.113e3	8072
13.45111	71303
14.7e284	40797
