version	total
2.23394	2838
3.be8f6	3586
4.0b8cc	2694
4.bff50	2708
5.9375b	2801
6.f5a1c	3622
7.4e23d	3323
8.fac81	2559
9.d36de	3124
10.6d92c	2833
11.e1a1c	2873
12.113e3	5053
13.45111	11260
