version	total
2.23394	4612
3.be8f6	5400
4.0b8cc	4461
4.bff50	4452
5.9375b	4562
6.f5a1c	5401
7.4e23d	5333
8.fac81	4333
9.d36de	4923
10.6d92c	4909
11.e1a1c	4643
12.113e3	9007
13.45111	85501
14.7e284	65728
15.6f452	35541
