version	total
2.23394	4689
3.be8f6	5451
4.0b8cc	4539
4.bff50	4528
5.9375b	4640
6.f5a1c	5478
7.4e23d	5417
8.fac81	4409
9.d36de	5001
10.6d92c	5007
11.e1a1c	4721
12.113e3	9109
13.45111	86760
14.7e284	67637
15.6f452	40675
