version	total
2.23394	2460
3.be8f6	3202
4.0b8cc	2301
4.bff50	2332
5.9375b	2398
6.f5a1c	3218
7.4e23d	2865
8.fac81	2153
9.d36de	2749
10.6d92c	2394
11.e1a1c	2485
12.113e3	4307
13.45111	5462
