version	total
2.23394	2578
3.be8f6	3329
4.0b8cc	2420
4.bff50	2451
5.9375b	2522
6.f5a1c	3341
7.4e23d	3006
8.fac81	2276
9.d36de	2878
10.6d92c	2530
11.e1a1c	2612
12.113e3	4554
13.45111	7283
