version	total
2.23394	2192
3.be8f6	2833
4.0b8cc	2037
4.bff50	2068
5.9375b	2130
6.f5a1c	2838
7.4e23d	2563
8.fac81	1887
9.d36de	2460
10.6d92c	2103
11.e1a1c	2200
12.113e3	3759
13.45111	1849
