version	total
2.23394	2187
3.be8f6	2825
4.0b8cc	2033
4.bff50	2064
5.9375b	2126
6.f5a1c	2827
7.4e23d	2559
8.fac81	1883
9.d36de	2456
10.6d92c	2099
11.e1a1c	2196
12.113e3	3754
13.45111	1824
