version	total
2.23394	4957
3.be8f6	5642
4.0b8cc	4810
4.bff50	4788
5.9375b	4913
6.f5a1c	5749
7.4e23d	5715
8.fac81	4683
9.d36de	5275
10.6d92c	5363
11.e1a1c	4997
12.113e3	9550
13.45111	93137
14.7e284	75344
15.6f452	54695
16.747c6	6574
17.b804f	3738
