version	total
2.23394	2642
3.be8f6	3377
4.0b8cc	2483
4.bff50	2517
5.9375b	2590
6.f5a1c	3408
7.4e23d	3084
8.fac81	2341
9.d36de	2922
10.6d92c	2599
11.e1a1c	2676
12.113e3	4656
13.45111	8020
