version	total
2.23394	2263
3.be8f6	2926
4.0b8cc	2106
4.bff50	2137
5.9375b	2201
6.f5a1c	2968
7.4e23d	2642
8.fac81	1955
9.d36de	2538
10.6d92c	2174
11.e1a1c	2276
12.113e3	3921
13.45111	2754
