version	total
2.23394	3413
3.be8f6	4213
4.0b8cc	3265
4.bff50	3278
5.9375b	3375
6.f5a1c	4209
7.4e23d	3984
8.fac81	3134
9.d36de	3711
10.6d92c	3500
11.e1a1c	3449
12.113e3	7245
13.45111	54690
14.7e284	6737
