version	total
2.23394	2295
3.be8f6	2972
4.0b8cc	2138
4.bff50	2169
5.9375b	2233
6.f5a1c	3012
7.4e23d	2676
8.fac81	1987
9.d36de	2572
10.6d92c	2208
11.e1a1c	2310
12.113e3	3983
13.45111	3176
