version	total
2.23394	4352
3.be8f6	5185
4.0b8cc	4204
4.bff50	4197
5.9375b	4306
6.f5a1c	5144
7.4e23d	5053
8.fac81	4075
9.d36de	4665
10.6d92c	4588
11.e1a1c	4384
12.113e3	8670
13.45111	80274
14.7e284	58461
15.6f452	14744
