version	total
2.23394	3833
3.be8f6	4665
4.0b8cc	3684
4.bff50	3684
5.9375b	3785
6.f5a1c	4628
7.4e23d	4478
8.fac81	3556
9.d36de	4136
10.6d92c	4003
11.e1a1c	3867
12.113e3	7952
13.45111	69198
14.7e284	34155
