version	total
2.23394	2198
3.be8f6	2840
4.0b8cc	2043
4.bff50	2075
5.9375b	2137
6.f5a1c	2852
7.4e23d	2569
8.fac81	1893
9.d36de	2467
10.6d92c	2109
11.e1a1c	2207
12.113e3	3771
13.45111	1897
