version	total
2.23394	2564
3.be8f6	3317
4.0b8cc	2406
4.bff50	2437
5.9375b	2508
6.f5a1c	3328
7.4e23d	2987
8.fac81	2262
9.d36de	2865
10.6d92c	2515
11.e1a1c	2598
12.113e3	4534
13.45111	7095
