version	total
2.23394	2650
3.be8f6	3385
4.0b8cc	2495
4.bff50	2527
5.9375b	2600
6.f5a1c	3418
7.4e23d	3097
8.fac81	2353
9.d36de	2930
10.6d92c	2609
11.e1a1c	2684
12.113e3	4673
13.45111	8051
