version	total
2.23394	2558
3.be8f6	3313
4.0b8cc	2400
4.bff50	2430
5.9375b	2502
6.f5a1c	3322
7.4e23d	2980
8.fac81	2255
9.d36de	2859
10.6d92c	2507
11.e1a1c	2592
12.113e3	4515
13.45111	6901
