version	total
2.23394	2666
3.be8f6	3402
4.0b8cc	2509
4.bff50	2541
5.9375b	2616
6.f5a1c	3434
7.4e23d	3114
8.fac81	2370
9.d36de	2946
10.6d92c	2629
11.e1a1c	2702
12.113e3	4696
13.45111	8180
