version	total
2.23394	4972
3.be8f6	5651
4.0b8cc	4825
4.bff50	4803
5.9375b	4928
6.f5a1c	5764
7.4e23d	5730
8.fac81	4698
9.d36de	5291
10.6d92c	5382
11.e1a1c	5012
12.113e3	9575
13.45111	93411
14.7e284	75673
15.6f452	55816
16.747c6	6783
17.b804f	4472
