version	total
2.23394	3815
3.be8f6	4654
4.0b8cc	3666
4.bff50	3670
5.9375b	3770
6.f5a1c	4612
7.4e23d	4460
8.fac81	3538
9.d36de	4118
10.6d92c	3981
11.e1a1c	3849
12.113e3	7932
13.45111	68759
14.7e284	32948
