version	total
2.23394	2670
3.be8f6	3406
4.0b8cc	2514
4.bff50	2545
5.9375b	2620
6.f5a1c	3438
7.4e23d	3120
8.fac81	2374
9.d36de	2950
10.6d92c	2634
11.e1a1c	2706
12.113e3	4704
13.45111	8218
