version	total
2.23394	2200
3.be8f6	2842
4.0b8cc	2045
4.bff50	2077
5.9375b	2139
6.f5a1c	2857
7.4e23d	2573
8.fac81	1895
9.d36de	2470
10.6d92c	2111
11.e1a1c	2209
12.113e3	3776
13.45111	1925
