version	total
2.23394	2397
3.be8f6	3115
4.0b8cc	2238
4.bff50	2270
5.9375b	2336
6.f5a1c	3138
7.4e23d	2794
8.fac81	2090
9.d36de	2678
10.6d92c	2320
11.e1a1c	2419
12.113e3	4179
13.45111	4469
