version	total
2.23394	3853
3.be8f6	4685
4.0b8cc	3703
4.bff50	3703
5.9375b	3807
6.f5a1c	4647
7.4e23d	4500
8.fac81	3575
9.d36de	4156
10.6d92c	4023
11.e1a1c	3887
12.113e3	7982
13.45111	69634
14.7e284	35648
