version	total
2.23394	3344
3.be8f6	4142
4.0b8cc	3198
4.bff50	3213
5.9375b	3309
6.f5a1c	4141
7.4e23d	3910
8.fac81	3066
9.d36de	3640
10.6d92c	3422
11.e1a1c	3380
12.113e3	7130
13.45111	38330
14.7e284	4496
