version	total
2.23394	3300
3.be8f6	4097
4.0b8cc	3155
4.bff50	3170
5.9375b	3266
6.f5a1c	4097
7.4e23d	3859
8.fac81	3023
9.d36de	3596
10.6d92c	3376
11.e1a1c	3337
12.113e3	7067
13.45111	35128
14.7e284	3354
