version	total
2.23394	3669
3.be8f6	4496
4.0b8cc	3520
4.bff50	3527
5.9375b	3624
6.f5a1c	4466
7.4e23d	4299
8.fac81	3390
9.d36de	3972
10.6d92c	3807
11.e1a1c	3704
12.113e3	7692
13.45111	64626
14.7e284	23273
