version	total
2.23394	3432
3.be8f6	4232
4.0b8cc	3283
4.bff50	3295
5.9375b	3391
6.f5a1c	4226
7.4e23d	4004
8.fac81	3152
9.d36de	3732
10.6d92c	3523
11.e1a1c	3468
12.113e3	7278
13.45111	55467
14.7e284	7585
