version	total
2.23394	3316
3.be8f6	4114
4.0b8cc	3171
4.bff50	3186
5.9375b	3282
6.f5a1c	4114
7.4e23d	3877
8.fac81	3039
9.d36de	3612
10.6d92c	3392
11.e1a1c	3353
12.113e3	7094
13.45111	36048
14.7e284	3925
