version	total
2.23394	2214
3.be8f6	2861
4.0b8cc	2058
4.bff50	2090
5.9375b	2154
6.f5a1c	2889
7.4e23d	2590
8.fac81	1908
9.d36de	2486
10.6d92c	2124
11.e1a1c	2223
12.113e3	3811
13.45111	2105
