version	total
2.23394	2633
3.be8f6	3367
4.0b8cc	2476
4.bff50	2510
5.9375b	2582
6.f5a1c	3401
7.4e23d	3076
8.fac81	2334
9.d36de	2914
10.6d92c	2590
11.e1a1c	2667
12.113e3	4646
13.45111	7976
