version	total
2.23394	4918
3.be8f6	5608
4.0b8cc	4770
4.bff50	4755
5.9375b	4877
6.f5a1c	5712
7.4e23d	5668
8.fac81	4645
9.d36de	5238
10.6d92c	5314
11.e1a1c	4958
12.113e3	9472
13.45111	91912
14.7e284	73811
15.6f452	52435
16.747c6	5550
17.b804f	1068
