version	total
2.23394	4505
3.be8f6	5330
4.0b8cc	4357
4.bff50	4350
5.9375b	4458
6.f5a1c	5297
7.4e23d	5215
8.fac81	4228
9.d36de	4818
10.6d92c	4790
11.e1a1c	4538
12.113e3	8875
13.45111	83576
14.7e284	62768
15.6f452	26548
