version	total
2.23394	3897
3.be8f6	4726
4.0b8cc	3747
4.bff50	3745
5.9375b	3853
6.f5a1c	4691
7.4e23d	4547
8.fac81	3618
9.d36de	4200
10.6d92c	4070
11.e1a1c	3929
12.113e3	8032
13.45111	70767
14.7e284	38911
