version	total
2.23394	2706
3.be8f6	3443
4.0b8cc	2549
4.bff50	2579
5.9375b	2656
6.f5a1c	3476
7.4e23d	3161
8.fac81	2411
9.d36de	2988
10.6d92c	2676
11.e1a1c	2744
12.113e3	4758
13.45111	8467
