version	total
2.23394	4933
3.be8f6	5624
4.0b8cc	4785
4.bff50	4767
5.9375b	4890
6.f5a1c	5726
7.4e23d	5686
8.fac81	4658
9.d36de	5252
10.6d92c	5333
11.e1a1c	4973
12.113e3	9502
13.45111	92433
14.7e284	74671
15.6f452	53406
16.747c6	6038
17.b804f	2308
