version	total
2.23394	4232
3.be8f6	5072
4.0b8cc	4082
4.bff50	4079
5.9375b	4186
6.f5a1c	5025
7.4e23d	4922
8.fac81	3953
9.d36de	4542
10.6d92c	4439
11.e1a1c	4264
12.113e3	8497
13.45111	77657
14.7e284	55248
15.6f452	6694
