version	total
2.23394	4921
3.be8f6	5608
4.0b8cc	4774
4.bff50	4755
5.9375b	4879
6.f5a1c	5714
7.4e23d	5672
8.fac81	4649
9.d36de	5240
10.6d92c	5319
11.e1a1c	4961
12.113e3	9477
13.45111	91928
14.7e284	73832
15.6f452	52467
16.747c6	5562
17.b804f	1101
