version	total
2.23394	3257
3.be8f6	4049
4.0b8cc	3112
4.bff50	3127
5.9375b	3222
6.f5a1c	4054
7.4e23d	3812
8.fac81	2980
9.d36de	3551
10.6d92c	3331
11.e1a1c	3294
12.113e3	6996
13.45111	33295
14.7e284	1899
