version	total
2.23394	3790
3.be8f6	4624
4.0b8cc	3639
4.bff50	3645
5.9375b	3742
6.f5a1c	4586
7.4e23d	4428
8.fac81	3509
9.d36de	4094
10.6d92c	3947
11.e1a1c	3823
12.113e3	7882
13.45111	67972
14.7e284	30764
