version	total
2.23394	4069
3.be8f6	4906
4.0b8cc	3919
4.bff50	3917
5.9375b	4023
6.f5a1c	4861
7.4e23d	4742
8.fac81	3790
9.d36de	4375
10.6d92c	4263
11.e1a1c	4100
12.113e3	8266
13.45111	75280
14.7e284	51871
15.6f452	2184
