version	total
2.23394	4350
3.be8f6	5183
4.0b8cc	4202
4.bff50	4195
5.9375b	4304
6.f5a1c	5142
7.4e23d	5051
8.fac81	4073
9.d36de	4663
10.6d92c	4586
11.e1a1c	4382
12.113e3	8668
13.45111	80253
14.7e284	58445
15.6f452	14688
