version	total
2.23394	4342
3.be8f6	5178
4.0b8cc	4194
4.bff50	4189
5.9375b	4298
6.f5a1c	5136
7.4e23d	5041
8.fac81	4065
9.d36de	4655
10.6d92c	4577
11.e1a1c	4374
12.113e3	8658
13.45111	80053
14.7e284	58127
15.6f452	13944
