version	total
2.23394	4999
3.be8f6	5673
4.0b8cc	4851
4.bff50	4829
5.9375b	4954
6.f5a1c	5791
7.4e23d	5757
8.fac81	4722
9.d36de	5316
10.6d92c	5415
11.e1a1c	5037
12.113e3	9611
13.45111	93961
14.7e284	76442
15.6f452	60326
16.747c6	7335
17.b804f	6011
