version	total
2.23394	2310
3.be8f6	2996
4.0b8cc	2153
4.bff50	2184
5.9375b	2248
6.f5a1c	3030
7.4e23d	2693
8.fac81	2002
9.d36de	2588
10.6d92c	2224
11.e1a1c	2326
12.113e3	4012
13.45111	3352
