version	total
2.23394	3718
3.be8f6	4549
4.0b8cc	3569
4.bff50	3575
5.9375b	3672
6.f5a1c	4514
7.4e23d	4349
8.fac81	3439
9.d36de	4022
10.6d92c	3865
11.e1a1c	3753
12.113e3	7777
13.45111	66239
14.7e284	26601
