version	total
2.23394	2773
3.be8f6	3518
4.0b8cc	2622
4.bff50	2645
5.9375b	2733
6.f5a1c	3553
7.4e23d	3252
8.fac81	2487
9.d36de	3056
10.6d92c	2758
11.e1a1c	2810
12.113e3	4876
13.45111	9507
