version	total
2.23394	4644
3.be8f6	5423
4.0b8cc	4494
4.bff50	4484
5.9375b	4595
6.f5a1c	5434
7.4e23d	5365
8.fac81	4365
9.d36de	4954
10.6d92c	4953
11.e1a1c	4675
12.113e3	9051
13.45111	86004
14.7e284	66478
15.6f452	37799
