version	total
2.23394	4037
3.be8f6	4873
4.0b8cc	3888
4.bff50	3884
5.9375b	3992
6.f5a1c	4830
7.4e23d	4703
8.fac81	3759
9.d36de	4342
10.6d92c	4230
11.e1a1c	4069
12.113e3	8225
13.45111	74771
14.7e284	50932
15.6f452	1408
