version	total
2.23394	4753
3.be8f6	5494
4.0b8cc	4606
4.bff50	4596
5.9375b	4708
6.f5a1c	5547
7.4e23d	5491
8.fac81	4478
9.d36de	5070
10.6d92c	5106
11.e1a1c	4792
12.113e3	9214
13.45111	88103
14.7e284	69725
15.6f452	46464
