version	total
2.23394	2782
3.be8f6	3526
4.0b8cc	2632
4.bff50	2655
5.9375b	2744
6.f5a1c	3564
7.4e23d	3262
8.fac81	2498
9.d36de	3067
10.6d92c	2768
11.e1a1c	2819
12.113e3	4891
13.45111	9721
