version	total
2.23394	3697
3.be8f6	4529
4.0b8cc	3548
4.bff50	3556
5.9375b	3653
6.f5a1c	4495
7.4e23d	4328
8.fac81	3418
9.d36de	4001
10.6d92c	3837
11.e1a1c	3732
12.113e3	7744
13.45111	65510
14.7e284	25051
