version	total
2.23394	2275
3.be8f6	2945
4.0b8cc	2118
4.bff50	2149
5.9375b	2213
6.f5a1c	2985
7.4e23d	2654
8.fac81	1967
9.d36de	2551
10.6d92c	2187
11.e1a1c	2289
12.113e3	3945
13.45111	2904
