version	total
2.23394	3003
3.be8f6	3763
4.0b8cc	2859
4.bff50	2872
5.9375b	2970
6.f5a1c	3797
7.4e23d	3510
8.fac81	2725
9.d36de	3292
10.6d92c	3013
11.e1a1c	3037
12.113e3	6048
13.45111	17485
