version	total
2.23394	2255
3.be8f6	2917
4.0b8cc	2098
4.bff50	2129
5.9375b	2193
6.f5a1c	2956
7.4e23d	2633
8.fac81	1947
9.d36de	2529
10.6d92c	2166
11.e1a1c	2267
12.113e3	3909
13.45111	2622
