version	total
2.23394	4161
3.be8f6	5000
4.0b8cc	4012
4.bff50	4011
5.9375b	4117
6.f5a1c	4955
7.4e23d	4845
8.fac81	3883
9.d36de	4472
10.6d92c	4364
11.e1a1c	4192
12.113e3	8381
13.45111	76340
14.7e284	53796
15.6f452	4073
