version	total
2.23394	4454
3.be8f6	5286
4.0b8cc	4307
4.bff50	4300
5.9375b	4409
6.f5a1c	5247
7.4e23d	5159
8.fac81	4178
9.d36de	4768
10.6d92c	4721
11.e1a1c	4488
12.113e3	8808
13.45111	82648
14.7e284	61449
15.6f452	22548
