version	total
2.23394	3846
3.be8f6	4679
4.0b8cc	3697
4.bff50	3697
5.9375b	3798
6.f5a1c	4641
7.4e23d	4493
8.fac81	3569
9.d36de	4149
10.6d92c	4017
11.e1a1c	3880
12.113e3	7974
13.45111	69431
14.7e284	35097
