version	total
2.23394	4167
3.be8f6	5004
4.0b8cc	4017
4.bff50	4014
5.9375b	4121
6.f5a1c	4959
7.4e23d	4853
8.fac81	3888
9.d36de	4477
10.6d92c	4369
11.e1a1c	4198
12.113e3	8392
13.45111	76484
14.7e284	54079
15.6f452	4371
