version	total
2.23394	2422
3.be8f6	3147
4.0b8cc	2264
4.bff50	2295
5.9375b	2360
6.f5a1c	3166
7.4e23d	2819
8.fac81	2115
9.d36de	2704
10.6d92c	2349
11.e1a1c	2444
12.113e3	4218
13.45111	4840
