version	total
2.23394	3538
3.be8f6	4347
4.0b8cc	3388
4.bff50	3396
5.9375b	3493
6.f5a1c	4335
7.4e23d	4142
8.fac81	3257
9.d36de	3838
10.6d92c	3649
11.e1a1c	3572
12.113e3	7467
13.45111	60635
14.7e284	14188
