version	total
2.23394	4388
3.be8f6	5218
4.0b8cc	4238
4.bff50	4233
5.9375b	4342
6.f5a1c	5180
7.4e23d	5088
8.fac81	4109
9.d36de	4701
10.6d92c	4630
11.e1a1c	4421
12.113e3	8715
13.45111	81115
14.7e284	59436
15.6f452	17474
