version	total
2.23394	3421
3.be8f6	4221
4.0b8cc	3273
4.bff50	3287
5.9375b	3383
6.f5a1c	4218
7.4e23d	3992
8.fac81	3142
9.d36de	3721
10.6d92c	3510
11.e1a1c	3458
12.113e3	7256
13.45111	55235
14.7e284	7061
