version	total
2.23394	2574
3.be8f6	3325
4.0b8cc	2415
4.bff50	2446
5.9375b	2517
6.f5a1c	3337
7.4e23d	2999
8.fac81	2271
9.d36de	2875
10.6d92c	2524
11.e1a1c	2608
12.113e3	4545
13.45111	7190
