version	total
2.23394	3497
3.be8f6	4303
4.0b8cc	3346
4.bff50	3355
5.9375b	3452
6.f5a1c	4291
7.4e23d	4092
8.fac81	3214
9.d36de	3797
10.6d92c	3594
11.e1a1c	3530
12.113e3	7405
13.45111	59694
14.7e284	11107
