version	total
2.23394	4266
3.be8f6	5104
4.0b8cc	4116
4.bff50	4112
5.9375b	4219
6.f5a1c	5058
7.4e23d	4958
8.fac81	3987
9.d36de	4576
10.6d92c	4480
11.e1a1c	4298
12.113e3	8546
13.45111	78300
14.7e284	55863
15.6f452	7989
