version	total
2.23394	2546
3.be8f6	3301
4.0b8cc	2386
4.bff50	2415
5.9375b	2487
6.f5a1c	3307
7.4e23d	2964
8.fac81	2240
9.d36de	2845
10.6d92c	2491
11.e1a1c	2579
12.113e3	4486
13.45111	6694
