version	total
2.23394	2259
3.be8f6	2921
4.0b8cc	2102
4.bff50	2133
5.9375b	2197
6.f5a1c	2962
7.4e23d	2638
8.fac81	1951
9.d36de	2534
10.6d92c	2170
11.e1a1c	2271
12.113e3	3916
13.45111	2691
