version	total
2.23394	2323
3.be8f6	3014
4.0b8cc	2166
4.bff50	2197
5.9375b	2261
6.f5a1c	3045
7.4e23d	2708
8.fac81	2015
9.d36de	2602
10.6d92c	2237
11.e1a1c	2339
12.113e3	4039
13.45111	3594
