version	total
2.23394	3306
3.be8f6	4103
4.0b8cc	3160
4.bff50	3175
5.9375b	3271
6.f5a1c	4102
7.4e23d	3865
8.fac81	3028
9.d36de	3602
10.6d92c	3381
11.e1a1c	3343
12.113e3	7075
13.45111	35410
14.7e284	3481
