version	total
2.23394	4762
3.be8f6	5502
4.0b8cc	4616
4.bff50	4605
5.9375b	4718
6.f5a1c	5556
7.4e23d	5502
8.fac81	4488
9.d36de	5080
10.6d92c	5116
11.e1a1c	4802
12.113e3	9229
13.45111	88219
14.7e284	69954
15.6f452	46983
