version	total
2.23394	3985
3.be8f6	4820
4.0b8cc	3835
4.bff50	3832
5.9375b	3940
6.f5a1c	4778
7.4e23d	4648
8.fac81	3705
9.d36de	4290
10.6d92c	4173
11.e1a1c	4017
12.113e3	8161
13.45111	73712
14.7e284	47836
