version	total
2.23394	2450
3.be8f6	3189
4.0b8cc	2291
4.bff50	2322
5.9375b	2388
6.f5a1c	3206
7.4e23d	2852
8.fac81	2142
9.d36de	2737
10.6d92c	2381
11.e1a1c	2473
12.113e3	4292
13.45111	5312
