version	total
2.23394	3452
3.be8f6	4258
4.0b8cc	3303
4.bff50	3314
5.9375b	3411
6.f5a1c	4246
7.4e23d	4024
8.fac81	3171
9.d36de	3752
10.6d92c	3546
11.e1a1c	3487
12.113e3	7328
13.45111	57947
14.7e284	8518
