version	total
2.23394	3347
3.be8f6	4145
4.0b8cc	3201
4.bff50	3216
5.9375b	3313
6.f5a1c	4145
7.4e23d	3913
8.fac81	3070
9.d36de	3643
10.6d92c	3425
11.e1a1c	3383
12.113e3	7134
13.45111	41072
14.7e284	4525
