version	total
2.23394	4238
3.be8f6	5077
4.0b8cc	4088
4.bff50	4084
5.9375b	4191
6.f5a1c	5030
7.4e23d	4928
8.fac81	3959
9.d36de	4548
10.6d92c	4445
11.e1a1c	4270
12.113e3	8504
13.45111	77772
14.7e284	55390
15.6f452	6874
