version	total
2.23394	4882
3.be8f6	5581
4.0b8cc	4735
4.bff50	4720
5.9375b	4840
6.f5a1c	5677
7.4e23d	5632
8.fac81	4611
9.d36de	5207
10.6d92c	5271
11.e1a1c	4923
12.113e3	9406
13.45111	91092
14.7e284	72686
15.6f452	50770
16.747c6	4144
