version	total
2.23394	3454
3.be8f6	4260
4.0b8cc	3305
4.bff50	3316
5.9375b	3413
6.f5a1c	4248
7.4e23d	4026
8.fac81	3174
9.d36de	3754
10.6d92c	3548
11.e1a1c	3489
12.113e3	7330
13.45111	58126
14.7e284	8617
