version	total
2.23394	4941
3.be8f6	5631
4.0b8cc	4794
4.bff50	4772
5.9375b	4897
6.f5a1c	5733
7.4e23d	5698
8.fac81	4667
9.d36de	5259
10.6d92c	5346
11.e1a1c	4981
12.113e3	9525
13.45111	92783
14.7e284	75012
15.6f452	53916
16.747c6	6311
17.b804f	3084
