version	total
2.23394	2624
3.be8f6	3359
4.0b8cc	2466
4.bff50	2499
5.9375b	2572
6.f5a1c	3388
7.4e23d	3064
8.fac81	2324
9.d36de	2906
10.6d92c	2580
11.e1a1c	2658
12.113e3	4634
13.45111	7904
