version	total
2.23394	3825
3.be8f6	4657
4.0b8cc	3676
4.bff50	3676
5.9375b	3777
6.f5a1c	4620
7.4e23d	4470
8.fac81	3548
9.d36de	4128
10.6d92c	3993
11.e1a1c	3859
12.113e3	7943
13.45111	69030
14.7e284	33689
