version	total
2.23394	3510
3.be8f6	4316
4.0b8cc	3360
4.bff50	3367
5.9375b	3464
6.f5a1c	4303
7.4e23d	4110
8.fac81	3228
9.d36de	3810
10.6d92c	3609
11.e1a1c	3543
12.113e3	7423
13.45111	60032
14.7e284	12365
