version	total
2.23394	3963
3.be8f6	4794
4.0b8cc	3813
4.bff50	3811
5.9375b	3919
6.f5a1c	4758
7.4e23d	4623
8.fac81	3683
9.d36de	4267
10.6d92c	4142
11.e1a1c	3995
12.113e3	8128
13.45111	72185
14.7e284	44193
