version	total
2.23394	4884
3.be8f6	5584
4.0b8cc	4737
4.bff50	4722
5.9375b	4842
6.f5a1c	5679
7.4e23d	5634
8.fac81	4613
9.d36de	5209
10.6d92c	5273
11.e1a1c	4925
12.113e3	9412
13.45111	91104
14.7e284	72733
15.6f452	50832
16.747c6	4180
