version	total
2.23394	4702
3.be8f6	5460
4.0b8cc	4552
4.bff50	4541
5.9375b	4654
6.f5a1c	5491
7.4e23d	5432
8.fac81	4423
9.d36de	5015
10.6d92c	5029
11.e1a1c	4736
12.113e3	9137
13.45111	87132
14.7e284	68183
15.6f452	41997
