version	total
2.23394	2628
3.be8f6	3363
4.0b8cc	2472
4.bff50	2505
5.9375b	2578
6.f5a1c	3396
7.4e23d	3071
8.fac81	2330
9.d36de	2910
10.6d92c	2586
11.e1a1c	2663
12.113e3	4642
13.45111	7954
