version	total
2.23394	4317
3.be8f6	5154
4.0b8cc	4169
4.bff50	4165
5.9375b	4273
6.f5a1c	5111
7.4e23d	5016
8.fac81	4040
9.d36de	4629
10.6d92c	4545
11.e1a1c	4349
12.113e3	8627
13.45111	79441
14.7e284	57354
15.6f452	12108
