version	total
2.23394	2308
3.be8f6	2991
4.0b8cc	2151
4.bff50	2182
5.9375b	2246
6.f5a1c	3028
7.4e23d	2691
8.fac81	2000
9.d36de	2585
10.6d92c	2221
11.e1a1c	2323
12.113e3	4005
13.45111	3324
