version	total
2.23394	4083
3.be8f6	4920
4.0b8cc	3933
4.bff50	3931
5.9375b	4037
6.f5a1c	4875
7.4e23d	4758
8.fac81	3804
9.d36de	4390
10.6d92c	4278
11.e1a1c	4114
12.113e3	8282
13.45111	75418
14.7e284	52192
15.6f452	2459
