version	total
2.23394	4560
3.be8f6	5372
4.0b8cc	4411
4.bff50	4404
5.9375b	4513
6.f5a1c	5352
7.4e23d	5277
8.fac81	4283
9.d36de	4872
10.6d92c	4849
11.e1a1c	4592
12.113e3	8943
13.45111	84596
14.7e284	64322
15.6f452	31671
