version	total
2.23394	3417
3.be8f6	4217
4.0b8cc	3269
4.bff50	3283
5.9375b	3379
6.f5a1c	4214
7.4e23d	3988
8.fac81	3138
9.d36de	3717
10.6d92c	3505
11.e1a1c	3454
12.113e3	7252
13.45111	55183
14.7e284	6938
