version	total
2.23394	4498
3.be8f6	5325
4.0b8cc	4351
4.bff50	4344
5.9375b	4452
6.f5a1c	5291
7.4e23d	5209
8.fac81	4222
9.d36de	4812
10.6d92c	4783
11.e1a1c	4532
12.113e3	8866
13.45111	83460
14.7e284	62533
15.6f452	25903
