version	total
2.23394	2825
3.be8f6	3571
4.0b8cc	2680
4.bff50	2695
5.9375b	2787
6.f5a1c	3608
7.4e23d	3308
8.fac81	2545
9.d36de	3109
10.6d92c	2819
11.e1a1c	2860
12.113e3	4969
13.45111	10885
