version	total
2.23394	4366
3.be8f6	5199
4.0b8cc	4218
4.bff50	4211
5.9375b	4320
6.f5a1c	5158
7.4e23d	5067
8.fac81	4089
9.d36de	4679
10.6d92c	4603
11.e1a1c	4398
12.113e3	8688
13.45111	80523
14.7e284	58827
15.6f452	15850
