version	total
2.23394	4530
3.be8f6	5354
4.0b8cc	4382
4.bff50	4374
5.9375b	4483
6.f5a1c	5321
7.4e23d	5242
8.fac81	4253
9.d36de	4842
10.6d92c	4815
11.e1a1c	4563
12.113e3	8909
13.45111	83945
14.7e284	63319
15.6f452	28021
