version	total
2.23394	2303
3.be8f6	2984
4.0b8cc	2146
4.bff50	2177
5.9375b	2241
6.f5a1c	3021
7.4e23d	2686
8.fac81	1995
9.d36de	2580
10.6d92c	2216
11.e1a1c	2318
12.113e3	3995
13.45111	3264
