version	total
2.23394	4549
3.be8f6	5365
4.0b8cc	4400
4.bff50	4392
5.9375b	4501
6.f5a1c	5339
7.4e23d	5261
8.fac81	4271
9.d36de	4860
10.6d92c	4835
11.e1a1c	4581
12.113e3	8927
13.45111	84314
14.7e284	63832
15.6f452	29763
