version	total
2.23394	4922
3.be8f6	5609
4.0b8cc	4776
4.bff50	4757
5.9375b	4881
6.f5a1c	5716
7.4e23d	5673
8.fac81	4651
9.d36de	5242
10.6d92c	5321
11.e1a1c	4962
12.113e3	9479
13.45111	91960
14.7e284	73886
15.6f452	52601
16.747c6	5605
17.b804f	1199
