version	total
2.23394	4031
3.be8f6	4867
4.0b8cc	3881
4.bff50	3878
5.9375b	3986
6.f5a1c	4824
7.4e23d	4696
8.fac81	3753
9.d36de	4336
10.6d92c	4224
11.e1a1c	4063
12.113e3	8218
13.45111	74728
14.7e284	50842
15.6f452	1347
