version	total
2.23394	2446
3.be8f6	3184
4.0b8cc	2288
4.bff50	2319
5.9375b	2384
6.f5a1c	3203
7.4e23d	2848
8.fac81	2139
9.d36de	2731
10.6d92c	2376
11.e1a1c	2470
12.113e3	4284
13.45111	5210
