version	total
2.23394	5002
3.be8f6	5676
4.0b8cc	4854
4.bff50	4832
5.9375b	4957
6.f5a1c	5794
7.4e23d	5760
8.fac81	4725
9.d36de	5319
10.6d92c	5417
11.e1a1c	5040
12.113e3	9616
13.45111	93978
14.7e284	76458
15.6f452	60367
16.747c6	7350
17.b804f	6062
