version	total
2.23394	4667
3.be8f6	5439
4.0b8cc	4517
4.bff50	4506
5.9375b	4618
6.f5a1c	5457
7.4e23d	5391
8.fac81	4388
9.d36de	4977
10.6d92c	4982
11.e1a1c	4698
12.113e3	9078
13.45111	86372
14.7e284	67025
15.6f452	39187
