version	total
2.23394	4144
3.be8f6	4981
4.0b8cc	3994
4.bff50	3992
5.9375b	4098
6.f5a1c	4936
7.4e23d	4825
8.fac81	3865
9.d36de	4452
10.6d92c	4346
11.e1a1c	4175
12.113e3	8357
13.45111	76071
14.7e284	53433
15.6f452	3606
