version	total
2.23394	4110
3.be8f6	4947
4.0b8cc	3960
4.bff50	3958
5.9375b	4064
6.f5a1c	4902
7.4e23d	4788
8.fac81	3831
9.d36de	4417
10.6d92c	4308
11.e1a1c	4141
12.113e3	8315
13.45111	75729
14.7e284	52872
15.6f452	2892
