version	total
2.23394	4618
3.be8f6	5404
4.0b8cc	4467
4.bff50	4459
5.9375b	4568
6.f5a1c	5407
7.4e23d	5339
8.fac81	4339
9.d36de	4929
10.6d92c	4916
11.e1a1c	4650
12.113e3	9014
13.45111	85583
14.7e284	65874
15.6f452	35993
