version	total
2.23394	3972
3.be8f6	4803
4.0b8cc	3822
4.bff50	3819
5.9375b	3927
6.f5a1c	4765
7.4e23d	4634
8.fac81	3692
9.d36de	4276
10.6d92c	4154
11.e1a1c	4004
12.113e3	8142
13.45111	72491
14.7e284	45115
