version	total
2.23394	4300
3.be8f6	5139
4.0b8cc	4152
4.bff50	4148
5.9375b	4256
6.f5a1c	5094
7.4e23d	4999
8.fac81	4023
9.d36de	4612
10.6d92c	4524
11.e1a1c	4332
12.113e3	8601
13.45111	79059
14.7e284	56760
15.6f452	10190
