version	total
2.23394	4171
3.be8f6	5008
4.0b8cc	4021
4.bff50	4018
5.9375b	4125
6.f5a1c	4963
7.4e23d	4857
8.fac81	3892
9.d36de	4481
10.6d92c	4373
11.e1a1c	4202
12.113e3	8396
13.45111	76508
14.7e284	54121
15.6f452	4434
