version	total
2.23394	4153
3.be8f6	4990
4.0b8cc	4003
4.bff50	4001
5.9375b	4107
6.f5a1c	4945
7.4e23d	4835
8.fac81	3874
9.d36de	4463
10.6d92c	4355
11.e1a1c	4184
12.113e3	8372
13.45111	76197
14.7e284	53596
15.6f452	3804
