version	total
2.23394	3611
3.be8f6	4434
4.0b8cc	3461
4.bff50	3472
5.9375b	3569
6.f5a1c	4410
7.4e23d	4231
8.fac81	3329
9.d36de	3913
10.6d92c	3737
11.e1a1c	3646
12.113e3	7593
13.45111	62795
14.7e284	19437
