version	total
2.23394	3605
3.be8f6	4423
4.0b8cc	3455
4.bff50	3465
5.9375b	3562
6.f5a1c	4403
7.4e23d	4223
8.fac81	3323
9.d36de	3906
10.6d92c	3729
11.e1a1c	3640
12.113e3	7578
13.45111	62561
14.7e284	18659
