version	total
2.23394	4067
3.be8f6	4904
4.0b8cc	3917
4.bff50	3915
5.9375b	4021
6.f5a1c	4859
7.4e23d	4739
8.fac81	3788
9.d36de	4373
10.6d92c	4261
11.e1a1c	4098
12.113e3	8264
13.45111	75244
14.7e284	51811
15.6f452	2109
