version	total
2.23394	3649
3.be8f6	4474
4.0b8cc	3500
4.bff50	3507
5.9375b	3604
6.f5a1c	4446
7.4e23d	4277
8.fac81	3370
9.d36de	3951
10.6d92c	3784
11.e1a1c	3684
12.113e3	7658
13.45111	64188
14.7e284	22015
