version	total
2.23394	2731
3.be8f6	3469
4.0b8cc	2574
4.bff50	2604
5.9375b	2681
6.f5a1c	3502
7.4e23d	3187
8.fac81	2436
9.d36de	3014
10.6d92c	2708
11.e1a1c	2769
12.113e3	4798
13.45111	8702
