version	total
2.23394	4292
3.be8f6	5131
4.0b8cc	4144
4.bff50	4140
5.9375b	4248
6.f5a1c	5086
7.4e23d	4991
8.fac81	4015
9.d36de	4603
10.6d92c	4516
11.e1a1c	4324
12.113e3	8591
13.45111	78903
14.7e284	56639
15.6f452	9794
