version	total
2.23394	4124
3.be8f6	4961
4.0b8cc	3974
4.bff50	3972
5.9375b	4078
6.f5a1c	4916
7.4e23d	4804
8.fac81	3845
9.d36de	4431
10.6d92c	4324
11.e1a1c	4155
12.113e3	8331
13.45111	75829
14.7e284	53042
15.6f452	3114
