version	total
2.23394	4535
3.be8f6	5357
4.0b8cc	4386
4.bff50	4378
5.9375b	4487
6.f5a1c	5325
7.4e23d	5246
8.fac81	4257
9.d36de	4846
10.6d92c	4819
11.e1a1c	4567
12.113e3	8913
13.45111	84044
14.7e284	63469
15.6f452	28497
