version	total
2.23394	4264
3.be8f6	5102
4.0b8cc	4114
4.bff50	4110
5.9375b	4217
6.f5a1c	5056
7.4e23d	4955
8.fac81	3985
9.d36de	4574
10.6d92c	4477
11.e1a1c	4296
12.113e3	8542
13.45111	78268
14.7e284	55817
15.6f452	7903
