version	total
2.23394	3940
3.be8f6	4771
4.0b8cc	3790
4.bff50	3787
5.9375b	3895
6.f5a1c	4733
7.4e23d	4595
8.fac81	3660
9.d36de	4243
10.6d92c	4117
11.e1a1c	3972
12.113e3	8094
13.45111	71489
14.7e284	41620
