version	total
2.23394	4594
3.be8f6	5392
4.0b8cc	4445
4.bff50	4436
5.9375b	4545
6.f5a1c	5385
7.4e23d	5315
8.fac81	4317
9.d36de	4907
10.6d92c	4888
11.e1a1c	4627
12.113e3	8986
13.45111	85230
14.7e284	65399
15.6f452	34363
