version	total
2.23394	4098
3.be8f6	4935
4.0b8cc	3948
4.bff50	3946
5.9375b	4052
6.f5a1c	4890
7.4e23d	4775
8.fac81	3819
9.d36de	4405
10.6d92c	4295
11.e1a1c	4129
12.113e3	8300
13.45111	75597
14.7e284	52667
15.6f452	2745
