version	total
2.23394	4472
3.be8f6	5305
4.0b8cc	4325
4.bff50	4318
5.9375b	4426
6.f5a1c	5265
7.4e23d	5181
8.fac81	4196
9.d36de	4786
10.6d92c	4744
11.e1a1c	4506
12.113e3	8832
13.45111	83024
14.7e284	61982
15.6f452	23918
