version	total
2.23394	2584
3.be8f6	3333
4.0b8cc	2426
4.bff50	2457
5.9375b	2528
6.f5a1c	3347
7.4e23d	3018
8.fac81	2282
9.d36de	2883
10.6d92c	2537
11.e1a1c	2618
12.113e3	4565
13.45111	7367
