version	total
2.23394	3829
3.be8f6	4661
4.0b8cc	3680
4.bff50	3680
5.9375b	3781
6.f5a1c	4625
7.4e23d	4474
8.fac81	3552
9.d36de	4132
10.6d92c	3998
11.e1a1c	3863
12.113e3	7947
13.45111	69108
14.7e284	33859
