version	total
2.23394	2760
3.be8f6	3499
4.0b8cc	2608
4.bff50	2632
5.9375b	2716
6.f5a1c	3537
7.4e23d	3238
8.fac81	2472
9.d36de	3043
10.6d92c	2744
11.e1a1c	2797
12.113e3	4850
13.45111	9350
