version	total
2.23394	3889
3.be8f6	4718
4.0b8cc	3739
4.bff50	3737
5.9375b	3845
6.f5a1c	4684
7.4e23d	4538
8.fac81	3610
9.d36de	4192
10.6d92c	4059
11.e1a1c	3921
12.113e3	8021
13.45111	70416
14.7e284	38088
