version	total
2.23394	4814
3.be8f6	5533
4.0b8cc	4664
4.bff50	4654
5.9375b	4768
6.f5a1c	5605
7.4e23d	5557
8.fac81	4539
9.d36de	5133
10.6d92c	5183
11.e1a1c	4851
12.113e3	9297
13.45111	90103
14.7e284	71292
15.6f452	49151
16.747c6	1427
