version	total
2.23394	2518
3.be8f6	3269
4.0b8cc	2358
4.bff50	2389
5.9375b	2458
6.f5a1c	3278
7.4e23d	2928
8.fac81	2213
9.d36de	2814
10.6d92c	2459
11.e1a1c	2549
12.113e3	4428
13.45111	6205
