version	total
2.23394	3758
3.be8f6	4593
4.0b8cc	3609
4.bff50	3615
5.9375b	3713
6.f5a1c	4555
7.4e23d	4394
8.fac81	3479
9.d36de	4062
10.6d92c	3909
11.e1a1c	3793
12.113e3	7839
13.45111	67170
14.7e284	29001
