version	total
2.23394	4566
3.be8f6	5377
4.0b8cc	4417
4.bff50	4411
5.9375b	4520
6.f5a1c	5359
7.4e23d	5283
8.fac81	4289
9.d36de	4878
10.6d92c	4856
11.e1a1c	4598
12.113e3	8950
13.45111	84704
14.7e284	64507
15.6f452	32115
