version	total
2.23394	4952
3.be8f6	5638
4.0b8cc	4805
4.bff50	4783
5.9375b	4908
6.f5a1c	5744
7.4e23d	5710
8.fac81	4678
9.d36de	5270
10.6d92c	5358
11.e1a1c	4992
12.113e3	9542
13.45111	93074
14.7e284	75305
15.6f452	54624
16.747c6	6543
17.b804f	3662
