version	total
2.23394	4075
3.be8f6	4912
4.0b8cc	3925
4.bff50	3923
5.9375b	4029
6.f5a1c	4867
7.4e23d	4748
8.fac81	3796
9.d36de	4381
10.6d92c	4269
11.e1a1c	4106
12.113e3	8272
13.45111	75328
14.7e284	51969
15.6f452	2251
