version	total
2.23394	4715
3.be8f6	5470
4.0b8cc	4567
4.bff50	4556
5.9375b	4669
6.f5a1c	5507
7.4e23d	5447
8.fac81	4438
9.d36de	5031
10.6d92c	5048
11.e1a1c	4751
12.113e3	9163
13.45111	87412
14.7e284	68647
15.6f452	43101
