version	total
2.23394	2183
3.be8f6	2816
4.0b8cc	2029
4.bff50	2060
5.9375b	2122
6.f5a1c	2821
7.4e23d	2553
8.fac81	1879
9.d36de	2451
10.6d92c	2094
11.e1a1c	2191
12.113e3	3744
13.45111	1774
