version	total
2.23394	4604
3.be8f6	5397
4.0b8cc	4455
4.bff50	4446
5.9375b	4555
6.f5a1c	5395
7.4e23d	5327
8.fac81	4327
9.d36de	4917
10.6d92c	4901
11.e1a1c	4637
12.113e3	8999
13.45111	85377
14.7e284	65601
15.6f452	35041
