version	total
2.23394	4008
3.be8f6	4843
4.0b8cc	3858
4.bff50	3855
5.9375b	3963
6.f5a1c	4801
7.4e23d	4671
8.fac81	3728
9.d36de	4313
10.6d92c	4199
11.e1a1c	4040
12.113e3	8188
13.45111	74290
14.7e284	49018
15.6f452	383
