version	total
2.23394	4596
3.be8f6	5393
4.0b8cc	4447
4.bff50	4438
5.9375b	4547
6.f5a1c	5387
7.4e23d	5318
8.fac81	4319
9.d36de	4909
10.6d92c	4891
11.e1a1c	4629
12.113e3	8990
13.45111	85290
14.7e284	65476
15.6f452	34567
