version	total
2.23394	4614
3.be8f6	5402
4.0b8cc	4463
4.bff50	4455
5.9375b	4564
6.f5a1c	5403
7.4e23d	5335
8.fac81	4335
9.d36de	4925
10.6d92c	4912
11.e1a1c	4646
12.113e3	9010
13.45111	85539
14.7e284	65797
15.6f452	35819
