version	total
2.23394	4779
3.be8f6	5511
4.0b8cc	4630
4.bff50	4619
5.9375b	4732
6.f5a1c	5570
7.4e23d	5520
8.fac81	4502
9.d36de	5097
10.6d92c	5134
11.e1a1c	4816
12.113e3	9244
13.45111	88927
14.7e284	70351
15.6f452	47950
