version	total
2.23394	3369
3.be8f6	4168
4.0b8cc	3221
4.bff50	3234
5.9375b	3331
6.f5a1c	4163
7.4e23d	3938
8.fac81	3090
9.d36de	3666
10.6d92c	3449
11.e1a1c	3405
12.113e3	7164
13.45111	47320
14.7e284	4977
