version	total
2.23394	4296
3.be8f6	5135
4.0b8cc	4148
4.bff50	4144
5.9375b	4252
6.f5a1c	5090
7.4e23d	4995
8.fac81	4019
9.d36de	4607
10.6d92c	4520
11.e1a1c	4328
12.113e3	8595
13.45111	78927
14.7e284	56669
15.6f452	9860
