version	total
2.23394	2555
3.be8f6	3310
4.0b8cc	2396
4.bff50	2426
5.9375b	2498
6.f5a1c	3318
7.4e23d	2977
8.fac81	2251
9.d36de	2854
10.6d92c	2503
11.e1a1c	2589
12.113e3	4508
13.45111	6863
