version	total
2.23394	3800
3.be8f6	4635
4.0b8cc	3649
4.bff50	3655
5.9375b	3752
6.f5a1c	4595
7.4e23d	4439
8.fac81	3521
9.d36de	4104
10.6d92c	3959
11.e1a1c	3833
12.113e3	7902
13.45111	68339
14.7e284	31675
