version	total
2.23394	2376
3.be8f6	3088
4.0b8cc	2218
4.bff50	2250
5.9375b	2315
6.f5a1c	3109
7.4e23d	2768
8.fac81	2069
9.d36de	2657
10.6d92c	2296
11.e1a1c	2400
12.113e3	4147
13.45111	4234
