version	total
2.23394	3262
3.be8f6	4055
4.0b8cc	3117
4.bff50	3132
5.9375b	3227
6.f5a1c	4059
7.4e23d	3818
8.fac81	2985
9.d36de	3556
10.6d92c	3336
11.e1a1c	3299
12.113e3	7004
13.45111	33518
14.7e284	1972
