version	total
2.23394	4717
3.be8f6	5471
4.0b8cc	4569
4.bff50	4558
5.9375b	4671
6.f5a1c	5508
7.4e23d	5449
8.fac81	4440
9.d36de	5032
10.6d92c	5051
11.e1a1c	4753
12.113e3	9165
13.45111	87418
14.7e284	68663
15.6f452	43181
