version	total
2.23394	4879
3.be8f6	5579
4.0b8cc	4735
4.bff50	4719
5.9375b	4838
6.f5a1c	5675
7.4e23d	5628
8.fac81	4611
9.d36de	5205
10.6d92c	5269
11.e1a1c	4921
12.113e3	9403
13.45111	91056
14.7e284	72607
15.6f452	50672
16.747c6	4046
