version	total
2.23394	4116
3.be8f6	4953
4.0b8cc	3966
4.bff50	3964
5.9375b	4070
6.f5a1c	4908
7.4e23d	4795
8.fac81	3837
9.d36de	4423
10.6d92c	4315
11.e1a1c	4147
12.113e3	8323
13.45111	75760
14.7e284	52939
15.6f452	2986
