version	total
2.23394	4331
3.be8f6	5164
4.0b8cc	4183
4.bff50	4176
5.9375b	4285
6.f5a1c	5123
7.4e23d	5030
8.fac81	4054
9.d36de	4644
10.6d92c	4566
11.e1a1c	4363
12.113e3	8644
13.45111	79767
14.7e284	57777
15.6f452	13124
