version	total
2.23394	4564
3.be8f6	5373
4.0b8cc	4415
4.bff50	4407
5.9375b	4516
6.f5a1c	5355
7.4e23d	5281
8.fac81	4287
9.d36de	4876
10.6d92c	4854
11.e1a1c	4596
12.113e3	8947
13.45111	84636
14.7e284	64399
15.6f452	31855
