version	total
2.23394	4204
3.be8f6	5042
4.0b8cc	4054
4.bff50	4050
5.9375b	4157
6.f5a1c	4996
7.4e23d	4891
8.fac81	3925
9.d36de	4514
10.6d92c	4408
11.e1a1c	4235
12.113e3	8464
13.45111	77111
14.7e284	54728
15.6f452	5629
