version	total
2.23394	4965
3.be8f6	5646
4.0b8cc	4818
4.bff50	4796
5.9375b	4921
6.f5a1c	5757
7.4e23d	5723
8.fac81	4691
9.d36de	5284
10.6d92c	5375
11.e1a1c	5005
12.113e3	9564
13.45111	93336
14.7e284	75592
15.6f452	55220
16.747c6	6730
17.b804f	4215
