version	total
2.23394	4027
3.be8f6	4863
4.0b8cc	3877
4.bff50	3874
5.9375b	3982
6.f5a1c	4820
7.4e23d	4692
8.fac81	3749
9.d36de	4332
10.6d92c	4220
11.e1a1c	4059
12.113e3	8213
13.45111	74666
14.7e284	50727
15.6f452	1241
