version	total
2.23394	2277
3.be8f6	2947
4.0b8cc	2120
4.bff50	2151
5.9375b	2215
6.f5a1c	2988
7.4e23d	2657
8.fac81	1969
9.d36de	2553
10.6d92c	2190
11.e1a1c	2291
12.113e3	3947
13.45111	2933
