version	total
2.23394	4052
3.be8f6	4888
4.0b8cc	3902
4.bff50	3900
5.9375b	4007
6.f5a1c	4845
7.4e23d	4721
8.fac81	3774
9.d36de	4359
10.6d92c	4246
11.e1a1c	4084
12.113e3	8244
13.45111	75045
14.7e284	51506
15.6f452	1849
