version	total
2.23394	3813
3.be8f6	4650
4.0b8cc	3664
4.bff50	3666
5.9375b	3766
6.f5a1c	4608
7.4e23d	4458
8.fac81	3536
9.d36de	4116
10.6d92c	3977
11.e1a1c	3847
12.113e3	7930
13.45111	68704
14.7e284	32764
