version	total
2.23394	3989
3.be8f6	4824
4.0b8cc	3839
4.bff50	3836
5.9375b	3944
6.f5a1c	4782
7.4e23d	4652
8.fac81	3709
9.d36de	4293
10.6d92c	4179
11.e1a1c	4021
12.113e3	8167
13.45111	73927
14.7e284	48192
