version	total
2.23394	3627
3.be8f6	4450
4.0b8cc	3477
4.bff50	3485
5.9375b	3582
6.f5a1c	4425
7.4e23d	4250
8.fac81	3345
9.d36de	3929
10.6d92c	3754
11.e1a1c	3662
12.113e3	7619
13.45111	63129
14.7e284	20363
