version	total
2.23394	2571
3.be8f6	3322
4.0b8cc	2412
4.bff50	2443
5.9375b	2513
6.f5a1c	3333
7.4e23d	2994
8.fac81	2267
9.d36de	2872
10.6d92c	2521
11.e1a1c	2605
12.113e3	4541
13.45111	7177
