version	total
2.23394	2190
3.be8f6	2830
4.0b8cc	2035
4.bff50	2066
5.9375b	2128
6.f5a1c	2832
7.4e23d	2561
8.fac81	1885
9.d36de	2458
10.6d92c	2101
11.e1a1c	2198
12.113e3	3757
13.45111	1835
