version	total
2.23394	2245
3.be8f6	2900
4.0b8cc	2088
4.bff50	2119
5.9375b	2183
6.f5a1c	2945
7.4e23d	2622
8.fac81	1937
9.d36de	2518
10.6d92c	2155
11.e1a1c	2256
12.113e3	3894
13.45111	2536
