version	total
2.23394	4192
3.be8f6	5028
4.0b8cc	4042
4.bff50	4038
5.9375b	4145
6.f5a1c	4984
7.4e23d	4879
8.fac81	3913
9.d36de	4503
10.6d92c	4396
11.e1a1c	4223
12.113e3	8443
13.45111	76968
14.7e284	54547
15.6f452	5334
