version	total
2.23394	4622
3.be8f6	5406
4.0b8cc	4471
4.bff50	4463
5.9375b	4572
6.f5a1c	5411
7.4e23d	5343
8.fac81	4343
9.d36de	4933
10.6d92c	4921
11.e1a1c	4654
12.113e3	9019
13.45111	85692
14.7e284	65941
15.6f452	36226
