version	total
2.23394	4356
3.be8f6	5189
4.0b8cc	4208
4.bff50	4201
5.9375b	4310
6.f5a1c	5148
7.4e23d	5057
8.fac81	4079
9.d36de	4669
10.6d92c	4593
11.e1a1c	4388
12.113e3	8675
13.45111	80343
14.7e284	58541
15.6f452	15042
