version	total
2.23394	4213
3.be8f6	5052
4.0b8cc	4063
4.bff50	4059
5.9375b	4166
6.f5a1c	5005
7.4e23d	4902
8.fac81	3934
9.d36de	4523
10.6d92c	4419
11.e1a1c	4244
12.113e3	8477
13.45111	77281
14.7e284	54948
15.6f452	6007
