version	total
2.23394	4871
3.be8f6	5576
4.0b8cc	4726
4.bff50	4710
5.9375b	4829
6.f5a1c	5665
7.4e23d	5620
8.fac81	4601
9.d36de	5196
10.6d92c	5258
11.e1a1c	4914
12.113e3	9392
13.45111	90902
14.7e284	72355
15.6f452	50281
16.747c6	3422
