version	total
2.23394	2744
3.be8f6	3483
4.0b8cc	2588
4.bff50	2617
5.9375b	2695
6.f5a1c	3516
7.4e23d	3203
8.fac81	2450
9.d36de	3027
10.6d92c	2725
11.e1a1c	2782
12.113e3	4820
13.45111	8960
