version	total
2.23394	3975
3.be8f6	4807
4.0b8cc	3825
4.bff50	3823
5.9375b	3931
6.f5a1c	4770
7.4e23d	4637
8.fac81	3695
9.d36de	4279
10.6d92c	4160
11.e1a1c	4007
12.113e3	8146
13.45111	73077
14.7e284	45671
