version	total
2.23394	2888
3.be8f6	3639
4.0b8cc	2745
4.bff50	2758
5.9375b	2854
6.f5a1c	3675
7.4e23d	3376
8.fac81	2612
9.d36de	3176
10.6d92c	2888
11.e1a1c	2922
12.113e3	5374
13.45111	12889
