version	total
2.23394	2678
3.be8f6	3414
4.0b8cc	2521
4.bff50	2551
5.9375b	2627
6.f5a1c	3448
7.4e23d	3130
8.fac81	2382
9.d36de	2958
10.6d92c	2641
11.e1a1c	2713
12.113e3	4717
13.45111	8268
