version	total
2.23394	4077
3.be8f6	4914
4.0b8cc	3927
4.bff50	3925
5.9375b	4031
6.f5a1c	4869
7.4e23d	4750
8.fac81	3798
9.d36de	4383
10.6d92c	4272
11.e1a1c	4108
12.113e3	8274
13.45111	75351
14.7e284	52021
15.6f452	2310
