version	total
2.23394	4737
3.be8f6	5483
4.0b8cc	4590
4.bff50	4579
5.9375b	4692
6.f5a1c	5531
7.4e23d	5473
8.fac81	4461
9.d36de	5054
10.6d92c	5081
11.e1a1c	4776
12.113e3	9193
13.45111	87789
14.7e284	69268
15.6f452	45151
