version	total
2.23394	3232
3.be8f6	4019
4.0b8cc	3088
4.bff50	3102
5.9375b	3198
6.f5a1c	4029
7.4e23d	3787
8.fac81	2954
9.d36de	3526
10.6d92c	3305
11.e1a1c	3269
12.113e3	6952
13.45111	32331
14.7e284	1428
