version	total
2.23394	2660
3.be8f6	3395
4.0b8cc	2503
4.bff50	2535
5.9375b	2610
6.f5a1c	3428
7.4e23d	3108
8.fac81	2363
9.d36de	2940
10.6d92c	2621
11.e1a1c	2696
12.113e3	4686
13.45111	8136
