version	total
2.23394	4071
3.be8f6	4908
4.0b8cc	3921
4.bff50	3919
5.9375b	4025
6.f5a1c	4863
7.4e23d	4744
8.fac81	3792
9.d36de	4376
10.6d92c	4265
11.e1a1c	4102
12.113e3	8268
13.45111	75307
14.7e284	51927
15.6f452	2225
