version	total
2.23394	4539
3.be8f6	5359
4.0b8cc	4390
4.bff50	4382
5.9375b	4491
6.f5a1c	5329
7.4e23d	5251
8.fac81	4261
9.d36de	4850
10.6d92c	4823
11.e1a1c	4571
12.113e3	8917
13.45111	84127
14.7e284	63617
15.6f452	28903
