version	total
2.23394	2218
3.be8f6	2865
4.0b8cc	2062
4.bff50	2094
5.9375b	2158
6.f5a1c	2899
7.4e23d	2594
8.fac81	1912
9.d36de	2490
10.6d92c	2128
11.e1a1c	2230
12.113e3	3823
13.45111	2153
