version	total
2.23394	4986
3.be8f6	5663
4.0b8cc	4838
4.bff50	4816
5.9375b	4941
6.f5a1c	5778
7.4e23d	5743
8.fac81	4709
9.d36de	5303
10.6d92c	5398
11.e1a1c	5024
12.113e3	9590
13.45111	93649
14.7e284	76043
15.6f452	58544
16.747c6	7027
17.b804f	5184
