version	total
2.23394	3916
3.be8f6	4747
4.0b8cc	3767
4.bff50	3764
5.9375b	3872
6.f5a1c	4710
7.4e23d	4569
8.fac81	3637
9.d36de	4219
10.6d92c	4092
11.e1a1c	3949
12.113e3	8063
13.45111	71131
14.7e284	40263
