version	total
2.23394	4873
3.be8f6	5579
4.0b8cc	4729
4.bff50	4713
5.9375b	4832
6.f5a1c	5669
7.4e23d	5623
8.fac81	4605
9.d36de	5199
10.6d92c	5261
11.e1a1c	4915
12.113e3	9394
13.45111	90946
14.7e284	72432
15.6f452	50365
16.747c6	3525
