version	total
2.23394	4335
3.be8f6	5168
4.0b8cc	4187
4.bff50	4180
5.9375b	4289
6.f5a1c	5127
7.4e23d	5034
8.fac81	4058
9.d36de	4648
10.6d92c	4570
11.e1a1c	4367
12.113e3	8649
13.45111	79892
14.7e284	57944
15.6f452	13529
