version	total
2.23394	3395
3.be8f6	4197
4.0b8cc	3247
4.bff50	3260
5.9375b	3357
6.f5a1c	4189
7.4e23d	3966
8.fac81	3116
9.d36de	3692
10.6d92c	3480
11.e1a1c	3431
12.113e3	7213
13.45111	48937
14.7e284	5858
