version	total
2.23394	2236
3.be8f6	2889
4.0b8cc	2080
4.bff50	2111
5.9375b	2175
6.f5a1c	2935
7.4e23d	2611
8.fac81	1929
9.d36de	2509
10.6d92c	2146
11.e1a1c	2248
12.113e3	3873
13.45111	2431
