version	total
2.23394	2510
3.be8f6	3259
4.0b8cc	2350
4.bff50	2381
5.9375b	2450
6.f5a1c	3270
7.4e23d	2920
8.fac81	2205
9.d36de	2804
10.6d92c	2448
11.e1a1c	2541
12.113e3	4409
13.45111	6127
