version	total
2.23394	2427
3.be8f6	3154
4.0b8cc	2269
4.bff50	2300
5.9375b	2365
6.f5a1c	3173
7.4e23d	2825
8.fac81	2120
9.d36de	2708
10.6d92c	2354
11.e1a1c	2449
12.113e3	4232
13.45111	4901
