version	total
2.23394	4803
3.be8f6	5527
4.0b8cc	4654
4.bff50	4644
5.9375b	4758
6.f5a1c	5595
7.4e23d	5546
8.fac81	4529
9.d36de	5121
10.6d92c	5169
11.e1a1c	4840
12.113e3	9283
13.45111	89807
14.7e284	71026
15.6f452	48808
16.747c6	982
