version	total
2.23394	3571
3.be8f6	4384
4.0b8cc	3422
4.bff50	3430
5.9375b	3526
6.f5a1c	4368
7.4e23d	4183
8.fac81	3290
9.d36de	3873
10.6d92c	3687
11.e1a1c	3607
12.113e3	7522
13.45111	61675
14.7e284	16276
