version	total
2.23394	4372
3.be8f6	5205
4.0b8cc	4224
4.bff50	4217
5.9375b	4326
6.f5a1c	5165
7.4e23d	5073
8.fac81	4095
9.d36de	4685
10.6d92c	4609
11.e1a1c	4404
12.113e3	8695
13.45111	80656
14.7e284	58979
15.6f452	16252
