version	total
2.23394	3349
3.be8f6	4147
4.0b8cc	3203
4.bff50	3218
5.9375b	3315
6.f5a1c	4147
7.4e23d	3916
8.fac81	3072
9.d36de	3645
10.6d92c	3427
11.e1a1c	3385
12.113e3	7136
13.45111	42800
14.7e284	4533
