version	total
2.23394	4658
3.be8f6	5429
4.0b8cc	4508
4.bff50	4498
5.9375b	4609
6.f5a1c	5448
7.4e23d	5380
8.fac81	4379
9.d36de	4968
10.6d92c	4973
11.e1a1c	4690
12.113e3	9065
13.45111	86222
14.7e284	66872
15.6f452	38788
