version	total
2.23394	3976
3.be8f6	4808
4.0b8cc	3826
4.bff50	3824
5.9375b	3932
6.f5a1c	4771
7.4e23d	4638
8.fac81	3696
9.d36de	4280
10.6d92c	4161
11.e1a1c	4008
12.113e3	8147
13.45111	73319
14.7e284	45727
