version	total
2.23394	2424
3.be8f6	3150
4.0b8cc	2266
4.bff50	2297
5.9375b	2362
6.f5a1c	3170
7.4e23d	2821
8.fac81	2117
9.d36de	2706
10.6d92c	2351
11.e1a1c	2446
12.113e3	4221
13.45111	4865
