version	total
2.23394	4478
3.be8f6	5311
4.0b8cc	4331
4.bff50	4324
5.9375b	4432
6.f5a1c	5271
7.4e23d	5187
8.fac81	4202
9.d36de	4792
10.6d92c	4752
11.e1a1c	4512
12.113e3	8838
13.45111	83127
14.7e284	62170
15.6f452	24385
