version	total
2.23394	4231
3.be8f6	5070
4.0b8cc	4081
4.bff50	4077
5.9375b	4184
6.f5a1c	5023
7.4e23d	4921
8.fac81	3952
9.d36de	4541
10.6d92c	4438
11.e1a1c	4263
12.113e3	8495
13.45111	77624
14.7e284	55215
15.6f452	6542
