version	total
2.23394	3411
3.be8f6	4211
4.0b8cc	3263
4.bff50	3276
5.9375b	3373
6.f5a1c	4207
7.4e23d	3982
8.fac81	3132
9.d36de	3709
10.6d92c	3498
11.e1a1c	3447
12.113e3	7241
13.45111	54574
14.7e284	6607
