version	total
2.23394	2714
3.be8f6	3451
4.0b8cc	2557
4.bff50	2587
5.9375b	2664
6.f5a1c	3485
7.4e23d	3170
8.fac81	2419
9.d36de	2996
10.6d92c	2688
11.e1a1c	2752
12.113e3	4770
13.45111	8564
