version	total
2.23394	4380
3.be8f6	5213
4.0b8cc	4230
4.bff50	4225
5.9375b	4334
6.f5a1c	5172
7.4e23d	5079
8.fac81	4101
9.d36de	4693
10.6d92c	4618
11.e1a1c	4412
12.113e3	8703
13.45111	80890
14.7e284	59203
15.6f452	16814
