version	total
2.23394	4488
3.be8f6	5319
4.0b8cc	4341
4.bff50	4334
5.9375b	4442
6.f5a1c	5281
7.4e23d	5197
8.fac81	4212
9.d36de	4802
10.6d92c	4767
11.e1a1c	4522
12.113e3	8849
13.45111	83330
14.7e284	62327
15.6f452	25141
