version	total
2.23394	2619
3.be8f6	3357
4.0b8cc	2460
4.bff50	2491
5.9375b	2562
6.f5a1c	3380
7.4e23d	3056
8.fac81	2316
9.d36de	2905
10.6d92c	2575
11.e1a1c	2654
12.113e3	4616
13.45111	7833
