version	total
2.23394	2539
3.be8f6	3294
4.0b8cc	2379
4.bff50	2408
5.9375b	2480
6.f5a1c	3300
7.4e23d	2956
8.fac81	2233
9.d36de	2838
10.6d92c	2481
11.e1a1c	2572
12.113e3	4472
13.45111	6607
