version	total
2.23394	4845
3.be8f6	5561
4.0b8cc	4699
4.bff50	4686
5.9375b	4801
6.f5a1c	5637
7.4e23d	5592
8.fac81	4573
9.d36de	5166
10.6d92c	5220
11.e1a1c	4885
12.113e3	9350
13.45111	90668
14.7e284	71999
15.6f452	49915
16.747c6	2655
