version	total
2.23394	2257
3.be8f6	2919
4.0b8cc	2100
4.bff50	2131
5.9375b	2195
6.f5a1c	2960
7.4e23d	2636
8.fac81	1949
9.d36de	2532
10.6d92c	2168
11.e1a1c	2269
12.113e3	3912
13.45111	2651
