version	total
2.23394	4928
3.be8f6	5615
4.0b8cc	4780
4.bff50	4763
5.9375b	4887
6.f5a1c	5722
7.4e23d	5682
8.fac81	4654
9.d36de	5248
10.6d92c	5326
11.e1a1c	4969
12.113e3	9488
13.45111	92360
14.7e284	74525
15.6f452	53291
16.747c6	5983
17.b804f	2101
