version	total
2.23394	2224
3.be8f6	2874
4.0b8cc	2068
4.bff50	2100
5.9375b	2164
6.f5a1c	2910
7.4e23d	2600
8.fac81	1918
9.d36de	2496
10.6d92c	2134
11.e1a1c	2236
12.113e3	3841
13.45111	2213
