version	total
2.23394	2412
3.be8f6	3134
4.0b8cc	2254
4.bff50	2285
5.9375b	2350
6.f5a1c	3154
7.4e23d	2809
8.fac81	2104
9.d36de	2694
10.6d92c	2335
11.e1a1c	2433
12.113e3	4199
13.45111	4699
