version	total
2.23394	4219
3.be8f6	5058
4.0b8cc	4069
4.bff50	4065
5.9375b	4172
6.f5a1c	5011
7.4e23d	4908
8.fac81	3940
9.d36de	4529
10.6d92c	4425
11.e1a1c	4250
12.113e3	8483
13.45111	77406
14.7e284	54992
15.6f452	6146
