version	total
2.23394	2240
3.be8f6	2893
4.0b8cc	2084
4.bff50	2115
5.9375b	2179
6.f5a1c	2940
7.4e23d	2615
8.fac81	1933
9.d36de	2513
10.6d92c	2151
11.e1a1c	2252
12.113e3	3880
13.45111	2460
