version	total
2.23394	4056
3.be8f6	4892
4.0b8cc	3906
4.bff50	3904
5.9375b	4011
6.f5a1c	4849
7.4e23d	4727
8.fac81	3778
9.d36de	4363
10.6d92c	4250
11.e1a1c	4088
12.113e3	8250
13.45111	75115
14.7e284	51608
15.6f452	1929
