version	total
2.23394	4749
3.be8f6	5492
4.0b8cc	4602
4.bff50	4592
5.9375b	4704
6.f5a1c	5543
7.4e23d	5487
8.fac81	4474
9.d36de	5065
10.6d92c	5101
11.e1a1c	4788
12.113e3	9208
13.45111	88022
14.7e284	69565
15.6f452	46076
