version	total
2.23394	3547
3.be8f6	4358
4.0b8cc	3397
4.bff50	3405
5.9375b	3502
6.f5a1c	4344
7.4e23d	4154
8.fac81	3266
9.d36de	3849
10.6d92c	3661
11.e1a1c	3581
12.113e3	7481
13.45111	61041
14.7e284	14790
