version	total
2.23394	3744
3.be8f6	4577
4.0b8cc	3595
4.bff50	3601
5.9375b	3699
6.f5a1c	4542
7.4e23d	4377
8.fac81	3465
9.d36de	4048
10.6d92c	3893
11.e1a1c	3779
12.113e3	7817
13.45111	66844
14.7e284	27931
