version	total
2.23394	3561
3.be8f6	4374
4.0b8cc	3411
4.bff50	3419
5.9375b	3517
6.f5a1c	4358
7.4e23d	4169
8.fac81	3280
9.d36de	3863
10.6d92c	3676
11.e1a1c	3596
12.113e3	7508
13.45111	61417
14.7e284	15692
