version	total
2.23394	4829
3.be8f6	5545
4.0b8cc	4682
4.bff50	4670
5.9375b	4785
6.f5a1c	5620
7.4e23d	5575
8.fac81	4556
9.d36de	5150
10.6d92c	5201
11.e1a1c	4867
12.113e3	9324
13.45111	90479
14.7e284	71750
15.6f452	49619
16.747c6	2203
