version	total
2.23394	3456
3.be8f6	4263
4.0b8cc	3307
4.bff50	3318
5.9375b	3415
6.f5a1c	4250
7.4e23d	4028
8.fac81	3176
9.d36de	3756
10.6d92c	3551
11.e1a1c	3491
12.113e3	7334
13.45111	58153
14.7e284	8639
