version	total
2.23394	4836
3.be8f6	5553
4.0b8cc	4691
4.bff50	4678
5.9375b	4793
6.f5a1c	5629
7.4e23d	5584
8.fac81	4563
9.d36de	5158
10.6d92c	5210
11.e1a1c	4876
12.113e3	9335
13.45111	90579
14.7e284	71939
15.6f452	49797
16.747c6	2471
