version	total
2.23394	4857
3.be8f6	5570
4.0b8cc	4712
4.bff50	4699
5.9375b	4814
6.f5a1c	5652
7.4e23d	5605
8.fac81	4588
9.d36de	5183
10.6d92c	5240
11.e1a1c	4899
12.113e3	9373
13.45111	90795
14.7e284	72128
15.6f452	50122
16.747c6	2953
