version	total
2.23394	2884
3.be8f6	3633
4.0b8cc	2740
4.bff50	2754
5.9375b	2848
6.f5a1c	3669
7.4e23d	3372
8.fac81	2606
9.d36de	3172
10.6d92c	2884
11.e1a1c	2918
12.113e3	5348
13.45111	12717
