version	total
2.23394	2630
3.be8f6	3365
4.0b8cc	2474
4.bff50	2508
5.9375b	2580
6.f5a1c	3399
7.4e23d	3074
8.fac81	2332
9.d36de	2912
10.6d92c	2588
11.e1a1c	2665
12.113e3	4644
13.45111	7969
