version	total
2.23394	4869
3.be8f6	5576
4.0b8cc	4724
4.bff50	4708
5.9375b	4827
6.f5a1c	5663
7.4e23d	5618
8.fac81	4599
9.d36de	5194
10.6d92c	5255
11.e1a1c	4911
12.113e3	9388
13.45111	90890
14.7e284	72332
15.6f452	50258
16.747c6	3384
