version	total
2.23394	3405
3.be8f6	4205
4.0b8cc	3257
4.bff50	3270
5.9375b	3367
6.f5a1c	4201
7.4e23d	3976
8.fac81	3126
9.d36de	3703
10.6d92c	3490
11.e1a1c	3441
12.113e3	7229
13.45111	52692
14.7e284	6398
