version	total
2.23394	3740
3.be8f6	4573
4.0b8cc	3591
4.bff50	3597
5.9375b	3695
6.f5a1c	4537
7.4e23d	4373
8.fac81	3461
9.d36de	4044
10.6d92c	3889
11.e1a1c	3775
12.113e3	7811
13.45111	66768
14.7e284	27815
