version	total
2.23394	4273
3.be8f6	5111
4.0b8cc	4123
4.bff50	4119
5.9375b	4226
6.f5a1c	5065
7.4e23d	4966
8.fac81	3994
9.d36de	4584
10.6d92c	4490
11.e1a1c	4305
12.113e3	8556
13.45111	78409
14.7e284	55976
15.6f452	8208
