version	total
2.23394	4875
3.be8f6	5579
4.0b8cc	4731
4.bff50	4715
5.9375b	4834
6.f5a1c	5671
7.4e23d	5625
8.fac81	4607
9.d36de	5201
10.6d92c	5264
11.e1a1c	4918
12.113e3	9396
13.45111	90995
14.7e284	72501
15.6f452	50465
16.747c6	3670
