version	total
2.23394	2467
3.be8f6	3210
4.0b8cc	2308
4.bff50	2339
5.9375b	2405
6.f5a1c	3225
7.4e23d	2872
8.fac81	2160
9.d36de	2758
10.6d92c	2403
11.e1a1c	2492
12.113e3	4323
13.45111	5555
