version	total
2.23394	3415
3.be8f6	4215
4.0b8cc	3267
4.bff50	3280
5.9375b	3377
6.f5a1c	4211
7.4e23d	3986
8.fac81	3136
9.d36de	3714
10.6d92c	3503
11.e1a1c	3451
12.113e3	7248
13.45111	54844
14.7e284	6816
