version	total
2.23394	4384
3.be8f6	5215
4.0b8cc	4234
4.bff50	4229
5.9375b	4338
6.f5a1c	5176
7.4e23d	5083
8.fac81	4105
9.d36de	4697
10.6d92c	4622
11.e1a1c	4416
12.113e3	8709
13.45111	80964
14.7e284	59290
15.6f452	17027
