version	total
2.23394	3292
3.be8f6	4089
4.0b8cc	3147
4.bff50	3162
5.9375b	3258
6.f5a1c	4089
7.4e23d	3850
8.fac81	3015
9.d36de	3587
10.6d92c	3368
11.e1a1c	3329
12.113e3	7053
13.45111	34503
14.7e284	2969
