version	total
2.23394	2694
3.be8f6	3430
4.0b8cc	2537
4.bff50	2567
5.9375b	2643
6.f5a1c	3464
7.4e23d	3148
8.fac81	2398
9.d36de	2976
10.6d92c	2661
11.e1a1c	2731
12.113e3	4740
13.45111	8399
