version	total
2.23394	4081
3.be8f6	4918
4.0b8cc	3931
4.bff50	3929
5.9375b	4035
6.f5a1c	4873
7.4e23d	4754
8.fac81	3802
9.d36de	4388
10.6d92c	4276
11.e1a1c	4112
12.113e3	8279
13.45111	75394
14.7e284	52138
15.6f452	2412
