version	total
2.23394	4452
3.be8f6	5284
4.0b8cc	4305
4.bff50	4298
5.9375b	4407
6.f5a1c	5245
7.4e23d	5157
8.fac81	4176
9.d36de	4766
10.6d92c	4719
11.e1a1c	4486
12.113e3	8804
13.45111	82592
14.7e284	61362
15.6f452	22395
