version	total
2.23394	2515
3.be8f6	3265
4.0b8cc	2355
4.bff50	2386
5.9375b	2455
6.f5a1c	3275
7.4e23d	2925
8.fac81	2210
9.d36de	2811
10.6d92c	2455
11.e1a1c	2546
12.113e3	4422
13.45111	6189
