version	total
2.23394	3703
3.be8f6	4534
4.0b8cc	3554
4.bff50	3561
5.9375b	3658
6.f5a1c	4500
7.4e23d	4334
8.fac81	3424
9.d36de	4007
10.6d92c	3844
11.e1a1c	3738
12.113e3	7753
13.45111	65738
14.7e284	25596
