version	total
2.23394	4360
3.be8f6	5193
4.0b8cc	4212
4.bff50	4205
5.9375b	4314
6.f5a1c	5152
7.4e23d	5061
8.fac81	4083
9.d36de	4673
10.6d92c	4597
11.e1a1c	4392
12.113e3	8682
13.45111	80427
14.7e284	58689
15.6f452	15426
