version	total
2.23394	2642
3.be8f6	3377
4.0b8cc	2485
4.bff50	2519
5.9375b	2592
6.f5a1c	3410
7.4e23d	3086
8.fac81	2345
9.d36de	2922
10.6d92c	2601
11.e1a1c	2676
12.113e3	4659
13.45111	8024
