version	total
2.23394	4285
3.be8f6	5124
4.0b8cc	4136
4.bff50	4132
5.9375b	4239
6.f5a1c	5078
7.4e23d	4982
8.fac81	4007
9.d36de	4595
10.6d92c	4507
11.e1a1c	4317
12.113e3	8575
13.45111	78620
14.7e284	56285
15.6f452	9110
