version	total
2.23394	4286
3.be8f6	5125
4.0b8cc	4136
4.bff50	4134
5.9375b	4241
6.f5a1c	5080
7.4e23d	4983
8.fac81	4008
9.d36de	4597
10.6d92c	4507
11.e1a1c	4318
12.113e3	8581
13.45111	78683
14.7e284	56383
15.6f452	9283
