version	total
2.23394	4339
3.be8f6	5172
4.0b8cc	4191
4.bff50	4184
5.9375b	4293
6.f5a1c	5131
7.4e23d	5038
8.fac81	4062
9.d36de	4652
10.6d92c	4574
11.e1a1c	4371
12.113e3	8653
13.45111	79940
14.7e284	58013
15.6f452	13703
