version	total
2.23394	4811
3.be8f6	5532
4.0b8cc	4662
4.bff50	4652
5.9375b	4766
6.f5a1c	5603
7.4e23d	5555
8.fac81	4537
9.d36de	5131
10.6d92c	5179
11.e1a1c	4849
12.113e3	9294
13.45111	90054
14.7e284	71248
15.6f452	49042
16.747c6	1310
