version	total
2.23394	3470
3.be8f6	4277
4.0b8cc	3321
4.bff50	3331
5.9375b	3428
6.f5a1c	4266
7.4e23d	4060
8.fac81	3189
9.d36de	3769
10.6d92c	3566
11.e1a1c	3504
12.113e3	7366
13.45111	58621
14.7e284	9377
