version	total
2.23394	4155
3.be8f6	4992
4.0b8cc	4005
4.bff50	4003
5.9375b	4109
6.f5a1c	4947
7.4e23d	4838
8.fac81	3876
9.d36de	4464
10.6d92c	4357
11.e1a1c	4186
12.113e3	8374
13.45111	76234
14.7e284	53657
15.6f452	3878
