version	total
2.23394	3353
3.be8f6	4149
4.0b8cc	3205
4.bff50	3218
5.9375b	3315
6.f5a1c	4147
7.4e23d	3921
8.fac81	3074
9.d36de	3649
10.6d92c	3429
11.e1a1c	3389
12.113e3	7139
13.45111	44335
14.7e284	4582
