version	total
2.23394	4917
3.be8f6	5606
4.0b8cc	4769
4.bff50	4754
5.9375b	4876
6.f5a1c	5711
7.4e23d	5667
8.fac81	4644
9.d36de	5237
10.6d92c	5309
11.e1a1c	4957
12.113e3	9469
13.45111	91736
14.7e284	73615
15.6f452	52143
16.747c6	5400
17.b804f	785
