version	total
2.23394	2273
3.be8f6	2939
4.0b8cc	2116
4.bff50	2147
5.9375b	2211
6.f5a1c	2979
7.4e23d	2652
8.fac81	1965
9.d36de	2549
10.6d92c	2184
11.e1a1c	2286
12.113e3	3942
13.45111	2860
