version	total
2.23394	4743
3.be8f6	5489
4.0b8cc	4596
4.bff50	4586
5.9375b	4698
6.f5a1c	5537
7.4e23d	5480
8.fac81	4468
9.d36de	5059
10.6d92c	5092
11.e1a1c	4781
12.113e3	9202
13.45111	87886
14.7e284	69446
15.6f452	45590
