version	total
2.23394	2285
3.be8f6	2957
4.0b8cc	2128
4.bff50	2159
5.9375b	2223
6.f5a1c	2999
7.4e23d	2665
8.fac81	1977
9.d36de	2561
10.6d92c	2198
11.e1a1c	2300
12.113e3	3958
13.45111	3022
