version	total
2.23394	4227
3.be8f6	5066
4.0b8cc	4077
4.bff50	4073
5.9375b	4180
6.f5a1c	5019
7.4e23d	4917
8.fac81	3948
9.d36de	4537
10.6d92c	4434
11.e1a1c	4259
12.113e3	8491
13.45111	77598
14.7e284	55196
15.6f452	6488
