version	total
2.23394	4424
3.be8f6	5254
4.0b8cc	4276
4.bff50	4269
5.9375b	4378
6.f5a1c	5216
7.4e23d	5126
8.fac81	4147
9.d36de	4738
10.6d92c	4680
11.e1a1c	4457
12.113e3	8759
13.45111	81990
14.7e284	60584
15.6f452	20350
