version	total
2.23394	3768
3.be8f6	4603
4.0b8cc	3618
4.bff50	3624
5.9375b	3722
6.f5a1c	4566
7.4e23d	4403
8.fac81	3488
9.d36de	4071
10.6d92c	3922
11.e1a1c	3802
12.113e3	7855
13.45111	67410
14.7e284	29711
