version	total
2.23394	2416
3.be8f6	3139
4.0b8cc	2258
4.bff50	2289
5.9375b	2354
6.f5a1c	3158
7.4e23d	2813
8.fac81	2108
9.d36de	2698
10.6d92c	2339
11.e1a1c	2437
12.113e3	4209
13.45111	4780
