version	total
2.23394	3029
3.be8f6	3791
4.0b8cc	2885
4.bff50	2898
5.9375b	2996
6.f5a1c	3824
7.4e23d	3541
8.fac81	2751
9.d36de	3319
10.6d92c	3041
11.e1a1c	3063
12.113e3	6182
13.45111	18574
