version	total
2.23394	4370
3.be8f6	5203
4.0b8cc	4222
4.bff50	4215
5.9375b	4324
6.f5a1c	5162
7.4e23d	5071
8.fac81	4093
9.d36de	4683
10.6d92c	4607
11.e1a1c	4402
12.113e3	8693
13.45111	80592
14.7e284	58897
15.6f452	16110
