version	total
2.23394	4719
3.be8f6	5472
4.0b8cc	4571
4.bff50	4560
5.9375b	4673
6.f5a1c	5510
7.4e23d	5451
8.fac81	4442
9.d36de	5034
10.6d92c	5053
11.e1a1c	4755
12.113e3	9169
13.45111	87472
14.7e284	68741
15.6f452	43362
