version	total
2.23394	2474
3.be8f6	3215
4.0b8cc	2314
4.bff50	2345
5.9375b	2413
6.f5a1c	3233
7.4e23d	2880
8.fac81	2167
9.d36de	2763
10.6d92c	2408
11.e1a1c	2497
12.113e3	4334
13.45111	5591
