version	total
2.23394	4476
3.be8f6	5309
4.0b8cc	4329
4.bff50	4322
5.9375b	4430
6.f5a1c	5269
7.4e23d	5185
8.fac81	4200
9.d36de	4790
10.6d92c	4748
11.e1a1c	4510
12.113e3	8836
13.45111	83110
14.7e284	62161
15.6f452	24334
