version	total
2.23394	4022
3.be8f6	4857
4.0b8cc	3872
4.bff50	3869
5.9375b	3977
6.f5a1c	4815
7.4e23d	4687
8.fac81	3744
9.d36de	4327
10.6d92c	4215
11.e1a1c	4054
12.113e3	8206
13.45111	74616
14.7e284	50625
15.6f452	1072
