version	total
2.23394	4527
3.be8f6	5351
4.0b8cc	4379
4.bff50	4371
5.9375b	4480
6.f5a1c	5318
7.4e23d	5239
8.fac81	4250
9.d36de	4839
10.6d92c	4812
11.e1a1c	4560
12.113e3	8904
13.45111	83886
14.7e284	63223
15.6f452	27806
