version	total
2.23394	4085
3.be8f6	4922
4.0b8cc	3935
4.bff50	3933
5.9375b	4039
6.f5a1c	4877
7.4e23d	4760
8.fac81	3806
9.d36de	4392
10.6d92c	4280
11.e1a1c	4116
12.113e3	8284
13.45111	75463
14.7e284	52254
15.6f452	2509
