version	total
2.23394	3270
3.be8f6	4065
4.0b8cc	3125
4.bff50	3140
5.9375b	3235
6.f5a1c	4067
7.4e23d	3827
8.fac81	2993
9.d36de	3564
10.6d92c	3345
11.e1a1c	3307
12.113e3	7018
13.45111	33761
14.7e284	2283
