version	total
2.23394	2702
3.be8f6	3439
4.0b8cc	2547
4.bff50	2577
5.9375b	2654
6.f5a1c	3474
7.4e23d	3159
8.fac81	2409
9.d36de	2984
10.6d92c	2674
11.e1a1c	2740
12.113e3	4755
13.45111	8453
