version	total
2.23394	3608
3.be8f6	4429
4.0b8cc	3458
4.bff50	3469
5.9375b	3566
6.f5a1c	4407
7.4e23d	4227
8.fac81	3326
9.d36de	3910
10.6d92c	3733
11.e1a1c	3643
12.113e3	7587
13.45111	62679
14.7e284	18994
