version	total
2.23394	3752
3.be8f6	4587
4.0b8cc	3603
4.bff50	3609
5.9375b	3707
6.f5a1c	4550
7.4e23d	4386
8.fac81	3473
9.d36de	4056
10.6d92c	3902
11.e1a1c	3787
12.113e3	7829
13.45111	67036
14.7e284	28681
