version	total
2.23394	3385
3.be8f6	4186
4.0b8cc	3237
4.bff50	3250
5.9375b	3347
6.f5a1c	4179
7.4e23d	3954
8.fac81	3106
9.d36de	3682
10.6d92c	3466
11.e1a1c	3421
12.113e3	7190
13.45111	48328
14.7e284	5477
