version	total
2.23394	2572
3.be8f6	3323
4.0b8cc	2414
4.bff50	2445
5.9375b	2515
6.f5a1c	3335
7.4e23d	2998
8.fac81	2269
9.d36de	2873
10.6d92c	2523
11.e1a1c	2606
12.113e3	4543
13.45111	7182
