version	total
2.23394	2383
3.be8f6	3099
4.0b8cc	2224
4.bff50	2256
5.9375b	2323
6.f5a1c	3118
7.4e23d	2775
8.fac81	2076
9.d36de	2663
10.6d92c	2306
11.e1a1c	2406
12.113e3	4164
13.45111	4321
