version	total
2.23394	2408
3.be8f6	3129
4.0b8cc	2248
4.bff50	2281
5.9375b	2346
6.f5a1c	3148
7.4e23d	2805
8.fac81	2100
9.d36de	2690
10.6d92c	2331
11.e1a1c	2429
12.113e3	4191
13.45111	4614
