version	total
2.23394	3801
3.be8f6	4639
4.0b8cc	3651
4.bff50	3658
5.9375b	3756
6.f5a1c	4598
7.4e23d	4440
8.fac81	3523
9.d36de	4105
10.6d92c	3960
11.e1a1c	3834
12.113e3	7906
13.45111	68362
14.7e284	31719
