version	total
2.23394	4333
3.be8f6	5166
4.0b8cc	4185
4.bff50	4178
5.9375b	4287
6.f5a1c	5125
7.4e23d	5032
8.fac81	4056
9.d36de	4646
10.6d92c	4568
11.e1a1c	4365
12.113e3	8647
13.45111	79845
14.7e284	57854
15.6f452	13293
