version	total
2.23394	2660
3.be8f6	3395
4.0b8cc	2505
4.bff50	2537
5.9375b	2612
6.f5a1c	3430
7.4e23d	3110
8.fac81	2365
9.d36de	2940
10.6d92c	2623
11.e1a1c	2696
12.113e3	4688
13.45111	8136
