version	total
2.23394	2544
3.be8f6	3299
4.0b8cc	2384
4.bff50	2413
5.9375b	2485
6.f5a1c	3305
7.4e23d	2962
8.fac81	2238
9.d36de	2843
10.6d92c	2489
11.e1a1c	2577
12.113e3	4482
13.45111	6682
