version	total
2.23394	4271
3.be8f6	5109
4.0b8cc	4121
4.bff50	4117
5.9375b	4224
6.f5a1c	5063
7.4e23d	4964
8.fac81	3992
9.d36de	4582
10.6d92c	4488
11.e1a1c	4303
12.113e3	8553
13.45111	78363
14.7e284	55928
15.6f452	8138
