version	total
2.23394	3981
3.be8f6	4815
4.0b8cc	3831
4.bff50	3828
5.9375b	3936
6.f5a1c	4774
7.4e23d	4644
8.fac81	3701
9.d36de	4285
10.6d92c	4169
11.e1a1c	4013
12.113e3	8157
13.45111	73646
14.7e284	47267
