version	total
2.23394	2603
3.be8f6	3343
4.0b8cc	2444
4.bff50	2475
5.9375b	2547
6.f5a1c	3365
7.4e23d	3039
8.fac81	2301
9.d36de	2895
10.6d92c	2557
11.e1a1c	2638
12.113e3	4590
13.45111	7601
