version	total
2.23394	3314
3.be8f6	4112
4.0b8cc	3169
4.bff50	3184
5.9375b	3280
6.f5a1c	4112
7.4e23d	3874
8.fac81	3037
9.d36de	3610
10.6d92c	3390
11.e1a1c	3351
12.113e3	7092
13.45111	36004
14.7e284	3842
