version	total
2.23394	4378
3.be8f6	5211
4.0b8cc	4228
4.bff50	4225
5.9375b	4334
6.f5a1c	5172
7.4e23d	5077
8.fac81	4099
9.d36de	4691
10.6d92c	4616
11.e1a1c	4410
12.113e3	8701
13.45111	80874
14.7e284	59193
15.6f452	16769
