version	total
2.23394	2465
3.be8f6	3208
4.0b8cc	2306
4.bff50	2337
5.9375b	2403
6.f5a1c	3223
7.4e23d	2870
8.fac81	2158
9.d36de	2754
10.6d92c	2401
11.e1a1c	2490
12.113e3	4321
13.45111	5533
