version	total
2.23394	3840
3.be8f6	4673
4.0b8cc	3691
4.bff50	3691
5.9375b	3792
6.f5a1c	4635
7.4e23d	4487
8.fac81	3563
9.d36de	4143
10.6d92c	4010
11.e1a1c	3874
12.113e3	7964
13.45111	69317
14.7e284	34555
