version	total
2.23394	4927
3.be8f6	5613
4.0b8cc	4780
4.bff50	4763
5.9375b	4887
6.f5a1c	5722
7.4e23d	5680
8.fac81	4654
9.d36de	5248
10.6d92c	5325
11.e1a1c	4967
12.113e3	9488
13.45111	92137
14.7e284	74201
15.6f452	52894
16.747c6	5856
17.b804f	1601
