version	total
2.23394	3382
3.be8f6	4182
4.0b8cc	3234
4.bff50	3247
5.9375b	3344
6.f5a1c	4176
7.4e23d	3951
8.fac81	3103
9.d36de	3679
10.6d92c	3463
11.e1a1c	3418
12.113e3	7184
13.45111	47817
14.7e284	5392
