version	total
2.23394	4146
3.be8f6	4983
4.0b8cc	3996
4.bff50	3994
5.9375b	4100
6.f5a1c	4938
7.4e23d	4827
8.fac81	3867
9.d36de	4455
10.6d92c	4348
11.e1a1c	4177
12.113e3	8359
13.45111	76084
14.7e284	53440
15.6f452	3629
