version	total
2.23394	3040
3.be8f6	3802
4.0b8cc	2896
4.bff50	2909
5.9375b	3007
6.f5a1c	3835
7.4e23d	3552
8.fac81	2762
9.d36de	3330
10.6d92c	3057
11.e1a1c	3074
12.113e3	6238
13.45111	18977
