version	total
2.23394	4602
3.be8f6	5396
4.0b8cc	4453
4.bff50	4444
5.9375b	4553
6.f5a1c	5393
7.4e23d	5325
8.fac81	4325
9.d36de	4915
10.6d92c	4899
11.e1a1c	4635
12.113e3	8997
13.45111	85367
14.7e284	65597
15.6f452	34983
