version	total
2.23394	3467
3.be8f6	4275
4.0b8cc	3319
4.bff50	3329
5.9375b	3426
6.f5a1c	4264
7.4e23d	4058
8.fac81	3187
9.d36de	3767
10.6d92c	3563
11.e1a1c	3502
12.113e3	7362
13.45111	58535
14.7e284	9279
