version	total
2.23394	4709
3.be8f6	5465
4.0b8cc	4559
4.bff50	4548
5.9375b	4661
6.f5a1c	5498
7.4e23d	5439
8.fac81	4430
9.d36de	5023
10.6d92c	5038
11.e1a1c	4743
12.113e3	9148
13.45111	87295
14.7e284	68468
15.6f452	42705
