version	total
2.23394	3486
3.be8f6	4291
4.0b8cc	3335
4.bff50	3345
5.9375b	3442
6.f5a1c	4280
7.4e23d	4079
8.fac81	3203
9.d36de	3784
10.6d92c	3581
11.e1a1c	3519
12.113e3	7383
13.45111	59249
14.7e284	10385
