version	total
2.23394	4790
3.be8f6	5518
4.0b8cc	4640
4.bff50	4630
5.9375b	4743
6.f5a1c	5581
7.4e23d	5532
8.fac81	4514
9.d36de	5108
10.6d92c	5148
11.e1a1c	4827
12.113e3	9260
13.45111	89183
14.7e284	70625
15.6f452	48286
16.747c6	330
