version	total
2.23394	4362
3.be8f6	5195
4.0b8cc	4214
4.bff50	4207
5.9375b	4316
6.f5a1c	5154
7.4e23d	5063
8.fac81	4085
9.d36de	4675
10.6d92c	4599
11.e1a1c	4394
12.113e3	8684
13.45111	80463
14.7e284	58756
15.6f452	15630
