version	total
2.23394	2279
3.be8f6	2951
4.0b8cc	2122
4.bff50	2153
5.9375b	2217
6.f5a1c	2990
7.4e23d	2659
8.fac81	1971
9.d36de	2555
10.6d92c	2192
11.e1a1c	2293
12.113e3	3949
13.45111	2967
