version	total
2.23394	3380
3.be8f6	4180
4.0b8cc	3232
4.bff50	3245
5.9375b	3342
6.f5a1c	4174
7.4e23d	3949
8.fac81	3101
9.d36de	3677
10.6d92c	3461
11.e1a1c	3416
12.113e3	7182
13.45111	47794
14.7e284	5354
