version	total
2.23394	3266
3.be8f6	4059
4.0b8cc	3121
4.bff50	3136
5.9375b	3231
6.f5a1c	4063
7.4e23d	3821
8.fac81	2989
9.d36de	3560
10.6d92c	3341
11.e1a1c	3303
12.113e3	7010
13.45111	33687
14.7e284	2168
