version	total
2.23394	4635
3.be8f6	5416
4.0b8cc	4484
4.bff50	4475
5.9375b	4586
6.f5a1c	5425
7.4e23d	5356
8.fac81	4356
9.d36de	4945
10.6d92c	4938
11.e1a1c	4666
12.113e3	9039
13.45111	85900
14.7e284	66248
15.6f452	36902
