version	total
2.23394	4571
3.be8f6	5378
4.0b8cc	4422
4.bff50	4413
5.9375b	4522
6.f5a1c	5361
7.4e23d	5288
8.fac81	4294
9.d36de	4883
10.6d92c	4862
11.e1a1c	4603
12.113e3	8958
13.45111	84875
14.7e284	64864
15.6f452	32816
