version	total
2.23394	3870
3.be8f6	4700
4.0b8cc	3721
4.bff50	3719
5.9375b	3827
6.f5a1c	4665
7.4e23d	4520
8.fac81	3592
9.d36de	4173
10.6d92c	4041
11.e1a1c	3903
12.113e3	8002
13.45111	69979
14.7e284	36813
