version	total
2.23394	2207
3.be8f6	2850
4.0b8cc	2052
4.bff50	2084
5.9375b	2146
6.f5a1c	2876
7.4e23d	2581
8.fac81	1901
9.d36de	2478
10.6d92c	2118
11.e1a1c	2215
12.113e3	3792
13.45111	1995
