version	total
2.23394	2388
3.be8f6	3104
4.0b8cc	2229
4.bff50	2262
5.9375b	2328
6.f5a1c	3125
7.4e23d	2781
8.fac81	2081
9.d36de	2668
10.6d92c	2310
11.e1a1c	2410
12.113e3	4170
13.45111	4371
