version	total
2.23394	3324
3.be8f6	4122
4.0b8cc	3178
4.bff50	3193
5.9375b	3289
6.f5a1c	4121
7.4e23d	3886
8.fac81	3046
9.d36de	3619
10.6d92c	3399
11.e1a1c	3360
12.113e3	7104
13.45111	36213
14.7e284	4103
