version	total
2.23394	3614
3.be8f6	4440
4.0b8cc	3465
4.bff50	3475
5.9375b	3572
6.f5a1c	4413
7.4e23d	4234
8.fac81	3333
9.d36de	3916
10.6d92c	3741
11.e1a1c	3649
12.113e3	7605
13.45111	62849
14.7e284	19652
