version	total
2.23394	4785
3.be8f6	5514
4.0b8cc	4636
4.bff50	4625
5.9375b	4738
6.f5a1c	5576
7.4e23d	5527
8.fac81	4509
9.d36de	5103
10.6d92c	5143
11.e1a1c	4822
12.113e3	9253
13.45111	89118
14.7e284	70540
15.6f452	48230
16.747c6	240
