version	total
2.23394	3811
3.be8f6	4648
4.0b8cc	3662
4.bff50	3664
5.9375b	3764
6.f5a1c	4606
7.4e23d	4456
8.fac81	3534
9.d36de	4114
10.6d92c	3975
11.e1a1c	3845
12.113e3	7928
13.45111	68676
14.7e284	32703
