version	total
2.23394	3636
3.be8f6	4460
4.0b8cc	3487
4.bff50	3494
5.9375b	3592
6.f5a1c	4433
7.4e23d	4263
8.fac81	3355
9.d36de	3938
10.6d92c	3767
11.e1a1c	3671
12.113e3	7634
13.45111	63454
14.7e284	21104
