version	total
2.23394	4444
3.be8f6	5276
4.0b8cc	4297
4.bff50	4290
5.9375b	4399
6.f5a1c	5237
7.4e23d	5148
8.fac81	4168
9.d36de	4758
10.6d92c	4709
11.e1a1c	4478
12.113e3	8792
13.45111	82460
14.7e284	61204
15.6f452	21981
