version	total
2.23394	2682
3.be8f6	3418
4.0b8cc	2525
4.bff50	2555
5.9375b	2631
6.f5a1c	3452
7.4e23d	3135
8.fac81	2386
9.d36de	2963
10.6d92c	2645
11.e1a1c	2717
12.113e3	4722
13.45111	8300
