version	total
2.23394	3397
3.be8f6	4199
4.0b8cc	3249
4.bff50	3262
5.9375b	3359
6.f5a1c	4191
7.4e23d	3968
8.fac81	3118
9.d36de	3694
10.6d92c	3482
11.e1a1c	3433
12.113e3	7215
13.45111	49008
14.7e284	5874
