version	total
2.23394	4092
3.be8f6	4929
4.0b8cc	3942
4.bff50	3940
5.9375b	4046
6.f5a1c	4884
7.4e23d	4769
8.fac81	3813
9.d36de	4399
10.6d92c	4287
11.e1a1c	4123
12.113e3	8294
13.45111	75515
14.7e284	52358
15.6f452	2605
