version	total
2.23394	4014
3.be8f6	4849
4.0b8cc	3864
4.bff50	3861
5.9375b	3969
6.f5a1c	4807
7.4e23d	4678
8.fac81	3734
9.d36de	4320
10.6d92c	4207
11.e1a1c	4046
12.113e3	8194
13.45111	74437
14.7e284	49471
15.6f452	712
