version	total
2.23394	3766
3.be8f6	4601
4.0b8cc	3616
4.bff50	3622
5.9375b	3721
6.f5a1c	4564
7.4e23d	4401
8.fac81	3486
9.d36de	4069
10.6d92c	3918
11.e1a1c	3800
12.113e3	7852
13.45111	67353
14.7e284	29519
