version	total
2.23394	2265
3.be8f6	2930
4.0b8cc	2108
4.bff50	2139
5.9375b	2203
6.f5a1c	2970
7.4e23d	2644
8.fac81	1957
9.d36de	2540
10.6d92c	2176
11.e1a1c	2278
12.113e3	3929
13.45111	2785
