version	total
2.23394	2552
3.be8f6	3307
4.0b8cc	2392
4.bff50	2421
5.9375b	2493
6.f5a1c	3313
7.4e23d	2973
8.fac81	2246
9.d36de	2851
10.6d92c	2497
11.e1a1c	2586
12.113e3	4497
13.45111	6807
