version	total
2.23394	3234
3.be8f6	4021
4.0b8cc	3090
4.bff50	3104
5.9375b	3200
6.f5a1c	4031
7.4e23d	3789
8.fac81	2957
9.d36de	3528
10.6d92c	3307
11.e1a1c	3271
12.113e3	6954
13.45111	32490
14.7e284	1475
