version	total
2.23394	2315
3.be8f6	3003
4.0b8cc	2158
4.bff50	2189
5.9375b	2253
6.f5a1c	3035
7.4e23d	2699
8.fac81	2007
9.d36de	2593
10.6d92c	2229
11.e1a1c	2331
12.113e3	4024
13.45111	3382
