version	total
2.23394	3655
3.be8f6	4480
4.0b8cc	3506
4.bff50	3513
5.9375b	3610
6.f5a1c	4453
7.4e23d	4284
8.fac81	3376
9.d36de	3958
10.6d92c	3791
11.e1a1c	3690
12.113e3	7667
13.45111	64358
14.7e284	22513
