version	total
2.23394	3458
3.be8f6	4265
4.0b8cc	3310
4.bff50	3320
5.9375b	3417
6.f5a1c	4252
7.4e23d	4030
8.fac81	3178
9.d36de	3758
10.6d92c	3553
11.e1a1c	3493
12.113e3	7338
13.45111	58181
14.7e284	8667
