version	total
2.23394	4422
3.be8f6	5253
4.0b8cc	4274
4.bff50	4267
5.9375b	4376
6.f5a1c	5214
7.4e23d	5124
8.fac81	4145
9.d36de	4736
10.6d92c	4677
11.e1a1c	4455
12.113e3	8757
13.45111	81903
14.7e284	60486
15.6f452	20146
