version	total
2.23394	4288
3.be8f6	5125
4.0b8cc	4140
4.bff50	4134
5.9375b	4241
6.f5a1c	5080
7.4e23d	4985
8.fac81	4011
9.d36de	4598
10.6d92c	4512
11.e1a1c	4320
12.113e3	8585
13.45111	78741
14.7e284	56465
15.6f452	9428
