version	total
2.23394	4519
3.be8f6	5347
4.0b8cc	4371
4.bff50	4363
5.9375b	4472
6.f5a1c	5310
7.4e23d	5230
8.fac81	4242
9.d36de	4831
10.6d92c	4803
11.e1a1c	4552
12.113e3	8896
13.45111	83771
14.7e284	63049
15.6f452	27255
