version	total
2.23394	3714
3.be8f6	4545
4.0b8cc	3565
4.bff50	3571
5.9375b	3668
6.f5a1c	4511
7.4e23d	4345
8.fac81	3435
9.d36de	4018
10.6d92c	3860
11.e1a1c	3749
12.113e3	7772
13.45111	66109
14.7e284	26204
