version	total
2.23394	4592
3.be8f6	5391
4.0b8cc	4443
4.bff50	4434
5.9375b	4543
6.f5a1c	5383
7.4e23d	5312
8.fac81	4315
9.d36de	4905
10.6d92c	4885
11.e1a1c	4625
12.113e3	8983
13.45111	85180
14.7e284	65314
15.6f452	34116
