version	total
2.23394	3282
3.be8f6	4077
4.0b8cc	3137
4.bff50	3152
5.9375b	3248
6.f5a1c	4079
7.4e23d	3840
8.fac81	3005
9.d36de	3576
10.6d92c	3358
11.e1a1c	3319
12.113e3	7037
13.45111	34259
14.7e284	2727
