version	total
2.23394	3792
3.be8f6	4628
4.0b8cc	3641
4.bff50	3649
5.9375b	3746
6.f5a1c	4589
7.4e23d	4430
8.fac81	3513
9.d36de	4096
10.6d92c	3950
11.e1a1c	3825
12.113e3	7886
13.45111	68100
14.7e284	31105
