version	total
2.23394	4831
3.be8f6	5547
4.0b8cc	4684
4.bff50	4672
5.9375b	4787
6.f5a1c	5622
7.4e23d	5577
8.fac81	4558
9.d36de	5151
10.6d92c	5204
11.e1a1c	4870
12.113e3	9327
13.45111	90515
14.7e284	71827
15.6f452	49692
16.747c6	2321
