version	total
2.23394	4122
3.be8f6	4959
4.0b8cc	3972
4.bff50	3970
5.9375b	4076
6.f5a1c	4914
7.4e23d	4802
8.fac81	3843
9.d36de	4429
10.6d92c	4321
11.e1a1c	4153
12.113e3	8329
13.45111	75803
14.7e284	52998
15.6f452	3075
