version	total
2.23394	4306
3.be8f6	5144
4.0b8cc	4158
4.bff50	4154
5.9375b	4262
6.f5a1c	5100
7.4e23d	5005
8.fac81	4029
9.d36de	4618
10.6d92c	4531
11.e1a1c	4338
12.113e3	8611
13.45111	79238
14.7e284	57051
15.6f452	11323
