version	total
2.23394	3278
3.be8f6	4073
4.0b8cc	3133
4.bff50	3148
5.9375b	3243
6.f5a1c	4075
7.4e23d	3836
8.fac81	3001
9.d36de	3572
10.6d92c	3353
11.e1a1c	3315
12.113e3	7029
13.45111	33993
14.7e284	2528
