version	total
2.23394	4996
3.be8f6	5671
4.0b8cc	4848
4.bff50	4826
5.9375b	4951
6.f5a1c	5788
7.4e23d	5754
8.fac81	4719
9.d36de	5313
10.6d92c	5410
11.e1a1c	5034
12.113e3	9606
13.45111	93871
14.7e284	76281
15.6f452	60150
16.747c6	7281
17.b804f	5743
