version	total
2.23394	4178
3.be8f6	5015
4.0b8cc	4028
4.bff50	4025
5.9375b	4132
6.f5a1c	4970
7.4e23d	4864
8.fac81	3899
9.d36de	4489
10.6d92c	4380
11.e1a1c	4209
12.113e3	8407
13.45111	76637
14.7e284	54272
15.6f452	4711
