version	total
2.23394	3831
3.be8f6	4663
4.0b8cc	3682
4.bff50	3682
5.9375b	3783
6.f5a1c	4626
7.4e23d	4476
8.fac81	3554
9.d36de	4134
10.6d92c	4001
11.e1a1c	3865
12.113e3	7950
13.45111	69139
14.7e284	33980
