version	total
2.23394	3479
3.be8f6	4285
4.0b8cc	3329
4.bff50	3339
5.9375b	3436
6.f5a1c	4274
7.4e23d	4070
8.fac81	3197
9.d36de	3778
10.6d92c	3574
11.e1a1c	3512
12.113e3	7376
13.45111	58992
14.7e284	9716
