version	total
2.23394	3495
3.be8f6	4300
4.0b8cc	3344
4.bff50	3353
5.9375b	3450
6.f5a1c	4289
7.4e23d	4088
8.fac81	3212
9.d36de	3795
10.6d92c	3591
11.e1a1c	3528
12.113e3	7397
13.45111	59619
14.7e284	10911
