version	total
2.23394	2355
3.be8f6	3057
4.0b8cc	2198
4.bff50	2229
5.9375b	2294
6.f5a1c	3082
7.4e23d	2747
8.fac81	2048
9.d36de	2634
10.6d92c	2274
11.e1a1c	2377
12.113e3	4105
13.45111	4005
