version	total
2.23394	3286
3.be8f6	4083
4.0b8cc	3141
4.bff50	3156
5.9375b	3252
6.f5a1c	4083
7.4e23d	3844
8.fac81	3009
9.d36de	3581
10.6d92c	3362
11.e1a1c	3323
12.113e3	7039
13.45111	34355
14.7e284	2823
