version	total
2.0.20181010	4575
2.0.20191003	1912
2.0.20191007	1911
2.0.20191013	2787
