version	total
2.0.20181010	4878
2.0.20191003	2195
2.0.20191007	2194
2.0.20191013	3141
