version	total
2.0.20181010	2311
2.0.20191003	91
2.0.20191007	86
2.0.20191013	327
