version	total
2.0.20181010	2776
2.0.20191003	364
2.0.20191007	359
2.0.20191013	684
