version	total
2.0.20181010	4647
2.0.20191003	1983
2.0.20191007	1982
2.0.20191013	2881
