version	total
2.0.20181010	2521
2.0.20191003	203
2.0.20191007	198
2.0.20191013	478
