version	total
2.0.20181010	5093
2.0.20191003	2399
2.0.20191007	2399
2.0.20191013	3413
