version	total
2.0.20181010	2735
2.0.20191003	324
2.0.20191007	319
2.0.20191013	643
