version	total
2.0.20181010	4602
2.0.20191003	1940
2.0.20191007	1939
2.0.20191013	2822
