version	total
2.0.20181010	2666
2.0.20191003	258
2.0.20191007	254
2.0.20191013	569
