version	total
2.0.20181010	5233
2.0.20191003	2540
2.0.20191007	2541
2.0.20191013	3628
