version	total
2.0.20181010	2718
2.0.20191003	310
2.0.20191007	307
2.0.20191013	628
