version	total
2.0.20181010	4951
2.0.20191003	2262
2.0.20191007	2260
2.0.20191013	3221
