version	total
2.0.20181010	3497
2.0.20191003	987
2.0.20191007	985
2.0.20191013	1547
