version	total
2.0.20181010	4784
2.0.20191003	2112
2.0.20191007	2111
2.0.20191013	3038
