version	total
2.0.20181010	3118
2.0.20191003	672
2.0.20191007	670
2.0.20191013	1069
