version	total
2.0.20181010	4691
2.0.20191003	2027
2.0.20191007	2026
2.0.20191013	2935
