version	total
2.0.20181010	3647
2.0.20191003	1116
2.0.20191007	1114
2.0.20191013	1719
