version	total
2.0.20181010	2422
2.0.20191003	148
2.0.20191007	144
2.0.20191013	409
