version	total
2.0.20181010	2334
2.0.20191003	102
2.0.20191007	97
2.0.20191013	340
