version	total
2.0.20181010	2457
2.0.20191003	166
2.0.20191007	162
2.0.20191013	431
