version	total
2.0.20181010	4362
2.0.20191003	1709
2.0.20191007	1708
2.0.20191013	2549
