version	total
2.0.20181010	2336
2.0.20191003	103
2.0.20191007	98
2.0.20191013	341
