version	total
2.0.20181010	3548
2.0.20191003	1030
2.0.20191007	1028
2.0.20191013	1599
