version	total
2.0.20181010	4141
2.0.20191003	1507
2.0.20191007	1506
2.0.20191013	2289
