version	total
2.0.20181010	5214
2.0.20191003	2515
2.0.20191007	2516
2.0.20191013	3591
