version	total
2.0.20181010	4569
2.0.20191003	1906
2.0.20191007	1905
2.0.20191013	2781
