version	total
2.0.20181010	3909
2.0.20191003	1321
2.0.20191007	1319
2.0.20191013	2010
