version	total
2.0.20181010	2685
2.0.20191003	275
2.0.20191007	271
2.0.20191013	589
