version	total
2.0.20181010	5257
2.0.20191003	2564
2.0.20191007	2565
2.0.20191013	3660
