version	total
2.0.20181010	5199
2.0.20191003	2505
2.0.20191007	2506
2.0.20191013	3570
