version	total
2.0.20181010	2324
2.0.20191003	97
2.0.20191007	92
2.0.20191013	335
