version	total
2.0.20181010	5177
2.0.20191003	2481
2.0.20191007	2481
2.0.20191013	3531
