version	total
2.0.20181010	4817
2.0.20191003	2138
2.0.20191007	2137
2.0.20191013	3074
