version	total
2.0.20181010	5231
2.0.20191003	2536
2.0.20191007	2537
2.0.20191013	3624
