version	total
2.0.20181010	2280
2.0.20191003	76
2.0.20191007	70
2.0.20191013	303
