version	total
2.0.20181010	3589
2.0.20191003	1069
2.0.20191007	1067
2.0.20191013	1654
