version	total
2.0.20181010	4190
2.0.20191003	1551
2.0.20191007	1550
2.0.20191013	2350
