version	total
2.0.20181010	2519
2.0.20191003	202
2.0.20191007	197
2.0.20191013	477
