version	total
2.0.20181010	4106
2.0.20191003	1477
2.0.20191007	1475
2.0.20191013	2243
