version	total
2.0.20181010	4971
2.0.20191003	2279
2.0.20191007	2278
2.0.20191013	3244
