version	total
2.0.20181010	4325
2.0.20191003	1678
2.0.20191007	1677
2.0.20191013	2510
