version	total
2.0.20181010	2739
2.0.20191003	330
2.0.20191007	325
2.0.20191013	649
