version	total
2.0.20181010	4087
2.0.20191003	1460
2.0.20191007	1458
2.0.20191013	2222
