version	total
2.0.20181010	2870
2.0.20191003	459
2.0.20191007	454
2.0.20191013	794
