version	total
2.0.20181010	4986
2.0.20191003	2290
2.0.20191007	2289
2.0.20191013	3260
