version	total
2.0.20181010	4826
2.0.20191003	2146
2.0.20191007	2145
2.0.20191013	3083
