version	total
2.0.20181010	5205
2.0.20191003	2512
2.0.20191007	2513
2.0.20191013	3581
