version	total
2.0.20181010	2320
2.0.20191003	95
2.0.20191007	90
2.0.20191013	333
