version	total
2.0.20181010	2290
2.0.20191003	81
2.0.20191007	75
2.0.20191013	308
