version	total
2.0.20181010	2315
2.0.20191003	93
2.0.20191007	88
2.0.20191013	329
