version	total
2.0.20181010	4939
2.0.20191003	2251
2.0.20191007	2250
2.0.20191013	3210
