version	total
2.0.20181010	2827
2.0.20191003	412
2.0.20191007	407
2.0.20191013	741
