version	total
2.0.20181010	3527
2.0.20191003	1014
2.0.20191007	1012
2.0.20191013	1576
