version	total
2.0.20181010	4511
2.0.20191003	1848
2.0.20191007	1847
2.0.20191013	2717
