version	total
2.0.20181010	2537
2.0.20191003	210
2.0.20191007	205
2.0.20191013	490
