version	total
2.0.20181010	2758
2.0.20191003	344
2.0.20191007	339
2.0.20191013	663
