version	total
2.0.20181010	4856
2.0.20191003	2173
2.0.20191007	2172
2.0.20191013	3116
