version	total
2.0.20181010	5068
2.0.20191003	2374
2.0.20191007	2374
2.0.20191013	3375
