version	total
2.0.20181010	4249
2.0.20191003	1605
2.0.20191007	1604
2.0.20191013	2418
