version	total
2.0.20181010	4486
2.0.20191003	1823
2.0.20191007	1822
2.0.20191013	2686
