version	total
2.0.20181010	3384
2.0.20191003	892
2.0.20191007	890
2.0.20191013	1417
