version	total
2.0.20181010	4445
2.0.20191003	1789
2.0.20191007	1788
2.0.20191013	2641
