version	total
2.0.20181010	3509
2.0.20191003	999
2.0.20191007	997
2.0.20191013	1560
