version	total
2.0.20181010	2429
2.0.20191003	151
2.0.20191007	147
2.0.20191013	411
