version	total
2.0.20181010	2471
2.0.20191003	173
2.0.20191007	169
2.0.20191013	439
