version	total
2.0.20181010	4957
2.0.20191003	2267
2.0.20191007	2265
2.0.20191013	3232
