version	total
2.0.20181010	3420
2.0.20191003	921
2.0.20191007	919
2.0.20191013	1457
