version	total
2.0.20181010	4188
2.0.20191003	1549
2.0.20191007	1548
2.0.20191013	2348
