version	total
2.0.20181010	3999
2.0.20191003	1377
2.0.20191007	1375
2.0.20191013	2118
