version	total
2.0.20181010	4436
2.0.20191003	1780
2.0.20191007	1779
2.0.20191013	2631
