version	total
2.0.20181010	4251
2.0.20191003	1607
2.0.20191007	1606
2.0.20191013	2420
