version	total
2.0.20181010	4116
2.0.20191003	1485
2.0.20191007	1484
2.0.20191013	2255
