version	total
2.0.20181010	4695
2.0.20191003	2031
2.0.20191007	2030
2.0.20191013	2939
