version	total
2.0.20181010	2435
2.0.20191003	154
2.0.20191007	150
2.0.20191013	414
