version	total
2.0.20181010	4610
2.0.20191003	1948
2.0.20191007	1947
2.0.20191013	2833
