version	total
2.0.20181010	4745
2.0.20191003	2076
2.0.20191007	2075
2.0.20191013	2992
