version	total
2.0.20181010	3657
2.0.20191003	1126
2.0.20191007	1124
2.0.20191013	1730
