version	total
2.0.20181010	4133
2.0.20191003	1501
2.0.20191007	1500
2.0.20191013	2279
