version	total
2.0.20181010	2680
2.0.20191003	270
2.0.20191007	266
2.0.20191013	581
