version	total
2.0.20181010	4346
2.0.20191003	1696
2.0.20191007	1695
2.0.20191013	2532
