version	total
2.0.20181010	3658
2.0.20191003	1127
2.0.20191007	1125
2.0.20191013	1731
