version	total
2.0.20181010	4645
2.0.20191003	1980
2.0.20191007	1979
2.0.20191013	2873
