version	total
2.0.20181010	2500
2.0.20191003	188
2.0.20191007	183
2.0.20191013	460
