version	total
2.0.20181010	2831
2.0.20191003	416
2.0.20191007	412
2.0.20191013	746
