version	total
2.0.20181010	4965
2.0.20191003	2275
2.0.20191007	2274
2.0.20191013	3240
