version	total
2.0.20181010	4761
2.0.20191003	2092
2.0.20191007	2091
2.0.20191013	3010
