version	total
2.0.20181010	5089
2.0.20191003	2395
2.0.20191007	2395
2.0.20191013	3408
