version	total
2.0.20181010	2322
2.0.20191003	96
2.0.20191007	91
2.0.20191013	334
