version	total
2.0.20181010	4245
2.0.20191003	1601
2.0.20191007	1600
2.0.20191013	2414
