version	total
2.0.20181010	4697
2.0.20191003	2033
2.0.20191007	2032
2.0.20191013	2941
