version	total
2.0.20181010	3759
2.0.20191003	1203
2.0.20191007	1201
2.0.20191013	1834
