version	total
2.0.20181010	4977
2.0.20191003	2281
2.0.20191007	2280
2.0.20191013	3246
