version	total
2.0.20181010	4477
2.0.20191003	1815
2.0.20191007	1814
2.0.20191013	2673
