version	total
2.0.20181010	2513
2.0.20191003	198
2.0.20191007	193
2.0.20191013	472
