version	total
2.0.20181010	4216
2.0.20191003	1573
2.0.20191007	1572
2.0.20191013	2372
