version	total
2.0.20181010	2467
2.0.20191003	171
2.0.20191007	167
2.0.20191013	437
