version	total
2.0.20181010	4741
2.0.20191003	2072
2.0.20191007	2071
2.0.20191013	2988
