version	total
2.0.20181010	4747
2.0.20191003	2078
2.0.20191007	2077
2.0.20191013	2994
