version	total
2.0.20181010	2786
2.0.20191003	372
2.0.20191007	367
2.0.20191013	692
