version	total
2.0.20181010	4239
2.0.20191003	1595
2.0.20191007	1594
2.0.20191013	2404
