version	total
2.0.20181010	4506
2.0.20191003	1843
2.0.20191007	1842
2.0.20191013	2712
