version	total
2.0.20181010	3531
2.0.20191003	1018
2.0.20191007	1016
2.0.20191013	1580
