version	total
2.0.20181010	3518
2.0.20191003	1006
2.0.20191007	1004
2.0.20191013	1567
