version	total
2.0.20181010	3392
2.0.20191003	900
2.0.20191007	898
2.0.20191013	1425
