version	total
2.0.20181010	3386
2.0.20191003	894
2.0.20191007	892
2.0.20191013	1419
