version	total
2.0.20181010	5273
2.0.20191003	2585
2.0.20191007	2586
2.0.20191013	3687
