version	total
2.0.20181010	4277
2.0.20191003	1632
2.0.20191007	1631
2.0.20191013	2450
