version	total
2.0.20181010	5094
2.0.20191003	2401
2.0.20191007	2401
2.0.20191013	3415
