version	total
2.0.20181010	5047
2.0.20191003	2352
2.0.20191007	2353
2.0.20191013	3347
