version	total
2.0.20181010	4158
2.0.20191003	1523
2.0.20191007	1522
2.0.20191013	2311
