version	total
2.0.20181010	4154
2.0.20191003	1519
2.0.20191007	1518
2.0.20191013	2306
