version	total
2.0.20181010	4678
2.0.20191003	2013
2.0.20191007	2012
2.0.20191013	2917
