version	total
2.0.20181010	4664
2.0.20191003	1999
2.0.20191007	1998
2.0.20191013	2902
