version	total
2.0.20181010	4931
2.0.20191003	2243
2.0.20191007	2242
2.0.20191013	3202
