version	total
2.0.20181010	5248
2.0.20191003	2559
2.0.20191007	2560
2.0.20191013	3652
