version	total
2.0.20181010	4612
2.0.20191003	1950
2.0.20191007	1949
2.0.20191013	2835
