version	total
2.0.20181010	3906
2.0.20191003	1318
2.0.20191007	1316
2.0.20191013	2006
