version	total
2.0.20181010	2874
2.0.20191003	461
2.0.20191007	456
2.0.20191013	796
