version	total
2.0.20181010	2749
2.0.20191003	338
2.0.20191007	333
2.0.20191013	657
