version	total
2.0.20181010	2313
2.0.20191003	92
2.0.20191007	87
2.0.20191013	328
