version	total
2.0.20181010	5078
2.0.20191003	2384
2.0.20191007	2384
2.0.20191013	3393
