version	total
2.0.20181010	4635
2.0.20191003	1970
2.0.20191007	1969
2.0.20191013	2860
