version	total
2.0.20181010	3388
2.0.20191003	896
2.0.20191007	894
2.0.20191013	1421
