version	total
2.0.20181010	3550
2.0.20191003	1032
2.0.20191007	1030
2.0.20191013	1601
