version	total
2.0.20181010	4068
2.0.20191003	1439
2.0.20191007	1437
2.0.20191013	2194
