version	total
2.0.20181010	4959
2.0.20191003	2269
2.0.20191007	2268
2.0.20191013	3234
