version	total
2.0.20181010	4753
2.0.20191003	2084
2.0.20191007	2083
2.0.20191013	3002
