version	total
2.0.20181010	5029
2.0.20191003	2332
2.0.20191007	2333
2.0.20191013	3316
