version	total
2.0.20181010	4080
2.0.20191003	1452
2.0.20191007	1450
2.0.20191013	2214
