version	total
2.0.20181010	3593
2.0.20191003	1073
2.0.20191007	1071
2.0.20191013	1658
