version	total
2.0.20181010	2431
2.0.20191003	152
2.0.20191007	148
2.0.20191013	412
