version	total
2.0.20181010	4253
2.0.20191003	1609
2.0.20191007	1608
2.0.20191013	2422
