version	total
2.0.20181010	2820
2.0.20191003	406
2.0.20191007	401
2.0.20191013	732
