version	total
2.0.20181010	4321
2.0.20191003	1674
2.0.20191007	1673
2.0.20191013	2505
