version	total
2.0.20181010	3630
2.0.20191003	1101
2.0.20191007	1099
2.0.20191013	1697
