version	total
2.0.20181010	5243
2.0.20191003	2553
2.0.20191007	2554
2.0.20191013	3645
