version	total
2.0.20181010	4660
2.0.20191003	1995
2.0.20191007	1994
2.0.20191013	2897
