version	total
2.0.20181010	3807
2.0.20191003	1241
2.0.20191007	1239
2.0.20191013	1890
