version	total
2.0.20181010	4018
2.0.20191003	1394
2.0.20191007	1392
2.0.20191013	2140
