version	total
2.0.20181010	3493
2.0.20191003	983
2.0.20191007	981
2.0.20191013	1543
