version	total
2.0.20181010	3677
2.0.20191003	1140
2.0.20191007	1138
2.0.20191013	1747
