version	total
2.0.20181010	4672
2.0.20191003	2007
2.0.20191007	2006
2.0.20191013	2911
