version	total
2.0.20181010	4432
2.0.20191003	1778
2.0.20191007	1777
2.0.20191013	2625
