version	total
2.0.20181010	4641
2.0.20191003	1976
2.0.20191007	1975
2.0.20191013	2867
