version	total
2.0.20181010	4698
2.0.20191003	2035
2.0.20191007	2034
2.0.20191013	2943
