version	total
2.0.20181010	2716
2.0.20191003	305
2.0.20191007	302
2.0.20191013	621
