version	total
2.0.20181010	2584
2.0.20191003	216
2.0.20191007	211
2.0.20191013	511
