version	total
2.0.20181010	4035
2.0.20191003	1409
2.0.20191007	1407
2.0.20191013	2158
