version	total
2.0.20181010	5201
2.0.20191003	2509
2.0.20191007	2510
2.0.20191013	3575
