version	total
2.0.20181010	4555
2.0.20191003	1890
2.0.20191007	1889
2.0.20191013	2764
