version	total
2.0.20181010	4995
2.0.20191003	2300
2.0.20191007	2300
2.0.20191013	3273
