version	total
2.0.20181010	5190
2.0.20191003	2498
2.0.20191007	2499
2.0.20191013	3555
