version	total
2.0.20181010	4031
2.0.20191003	1405
2.0.20191007	1403
2.0.20191013	2154
