version	total
2.0.20181010	2494
2.0.20191003	185
2.0.20191007	180
2.0.20191013	457
