version	total
2.0.20181010	3887
2.0.20191003	1304
2.0.20191007	1302
2.0.20191013	1984
