version	total
2.0.20181010	2703
2.0.20191003	293
2.0.20191007	290
2.0.20191013	607
