version	total
2.0.20181010	4044
2.0.20191003	1419
2.0.20191007	1417
2.0.20191013	2168
