version	total
2.0.20181010	4149
2.0.20191003	1515
2.0.20191007	1514
2.0.20191013	2299
