version	total
2.0.20181010	3842
2.0.20191003	1268
2.0.20191007	1266
2.0.20191013	1932
