version	total
2.0.20181010	3016
2.0.20191003	588
2.0.20191007	586
2.0.20191013	955
