version	total
2.0.20181010	4390
2.0.20191003	1737
2.0.20191007	1736
2.0.20191013	2577
