version	total
2.0.20181010	4104
2.0.20191003	1475
2.0.20191007	1473
2.0.20191013	2241
