version	total
2.0.20181010	2859
2.0.20191003	445
2.0.20191007	440
2.0.20191013	778
