version	total
2.0.20181010	2705
2.0.20191003	298
2.0.20191007	295
2.0.20191013	612
