version	total
2.0.20181010	4430
2.0.20191003	1776
2.0.20191007	1775
2.0.20191013	2623
