version	total
2.0.20181010	3536
2.0.20191003	1021
2.0.20191007	1019
2.0.20191013	1586
