version	total
2.0.20181010	2332
2.0.20191003	101
2.0.20191007	96
2.0.20191013	339
