version	total
2.0.20181010	4935
2.0.20191003	2247
2.0.20191007	2246
2.0.20191013	3206
