version	total
2.0.20181010	5091
2.0.20191003	2397
2.0.20191007	2397
2.0.20191013	3411
