version	total
2.0.20181010	4308
2.0.20191003	1661
2.0.20191007	1660
2.0.20191013	2489
