version	total
2.0.20181010	5144
2.0.20191003	2446
2.0.20191007	2446
2.0.20191013	3477
