version	total
2.0.20181010	2638
2.0.20191003	230
2.0.20191007	226
2.0.20191013	540
