version	total
2.0.20181010	5176
2.0.20191003	2479
2.0.20191007	2479
2.0.20191013	3528
