version	total
2.0.20181010	3753
2.0.20191003	1197
2.0.20191007	1195
2.0.20191013	1827
