version	total
2.0.20181010	4348
2.0.20191003	1698
2.0.20191007	1697
2.0.20191013	2534
