version	total
2.0.20181010	4903
2.0.20191003	2216
2.0.20191007	2215
2.0.20191013	3168
