version	total
2.0.20181010	2714
2.0.20191003	302
2.0.20191007	299
2.0.20191013	616
