version	total
2.0.20181010	4980
2.0.20191003	2284
2.0.20191007	2283
2.0.20191013	3252
