version	total
2.0.20181010	3566
2.0.20191003	1045
2.0.20191007	1043
2.0.20191013	1622
