version	total
2.0.20181010	2946
2.0.20191003	521
2.0.20191007	518
2.0.20191013	876
