version	total
2.0.20181010	4682
2.0.20191003	2017
2.0.20191007	2016
2.0.20191013	2921
