version	total
2.0.20181010	2505
2.0.20191003	191
2.0.20191007	186
2.0.20191013	464
