version	total
2.0.20181010	3390
2.0.20191003	898
2.0.20191007	896
2.0.20191013	1423
