version	total
2.0.20181010	5262
2.0.20191003	2574
2.0.20191007	2575
2.0.20191013	3674
