version	total
2.0.20181010	2812
2.0.20191003	396
2.0.20191007	391
2.0.20191013	722
