version	total
2.0.20181010	3444
2.0.20191003	940
2.0.20191007	938
2.0.20191013	1489
