version	total
2.0.20181010	2473
2.0.20191003	174
2.0.20191007	170
2.0.20191013	440
