version	total
2.0.20181010	4963
2.0.20191003	2273
2.0.20191007	2272
2.0.20191013	3238
