version	total
2.0.20181010	3823
2.0.20191003	1250
2.0.20191007	1248
2.0.20191013	1909
