version	total
2.0.20181010	2650
2.0.20191003	242
2.0.20191007	238
2.0.20191013	553
