version	total
2.0.20181010	2725
2.0.20191003	312
2.0.20191007	309
2.0.20191013	630
