version	total
2.0.20181010	4843
2.0.20191003	2164
2.0.20191007	2163
2.0.20191013	3101
