version	total
2.0.20181010	5057
2.0.20191003	2362
2.0.20191007	2362
2.0.20191013	3360
