version	total
2.0.20181010	2502
2.0.20191003	189
2.0.20191007	184
2.0.20191013	462
