version	total
2.0.20181010	3564
2.0.20191003	1043
2.0.20191007	1041
2.0.20191013	1620
