version	total
2.0.20181010	4102
2.0.20191003	1473
2.0.20191007	1471
2.0.20191013	2239
