version	total
2.0.20181010	5202
2.0.20191003	2511
2.0.20191007	2512
2.0.20191013	3577
