version	total
2.0.20181010	4502
2.0.20191003	1839
2.0.20191007	1838
2.0.20191013	2707
