version	total
2.0.20181010	2299
2.0.20191003	85
2.0.20191007	79
2.0.20191013	315
