version	total
2.0.20181010	5109
2.0.20191003	2413
2.0.20191007	2413
2.0.20191013	3429
