version	total
2.0.20181010	4382
2.0.20191003	1729
2.0.20191007	1728
2.0.20191013	2569
