version	total
2.0.20181010	2459
2.0.20191003	167
2.0.20191007	163
2.0.20191013	432
