version	total
2.0.20181010	2883
2.0.20191003	469
2.0.20191007	465
2.0.20191013	807
