version	total
2.0.20181010	2353
2.0.20191003	111
2.0.20191007	106
2.0.20191013	353
