version	total
2.0.20181010	4020
2.0.20191003	1396
2.0.20191007	1394
2.0.20191013	2142
