version	total
2.0.20181010	3587
2.0.20191003	1067
2.0.20191007	1065
2.0.20191013	1652
