version	total
2.0.20181010	4982
2.0.20191003	2286
2.0.20191007	2285
2.0.20191013	3254
