version	total
2.0.20181010	2618
2.0.20191003	218
2.0.20191007	214
2.0.20191013	525
