version	total
2.0.20181010	2508
2.0.20191003	194
2.0.20191007	189
2.0.20191013	468
