version	total
2.0.20181010	2652
2.0.20191003	244
2.0.20191007	240
2.0.20191013	555
