version	total
2.0.20181010	5200
2.0.20191003	2507
2.0.20191007	2508
2.0.20191013	3572
