version	total
2.0.20181010	4455
2.0.20191003	1797
2.0.20191007	1796
2.0.20191013	2653
