version	total
2.0.20181010	5218
2.0.20191003	2522
2.0.20191007	2523
2.0.20191013	3604
