version	total
2.0.20181010	3940
2.0.20191003	1348
2.0.20191007	1346
2.0.20191013	2045
