version	total
2.0.20181010	4110
2.0.20191003	1481
2.0.20191007	1479
2.0.20191013	2249
