version	total
2.0.20181010	4344
2.0.20191003	1694
2.0.20191007	1693
2.0.20191013	2530
