version	total
2.0.20181010	5084
2.0.20191003	2389
2.0.20191007	2389
2.0.20191013	3401
