version	total
2.0.20181010	3749
2.0.20191003	1193
2.0.20191007	1191
2.0.20191013	1822
