version	total
2.0.20181010	4042
2.0.20191003	1417
2.0.20191007	1415
2.0.20191013	2166
