version	total
2.0.20181010	2498
2.0.20191003	187
2.0.20191007	182
2.0.20191013	459
