version	total
2.0.20181010	4464
2.0.20191003	1805
2.0.20191007	1804
2.0.20191013	2662
