version	total
2.0.20181010	2390
2.0.20191003	130
2.0.20191007	126
2.0.20191013	380
