version	total
2.0.20181010	4868
2.0.20191003	2185
2.0.20191007	2184
2.0.20191013	3129
