version	total
2.0.20181010	2816
2.0.20191003	400
2.0.20191007	395
2.0.20191013	726
