version	total
2.0.20181010	3682
2.0.20191003	1145
2.0.20191007	1143
2.0.20191013	1755
