version	total
2.0.20181010	4226
2.0.20191003	1583
2.0.20191007	1582
2.0.20191013	2385
