version	total
2.0.20181010	5135
2.0.20191003	2434
2.0.20191007	2434
2.0.20191013	3463
