version	total
2.0.20181010	2766
2.0.20191003	354
2.0.20191007	349
2.0.20191013	673
