version	total
2.0.20181010	3788
2.0.20191003	1226
2.0.20191007	1224
2.0.20191013	1872
