version	total
2.0.20181010	3930
2.0.20191003	1338
2.0.20191007	1336
2.0.20191013	2033
