version	total
2.0.20181010	2856
2.0.20191003	439
2.0.20191007	435
2.0.20191013	770
