version	total
2.0.20181010	3450
2.0.20191003	946
2.0.20191007	944
2.0.20191013	1495
