version	total
2.0.20181010	3480
2.0.20191003	972
2.0.20191007	970
2.0.20191013	1529
