version	total
2.0.20181010	4631
2.0.20191003	1966
2.0.20191007	1965
2.0.20191013	2855
