version	total
2.0.20181010	2674
2.0.20191003	264
2.0.20191007	260
2.0.20191013	575
