version	total
2.0.20181010	4439
2.0.20191003	1783
2.0.20191007	1782
2.0.20191013	2634
