version	total
2.0.20181010	4089
2.0.20191003	1462
2.0.20191007	1460
2.0.20191013	2224
