version	total
2.0.20181010	4923
2.0.20191003	2236
2.0.20191007	2235
2.0.20191013	3191
