version	total
2.0.20181010	4800
2.0.20191003	2124
2.0.20191007	2123
2.0.20191013	3056
