version	total
2.0.20181010	2504
2.0.20191003	190
2.0.20191007	185
2.0.20191013	463
