version	total
2.0.20181010	4267
2.0.20191003	1622
2.0.20191007	1621
2.0.20191013	2438
