version	total
2.0.20181010	2479
2.0.20191003	178
2.0.20191007	173
2.0.20191013	444
