version	total
2.0.20181010	2780
2.0.20191003	368
2.0.20191007	363
2.0.20191013	688
