version	total
2.0.20181010	4481
2.0.20191003	1820
2.0.20191007	1819
2.0.20191013	2681
