version	total
2.0.20181010	3468
2.0.20191003	961
2.0.20191007	959
2.0.20191013	1515
