version	total
2.0.20181010	3948
2.0.20191003	1351
2.0.20191007	1349
2.0.20191013	2051
