version	total
2.0.20181010	5104
2.0.20191003	2411
2.0.20191007	2411
2.0.20191013	3427
