version	total
2.0.20181010	3755
2.0.20191003	1199
2.0.20191007	1197
2.0.20191013	1830
