version	total
2.0.20181010	3693
2.0.20191003	1154
2.0.20191007	1152
2.0.20191013	1767
