version	total
2.0.20181010	2511
2.0.20191003	197
2.0.20191007	192
2.0.20191013	471
