version	total
2.0.20181010	2349
2.0.20191003	109
2.0.20191007	104
2.0.20191013	350
