version	total
2.0.20181010	2808
2.0.20191003	393
2.0.20191007	388
2.0.20191013	717
