version	total
2.0.20181010	3675
2.0.20191003	1138
2.0.20191007	1136
2.0.20191013	1745
