version	total
2.0.20181010	4240
2.0.20191003	1596
2.0.20191007	1595
2.0.20191013	2405
