version	total
2.0.20181010	3010
2.0.20191003	584
2.0.20191007	582
2.0.20191013	949
