version	total
2.0.20181010	3851
2.0.20191003	1274
2.0.20191007	1272
2.0.20191013	1946
