version	total
2.0.20181010	4323
2.0.20191003	1676
2.0.20191007	1675
2.0.20191013	2507
