version	total
2.0.20181010	3452
2.0.20191003	948
2.0.20191007	946
2.0.20191013	1497
