version	total
2.0.20181010	4058
2.0.20191003	1433
2.0.20191007	1431
2.0.20191013	2182
