version	total
2.0.20181010	5232
2.0.20191003	2538
2.0.20191007	2539
2.0.20191013	3626
