version	total
2.0.20181010	4081
2.0.20191003	1454
2.0.20191007	1452
2.0.20191013	2216
