version	total
2.0.20181010	2683
2.0.20191003	273
2.0.20191007	269
2.0.20191013	584
