version	total
2.0.20181010	3797
2.0.20191003	1234
2.0.20191007	1232
2.0.20191013	1882
