version	total
2.0.20181010	3697
2.0.20191003	1158
2.0.20191007	1156
2.0.20191013	1771
