version	total
2.0.20181010	4199
2.0.20191003	1555
2.0.20191007	1554
2.0.20191013	2354
