version	total
2.0.20181010	2307
2.0.20191003	89
2.0.20191007	84
2.0.20191013	325
