version	total
2.0.20181010	4688
2.0.20191003	2023
2.0.20191007	2022
2.0.20191013	2928
