version	total
2.0.20181010	5083
2.0.20191003	2386
2.0.20191007	2386
2.0.20191013	3395
