version	total
2.0.20181010	4459
2.0.20191003	1801
2.0.20191007	1800
2.0.20191013	2657
