version	total
2.0.20181010	4453
2.0.20191003	1795
2.0.20191007	1794
2.0.20191013	2651
