version	total
2.0.20181010	4359
2.0.20191003	1707
2.0.20191007	1706
2.0.20191013	2546
