version	total
2.0.20181010	2737
2.0.20191003	326
2.0.20191007	321
2.0.20191013	645
