version	total
2.0.20181010	2477
2.0.20191003	177
2.0.20191007	172
2.0.20191013	443
