version	total
2.0.20181010	4898
2.0.20191003	2210
2.0.20191007	2209
2.0.20191013	3161
