version	total
2.0.20181010	4990
2.0.20191003	2296
2.0.20191007	2295
2.0.20191013	3269
