version	total
2.0.20181010	4786
2.0.20191003	2114
2.0.20191007	2113
2.0.20191013	3040
