version	total
2.0.20181010	3865
2.0.20191003	1288
2.0.20191007	1286
2.0.20191013	1964
