version	total
2.0.20181010	4765
2.0.20191003	2096
2.0.20191007	2095
2.0.20191013	3014
