version	total
2.0.20181010	4433
2.0.20191003	1779
2.0.20191007	1778
2.0.20191013	2626
