version	total
2.0.20181010	3883
2.0.20191003	1300
2.0.20191007	1298
2.0.20191013	1978
