version	total
2.0.20181010	2357
2.0.20191003	114
2.0.20191007	109
2.0.20191013	358
