version	total
2.0.20181010	3379
2.0.20191003	889
2.0.20191007	887
2.0.20191013	1410
