version	total
2.0.20181010	4048
2.0.20191003	1423
2.0.20191007	1421
2.0.20191013	2172
