version	total
2.0.20181010	2718
2.0.20191003	308
2.0.20191007	305
2.0.20191013	626
