version	total
2.0.20181010	2492
2.0.20191003	183
2.0.20191007	178
2.0.20191013	453
