version	total
2.0.20181010	4298
2.0.20191003	1651
2.0.20191007	1650
2.0.20191013	2475
