version	total
2.0.20181010	4911
2.0.20191003	2224
2.0.20191007	2223
2.0.20191013	3176
