version	total
2.0.20181010	4802
2.0.20191003	2126
2.0.20191007	2125
2.0.20191013	3059
