version	total
2.0.20181010	3377
2.0.20191003	887
2.0.20191007	885
2.0.20191013	1407
