version	total
2.0.20181010	3052
2.0.20191003	621
2.0.20191007	619
2.0.20191013	998
