version	total
2.0.20181010	4338
2.0.20191003	1688
2.0.20191007	1687
2.0.20191013	2524
