version	total
2.0.20181010	4585
2.0.20191003	1922
2.0.20191007	1921
2.0.20191013	2800
