version	total
2.0.20181010	5237
2.0.20191003	2546
2.0.20191007	2547
2.0.20191013	3635
