version	total
2.0.20181010	4830
2.0.20191003	2150
2.0.20191007	2149
2.0.20191013	3087
