version	total
2.0.20181010	2751
2.0.20191003	340
2.0.20191007	335
2.0.20191013	659
