version	total
2.0.20181010	4085
2.0.20191003	1458
2.0.20191007	1456
2.0.20191013	2220
