version	total
2.0.20181010	4533
2.0.20191003	1870
2.0.20191007	1869
2.0.20191013	2742
