version	total
2.0.20181010	4175
2.0.20191003	1538
2.0.20191007	1537
2.0.20191013	2334
