version	total
2.0.20181010	2382
2.0.20191003	126
2.0.20191007	122
2.0.20191013	376
