version	total
2.0.20181010	4398
2.0.20191003	1745
2.0.20191007	1744
2.0.20191013	2585
