version	total
2.0.20181010	4623
2.0.20191003	1958
2.0.20191007	1957
2.0.20191013	2846
