version	total
2.0.20181010	5098
2.0.20191003	2405
2.0.20191007	2405
2.0.20191013	3419
