version	total
2.0.20181010	4313
2.0.20191003	1666
2.0.20191007	1665
2.0.20191013	2495
