version	total
2.0.20181010	2309
2.0.20191003	90
2.0.20191007	85
2.0.20191013	326
