version	total
2.0.20181010	5056
2.0.20191003	2360
2.0.20191007	2360
2.0.20191013	3357
