version	total
2.0.20181010	4006
2.0.20191003	1382
2.0.20191007	1380
2.0.20191013	2127
