version	total
2.0.20181010	4504
2.0.20191003	1841
2.0.20191007	1840
2.0.20191013	2709
