version	total
2.0.20181010	4883
2.0.20191003	2198
2.0.20191007	2197
2.0.20191013	3147
