version	total
2.0.20181010	3920
2.0.20191003	1330
2.0.20191007	1328
2.0.20191013	2022
