version	total
2.0.20181010	2517
2.0.20191003	201
2.0.20191007	196
2.0.20191013	476
