version	total
2.0.20181010	3600
2.0.20191003	1078
2.0.20191007	1076
2.0.20191013	1667
