version	total
2.0.20181010	3725
2.0.20191003	1177
2.0.20191007	1175
2.0.20191013	1799
