version	total
2.0.20181010	2662
2.0.20191003	254
2.0.20191007	250
2.0.20191013	565
