version	total
2.0.20181010	4808
2.0.20191003	2132
2.0.20191007	2131
2.0.20191013	3067
