version	total
2.0.20181010	4036
2.0.20191003	1411
2.0.20191007	1409
2.0.20191013	2160
