version	total
2.0.20181010	4129
2.0.20191003	1497
2.0.20191007	1496
2.0.20191013	2274
