version	total
2.0.20181010	2814
2.0.20191003	398
2.0.20191007	393
2.0.20191013	724
