version	total
2.0.20181010	4065
2.0.20191003	1437
2.0.20191007	1435
2.0.20191013	2186
