version	total
2.0.20181010	4967
2.0.20191003	2277
2.0.20191007	2276
2.0.20191013	3242
