version	total
2.0.20181010	4418
2.0.20191003	1765
2.0.20191007	1764
2.0.20191013	2606
