version	total
2.0.20181010	3441
2.0.20191003	938
2.0.20191007	936
2.0.20191013	1485
