version	total
2.0.20181010	2729
2.0.20191003	316
2.0.20191007	313
2.0.20191013	634
