version	total
2.0.20181010	5258
2.0.20191003	2566
2.0.20191007	2567
2.0.20191013	3662
