version	total
2.0.20181010	3143
2.0.20191003	697
2.0.20191007	695
2.0.20191013	1097
