version	total
2.0.20181010	4016
2.0.20191003	1392
2.0.20191007	1390
2.0.20191013	2137
