version	total
2.0.20181010	3521
2.0.20191003	1008
2.0.20191007	1006
2.0.20191013	1569
