version	total
2.0.20181010	4422
2.0.20191003	1768
2.0.20191007	1767
2.0.20191013	2612
