version	total
2.0.20181010	3585
2.0.20191003	1065
2.0.20191007	1063
2.0.20191013	1649
