version	total
2.0.20181010	4751
2.0.20191003	2082
2.0.20191007	2081
2.0.20191013	2999
