version	total
2.0.20181010	3667
2.0.20191003	1133
2.0.20191007	1131
2.0.20191013	1737
