version	total
2.0.20181010	4579
2.0.20191003	1916
2.0.20191007	1915
2.0.20191013	2791
