version	total
2.0.20181010	2439
2.0.20191003	156
2.0.20191007	152
2.0.20191013	417
