version	total
1.000005	23270
1.002002	7945
1.004002	6984
1.004003	4335
1.004004	123712
1.012004	1956
1.012005	1548
1.014000	1518
1.016002	1414
1.016006	1653
