version	total
0.042	61998
1.000000	22122
1.002001	470929
1.002002	252040
