version	total
1.000005	16259
1.002002	5777
1.004002	4825
1.004003	2173
1.004004	56472
