version	total
0.094002	658
0.094003	61
