version	total
1.967013	27553
1.967015	122213
