version	total
5.20180120	6187
5.20180626	5084
5.20180820	8566
5.20181130	4549
5.20181218	10898
5.20190420	5021
5.20190524	82481
5.20220120	2266
5.20220220	2334
5.20220313	2183
5.20220320	2942
5.20220420	3190
5.20220527	2927
5.20220620	23091
