version	total
2.000002	4773
2.001000	32114
2.003004	148242
2.005004	16450
