version	total
1.302052	6958
1.302075	10283
1.302140	3837
1.302141	3142
1.302156	4058
1.302164	5704
1.302188	788
1.302189	598
1.302190	1729
