version	total
1.20141117	2638
1.20190531	279
