version	total
2.000001	26690
2.000006	21802
2.000008	114994
2.002004	13687
