version	total
0.000061	10626
0.000115	6477
0.000116	5259
0.000117	19635
0.000144	2826
0.000145	172644
0.000163	16368
