version	total
0.042	66530
1.000000	22427
1.002001	485669
1.002002	277273
