version	total
0.17024	29202
0.17027	134128
0.17029	3238
