version	total
0.008	2598
0.006007	5703
0.008002	2486
0.008004	2361
0.008005	1967
0.008006	1944
0.008007	1529
0.008008	1156
0.008009	761
