version	total
1.94	137296
1.99	1426
2.000000	1233
2.001000	868
2.002000	1785
2.002001	481
