version	total
0.103004	8054
0.103005	1032
0.103006	288
