version	total
2.120921	8567
2.150010	75575
