version	total
0.001011	32222
0.001013	194904
