version	total
5.20180120	3556
5.20180626	2664
5.20180820	6144
5.20181130	2203
5.20181218	7831
5.20190420	2584
5.20190524	40940
