version	total
1.94	139469
1.99	1511
2.000000	1317
2.001000	942
2.002000	1876
2.002001	589
