version	total
2.005001	14101
2.006003	61967
