version	total
1.006900	28348
1.007002	134111
1.007003	69226
