version	total
0.204001	1091
0.204003	1076
0.206003	1254
0.207001	741
0.207002	716
