version	total
1.100602	6256
1.100603	690
