version	total
1.999813	3686
1.999816	3813
1.999829	1108
1.999830	1013
1.999831	940
1.999832	927
1.999833	929
1.999835	925
1.999836	862
1.999837	862
1.999838	357
1.999839	138
