version	total
0.100052	6279
0.100054	874
0.100055	204
