version	total
0.000061	10050
0.000115	6306
0.000116	5086
0.000117	19299
0.000144	2663
0.000145	167012
0.000163	419
