version	total
0.100003	4328
0.100005	1205
0.100006	617
