version	total
0.004010	2919
0.004011	2472
