version	total
0.100003	4693
0.100005	1553
0.100006	967
