version	total
0.100003	3806
0.100005	742
0.100006	150
