version	total
0.103004	8713
0.103005	1476
0.103006	774
