version	total
2.005001	18908
2.006003	153060
2.006006	28125
