version	total
0.002005	4703
0.002006	4624
0.002009	2098
