version	total
1.000005	16862
1.002002	6172
1.004002	5219
1.004003	2568
1.004004	65757
