version	total
0.100003	3954
0.100005	864
0.100006	275
