version	total
0.008	1666
0.006007	4704
0.008002	1549
0.008004	1426
0.008005	1064
0.008006	1045
0.008007	623
0.008008	210
