version	total
0.100003	4027
0.100005	931
0.100006	341
