version	total
0.004010	4240
0.004011	3973
