version	total
0.17024	24519
0.17027	109805
0.17029	1792
