version	total
0.008	2395
0.006007	5490
0.008002	2283
0.008004	2158
0.008005	1776
0.008006	1754
0.008007	1338
0.008008	966
0.008009	567
