version	total
2.000024	4439
2.000028	110
