version	total
0.002005	4488
0.002006	4392
0.002009	1890
