version	total
1.94	159138
1.99	2438
2.000000	2210
2.001000	1805
2.002000	2884
2.002001	1675
2.003000	586
