version	total
4.161950	6749
4.201720	6900
