version	total
0.000061	5426
0.000115	3702
0.000116	2483
0.000117	13353
