version	total
0.000061	5750
0.000115	3986
0.000116	2769
0.000117	13934
