version	total
0.204001	1720
0.204003	1702
0.206003	2108
0.207001	1384
0.207002	1356
