version	total
2.000002	5030
2.001000	33080
2.003004	152323
2.005004	17895
