version	total
2.000001	26996
2.000006	21948
2.000008	116873
2.002004	14144
