version	total
5.20180120	3869
5.20180626	2967
5.20180820	6445
5.20181130	2472
5.20181218	8244
5.20190420	2891
5.20190524	45610
5.20220120	59
