version	total
1.006900	28527
1.007002	134663
1.007003	70677
