version	total
1.999813	3430
1.999816	3531
1.999829	851
1.999830	756
1.999831	683
1.999832	669
1.999833	673
1.999835	669
1.999836	604
1.999837	605
1.999838	93
