version	total
0.008	1777
0.006007	4827
0.008002	1663
0.008004	1539
0.008005	1175
0.008006	1156
0.008007	735
0.008008	343
