version	total
1.100602	7137
1.100603	1496
