version	total
0.004010	2921
0.004011	2474
