version	total
0.103004	9685
0.103005	2264
0.103006	1577
