version	total
0.004010	4183
0.004011	3908
