version	total
0.002005	2370
0.002006	1930
