version	total
0.000061	7205
0.000115	4964
0.000116	3751
0.000117	16406
0.000144	1346
0.000145	36964
