version	total
0.001011	29324
0.001013	170983
