version	total
2.000001	28386
2.000006	22591
2.000008	126143
2.002004	16545
