version	total
1.94	115289
1.99	741
2.000000	608
2.001000	285
2.002000	987
