version	total
0.001011	26573
0.001013	128749
