version	total
0.002005	3449
0.002006	3286
0.002009	866
