version	total
0.004010	5321
0.004011	5113
