version	total
2.120921	7943
2.150010	39246
