version	total
2.005001	17189
2.006003	136310
2.006006	17831
