version	total
0.008	919
0.006007	3766
0.008002	792
0.008004	666
0.008005	356
0.008006	311
