version	total
1.003008	2993
1.004000	2723
