version	total
0.094002	1586
0.094003	991
