version	total
1.967013	26825
1.967015	117909
