version	total
2.000002	3141
2.001000	23880
2.003004	67966
