version	total
0.002005	3731
0.002006	3608
0.002009	1148
