version	total
5.20180120	6269
5.20180626	5149
5.20180820	8631
5.20181130	4616
5.20181218	10973
5.20190420	5086
5.20190524	82819
5.20220120	2330
5.20220220	2398
5.20220313	2247
5.20220320	3006
5.20220420	3256
5.20220527	2991
5.20220620	23523
