version	total
1.302052	9094
1.302075	13696
1.302140	5379
1.302141	4675
1.302156	5619
1.302164	8941
1.302188	2333
1.302189	2097
1.302190	5779
