version	total
0.002005	3230
0.002006	3045
0.002009	652
