version	total
0.100003	3670
0.100005	617
