version	total
0.204001	332
0.204003	314
0.206003	362
