version	total
0.17024	23460
0.17027	102858
0.17029	1528
