version	total
2.000002	4497
2.001000	30630
2.003004	139865
2.005004	14309
