version	total
1.999813	4689
1.999816	4889
1.999829	2070
1.999830	1974
1.999831	1896
1.999832	1887
1.999833	1889
1.999835	1886
1.999836	1823
1.999837	1824
1.999838	1316
1.999839	1100
1.999841	961
1.999842	956
2.000000	942
2.001000	905
2.001001	888
2.002000	868
2.002001	856
2.003001	597
2.003002	579
2.003003	324
2.003004	32
