version	total
0.002005	3197
0.002006	3010
0.002009	619
