version	total
1.000019	6293
1.000033	14770
1.000036	86759
1.000037	17688
1.000038	11930
