version	total
1.20141117	2493
1.20190531	213
