version	total
1.967013	27021
1.967015	119053
