version	total
1.006900	25679
1.007002	124232
1.007003	48821
