version	total
0.001011	24311
0.001013	78780
