version	total
1.000005	23350
1.002002	7969
1.004002	7008
1.004003	4359
1.004004	124170
1.012004	1979
1.012005	1572
1.014000	1541
1.016002	1436
1.016006	1677
