version	total
0.000061	7578
0.000115	5145
0.000116	3933
0.000117	16788
0.000144	1527
0.000145	51718
