version	total
1.94	116999
1.99	807
2.000000	667
2.001000	335
2.002000	1095
