version	total
2.000024	6832
2.000028	1616
2.000029	2968
