version	total
1.967013	30751
1.967015	138128
