version	total
1.000005	19910
1.002002	7089
1.004002	6120
1.004003	3473
1.004004	104386
1.012004	1122
1.012005	715
1.014000	681
1.016002	593
1.016006	743
