version	total
0.100052	7196
0.100054	1489
0.100055	853
