version	total
0.004010	4693
0.004011	4443
