version	total
0.100003	4810
0.100005	1668
0.100006	1082
