version	total
2.000001	28499
2.000006	22652
2.000008	126766
2.002004	16756
