version	total
2.005001	17148
2.006003	135886
2.006006	17697
