version	total
0.204001	1931
0.204003	1913
0.206003	2430
0.207001	1688
0.207002	1661
0.207003	225
