version	total
0.001011	28797
0.001013	166416
