version	total
0.100052	6904
0.100054	1250
0.100055	608
