version	total
0.002005	4217
0.002006	4108
0.002009	1623
