version	total
2.000001	31863
2.000006	24392
2.000008	142571
2.002004	25338
