version	total
1.000019	4023
1.000033	12076
1.000036	42729
