version	total
2.000002	2925
2.001000	23348
2.003004	62672
