version	total
2.120921	7287
2.150010	28073
