version	total
0.17024	27913
0.17027	128436
0.17029	2826
