version	total
1.006900	23460
1.007002	113129
1.007003	31969
