version	total
0.17024	26470
0.17027	121425
0.17029	2360
