version	total
0.004010	5112
0.004011	4876
