version	total
0.094002	1238
0.094003	646
