version	total
2.120921	7456
2.150010	29996
