version	total
0.000061	8832
0.000115	5787
0.000116	4572
0.000117	18269
0.000144	2155
0.000145	139948
