version	total
0.17024	28852
0.17027	132867
0.17029	3127
