version	total
2.000001	29483
2.000006	23242
2.000008	131718
2.002004	18425
