version	total
1.999813	3331
1.999816	3421
1.999829	757
1.999830	662
1.999831	589
1.999832	575
1.999833	579
1.999835	575
1.999836	510
1.999837	511
