version	total
0.17024	23057
0.17027	99754
0.17029	1421
