version	total
0.103004	9783
0.103005	2338
0.103006	1684
