version	total
1.100602	5522
1.100603	183
