version	total
1.999813	2203
1.999816	2134
