version	total
0.002005	4673
0.002006	4589
0.002009	2069
