version	total
0.001011	34487
0.001013	209450
