version	total
0.094002	794
0.094003	195
