version	total
2.005001	18555
2.006003	149614
2.006006	26086
