version	total
1.20141117	4390
1.20190531	2003
