version	total
2.000001	27580
2.000006	22236
2.000008	120603
2.002004	15110
