version	total
1.999813	3250
1.999816	3333
1.999829	680
1.999830	585
1.999831	512
1.999832	498
1.999833	502
1.999835	498
1.999836	433
1.999837	432
