version	total
1.94	144743
1.99	1785
2.000000	1590
2.001000	1208
2.002000	2174
2.002001	944
