version	total
0.002005	3472
0.002006	3313
0.002009	889
