version	total
1.006900	22780
1.007002	109457
1.007003	27278
