version	total
0.100003	4831
0.100005	1686
0.100006	1101
