version	total
1.006900	18982
1.007002	72420
