version	total
0.17024	26860
0.17027	123269
0.17029	2494
