version	total
0.042	40514
1.000000	20076
1.002001	172264
