version	total
0.002005	3721
0.002006	3598
0.002009	1138
