version	total
0.042	46468
1.000000	21227
1.002001	415986
1.002002	192272
