version	total
0.042	67808
1.000000	22528
1.002001	490068
1.002002	285847
