version	total
1.302052	5361
1.302075	8710
1.302140	2786
1.302141	2092
1.302156	2984
1.302164	2976
