version	total
1.000019	6077
1.000033	14523
1.000036	85002
1.000037	17466
1.000038	7743
