version	total
1.967013	26805
1.967015	117780
