version	total
0.042	46713
1.000000	21253
1.002001	417766
1.002002	193664
