version	total
1.000019	6782
1.000033	15271
1.000036	89869
1.000037	18126
1.000038	19162
