version	total
5.20180120	5803
5.20180626	4747
5.20180820	8228
5.20181130	4214
5.20181218	10486
5.20190420	4681
5.20190524	80191
5.20220120	1943
5.20220220	2012
5.20220313	1862
5.20220320	2618
5.20220420	2869
5.20220527	2608
5.20220620	19525
