version	total
0.002005	4436
0.002006	4335
0.002009	1840
