version	total
2.005001	17805
2.006003	140739
2.006006	19782
