version	total
1.302052	9159
1.302075	13835
1.302140	5423
1.302141	4719
1.302156	5662
1.302164	9010
1.302188	2374
1.302189	2138
1.302190	5903
