version	total
2.120921	9375
2.150010	84376
