version	total
0.001011	31743
0.001013	190724
