version	total
1.999813	3492
1.999816	3598
1.999829	911
1.999830	816
1.999831	743
1.999832	729
1.999833	733
1.999835	729
1.999836	664
1.999837	665
1.999838	162
