version	total
1.94	114903
1.99	729
2.000000	599
2.001000	279
2.002000	972
