version	total
5.20180120	6102
5.20180626	5006
5.20180820	8487
5.20181130	4470
5.20181218	10807
5.20190420	4940
5.20190524	81947
5.20220120	2188
5.20220220	2258
5.20220313	2108
5.20220320	2865
5.20220420	3114
5.20220527	2852
5.20220620	22491
