version	total
2.005001	16303
2.006003	123382
2.006006	14203
