version	total
1.967013	21783
1.967015	60578
