version	total
0.042	69661
1.000000	22665
1.002001	495970
1.002002	295997
