version	total
1.302052	9079
1.302075	13673
1.302140	5366
1.302141	4662
1.302156	5605
1.302164	8915
1.302188	2320
1.302189	2084
1.302190	5758
