version	total
1.100602	6458
1.100603	865
