version	total
0.008	2030
0.006007	5091
0.008002	1917
0.008004	1793
0.008005	1423
0.008006	1403
0.008007	985
0.008008	612
0.008009	207
