version	total
1.302052	9227
1.302075	14021
1.302140	5461
1.302141	4760
1.302156	5703
1.302164	9098
1.302188	2409
1.302189	2173
1.302190	6075
