version	total
0.100052	6798
0.100054	1169
0.100055	524
