version	total
0.008	255
0.006007	2899
0.008002	100
