version	total
1.006900	25727
1.007002	124346
1.007003	48968
