version	total
1.967013	27986
1.967015	124181
