version	total
1.94	154655
1.99	2210
2.000000	2003
2.001000	1612
2.002000	2641
2.002001	1440
2.003000	281
