version	total
0.002005	2542
0.002006	2107
