version	total
0.100052	7539
0.100054	1786
0.100055	1156
