version	total
0.100003	4528
0.100005	1395
0.100006	809
