version	total
4.161950	5984
4.201720	3880
