version	total
0.000061	6221
0.000115	4331
0.000116	3119
0.000117	14832
0.000144	409
0.000145	4000
