version	total
2.000001	29500
2.000006	23254
2.000008	131807
2.002004	18450
