version	total
0.002005	3506
0.002006	3354
0.002009	922
