version	total
4.161950	7581
4.201720	10843
