version	total
1.000019	5919
1.000033	14348
1.000036	83823
1.000037	17303
1.000038	6174
