version	total
0.000061	9500
0.000115	6062
0.000116	4847
0.000117	18789
0.000144	2429
0.000145	151717
0.000163	177
