version	total
1.000019	5557
1.000033	13929
1.000036	81041
1.000037	16833
1.000038	2209
