version	total
0.042	53372
1.000000	21783
1.002001	457072
1.002002	234600
