version	total
2.120921	8956
2.150010	79866
