version	total
0.000061	8509
0.000115	5640
0.000116	4425
0.000117	17943
0.000144	2007
0.000145	126782
