version	total
2.000024	6436
2.000028	1309
2.000029	2209
