version	total
0.17024	20770
0.17027	66159
