version	total
2.000001	28957
2.000006	22889
2.000008	129350
2.002004	17566
