version	total
0.17024	26309
0.17027	120771
0.17029	2305
