version	total
0.004010	4149
0.004011	3870
