version	total
0.100003	3642
0.100005	592
