version	total
1.999813	4208
1.999816	4363
1.999829	1615
1.999830	1522
1.999831	1446
1.999832	1436
1.999833	1437
1.999835	1434
1.999836	1371
1.999837	1370
1.999838	864
1.999839	649
1.999841	511
1.999842	504
2.000000	454
2.001000	417
2.001001	399
2.002000	382
2.002001	368
2.003001	311
2.003002	294
2.003003	28
