version	total
1.003008	5802
1.004000	6035
1.004003	2243
