version	total
0.103004	9778
0.103005	2334
0.103006	1680
