version	total
0.004010	5176
0.004011	4950
