version	total
1.20141117	3571
1.20190531	1210
