version	total
1.003008	5135
1.004000	5355
1.004003	1645
