version	total
1.000005	23949
1.002002	8103
1.004002	7143
1.004003	4492
1.004004	127195
1.012004	2111
1.012005	1702
1.014000	1671
1.016002	1567
1.016006	1825
