version	total
1.000019	6491
1.000033	14992
1.000036	88037
1.000037	17877
1.000038	15231
