version	total
1.006900	27417
1.007002	130719
1.007003	61925
