version	total
1.000019	5386
1.000033	13765
1.000036	79684
1.000037	16601
1.000038	768
