version	total
0.008	558
0.006007	3237
0.008002	422
0.008004	281
0.008005	8
