version	total
2.000001	22149
2.000006	19010
2.000008	47629
