version	total
0.008	1674
0.006007	4712
0.008002	1557
0.008004	1434
0.008005	1072
0.008006	1053
0.008007	631
0.008008	219
