version	total
0.100003	4591
0.100005	1454
0.100006	868
