version	total
5.20180120	4891
5.20180626	3884
5.20180820	7364
5.20181130	3361
5.20181218	9448
5.20190420	3812
5.20190524	74546
5.20220120	1105
5.20220220	1170
5.20220313	1024
5.20220320	1772
5.20220420	2023
5.20220527	1764
5.20220620	12535
