version	total
2.005001	16718
2.006003	130617
2.006006	16124
