version	total
2.120921	7544
2.150010	31481
