version	total
1.94	123445
1.99	997
2.000000	844
2.001000	501
2.002000	1327
