version	total
0.042	46199
1.000000	21202
1.002001	413885
1.002002	190669
