version	total
0.100052	6465
0.100054	945
0.100055	279
