version	total
1.302052	8309
1.302075	12181
1.302140	4743
1.302141	4045
1.302156	4981
1.302164	7771
1.302188	1702
1.302189	1476
1.302190	3863
