version	total
0.004010	4168
0.004011	3893
