version	total
0.100003	5109
0.100005	1941
0.100006	1354
