version	total
2.000001	29919
2.000006	23518
2.000008	133487
2.002004	19132
