version	total
1.003008	4039
1.004000	4180
1.004003	628
