version	total
2.000002	4441
2.001000	30355
2.003004	138419
2.005004	13925
