version	total
0.100052	7878
0.100054	2068
0.100055	1442
