version	total
2.000024	6963
2.000028	1720
2.000029	3298
