version	total
2.005001	18486
2.006003	148789
2.006006	25309
