version	total
1.94	134068
1.99	1325
2.000000	1139
2.001000	774
2.002000	1687
2.002001	363
