version	total
1.000019	6853
1.000033	15333
1.000036	90384
1.000037	18174
1.000038	20411
