version	total
0.008	1020
0.006007	3893
0.008002	893
0.008004	767
0.008005	450
0.008006	409
