version	total
0.17024	29447
0.17027	135065
0.17029	3320
