version	total
2.000002	4180
2.001000	28877
2.003004	128771
2.005004	11972
