version	total
0.204001	1577
0.204003	1559
0.206003	1957
0.207001	1239
0.207002	1212
