version	total
5.20180120	3294
5.20180626	2411
5.20180820	5897
5.20181130	1959
5.20181218	7481
5.20190420	2337
5.20190524	38328
