version	total
1.94	153926
1.99	2172
2.000000	1966
2.001000	1576
2.002000	2597
2.002001	1395
2.003000	227
