version	total
5.20180120	4486
5.20180626	3517
5.20180820	6997
5.20181130	2996
5.20181218	9014
5.20190420	3445
5.20190524	53261
5.20220120	750
5.20220220	814
5.20220313	674
5.20220320	1417
5.20220420	1672
5.20220527	1412
5.20220620	8741
