version	total
2.005001	18692
2.006003	151014
2.006006	26871
