version	total
0.100052	7442
0.100054	1696
0.100055	1063
