version	total
0.17024	23093
0.17027	100047
0.17029	1431
