version	total
2.000001	23899
2.000006	20348
2.000008	66146
2.002004	2462
