version	total
0.17024	29081
0.17027	133774
0.17029	3202
