version	total
1.999813	2382
1.999816	2355
