version	total
0.204001	1892
0.204003	1874
0.206003	2352
0.207001	1611
0.207002	1584
0.207003	147
