version	total
0.100052	6881
0.100054	1242
0.100055	598
