version	total
2.000002	2941
2.001000	23377
2.003004	62971
