version	total
1.006900	22453
1.007002	107689
1.007003	24606
