version	total
2.000002	5223
2.001000	33857
2.003004	156589
2.005004	20477
