version	total
0.100003	3061
0.100005	62
