version	total
1.003008	3994
1.004000	4126
1.004003	587
