version	total
2.000002	3674
2.001000	25943
2.003004	85904
2.005004	3028
