version	total
5.20180120	5666
5.20180626	4612
5.20180820	8092
5.20181130	4080
5.20181218	10332
5.20190420	4546
5.20190524	79239
5.20220120	1806
5.20220220	1876
5.20220313	1726
5.20220320	2483
5.20220420	2733
5.20220527	2473
5.20220620	17832
