version	total
0.204001	1909
0.204003	1891
0.206003	2385
0.207001	1645
0.207002	1618
0.207003	181
