version	total
0.100003	4477
0.100005	1348
0.100006	760
