version	total
2.120921	7429
2.150010	29633
