version	total
0.103004	9504
0.103005	2121
0.103006	1434
