version	total
1.94	144689
1.99	1780
2.000000	1585
2.001000	1203
2.002000	2168
2.002001	938
