version	total
1.94	119441
1.99	860
2.000000	716
2.001000	381
2.002000	1167
