version	total
1.999813	2540
1.999816	2543
