version	total
4.161950	6488
4.201720	5731
