version	total
5.20180120	5504
5.20180626	4454
5.20180820	7933
5.20181130	3922
5.20181218	10139
5.20190420	4387
5.20190524	78175
5.20220120	1650
5.20220220	1718
5.20220313	1569
5.20220320	2323
5.20220420	2575
5.20220527	2315
5.20220620	16425
