version	total
1.000019	6820
1.000033	15302
1.000036	90172
1.000037	18148
1.000038	19854
