version	total
0.000061	7857
0.000115	5293
0.000116	4079
0.000117	17076
0.000144	1673
0.000145	64632
