version	total
0.042	66290
1.000000	22408
1.002001	484824
1.002002	275006
