version	total
1.302052	8186
1.302075	11977
1.302140	4647
1.302141	3949
1.302156	4884
1.302164	7549
1.302188	1608
1.302189	1381
1.302190	3692
