version	total
0.002005	4606
0.002006	4518
0.002009	2003
