version	total
0.204001	1255
0.204003	1240
0.206003	1447
0.207001	905
0.207002	880
