version	total
1.100602	6177
1.100603	626
