version	total
0.17024	24501
0.17027	109646
0.17029	1787
