version	total
0.002005	2504
0.002006	2070
