version	total
1.967013	27850
1.967015	123439
