version	total
2.120921	8786
2.150010	77942
