version	total
2.000024	7414
2.000028	2057
2.000029	4484
