version	total
1.999813	4418
1.999816	4586
1.999829	1818
1.999830	1724
1.999831	1648
1.999832	1638
1.999833	1639
1.999835	1637
1.999836	1573
1.999837	1573
1.999838	1066
1.999839	851
1.999841	713
1.999842	706
2.000000	658
2.001000	622
2.001001	604
2.002000	586
2.002001	572
2.003001	456
2.003002	439
2.003003	178
