version	total
2.000024	6999
2.000028	1753
2.000029	3402
