version	total
1.100602	6462
1.100603	869
