version	total
0.001011	27534
0.001013	156018
