version	total
0.001011	23434
0.001013	65767
