version	total
0.000061	9304
0.000115	5997
0.000116	4782
0.000117	18680
0.000144	2363
0.000145	149439
0.000163	109
