version	total
0.002005	4035
0.002006	3923
0.002009	1443
