version	total
2.000001	26991
2.000006	21945
2.000008	116846
2.002004	14136
