version	total
2.000002	2927
2.001000	23352
2.003004	62700
