version	total
0.008	2345
0.006007	5431
0.008002	2233
0.008004	2108
0.008005	1730
0.008006	1709
0.008007	1292
0.008008	920
0.008009	519
