version	total
1.006900	27211
1.007002	129783
1.007003	59582
