version	total
1.006900	25809
1.007002	124577
1.007003	49301
