version	total
0.094002	1005
0.094003	408
