version	total
1.100602	6610
1.100603	999
