version	total
5.20180120	6151
5.20180626	5053
5.20180820	8534
5.20181130	4518
5.20181218	10865
5.20190420	4989
5.20190524	82311
5.20220120	2237
5.20220220	2305
5.20220313	2156
5.20220320	2913
5.20220420	3162
5.20220527	2899
5.20220620	22862
