version	total
0.17024	29300
0.17027	134477
0.17029	3269
