version	total
0.000061	9405
0.000115	6030
0.000116	4815
0.000117	18727
0.000144	2397
0.000145	150113
0.000163	143
