version	total
2.005001	14354
2.006003	65099
