version	total
1.302052	7514
1.302075	11053
1.302140	4190
1.302141	3495
1.302156	4426
1.302164	6616
1.302188	1132
1.302189	937
1.302190	2546
