version	total
0.042	48650
1.000000	21470
1.002001	434640
1.002002	205482
