version	total
2.005001	17569
2.006003	138519
2.006006	18716
