version	total
1.999813	4514
1.999816	4689
1.999829	1910
1.999830	1816
1.999831	1738
1.999832	1729
1.999833	1730
1.999835	1728
1.999836	1664
1.999837	1664
1.999838	1158
1.999839	943
1.999841	805
1.999842	797
2.000000	754
2.001000	718
2.001001	700
2.002000	682
2.002001	668
2.003001	507
2.003002	490
2.003003	230
