version	total
2.005001	18600
2.006003	150068
2.006006	26331
