version	total
1.000019	4175
1.000033	12286
1.000036	45370
