version	total
0.204001	2127
0.204003	2105
0.206003	2958
0.207001	2162
0.207002	2135
0.207003	705
