version	total
2.000001	22267
2.000006	19119
2.000008	48699
