version	total
4.161950	4401
4.201720	585
