version	total
1.967013	22084
1.967015	65455
