version	total
2.000001	27352
2.000006	22113
2.000008	119204
2.002004	14692
