version	total
2.120921	8964
2.150010	79942
