version	total
0.008	1817
0.006007	4870
0.008002	1703
0.008004	1579
0.008005	1215
0.008006	1196
0.008007	775
0.008008	388
