version	total
1.967013	26280
1.967015	114157
