version	total
1.302052	7958
1.302075	11634
1.302140	4477
1.302141	3779
1.302156	4715
1.302164	7258
1.302188	1440
1.302189	1213
1.302190	3261
