version	total
0.002005	2674
0.002006	2296
0.002009	57
