version	total
0.100003	3235
0.100005	220
