version	total
5.20180120	6073
5.20180626	4980
5.20180820	8460
5.20181130	4445
5.20181218	10780
5.20190420	4916
5.20190524	81707
5.20220120	2165
5.20220220	2235
5.20220313	2084
5.20220320	2839
5.20220420	3090
5.20220527	2829
5.20220620	22297
