version	total
0.002005	2226
0.002006	1787
