version	total
5.20180120	5429
5.20180626	4387
5.20180820	7866
5.20181130	3854
5.20181218	10060
5.20190420	4318
5.20190524	77715
5.20220120	1585
5.20220220	1653
5.20220313	1505
5.20220320	2257
5.20220420	2510
5.20220527	2247
5.20220620	15921
