version	total
0.008	3321
0.006007	5752
0.008002	2892
0.008004	2735
0.008005	2003
0.008006	1981
0.008007	1566
0.008008	1191
0.008009	799
