version	total
0.17024	27164
0.17027	124686
0.17029	2582
