version	total
1.999813	2283
1.999816	2221
