version	total
1.100602	7110
1.100603	1476
