version	total
1.000005	24680
1.002002	8276
1.004002	7315
1.004003	4666
1.004004	130419
1.012004	2279
1.012005	1870
1.014000	1839
1.016002	1732
1.016006	2024
