version	total
4.161950	7198
4.201720	9084
