version	total
2.000002	3181
2.001000	23983
2.003004	69339
