version	total
0.001011	27519
0.001013	155874
