version	total
4.161950	7388
4.201720	9948
