version	total
1.999813	3190
1.999816	3264
1.999829	622
1.999830	527
1.999831	454
1.999832	440
1.999833	444
1.999835	440
1.999836	375
1.999837	374
