version	total
0.042	67709
1.000000	22517
1.002001	489694
1.002002	285190
