version	total
2.005001	14292
2.006003	64300
