version	total
0.100052	7434
0.100054	1688
0.100055	1054
