version	total
1.000005	24265
1.002002	8187
1.004002	7223
1.004003	4572
1.004004	128561
1.012004	2189
1.012005	1779
1.014000	1749
1.016002	1645
1.016006	1912
