version	total
1.006900	26018
1.007002	125203
1.007003	50309
