version	total
0.000061	7141
0.000115	4928
0.000116	3713
0.000117	16339
0.000144	1311
0.000145	34239
