version	total
5.20180120	6086
5.20180626	4991
5.20180820	8472
5.20181130	4455
5.20181218	10790
5.20190420	4924
5.20190524	81776
5.20220120	2173
5.20220220	2243
5.20220313	2093
5.20220320	2850
5.20220420	3099
5.20220527	2837
5.20220620	22365
