version	total
1.302052	8842
1.302075	13243
1.302140	5195
1.302141	4494
1.302156	5435
1.302164	8606
1.302188	2152
1.302189	1921
1.302190	5129
