version	total
0.100003	3956
0.100005	866
0.100006	277
