version	total
2.120921	7320
2.150010	28432
