version	total
1.003008	5080
1.004000	5294
1.004003	1589
