version	total
0.094002	1561
0.094003	966
