version	total
4.161950	3658
4.201720	24
