version	total
0.100052	5944
0.100054	656
