version	total
0.001011	23913
0.001013	71702
