version	total
5.20180120	4965
5.20180626	3948
5.20180820	7429
5.20181130	3426
5.20181218	9530
5.20190420	3877
5.20190524	75060
5.20220120	1166
5.20220220	1231
5.20220313	1085
5.20220320	1835
5.20220420	2085
5.20220527	1825
5.20220620	12848
