version	total
0.100052	6121
0.100054	774
0.100055	100
