version	total
0.001011	32279
0.001013	195323
