version	total
1.000019	3850
1.000033	11849
1.000036	40844
