version	total
0.000061	9289
0.000115	5991
0.000116	4777
0.000117	18670
0.000144	2358
0.000145	149334
0.000163	104
