version	total
0.000061	5711
0.000115	3953
0.000116	2736
0.000117	13862
