version	total
4.161950	5861
4.201720	3232
