version	total
2.005001	18423
2.006003	148272
2.006006	24890
