version	total
1.967013	31175
1.967015	140148
