version	total
0.002005	4841
0.002006	4779
0.002009	2225
