version	total
1.20141117	3011
1.20190531	659
