version	total
0.204001	1775
0.204003	1757
0.206003	2174
0.207001	1446
0.207002	1418
