version	total
0.17024	25167
0.17027	114681
0.17029	1953
