version	total
1.006900	29410
1.007002	137337
1.007003	78205
