version	total
2.000002	4706
2.001000	31732
2.003004	146352
2.005004	15921
