version	total
1.006900	21926
1.007002	104198
1.007003	20143
