version	total
4.161950	6140
4.201720	4365
