version	total
1.003008	4995
1.004000	5206
1.004003	1505
