version	total
1.006900	28343
1.007002	134097
1.007003	69191
