version	total
0.002005	3713
0.002006	3590
0.002009	1130
