version	total
1.94	122332
1.99	957
2.000000	809
2.001000	472
2.002000	1283
