version	total
0.17024	26719
0.17027	122553
0.17029	2446
