version	total
0.042	42357
1.000000	20587
1.002001	323766
1.002002	36640
