version	total
5.20180120	5922
5.20180626	4853
5.20180820	8336
5.20181130	4320
5.20181218	10627
5.20190420	4788
5.20190524	80811
5.20220120	2047
5.20220220	2115
5.20220313	1966
5.20220320	2721
5.20220420	2972
5.20220527	2711
5.20220620	20836
