version	total
0.004010	4018
0.004011	3722
