version	total
0.008	1347
0.006007	4321
0.008002	1220
0.008004	1099
0.008005	758
0.008006	738
0.008007	311
