version	total
0.100052	7907
0.100054	2092
0.100055	1470
