version	total
5.20180120	3691
5.20180626	2791
5.20180820	6272
5.20181130	2325
5.20181218	8014
5.20190420	2714
5.20190524	43051
