version	total
2.000002	5129
2.001000	33470
2.003004	154331
2.005004	19008
