version	total
0.17024	26705
0.17027	122470
0.17029	2440
