version	total
2.000024	5519
2.000028	740
2.000029	854
