version	total
0.042	41150
1.000000	20241
1.002001	206732
