version	total
1.000005	25648
1.002002	8477
1.004002	7515
1.004003	4871
1.004004	134443
1.012004	2473
1.012005	2062
1.014000	2032
1.016002	1920
1.016006	2244
