version	total
0.002005	4263
0.002006	4155
0.002009	1670
