version	total
1.006900	18814
1.007002	70986
