version	total
1.94	124432
1.99	1028
2.000000	871
2.001000	526
2.002000	1360
