version	total
1.302052	5987
1.302075	9337
1.302140	3293
1.302141	2596
1.302156	3498
1.302164	4383
1.302188	243
1.302189	29
