version	total
0.042	53207
1.000000	21771
1.002001	456622
1.002002	234085
