version	total
0.204001	952
0.204003	936
0.206003	1093
0.207001	602
0.207002	576
