version	total
1.006900	25007
1.007002	121638
1.007003	44312
