version	total
0.17024	27781
0.17027	127947
0.17029	2780
