version	total
0.008	1544
0.006007	4561
0.008002	1424
0.008004	1301
0.008005	944
0.008006	925
0.008007	504
0.008008	76
