version	total
0.100052	7139
0.100054	1439
0.100055	803
