version	total
1.94	159539
1.99	2473
2.000000	2237
2.001000	1829
2.002000	2916
2.002001	1711
2.003000	624
