version	total
0.000061	9583
0.000115	6103
0.000116	4886
0.000117	18875
0.000144	2469
0.000145	153034
0.000163	218
