version	total
2.005001	15718
2.006003	95187
2.006006	10725
