version	total
1.006900	23434
1.007002	112998
1.007003	31814
