version	total
1.967013	23970
1.967015	97599
