version	total
0.000061	9040
0.000115	5873
0.000116	4658
0.000117	18460
0.000144	2241
0.000145	145788
