version	total
1.999813	3914
1.999816	4052
1.999829	1323
1.999830	1231
1.999831	1156
1.999832	1145
1.999833	1146
1.999835	1143
1.999836	1080
1.999837	1079
1.999838	574
1.999839	356
1.999841	220
1.999842	211
2.000000	152
2.001000	113
2.001001	95
2.002000	79
2.002001	65
2.003001	24
