version	total
1.967013	29801
1.967015	133850
