version	total
0.100003	4379
0.100005	1252
0.100006	664
