version	total
0.103004	9600
0.103005	2196
0.103006	1512
