version	total
1.100602	5465
1.100603	132
