version	total
1.20141117	4897
1.20190531	2455
