version	total
1.967013	22239
1.967015	67655
