version	total
1.006900	22322
1.007002	106894
1.007003	23420
