version	total
1.94	151591
1.99	2081
2.000000	1881
2.001000	1494
2.002000	2489
2.002001	1301
2.003000	110
