version	total
0.002005	4575
0.002006	4485
0.002009	1973
