version	total
1.967013	26952
1.967015	118751
