version	total
0.17024	24441
0.17027	109147
0.17029	1765
