version	total
1.967013	29868
1.967015	134101
