version	total
1.006900	18220
1.007002	65418
