version	total
1.006900	26317
1.007002	126231
1.007003	51604
