version	total
4.161950	6812
4.201720	7165
