version	total
2.005001	16665
2.006003	129738
2.006006	15849
