version	total
0.000061	8005
0.000115	5378
0.000116	4164
0.000117	17280
0.000144	1756
0.000145	81083
