version	total
5.20180120	3865
5.20180626	2963
5.20180820	6441
5.20181130	2468
5.20181218	8239
5.20190420	2887
5.20190524	45568
5.20220120	29
