version	total
0.100003	3940
0.100005	854
0.100006	265
