version	total
1.006900	24084
1.007002	117070
1.007003	36568
