version	total
0.042	41104
1.000000	20225
1.002001	200665
