version	total
2.000002	5179
2.001000	33676
2.003004	155386
2.005004	19673
