version	total
0.001011	23515
0.001013	66754
