version	total
2.000001	31575
2.000006	24266
2.000008	141551
2.002004	24552
