version	total
0.103004	7813
0.103005	919
0.103006	186
