version	total
1.967013	29708
1.967015	133380
