version	total
1.967013	24559
1.967015	102169
