version	total
0.008	1885
0.006007	4943
0.008002	1771
0.008004	1648
0.008005	1281
0.008006	1263
0.008007	843
0.008008	469
0.008009	53
