version	total
1.20141117	4294
1.20190531	1910
