version	total
5.20180120	5193
5.20180626	4161
5.20180820	7640
5.20181130	3631
5.20181218	9780
5.20190420	4089
5.20190524	76578
5.20220120	1371
5.20220220	1437
5.20220313	1291
5.20220320	2041
5.20220420	2294
5.20220527	2031
5.20220620	14215
