version	total
1.20141117	2869
1.20190531	520
