version	total
4.161950	6012
4.201720	3982
