version	total
0.17024	26241
0.17027	120502
0.17029	2278
