version	total
0.100052	7905
0.100054	2090
0.100055	1468
