version	total
4.161950	6181
4.201720	4479
