version	total
0.042	41180
1.000000	20251
1.002001	210851
