version	total
1.302052	9072
1.302075	13663
1.302140	5361
1.302141	4657
1.302156	5600
1.302164	8908
1.302188	2315
1.302189	2079
1.302190	5751
