version	total
1.302052	5840
1.302075	9216
1.302140	3197
1.302141	2499
1.302156	3399
1.302164	3833
