version	total
2.000002	3169
2.001000	23959
2.003004	68968
