version	total
1.302052	8944
1.302075	13447
1.302140	5268
1.302141	4564
1.302156	5507
1.302164	8749
1.302188	2224
1.302189	1990
1.302190	5421
