version	total
0.094002	1528
0.094003	934
