version	total
2.000001	26268
2.000006	21628
2.000008	109965
2.002004	12671
