version	total
2.000001	28817
2.000006	22807
2.000008	128394
2.002004	17304
