version	total
0.000061	5877
0.000115	4101
0.000116	2885
0.000117	14229
