version	total
0.103004	9670
0.103005	2251
0.103006	1566
