version	total
1.000005	24102
1.002002	8142
1.004002	7181
1.004003	4530
1.004004	127836
1.012004	2148
1.012005	1739
1.014000	1708
1.016002	1604
1.016006	1866
