version	total
2.005001	18373
2.006003	147815
2.006006	24578
