version	total
2.000024	6310
2.000028	1217
2.000029	1987
