version	total
1.100602	5932
1.100603	431
