version	total
1.94	159634
1.99	2481
2.000000	2244
2.001000	1837
2.002000	2921
2.002001	1716
2.003000	636
