version	total
2.000024	7111
2.000028	1845
2.000029	3710
