version	total
1.20141117	3679
1.20190531	1310
