version	total
1.302052	6907
1.302075	10258
1.302140	3824
1.302141	3129
1.302156	4044
1.302164	5674
1.302188	775
1.302189	585
1.302190	1699
