version	total
0.008	271
0.006007	2916
0.008002	119
