version	total
2.000002	4634
2.001000	31350
2.003004	144470
2.005004	15371
