version	total
2.005001	16488
2.006003	126440
2.006006	15015
