version	total
0.103004	8879
0.103005	1611
0.103006	912
