version	total
0.004010	5153
0.004011	4926
