version	total
0.008	2511
0.006007	5618
0.008002	2399
0.008004	2274
0.008005	1888
0.008006	1865
0.008007	1449
0.008008	1077
0.008009	681
