version	total
0.004010	5210
0.004011	4988
