version	total
2.005001	15899
2.006003	108332
2.006006	11921
