version	total
2.005001	18846
2.006003	152343
2.006006	27653
