version	total
0.000061	6007
0.000115	4170
0.000116	2955
0.000117	14383
0.000144	24
