version	total
0.001011	26589
0.001013	129551
