version	total
1.999813	3448
1.999816	3552
1.999829	869
1.999830	774
1.999831	701
1.999832	687
1.999833	691
1.999835	687
1.999836	622
1.999837	623
1.999838	111
