version	total
1.94	144233
1.99	1746
2.000000	1553
2.001000	1173
2.002000	2131
2.002001	898
