version	total
4.161950	4599
4.201720	745
