version	total
2.120921	9000
2.150010	80216
