version	total
1.000005	16490
1.002002	5934
1.004002	4984
1.004003	2332
1.004004	60343
