version	total
0.094002	631
0.094003	34
