version	total
2.005001	16874
2.006003	132669
2.006006	16680
