version	total
0.100003	3725
0.100005	668
0.100006	76
