version	total
0.094002	1648
0.094003	1050
