version	total
0.100052	6657
0.100054	1068
0.100055	416
