version	total
0.001011	30423
0.001013	179594
