version	total
1.003008	4794
1.004000	4998
1.004003	1310
