version	total
4.161950	6856
4.201720	7516
