version	total
0.004010	4367
0.004011	4106
