version	total
1.94	125915
1.99	1076
2.000000	915
2.001000	566
2.002000	1416
