version	total
1.100602	5654
1.100603	252
