version	total
0.008	1787
0.006007	4837
0.008002	1673
0.008004	1549
0.008005	1185
0.008006	1166
0.008007	745
0.008008	353
