version	total
0.100052	7440
0.100054	1694
0.100055	1061
