version	total
0.004010	3715
0.004011	3397
