version	total
2.000002	5779
2.001000	36338
2.003004	167639
2.005004	27708
