version	total
2.005001	18789
2.006003	151878
2.006006	27407
