version	total
1.000019	3771
1.000033	11735
1.000036	39984
