version	total
2.000002	4929
2.001000	32715
2.003004	150727
2.005004	17290
