version	total
1.20141117	3685
1.20190531	1316
