version	total
0.100003	4473
0.100005	1344
0.100006	756
