version	total
5.20180120	3507
5.20180626	2615
5.20180820	6100
5.20181130	2159
5.20181218	7777
5.20190420	2537
5.20190524	40484
