version	total
2.005001	13706
2.006003	55754
