version	total
1.100602	5785
1.100603	316
