version	total
2.005001	17329
2.006003	137352
2.006006	18175
