version	total
2.000001	31521
2.000006	24238
2.000008	141325
2.002004	24376
