version	total
1.000005	16409
1.002002	5885
1.004002	4934
1.004003	2283
1.004004	58922
