version	total
0.000061	7114
0.000115	4914
0.000116	3699
0.000117	16297
0.000144	1297
0.000145	33815
