version	total
2.120921	9045
2.150010	80928
