version	total
1.302052	9184
1.302075	13916
1.302140	5436
1.302141	4733
1.302156	5677
1.302164	9045
1.302188	2385
1.302189	2149
1.302190	5960
