version	total
1.302052	9253
1.302075	14098
1.302140	5482
1.302141	4781
1.302156	5724
1.302164	9140
1.302188	2430
1.302189	2194
1.302190	6153
