version	total
1.999813	3224
1.999816	3302
1.999829	656
1.999830	561
1.999831	488
1.999832	474
1.999833	478
1.999835	474
1.999836	409
1.999837	408
