version	total
0.094002	754
0.094003	156
