version	total
2.000002	4024
2.001000	28032
2.003004	107735
2.005004	10252
