version	total
1.000005	16087
1.002002	5662
1.004002	4713
1.004003	2063
1.004004	54443
