version	total
0.002005	3776
0.002006	3656
0.002009	1194
