version	total
0.17024	21015
0.17027	69020
0.17029	25
