version	total
1.302052	7491
1.302075	11013
1.302140	4173
1.302141	3477
1.302156	4406
1.302164	6586
1.302188	1115
1.302189	920
1.302190	2504
