version	total
4.161950	6594
4.201720	6235
