version	total
1.000005	22059
1.002002	7612
1.004002	6651
1.004003	4000
1.004004	117730
1.012004	1621
1.012005	1214
1.014000	1182
1.016002	1083
1.016006	1280
