version	total
0.204001	1560
0.204003	1542
0.206003	1936
0.207001	1221
0.207002	1194
