version	total
0.001011	28878
0.001013	167148
