version	total
1.000019	5345
1.000033	13716
1.000036	79157
1.000037	16518
1.000038	319
