version	total
1.003008	2904
1.004000	2608
