version	total
0.17024	23194
0.17027	101009
0.17029	1464
