version	total
4.161950	7246
4.201720	9311
