version	total
1.003008	4283
1.004000	4460
1.004003	847
