version	total
0.100052	5859
0.100054	585
