version	total
1.967013	28694
1.967015	127871
