version	total
1.20141117	4593
1.20190531	2202
