version	total
1.000005	25127
1.002002	8386
1.004002	7422
1.004003	4778
1.004004	132136
1.012004	2383
1.012005	1973
1.014000	1944
1.016002	1833
1.016006	2138
