version	total
2.000001	30132
2.000006	23644
2.000008	134501
2.002004	19685
