version	total
1.006900	26647
1.007002	127516
1.007003	54359
