version	total
5.20180120	3787
5.20180626	2884
5.20180820	6364
5.20181130	2393
5.20181218	8142
5.20190420	2806
5.20190524	44154
