version	total
2.000024	6643
2.000028	1473
2.000029	2636
