version	total
4.161950	7175
4.201720	8984
