version	total
2.000002	2917
2.001000	23331
2.003004	62442
