version	total
1.94	141448
1.99	1578
2.000000	1383
2.001000	1007
2.002000	1949
2.002001	674
