version	total
0.204001	1723
0.204003	1705
0.206003	2112
0.207001	1388
0.207002	1360
