version	total
0.001011	32342
0.001013	195801
