version	total
1.000019	6916
1.000033	15382
1.000036	90704
1.000037	18221
1.000038	21385
