version	total
5.20180120	3651
5.20180626	2752
5.20180820	6234
5.20181130	2291
5.20181218	7960
5.20190420	2675
5.20190524	42331
