version	total
1.000005	18808
1.002002	6830
1.004002	5858
1.004003	3210
1.004004	96615
1.012004	870
1.012005	464
1.014000	431
1.016002	349
1.016006	476
