version	total
1.006900	27825
1.007002	132021
1.007003	65072
