version	total
0.000061	5748
0.000115	3984
0.000116	2767
0.000117	13932
