version	total
0.000061	7327
0.000115	5020
0.000116	3806
0.000117	16519
0.000144	1394
0.000145	41563
