version	total
0.008	2271
0.006007	5352
0.008002	2160
0.008004	2035
0.008005	1659
0.008006	1638
0.008007	1221
0.008008	848
0.008009	447
