version	total
2.000024	7080
2.000028	1819
2.000029	3615
