version	total
0.103004	8501
0.103005	1312
0.103006	607
