version	total
1.999813	2311
1.999816	2261
