version	total
1.100602	7011
1.100603	1383
