version	total
1.000005	19050
1.002002	6901
1.004002	5929
1.004003	3281
1.004004	98785
1.012004	940
1.012005	535
1.014000	501
1.016002	415
1.016006	552
