version	total
2.000002	5746
2.001000	36089
2.003004	166694
2.005004	27218
