version	total
1.967013	24292
1.967015	99990
