version	total
1.967013	30584
1.967015	137446
