version	total
0.002005	3376
0.002006	3208
0.002009	795
