version	total
2.005001	13888
2.006003	59097
