version	total
1.967013	28491
1.967015	126674
