version	total
0.094002	802
0.094003	203
