version	total
2.000002	3183
2.001000	23987
2.003004	69487
