version	total
0.17024	23043
0.17027	99624
0.17029	1417
