version	total
0.008	2356
0.006007	5443
0.008002	2243
0.008004	2118
0.008005	1739
0.008006	1718
0.008007	1301
0.008008	929
0.008009	528
