version	total
0.002005	4415
0.002006	4314
0.002009	1819
