version	total
1.302052	5720
1.302075	9076
1.302140	3085
1.302141	2389
1.302156	3286
1.302164	3621
