version	total
1.100602	6622
1.100603	1012
