version	total
4.161950	7547
4.201720	10681
