version	total
0.000061	10136
0.000115	6345
0.000116	5126
0.000117	19364
0.000144	2704
0.000145	168907
0.000163	460
