version	total
0.004010	4617
0.004011	4366
