version	total
0.204001	1919
0.204003	1901
0.206003	2407
0.207001	1664
0.207002	1637
0.207003	200
