version	total
1.000019	4200
1.000033	12328
1.000036	45712
