version	total
4.161950	6483
4.201720	5685
