version	total
0.100003	4855
0.100005	1710
0.100006	1125
