version	total
1.000005	19889
1.002002	7084
1.004002	6116
1.004003	3468
1.004004	104230
1.012004	1119
1.012005	712
1.014000	678
1.016002	589
1.016006	738
