version	total
2.005001	17248
2.006003	136878
2.006006	17995
