version	total
0.103004	9846
0.103005	2384
0.103006	1738
