version	total
0.001011	29445
0.001013	171997
