version	total
2.000001	29966
2.000006	23543
2.000008	133707
2.002004	19237
