version	total
0.001011	31572
0.001013	188900
