version	total
2.000002	5733
2.001000	35975
2.003004	166211
2.005004	26982
