version	total
0.100052	6009
0.100054	703
