version	total
2.000001	22474
2.000006	19266
2.000008	51243
