version	total
1.999813	3135
1.999816	3206
1.999829	567
1.999830	472
1.999831	399
1.999832	385
1.999833	389
1.999835	385
1.999836	320
1.999837	319
