version	total
5.20180120	4484
5.20180626	3515
5.20180820	6995
5.20181130	2994
5.20181218	9011
5.20190420	3443
5.20190524	53242
5.20220120	748
5.20220220	812
5.20220313	672
5.20220320	1415
5.20220420	1670
5.20220527	1410
5.20220620	8721
