version	total
1.000019	6838
1.000033	15317
1.000036	90299
1.000037	18161
1.000038	20190
