version	total
0.001011	32636
0.001013	197776
