version	total
1.967013	24310
1.967015	100413
