version	total
2.000002	5318
2.001000	34208
2.003004	158467
2.005004	21794
