version	total
1.967013	21588
1.967015	57846
