version	total
0.204001	1866
0.204003	1848
0.206003	2299
0.207001	1562
0.207002	1535
0.207003	97
