version	total
2.000024	6788
2.000028	1585
2.000029	2889
