version	total
2.000001	26189
2.000006	21603
2.000008	106314
2.002004	12321
