version	total
0.100052	6544
0.100054	981
0.100055	321
