version	total
2.000002	5025
2.001000	33059
2.003004	152217
2.005004	17853
