version	total
0.004010	4849
0.004011	4602
