version	total
1.302052	5530
1.302075	8867
1.302140	2929
1.302141	2235
1.302156	3132
1.302164	3198
