version	total
0.002005	2485
0.002006	2051
