version	total
0.000061	6999
0.000115	4839
0.000116	3624
0.000117	16113
0.000144	1223
0.000145	30561
