version	total
0.000061	9461
0.000115	6047
0.000116	4832
0.000117	18761
0.000144	2414
0.000145	151028
0.000163	162
