version	total
2.005001	15851
2.006003	98875
2.006006	11277
