version	total
1.999813	2600
1.999816	2613
1.999829	38
