version	total
1.000019	5666
1.000033	14050
1.000036	81932
1.000037	17030
1.000038	3315
