version	total
0.004010	4412
0.004011	4155
