version	total
5.20180120	3413
5.20180626	2527
5.20180820	6012
5.20181130	2073
5.20181218	7651
5.20190420	2454
5.20190524	39526
