version	total
0.204001	2030
0.204003	2009
0.206003	2654
0.207001	1899
0.207002	1872
0.207003	437
