version	total
0.204001	1308
0.204003	1291
0.206003	1515
0.207001	957
0.207002	931
