version	total
0.103004	7396
0.103005	658
