version	total
1.967013	28945
1.967015	129474
