version	total
0.204001	2034
0.204003	2013
0.206003	2666
0.207001	1908
0.207002	1881
0.207003	446
