version	total
0.000061	8406
0.000115	5575
0.000116	4360
0.000117	17784
0.000144	1941
0.000145	123997
