version	total
1.000005	24141
1.002002	8149
1.004002	7188
1.004003	4536
1.004004	127971
1.012004	2154
1.012005	1745
1.014000	1714
1.016002	1610
1.016006	1873
