version	total
1.000019	6581
1.000033	15077
1.000036	88648
1.000037	17954
1.000038	16733
