version	total
1.003008	5034
1.004000	5246
1.004003	1543
