version	total
1.999813	3486
1.999816	3591
1.999829	906
1.999830	811
1.999831	738
1.999832	724
1.999833	728
1.999835	724
1.999836	659
1.999837	660
1.999838	157
