version	total
2.005001	16118
2.006003	120201
2.006006	13351
