version	total
1.000019	5944
1.000033	14375
1.000036	83948
1.000037	17328
1.000038	6389
