version	total
0.103004	9178
0.103005	1848
0.103006	1155
