version	total
0.001011	26663
0.001013	131100
