version	total
2.120921	10050
2.150010	93199
