version	total
4.161950	7284
4.201720	9488
