version	total
2.120921	9413
2.150010	84987
