version	total
1.967013	31277
1.967015	140566
