version	total
0.001011	33610
0.001013	204456
