version	total
1.94	157764
1.99	2368
2.000000	2143
2.001000	1743
2.002000	2807
2.002001	1601
2.003000	471
