version	total
0.042	41901
1.000000	20469
1.002001	314353
1.002002	204
