version	total
1.000019	5714
1.000033	14104
1.000036	82276
1.000037	17078
1.000038	3804
