version	total
0.002005	2536
0.002006	2101
