version	total
5.20180120	4959
5.20180626	3943
5.20180820	7424
5.20181130	3421
5.20181218	9519
5.20190420	3872
5.20190524	74998
5.20220120	1161
5.20220220	1226
5.20220313	1080
5.20220320	1830
5.20220420	2080
5.20220527	1820
5.20220620	12826
