version	total
1.000005	16122
1.002002	5684
1.004002	4736
1.004003	2085
1.004004	54823
