version	total
0.000061	6177
0.000115	4298
0.000116	3085
0.000117	14743
0.000144	333
0.000145	1022
