version	total
1.000005	20970
1.002002	7330
1.004002	6372
1.004003	3722
1.004004	111763
1.012004	1353
1.012005	946
1.014000	912
1.016002	813
1.016006	980
