version	total
1.003008	4273
1.004000	4448
1.004003	837
