version	total
0.100052	7362
0.100054	1619
0.100055	983
