version	total
1.000019	6367
1.000033	14851
1.000036	87217
1.000037	17765
1.000038	13270
