version	total
0.042	65140
1.000000	22308
1.002001	480790
1.002002	267391
