version	total
0.204001	159
0.204003	140
0.206003	153
