version	total
1.000005	22509
1.002002	7742
1.004002	6781
1.004003	4131
1.004004	119602
1.012004	1752
1.012005	1345
1.014000	1313
1.016002	1212
1.016006	1420
