version	total
1.000019	3830
1.000033	11819
1.000036	40609
