version	total
2.005001	13513
2.006003	53492
