version	total
1.999813	2168
1.999816	2099
