version	total
1.003008	3679
1.004000	3671
1.004003	298
