version	total
0.008	3772
0.006007	5773
0.008002	3129
0.008004	2998
0.008005	2022
0.008006	2000
0.008007	1585
0.008008	1210
0.008009	818
