version	total
1.000005	22241
1.002002	7669
1.004002	6706
1.004003	4056
1.004004	118362
1.012004	1676
1.012005	1269
1.014000	1238
1.016002	1140
1.016006	1339
