version	total
1.20141117	4152
1.20190531	1772
