version	total
0.100052	6087
0.100054	749
0.100055	71
