version	total
1.302052	6997
1.302075	10335
1.302140	3867
1.302141	3172
1.302156	4089
1.302164	5762
1.302188	818
1.302189	628
1.302190	1782
