version	total
0.204001	249
0.204003	230
0.206003	276
