version	total
1.967013	21759
1.967015	60160
