version	total
1.000005	22387
1.002002	7719
1.004002	6758
1.004003	4108
1.004004	119191
1.012004	1729
1.012005	1322
1.014000	1290
1.016002	1189
1.016006	1395
