version	total
0.204001	537
0.204003	518
0.206003	599
0.207001	174
0.207002	151
