version	total
0.042	65416
1.000000	22332
1.002001	481833
1.002002	269193
