version	total
0.204001	104
0.204003	87
0.206003	90
