version	total
0.204001	893
0.204003	876
0.206003	1030
0.207001	542
0.207002	516
