version	total
2.000002	4759
2.001000	31999
2.003004	147677
2.005004	16295
