version	total
0.100003	4425
0.100005	1297
0.100006	709
