version	total
1.999813	3822
1.999816	3958
1.999829	1234
1.999830	1140
1.999831	1066
1.999832	1054
1.999833	1056
1.999835	1052
1.999836	989
1.999837	989
1.999838	483
1.999839	265
1.999841	130
1.999842	119
2.000000	60
2.001000	18
