version	total
0.094002	1357
0.094003	764
