version	total
5.20180120	4688
5.20180626	3703
5.20180820	7184
5.20181130	3183
5.20181218	9241
5.20190420	3631
5.20190524	72748
5.20220120	932
5.20220220	996
5.20220313	854
5.20220320	1600
5.20220420	1853
5.20220527	1594
5.20220620	11267
