version	total
1.302052	7282
1.302075	10683
1.302140	4042
1.302141	3347
1.302156	4271
1.302164	6256
1.302188	988
1.302189	796
1.302190	2176
