version	total
1.20141117	4125
1.20190531	1745
