version	total
1.94	162981
1.99	2629
2.000000	2367
2.001000	1943
2.002000	3078
2.002001	1872
2.003000	855
