version	total
1.967013	26520
1.967015	115988
