version	total
1.20141117	2630
1.20190531	271
