version	total
0.001011	24216
0.001013	77116
