version	total
1.000005	23767
1.002002	8065
1.004002	7104
1.004003	4454
1.004004	126497
1.012004	2072
1.012005	1664
1.014000	1633
1.016002	1530
1.016006	1782
