version	total
4.161950	5509
4.201720	1963
