version	total
1.000005	18436
1.002002	6749
1.004002	5777
1.004003	3129
1.004004	93707
1.012004	791
1.012005	385
1.014000	352
1.016002	270
1.016006	386
