version	total
2.000002	4451
2.001000	30400
2.003004	138719
2.005004	14012
