version	total
0.100003	4103
0.100005	1001
0.100006	411
