version	total
0.042	41227
1.000000	20267
1.002001	219071
