version	total
1.000019	6087
1.000033	14538
1.000036	85139
1.000037	17478
1.000038	7934
