version	total
4.161950	4726
4.201720	851
