version	total
2.005001	18981
2.006003	154085
2.006006	28647
