version	total
2.000001	22507
2.000006	19295
2.000008	51673
