version	total
2.000024	7582
2.000028	2178
2.000029	4963
