version	total
0.100003	4779
0.100005	1638
0.100006	1052
