version	total
2.005001	18253
2.006003	146399
2.006006	23631
