version	total
0.004010	2690
0.004011	2221
