version	total
1.000005	21018
1.002002	7343
1.004002	6385
1.004003	3735
1.004004	112080
1.012004	1366
1.012005	959
1.014000	925
1.016002	826
1.016006	994
