version	total
0.094002	1582
0.094003	987
