version	total
1.100602	5934
1.100603	433
