version	total
0.094002	1351
0.094003	758
