version	total
2.000024	7060
2.000028	1804
2.000029	3577
