version	total
1.967013	29767
1.967015	133654
