version	total
1.302052	8181
1.302075	11969
1.302140	4643
1.302141	3945
1.302156	4880
1.302164	7544
1.302188	1604
1.302189	1377
1.302190	3683
