version	total
1.006900	24945
1.007002	121254
1.007003	43704
