version	total
1.000019	4242
1.000033	12380
1.000036	46115
