version	total
0.001011	30186
0.001013	178333
