version	total
5.20180120	4818
5.20180626	3820
5.20180820	7299
5.20181130	3300
5.20181218	9373
5.20190420	3747
5.20190524	74008
5.20220120	1047
5.20220220	1111
5.20220313	966
5.20220320	1712
5.20220420	1965
5.20220527	1706
5.20220620	12179
