version	total
5.20180120	6371
5.20180626	5232
5.20180820	8714
5.20181130	4696
5.20181218	11066
5.20190420	5168
5.20190524	83428
5.20220120	2401
5.20220220	2468
5.20220313	2316
5.20220320	3079
5.20220420	3326
5.20220527	3062
5.20220620	24216
