version	total
1.006900	26542
1.007002	127065
1.007003	53311
