version	total
0.000061	9547
0.000115	6086
0.000116	4870
0.000117	18844
0.000144	2452
0.000145	152603
0.000163	201
