version	total
0.17024	28763
0.17027	132477
0.17029	3101
