version	total
1.967013	30362
1.967015	136511
