version	total
0.103004	8927
0.103005	1650
0.103006	953
