version	total
0.100052	7867
0.100054	2059
0.100055	1433
