version	total
0.100003	5203
0.100005	2027
0.100006	1440
