version	total
0.042	53921
1.000000	21818
1.002001	458383
1.002002	235984
