version	total
1.000019	6840
1.000033	15319
1.000036	90313
1.000037	18163
1.000038	20222
