version	total
1.302052	8649
1.302075	12841
1.302140	5037
1.302141	4338
1.302156	5278
1.302164	8319
1.302188	2000
1.302189	1769
1.302190	4636
