version	total
0.004010	3812
0.004011	3500
