version	total
5.20180120	5746
5.20180626	4691
5.20180820	8171
5.20181130	4158
5.20181218	10425
5.20190420	4625
5.20190524	79832
5.20220120	1887
5.20220220	1956
5.20220313	1806
5.20220320	2563
5.20220420	2813
5.20220527	2553
5.20220620	18756
