version	total
1.94	156726
1.99	2318
2.000000	2098
2.001000	1701
2.002000	2751
2.002001	1548
2.003000	418
