version	total
0.100052	6852
0.100054	1220
0.100055	575
