version	total
1.006900	28580
1.007002	134880
1.007003	71290
