version	total
0.204001	847
0.204003	830
0.206003	976
0.207001	496
0.207002	470
