version	total
2.120921	7159
2.150010	26842
