version	total
0.17024	20409
0.17027	60562
