version	total
2.005001	14945
2.006003	74335
2.006006	3273
