version	total
0.103004	9420
0.103005	2049
0.103006	1361
