version	total
0.204001	1579
0.204003	1561
0.206003	1959
0.207001	1241
0.207002	1214
