version	total
1.999813	3439
1.999816	3541
1.999829	859
1.999830	764
1.999831	691
1.999832	677
1.999833	681
1.999835	677
1.999836	612
1.999837	613
1.999838	101
