version	total
0.042	54113
1.000000	21834
1.002001	458789
1.002002	236452
