version	total
2.000001	29244
2.000006	23064
2.000008	131007
2.002004	18037
