version	total
0.204001	140
0.204003	121
0.206003	129
