version	total
0.204001	216
0.204003	197
0.206003	221
