version	total
0.001011	31791
0.001013	191308
