version	total
1.999813	3857
1.999816	3994
1.999829	1267
1.999830	1174
1.999831	1099
1.999832	1088
1.999833	1089
1.999835	1086
1.999836	1023
1.999837	1022
1.999838	517
1.999839	298
1.999841	163
1.999842	153
2.000000	94
2.001000	55
2.001001	37
2.002000	20
