version	total
1.000019	3757
1.000033	11714
1.000036	39824
