version	total
2.000002	4937
2.001000	32752
2.003004	150839
2.005004	17336
