version	total
1.000005	24161
1.002002	8157
1.004002	7196
1.004003	4544
1.004004	128103
1.012004	2162
1.012005	1753
1.014000	1722
1.016002	1618
1.016006	1882
