version	total
5.20180120	5970
5.20180626	4894
5.20180820	8375
5.20181130	4361
5.20181218	10673
5.20190420	4829
5.20190524	81048
5.20220120	2085
5.20220220	2154
5.20220313	2004
5.20220320	2759
5.20220420	3011
5.20220527	2750
5.20220620	21225
