version	total
0.004010	4517
0.004011	4262
