version	total
1.006900	29926
1.007002	138970
1.007003	82486
