version	total
2.000024	6626
2.000028	1457
2.000029	2607
