version	total
1.967013	28510
1.967015	126776
