version	total
0.000061	9469
0.000115	6052
0.000116	4837
0.000117	18767
0.000144	2419
0.000145	151240
0.000163	167
