version	total
0.002005	3845
0.002006	3728
0.002009	1259
