version	total
1.006900	18229
1.007002	65496
