version	total
0.100052	6345
0.100054	904
0.100055	234
