version	total
1.967013	27605
1.967015	122456
