version	total
1.006900	27848
1.007002	132123
1.007003	65379
