version	total
1.003008	5322
1.004000	5543
1.004003	1820
