version	total
0.042	50582
1.000000	21585
1.002001	443803
1.002002	212047
