version	total
5.20180120	5852
5.20180626	4789
5.20180820	8271
5.20181130	4257
5.20181218	10538
5.20190420	4724
5.20190524	80395
5.20220120	1982
5.20220220	2051
5.20220313	1901
5.20220320	2657
5.20220420	2908
5.20220527	2648
5.20220620	19991
