version	total
5.20180120	3631
5.20180626	2733
5.20180820	6215
5.20181130	2272
5.20181218	7924
5.20190420	2656
5.20190524	41989
