version	total
1.302052	6289
1.302075	9626
1.302140	3483
1.302141	2789
1.302156	3696
1.302164	4769
1.302188	435
1.302189	247
1.302190	658
