version	total
1.006900	21938
1.007002	104251
1.007003	20265
