version	total
0.004010	4760
0.004011	4511
