version	total
2.120921	8752
2.150010	77518
