version	total
0.004010	5260
0.004011	5043
