version	total
1.20141117	2435
1.20190531	179
