version	total
2.005001	14080
2.006003	61781
