version	total
0.042	55043
1.000000	21898
1.002001	460409
1.002002	238376
