version	total
0.204001	1280
0.204003	1264
0.206003	1478
0.207001	930
0.207002	904
