version	total
0.008	921
0.006007	3768
0.008002	794
0.008004	668
0.008005	358
0.008006	313
