version	total
2.000001	31660
2.000006	24293
2.000008	141843
2.002004	24741
