version	total
1.100602	6567
1.100603	958
