version	total
1.20141117	2569
1.20190531	238
