version	total
1.967013	28183
1.967015	125078
