version	total
0.001011	30063
0.001013	177474
