version	total
2.000024	6867
2.000028	1643
2.000029	3026
