version	total
0.100003	3609
0.100005	561
