version	total
1.94	140255
1.99	1535
2.000000	1341
2.001000	966
2.002000	1904
2.002001	621
