version	total
1.999813	4140
1.999816	4293
1.999829	1546
1.999830	1453
1.999831	1377
1.999832	1367
1.999833	1368
1.999835	1365
1.999836	1302
1.999837	1301
1.999838	795
1.999839	580
1.999841	442
1.999842	435
2.000000	383
2.001000	346
2.001001	328
2.002000	311
2.002001	297
2.003001	245
2.003002	228
