version	total
0.100003	4643
0.100005	1504
0.100006	918
