version	total
0.100052	7986
0.100054	2154
0.100055	1532
