version	total
0.100052	7256
0.100054	1526
0.100055	890
