version	total
0.001011	30139
0.001013	178045
