version	total
0.094002	1831
0.094003	1232
