version	total
1.20141117	2622
1.20190531	263
