version	total
0.002005	4836
0.002006	4773
0.002009	2220
