version	total
5.20180120	3587
5.20180626	2695
5.20180820	6175
5.20181130	2232
5.20181218	7871
5.20190420	2617
5.20190524	41428
