version	total
2.000002	3121
2.001000	23839
2.003004	67235
