version	total
2.120921	8768
2.150010	77726
