version	total
0.17024	26132
0.17027	120148
0.17029	2231
