version	total
1.94	147300
1.99	1904
2.000000	1708
2.001000	1324
2.002000	2296
2.002001	1081
