version	total
0.042	47271
1.000000	21318
1.002001	423532
1.002002	197034
