version	total
0.004010	3099
0.004011	2682
