version	total
0.042	60204
1.000000	22063
1.002001	467205
1.002002	246349
