version	total
1.999813	4485
1.999816	4657
1.999829	1881
1.999830	1786
1.999831	1709
1.999832	1700
1.999833	1701
1.999835	1699
1.999836	1635
1.999837	1635
1.999838	1128
1.999839	913
1.999841	775
1.999842	768
2.000000	724
2.001000	688
2.001001	670
2.002000	652
2.002001	638
2.003001	491
2.003002	474
2.003003	214
