version	total
0.103004	9312
0.103005	1968
0.103006	1281
