version	total
0.004010	4344
0.004011	4080
