version	total
0.001011	24394
0.001013	80345
