version	total
0.008	251
0.006007	2893
0.008002	96
