version	total
1.20141117	4675
1.20190531	2275
