version	total
0.008	1457
0.006007	4459
0.008002	1330
0.008004	1210
0.008005	860
0.008006	841
0.008007	418
