version	total
1.003008	3960
1.004000	4070
1.004003	554
