version	total
2.120921	7695
2.150010	33724
