version	total
0.004010	3739
0.004011	3424
