version	total
0.002005	4372
0.002006	4270
0.002009	1777
