version	total
0.042	41611
1.000000	20395
1.002001	295013
