version	total
0.008	197
0.006007	2751
0.008002	19
