version	total
0.17024	27784
0.17027	127962
0.17029	2782
