version	total
0.17024	22972
0.17027	99240
0.17029	1389
