version	total
0.103004	8989
0.103005	1680
0.103006	985
