version	total
0.103004	7806
0.103005	912
0.103006	179
