version	total
1.302052	9197
1.302075	13942
1.302140	5440
1.302141	4738
1.302156	5681
1.302164	9055
1.302188	2388
1.302189	2151
1.302190	5984
