version	total
5.20180120	5644
5.20180626	4590
5.20180820	8070
5.20181130	4058
5.20181218	10305
5.20190420	4524
5.20190524	79094
5.20220120	1785
5.20220220	1854
5.20220313	1704
5.20220320	2461
5.20220420	2711
5.20220527	2451
5.20220620	17618
