version	total
1.000005	16568
1.002002	5986
1.004002	5036
1.004003	2385
1.004004	61624
