version	total
0.100003	3958
0.100005	868
0.100006	279
