version	total
1.006900	18378
1.007002	67240
