version	total
0.17024	26730
0.17027	122589
0.17029	2450
