version	total
0.103004	6488
0.103005	82
