version	total
0.001011	28727
0.001013	165680
