version	total
0.004010	4181
0.004011	3906
