version	total
1.000005	19756
1.002002	7048
1.004002	6080
1.004003	3432
1.004004	103306
1.012004	1083
1.012005	677
1.014000	643
1.016002	554
1.016006	700
