version	total
1.000005	22054
1.002002	7610
1.004002	6649
1.004003	3998
1.004004	117719
1.012004	1619
1.012005	1212
1.014000	1180
1.016002	1081
1.016006	1278
