version	total
0.100052	6277
0.100054	872
0.100055	202
