version	total
4.161950	6516
4.201720	5827
