version	total
4.161950	6503
4.201720	5785
