version	total
0.001011	34108
0.001013	207306
