version	total
0.000061	8916
0.000115	5818
0.000116	4603
0.000117	18337
0.000144	2186
0.000145	141946
