version	total
0.17024	26440
0.17027	121287
0.17029	2350
