version	total
0.17024	20805
0.17027	67023
