version	total
0.103004	8533
0.103005	1344
0.103006	639
