version	total
1.302052	9048
1.302075	13627
1.302140	5349
1.302141	4644
1.302156	5588
1.302164	8890
1.302188	2303
1.302189	2067
1.302190	5715
