version	total
2.000002	4827
2.001000	32373
2.003004	149454
2.005004	16786
