version	total
2.120921	7415
2.150010	29402
