version	total
0.100052	7450
0.100054	1704
0.100055	1071
