version	total
0.204001	1306
0.204003	1289
0.206003	1513
0.207001	955
0.207002	929
