version	total
0.004010	4572
0.004011	4318
