version	total
1.000019	5083
1.000033	13444
1.000036	70048
1.000037	13780
