version	total
2.000002	4863
2.001000	32507
2.003004	150044
2.005004	16982
