version	total
1.20141117	2361
1.20190531	141
