version	total
0.103004	9210
0.103005	1880
0.103006	1189
