version	total
0.002005	2453
0.002006	2018
