version	total
0.004010	4230
0.004011	3962
