version	total
1.967013	21621
1.967015	58160
