version	total
1.302052	8446
1.302075	12457
1.302140	4860
1.302141	4162
1.302156	5100
1.302164	8006
1.302188	1818
1.302189	1592
1.302190	4167
