version	total
0.001011	33116
0.001013	201509
