version	total
1.967013	25890
1.967015	111288
