version	total
4.161950	5577
4.201720	2284
