version	total
5.20180120	3318
5.20180626	2435
5.20180820	5919
5.20181130	1981
5.20181218	7512
5.20190420	2359
5.20190524	38565
