version	total
1.003008	4371
1.004000	4550
1.004003	921
