version	total
4.161950	4441
4.201720	608
