version	total
0.001011	23690
0.001013	68825
