version	total
2.120921	7614
2.150010	32351
