version	total
0.008	1162
0.006007	4070
0.008002	1035
0.008004	911
0.008005	586
0.008006	564
0.008007	131
