version	total
0.17024	28347
0.17027	130691
0.17029	2968
