version	total
0.002005	2210
0.002006	1771
