version	total
0.17024	20793
0.17027	66504
