version	total
0.17024	23086
0.17027	100010
0.17029	1429
