version	total
2.000001	22172
2.000006	19025
2.000008	47777
