version	total
2.120921	8615
2.150010	76197
