version	total
0.002005	2545
0.002006	2110
