version	total
1.94	140456
1.99	1542
2.000000	1348
2.001000	973
2.002000	1909
2.002001	627
