version	total
1.302052	8579
1.302075	12703
1.302140	4977
1.302141	4279
1.302156	5218
1.302164	8213
1.302188	1937
1.302189	1710
1.302190	4457
