version	total
2.000024	7166
2.000028	1887
2.000029	3833
