version	total
0.100003	3184
0.100005	176
