version	total
5.20180120	3479
5.20180626	2590
5.20180820	6073
5.20181130	2133
5.20181218	7741
5.20190420	2513
5.20190524	40196
