version	total
0.17024	22846
0.17027	98089
0.17029	1351
