version	total
1.000019	5160
1.000033	13527
1.000036	77148
1.000037	14923
