version	total
0.204001	542
0.204003	523
0.206003	607
0.207001	181
0.207002	158
