version	total
2.000002	5269
2.001000	33997
2.003004	157502
2.005004	21091
