version	total
1.94	145325
1.99	1809
2.000000	1615
2.001000	1232
2.002000	2200
2.002001	973
