version	total
0.004010	4359
0.004011	4096
