version	total
1.100602	6989
1.100603	1362
