version	total
1.003008	4987
1.004000	5198
1.004003	1497
