version	total
1.20141117	2353
1.20190531	137
