version	total
4.161950	6341
4.201720	4974
