version	total
1.967013	30300
1.967015	136208
