version	total
5.20180120	5244
5.20180626	4212
5.20180820	7691
5.20181130	3682
5.20181218	9846
5.20190420	4140
5.20190524	76874
5.20220120	1416
5.20220220	1483
5.20220313	1336
5.20220320	2086
5.20220420	2339
5.20220527	2077
5.20220620	14564
