version	total
0.204001	1890
0.204003	1872
0.206003	2348
0.207001	1607
0.207002	1580
0.207003	143
