version	total
1.006900	29729
1.007002	138191
1.007003	80474
