version	total
0.094002	1552
0.094003	958
