version	total
0.100052	6938
0.100054	1275
0.100055	635
