version	total
2.000001	29433
2.000006	23199
2.000008	131566
2.002004	18325
