version	total
1.94	128589
1.99	1164
2.000000	993
2.001000	637
2.002000	1520
2.002001	83
