version	total
0.094002	1687
0.094003	1090
