version	total
1.003008	3211
1.004000	3073
