version	total
2.005001	17036
2.006003	134532
2.006006	17309
