version	total
5.20180120	5034
5.20180626	4011
5.20180820	7493
5.20181130	3489
5.20181218	9606
5.20190420	3940
5.20190524	75659
5.20220120	1230
5.20220220	1295
5.20220313	1149
5.20220320	1900
5.20220420	2150
5.20220527	1888
5.20220620	13248
