version	total
0.204001	2098
0.204003	2076
0.206003	2835
0.207001	2060
0.207002	2032
0.207003	603
