version	total
0.17024	28549
0.17027	131560
0.17029	3033
