version	total
1.000005	16140
1.002002	5696
1.004002	4746
1.004003	2095
1.004004	54991
