version	total
0.002005	2394
0.002006	1954
