version	total
0.094002	1028
0.094003	433
