version	total
0.204001	1462
0.204003	1444
0.206003	1827
0.207001	1117
0.207002	1092
