version	total
0.002005	3633
0.002006	3502
0.002009	1049
