version	total
2.000002	4218
2.001000	29130
2.003004	131964
2.005004	12380
