version	total
1.003008	4584
1.004000	4780
1.004003	1115
