version	total
1.000005	16856
1.002002	6168
1.004002	5215
1.004003	2564
1.004004	65661
