version	total
1.302052	7954
1.302075	11631
1.302140	4474
1.302141	3776
1.302156	4712
1.302164	7253
1.302188	1437
1.302189	1210
1.302190	3251
