version	total
1.000019	6830
1.000033	15310
1.000036	90264
1.000037	18155
1.000038	20048
