version	total
5.20180120	5191
5.20180626	4159
5.20180820	7638
5.20181130	3629
5.20181218	9778
5.20190420	4087
5.20190524	76572
5.20220120	1369
5.20220220	1435
5.20220313	1289
5.20220320	2039
5.20220420	2292
5.20220527	2029
5.20220620	14204
