version	total
1.000005	16284
1.002002	5794
1.004002	4842
1.004003	2190
1.004004	56951
