version	total
1.000019	5649
1.000033	14028
1.000036	81769
1.000037	17009
1.000038	3106
