version	total
0.100052	6611
0.100054	1031
0.100055	374
