version	total
1.999813	3625
1.999816	3748
1.999829	1047
1.999830	952
1.999831	879
1.999832	865
1.999833	869
1.999835	865
1.999836	800
1.999837	801
1.999838	295
1.999839	75
