version	total
4.161950	7671
4.201720	11159
