version	total
1.94	156768
1.99	2318
2.000000	2100
2.001000	1703
2.002000	2753
2.002001	1550
2.003000	420
