version	total
1.100602	5810
1.100603	340
