version	total
1.20141117	3772
1.20190531	1397
