version	total
0.042	61837
1.000000	22118
1.002001	470612
1.002002	251637
