version	total
0.000061	9062
0.000115	5881
0.000116	4666
0.000117	18479
0.000144	2249
0.000145	146083
