version	total
0.17024	20735
0.17027	65742
