version	total
5.20180120	5887
5.20180626	4822
5.20180820	8304
5.20181130	4289
5.20181218	10577
5.20190420	4757
5.20190524	80621
5.20220120	2014
5.20220220	2083
5.20220313	1934
5.20220320	2690
5.20220420	2941
5.20220527	2680
5.20220620	20484
