version	total
0.094002	792
0.094003	193
