version	total
0.004010	5028
0.004011	4788
