version	total
0.094002	2026
0.094003	1427
