version	total
0.042	47171
1.000000	21304
1.002001	422499
1.002002	196358
