version	total
0.000061	9391
0.000115	6026
0.000116	4811
0.000117	18719
0.000144	2393
0.000145	150034
0.000163	138
