version	total
1.100602	6428
1.100603	842
