version	total
0.008	1733
0.006007	4781
0.008002	1617
0.008004	1494
0.008005	1131
0.008006	1112
0.008007	690
0.008008	285
