version	total
1.000019	5164
1.000033	13532
1.000036	77311
1.000037	14996
