version	total
0.100003	5184
0.100005	2012
0.100006	1425
