version	total
0.17024	20608
0.17027	63962
