version	total
1.000005	22177
1.002002	7652
1.004002	6691
1.004003	4040
1.004004	118144
1.012004	1661
1.012005	1254
1.014000	1222
1.016002	1123
1.016006	1320
