version	total
1.999813	4450
1.999816	4620
1.999829	1848
1.999830	1754
1.999831	1678
1.999832	1668
1.999833	1669
1.999835	1667
1.999836	1603
1.999837	1603
1.999838	1096
1.999839	881
1.999841	743
1.999842	736
2.000000	690
2.001000	654
2.001001	636
2.002000	618
2.002001	604
2.003001	474
2.003002	457
2.003003	197
