version	total
1.000019	4217
1.000033	12354
1.000036	45985
