version	total
0.000061	8492
0.000115	5629
0.000116	4414
0.000117	17924
0.000144	1996
0.000145	126299
