version	total
2.005001	18271
2.006003	146957
2.006006	23837
