version	total
0.204001	2103
0.204003	2081
0.206003	2849
0.207001	2074
0.207002	2046
0.207003	617
