version	total
1.003008	4970
1.004000	5181
1.004003	1480
