version	total
0.100003	4251
0.100005	1135
0.100006	545
