version	total
0.001011	31878
0.001013	191926
