version	total
1.94	148385
1.99	1950
2.000000	1753
2.001000	1368
2.002000	2344
2.002001	1150
