version	total
0.100003	5081
0.100005	1915
0.100006	1329
