version	total
0.002005	4677
0.002006	4594
0.002009	2073
