version	total
1.000005	24322
1.002002	8195
1.004002	7231
1.004003	4580
1.004004	128778
1.012004	2197
1.012005	1787
1.014000	1757
1.016002	1653
1.016006	1926
