version	total
2.000002	5626
2.001000	35571
2.003004	164694
2.005004	26113
