version	total
0.008	1144
0.006007	4045
0.008002	1017
0.008004	893
0.008005	569
0.008006	547
0.008007	109
