version	total
0.103004	8895
0.103005	1623
0.103006	926
