version	total
1.94	143281
1.99	1675
2.000000	1482
2.001000	1102
2.002000	2060
2.002001	809
