version	total
2.005001	16042
2.006003	116634
2.006006	12769
