version	total
0.004010	4505
0.004011	4250
