version	total
1.94	142952
1.99	1647
2.000000	1456
2.001000	1078
2.002000	2029
2.002001	772
