version	total
5.20180120	5105
5.20180626	4079
5.20180820	7560
5.20181130	3552
5.20181218	9681
5.20190420	4010
5.20190524	76111
5.20220120	1295
5.20220220	1360
5.20220313	1216
5.20220320	1966
5.20220420	2218
5.20220527	1953
5.20220620	13731
