version	total
2.120921	9176
2.150010	82233
