version	total
2.005001	18800
2.006003	151970
2.006006	27475
