version	total
0.000061	7628
0.000115	5169
0.000116	3957
0.000117	16835
0.000144	1555
0.000145	52832
