version	total
0.17024	20565
0.17027	63209
