version	total
2.120921	7673
2.150010	33224
