version	total
1.000019	6470
1.000033	14969
1.000036	87923
1.000037	17860
1.000038	14949
