version	total
1.94	147260
1.99	1901
2.000000	1704
2.001000	1322
2.002000	2295
2.002001	1080
