version	total
1.967013	29493
1.967015	132378
