version	total
2.000001	30454
2.000006	23804
2.000008	135966
2.002004	20628
