version	total
0.042	51851
1.000000	21673
1.002001	448645
1.002002	226291
