version	total
2.000024	6842
2.000028	1624
2.000029	2990
