version	total
0.17024	23315
0.17027	101977
0.17029	1496
