version	total
1.000005	20295
1.002002	7165
1.004002	6200
1.004003	3552
1.004004	106828
1.012004	1198
1.012005	792
1.014000	758
1.016002	667
1.016006	821
