version	total
0.100003	4859
0.100005	1714
0.100006	1129
