version	total
1.302052	5493
1.302075	8834
1.302140	2897
1.302141	2202
1.302156	3099
1.302164	3137
