version	total
1.20141117	3356
1.20190531	1004
