version	total
0.042	61302
1.000000	22100
1.002001	469547
1.002002	250067
