version	total
0.042	46037
1.000000	21185
1.002001	410679
1.002002	189652
