version	total
0.001011	33237
0.001013	202414
