version	total
0.001011	31914
0.001013	192201
