version	total
0.100003	4567
0.100005	1431
0.100006	845
