version	total
1.000005	20349
1.002002	7179
1.004002	6214
1.004003	3565
1.004004	107215
1.012004	1211
1.012005	805
1.014000	771
1.016002	683
1.016006	837
