version	total
5.20180120	5032
5.20180626	4009
5.20180820	7491
5.20181130	3487
5.20181218	9603
5.20190420	3938
5.20190524	75647
5.20220120	1228
5.20220220	1293
5.20220313	1147
5.20220320	1898
5.20220420	2148
5.20220527	1886
5.20220620	13234
