version	total
1.003008	3142
1.004000	2935
