version	total
0.100052	7075
0.100054	1378
0.100055	742
