version	total
1.003008	4152
1.004000	4329
1.004003	731
