version	total
0.103004	7815
0.103005	921
0.103006	188
