version	total
2.120921	7242
2.150010	27620
