version	total
0.17024	20353
0.17027	59967
