version	total
0.103004	9869
0.103005	2402
0.103006	1757
