version	total
1.100602	6540
1.100603	931
