version	total
2.120921	7522
2.150010	31113
