version	total
0.103004	8223
0.103005	1119
0.103006	408
