version	total
0.000061	10390
0.000115	6408
0.000116	5190
0.000117	19514
0.000144	2763
0.000145	170699
0.000163	3334
