version	total
1.967013	31026
1.967015	139496
