version	total
1.000019	4208
1.000033	12339
1.000036	45819
