version	total
5.20180120	5736
5.20180626	4681
5.20180820	8161
5.20181130	4148
5.20181218	10413
5.20190420	4615
5.20190524	79746
5.20220120	1876
5.20220220	1946
5.20220313	1796
5.20220320	2553
5.20220420	2803
5.20220527	2543
5.20220620	18591
