version	total
1.999813	4623
1.999816	4808
1.999829	2014
1.999830	1917
1.999831	1840
1.999832	1830
1.999833	1832
1.999835	1830
1.999836	1766
1.999837	1766
1.999838	1259
1.999839	1044
1.999841	906
1.999842	899
2.000000	865
2.001000	829
2.001001	811
2.002000	794
2.002001	780
2.003001	565
2.003002	548
2.003003	292
