version	total
0.042	51198
1.000000	21623
1.002001	445941
1.002002	220999
