version	total
2.005001	16811
2.006003	131975
2.006006	16478
