version	total
0.100052	8064
0.100054	2201
0.100055	1585
