version	total
0.004010	4544
0.004011	4290
