version	total
2.005001	17229
2.006003	136775
2.006006	17958
