version	total
2.005001	18222
2.006003	145810
2.006006	23214
