version	total
0.042	67409
1.000000	22497
1.002001	488663
1.002002	283412
