version	total
5.20180120	6229
5.20180626	5118
5.20180820	8600
5.20181130	4585
5.20181218	10937
5.20190420	5055
5.20190524	82629
5.20220120	2299
5.20220220	2367
5.20220313	2216
5.20220320	2975
5.20220420	3225
5.20220527	2960
5.20220620	23259
