version	total
0.000061	10334
0.000115	6402
0.000116	5184
0.000117	19485
0.000144	2759
0.000145	169827
0.000163	2557
