version	total
1.000019	5827
1.000033	14241
1.000036	83336
1.000037	17207
1.000038	5371
