version	total
0.002005	2642
0.002006	2262
