version	total
0.100052	6001
0.100054	695
