version	total
0.042	52099
1.000000	21695
1.002001	450919
1.002002	228304
