version	total
1.000005	21783
1.002002	7525
1.004002	6565
1.004003	3915
1.004004	116633
1.012004	1535
1.012005	1130
1.014000	1096
1.016002	996
1.016006	1184
