version	total
1.003008	5110
1.004000	5324
1.004003	1616
