version	total
2.000024	6253
2.000028	1170
2.000029	1883
