version	total
2.000024	6606
2.000028	1440
2.000029	2574
