version	total
1.003008	5443
1.004000	5666
1.004003	1931
