version	total
2.005001	17376
2.006003	137582
2.006006	18280
