version	total
1.302052	8372
1.302075	12288
1.302140	4794
1.302141	4096
1.302156	5033
1.302164	7860
1.302188	1753
1.302189	1527
1.302190	3982
