version	total
0.17024	23222
0.17027	101421
0.17029	1473
