version	total
1.006900	17744
1.007002	61472
