version	total
1.967013	30723
1.967015	137958
