version	total
0.004010	5398
0.004011	5202
