version	total
2.120921	8817
2.150010	78260
