version	total
2.000024	6308
2.000028	1215
2.000029	1984
