version	total
1.006900	18066
1.007002	64077
