version	total
1.003008	2910
1.004000	2616
