version	total
0.004010	4886
0.004011	4640
