version	total
1.000005	17123
1.002002	6334
1.004002	5364
1.004003	2717
1.004004	69597
1.012004	241
