version	total
1.000005	19830
1.002002	7066
1.004002	6098
1.004003	3450
1.004004	103818
1.012004	1103
1.012005	696
1.014000	662
1.016002	573
1.016006	719
