version	total
2.000024	6239
2.000028	1159
2.000029	1844
