version	total
2.120921	8770
2.150010	77816
