version	total
2.000001	31734
2.000006	24329
2.000008	142106
2.002004	24938
