version	total
0.001011	31257
0.001013	185772
