version	total
5.20180120	5355
5.20180626	4316
5.20180820	7795
5.20181130	3784
5.20181218	9979
5.20190420	4247
5.20190524	77468
5.20220120	1514
5.20220220	1582
5.20220313	1435
5.20220320	2186
5.20220420	2439
5.20220527	2176
5.20220620	15510
