version	total
1.20141117	4539
1.20190531	2150
