version	total
0.042	62145
1.000000	22126
1.002001	471180
1.002002	252489
