version	total
2.000024	7033
2.000028	1783
2.000029	3499
