version	total
1.003008	4375
1.004000	4554
1.004003	925
