version	total
5.20180120	3447
5.20180626	2558
5.20180820	6043
5.20181130	2103
5.20181218	7697
5.20190420	2484
5.20190524	39866
