version	total
0.100003	3333
0.100005	307
