version	total
0.004010	4334
0.004011	4070
