version	total
2.000024	6286
2.000028	1200
2.000029	1952
