version	total
1.000019	5579
1.000033	13951
1.000036	81308
1.000037	16904
1.000038	2490
