version	total
0.002005	2582
0.002006	2146
