version	total
1.20141117	4353
1.20190531	1966
