version	total
0.001011	33793
0.001013	205436
