version	total
1.94	153739
1.99	2161
2.000000	1955
2.001000	1566
2.002000	2585
2.002001	1387
2.003000	216
