version	total
2.000002	2882
2.001000	23233
2.003004	61706
