version	total
2.000002	3163
2.001000	23950
2.003004	68854
