version	total
1.006900	25106
1.007002	122294
1.007003	45635
