version	total
5.20180120	5580
5.20180626	4530
5.20180820	8010
5.20181130	3998
5.20181218	10230
5.20190420	4464
5.20190524	78698
5.20220120	1726
5.20220220	1795
5.20220313	1645
5.20220320	2401
5.20220420	2652
5.20220527	2392
5.20220620	17001
