version	total
5.20180120	5258
5.20180626	4224
5.20180820	7703
5.20181130	3695
5.20181218	9864
5.20190420	4152
5.20190524	76985
5.20220120	1429
5.20220220	1497
5.20220313	1350
5.20220320	2101
5.20220420	2354
5.20220527	2091
5.20220620	14823
