version	total
5.20180120	5492
5.20180626	4445
5.20180820	7923
5.20181130	3912
5.20181218	10129
5.20190420	4377
5.20190524	78073
5.20220120	1640
5.20220220	1709
5.20220313	1561
5.20220320	2313
5.20220420	2566
5.20220527	2305
5.20220620	16334
