version	total
0.17024	28196
0.17027	130090
0.17029	2922
