version	total
1.000005	23820
1.002002	8073
1.004002	7113
1.004003	4463
1.004004	126707
1.012004	2081
1.012005	1673
1.014000	1642
1.016002	1538
1.016006	1793
