version	total
2.000001	25615
2.000006	21317
2.000008	88959
2.002004	10798
