version	total
0.100003	4542
0.100005	1408
0.100006	822
