version	total
2.120921	10091
2.150010	93708
