version	total
2.005001	13407
2.006003	52133
