version	total
0.17024	27475
0.17027	126477
0.17029	2685
