version	total
1.999813	3517
1.999816	3626
1.999829	937
1.999830	842
1.999831	769
1.999832	755
1.999833	759
1.999835	755
1.999836	690
1.999837	691
1.999838	187
