version	total
0.002005	2249
0.002006	1809
