version	total
0.042	64106
1.000000	22233
1.002001	476745
1.002002	261111
