version	total
2.120921	9344
2.150010	83958
