version	total
0.004010	5103
0.004011	4867
