version	total
1.302052	8932
1.302075	13427
1.302140	5261
1.302141	4557
1.302156	5500
1.302164	8734
1.302188	2217
1.302189	1984
1.302190	5389
