version	total
1.967013	21739
1.967015	59932
