version	total
0.008	1164
0.006007	4072
0.008002	1037
0.008004	913
0.008005	588
0.008006	566
0.008007	133
