version	total
1.000005	20844
1.002002	7309
1.004002	6346
1.004003	3697
1.004004	111014
1.012004	1327
1.012005	921
1.014000	886
1.016002	794
1.016006	959
