version	total
0.001011	23954
0.001013	72598
