version	total
0.17024	29003
0.17027	133558
0.17029	3178
