version	total
1.000005	16548
1.002002	5973
1.004002	5022
1.004003	2371
1.004004	61295
