version	total
0.000061	6833
0.000115	4724
0.000116	3509
0.000117	15858
0.000144	1110
0.000145	22831
