version	total
0.204001	1216
0.204003	1200
0.206003	1406
0.207001	866
0.207002	841
