version	total
0.001011	23338
0.001013	64740
