version	total
2.000001	30200
2.000006	23681
2.000008	134779
2.002004	19899
