version	total
0.094002	1632
0.094003	1035
