version	total
1.967013	29397
1.967015	131988
