version	total
2.120921	10060
2.150010	93324
