version	total
1.94	149319
1.99	1986
2.000000	1789
2.001000	1404
2.002000	2382
2.002001	1194
