version	total
1.94	148176
1.99	1940
2.000000	1743
2.001000	1358
2.002000	2334
2.002001	1135
