version	total
2.000002	3128
2.001000	23854
2.003004	67497
