version	total
0.000061	9224
0.000115	5964
0.000116	4749
0.000117	18621
0.000144	2331
0.000145	148595
0.000163	76
