version	total
2.000002	5007
2.001000	32981
2.003004	151960
2.005004	17734
