version	total
1.000019	5597
1.000033	13973
1.000036	81457
1.000037	16925
1.000038	2680
