version	total
2.000024	6648
2.000028	1477
2.000029	2642
