version	total
0.004010	5262
0.004011	5045
