version	total
1.967013	25686
1.967015	109953
