version	total
1.302052	6809
1.302075	10133
1.302140	3763
1.302141	3068
1.302156	3983
1.302164	5542
1.302188	714
1.302189	527
1.302190	1553
