version	total
1.302052	6813
1.302075	10138
1.302140	3765
1.302141	3070
1.302156	3985
1.302164	5556
1.302188	716
1.302189	529
1.302190	1558
