version	total
1.000019	5175
1.000033	13543
1.000036	77514
1.000037	15159
