version	total
0.17024	26940
0.17027	123617
0.17029	2520
