version	total
5.20180120	6044
5.20180626	4956
5.20180820	8436
5.20181130	4423
5.20181218	10747
5.20190420	4892
5.20190524	81534
5.20220120	2143
5.20220220	2212
5.20220313	2062
5.20220320	2817
5.20220420	3068
5.20220527	2807
5.20220620	22084
