version	total
0.001011	33281
0.001013	202643
