version	total
1.100602	6832
1.100603	1213
