version	total
1.302052	8738
1.302075	13063
1.302140	5114
1.302141	4415
1.302156	5355
1.302164	8453
1.302188	2077
1.302189	1846
1.302190	4902
