version	total
0.001011	30501
0.001013	180037
