version	total
0.001011	27990
0.001013	159985
