version	total
0.042	54709
1.000000	21878
1.002001	459763
1.002002	237637
