version	total
1.999813	3956
1.999816	4096
1.999829	1364
1.999830	1272
1.999831	1197
1.999832	1186
1.999833	1187
1.999835	1184
1.999836	1121
1.999837	1120
1.999838	615
1.999839	398
1.999841	261
1.999842	253
2.000000	193
2.001000	156
2.001001	138
2.002000	122
2.002001	108
2.003001	67
2.003002	46
