version	total
0.042	55359
1.000000	21915
1.002001	461039
1.002002	238987
