version	total
1.999813	3977
1.999816	4118
1.999829	1385
1.999830	1292
1.999831	1217
1.999832	1206
1.999833	1207
1.999835	1204
1.999836	1141
1.999837	1140
1.999838	635
1.999839	418
1.999841	281
1.999842	273
2.000000	217
2.001000	178
2.001001	160
2.002000	142
2.002001	128
2.003001	86
2.003002	66
