version	total
1.94	142331
1.99	1615
2.000000	1420
2.001000	1044
2.002000	1991
2.002001	723
