version	total
0.17024	22931
0.17027	99082
0.17029	1377
