version	total
2.000002	5149
2.001000	33561
2.003004	154738
2.005004	19271
