version	total
5.20180120	3483
5.20180626	2594
5.20180820	6077
5.20181130	2137
5.20181218	7746
5.20190420	2517
5.20190524	40269
