version	total
0.004010	4092
0.004011	3809
