version	total
0.100003	4408
0.100005	1281
0.100006	693
