version	total
2.000002	5173
2.001000	33665
2.003004	155312
2.005004	19621
