version	total
1.100602	7213
1.100603	1563
