version	total
1.006900	25051
1.007002	121939
1.007003	44859
