version	total
0.204001	830
0.204003	813
0.206003	951
0.207001	479
0.207002	453
