version	total
0.004010	4390
0.004011	4130
