version	total
0.17024	26733
0.17027	122605
0.17029	2452
