version	total
0.204001	1431
0.204003	1413
0.206003	1781
0.207001	1081
0.207002	1056
