version	total
1.20141117	4555
1.20190531	2166
