version	total
0.094002	684
0.094003	88
