version	total
1.000019	6638
1.000033	15133
1.000036	89132
1.000037	18005
1.000038	17538
