version	total
2.000002	4494
2.001000	30607
2.003004	139719
2.005004	14288
