version	total
1.967013	29758
1.967015	133573
