version	total
0.204001	1525
0.204003	1507
0.206003	1899
0.207001	1185
0.207002	1158
