version	total
0.17024	20641
0.17027	64504
