version	total
1.302052	7309
1.302075	10723
1.302140	4060
1.302141	3365
1.302156	4291
1.302164	6286
1.302188	1005
1.302189	813
1.302190	2214
