version	total
1.000019	6792
1.000033	15280
1.000036	89978
1.000037	18134
1.000038	19359
