version	total
0.204001	838
0.204003	821
0.206003	965
0.207001	487
0.207002	461
