version	total
0.000061	8727
0.000115	5737
0.000116	4522
0.000117	18147
0.000144	2103
0.000145	133924
