version	total
0.094002	1076
0.094003	483
