version	total
2.000002	4767
2.001000	32045
2.003004	147886
2.005004	16351
