version	total
0.004010	2857
0.004011	2395
