version	total
1.006900	22248
1.007002	106549
1.007003	22873
