version	total
0.001011	29701
0.001013	174052
