version	total
2.000024	6185
2.000028	1117
2.000029	1730
