version	total
2.005001	17708
2.006003	139857
2.006006	19252
