version	total
0.000061	5605
0.000115	3859
0.000116	2641
0.000117	13678
