version	total
2.005001	18717
2.006003	151308
2.006006	27052
