version	total
0.103004	7780
0.103005	895
0.103006	164
