version	total
1.003008	2868
1.004000	2558
