version	total
1.006900	24401
1.007002	118722
1.007003	39379
