version	total
2.000024	7445
2.000028	2077
2.000029	4573
