version	total
1.000019	5863
1.000033	14288
1.000036	83604
1.000037	17249
1.000038	5735
