version	total
5.20180120	4513
5.20180626	3543
5.20180820	7023
5.20181130	3022
5.20181218	9050
5.20190420	3471
5.20190524	53693
5.20220120	776
5.20220220	841
5.20220313	700
5.20220320	1445
5.20220420	1698
5.20220527	1438
5.20220620	9063
