version	total
1.000019	6544
1.000033	15035
1.000036	88360
1.000037	17919
1.000038	16092
