version	total
0.042	64588
1.000000	22270
1.002001	478235
1.002002	263599
