version	total
0.008	1190
0.006007	4105
0.008002	1063
0.008004	939
0.008005	613
0.008006	591
0.008007	161
