version	total
1.000005	16516
1.002002	5949
1.004002	4999
1.004003	2348
1.004004	60798
