version	total
1.100602	5873
1.100603	393
