version	total
1.000005	22560
1.002002	7760
1.004002	6799
1.004003	4149
1.004004	119861
1.012004	1770
1.012005	1363
1.014000	1331
1.016002	1230
1.016006	1441
