version	total
1.000005	19689
1.002002	7033
1.004002	6066
1.004003	3418
1.004004	102862
1.012004	1069
1.012005	663
1.014000	629
1.016002	540
1.016006	685
