version	total
2.005001	17853
2.006003	141154
2.006006	19993
