version	total
0.17024	26279
0.17027	120641
0.17029	2293
