version	total
1.003008	5489
1.004000	5714
1.004003	1972
