version	total
1.003008	5164
1.004000	5383
1.004003	1672
