version	total
5.20180120	5791
5.20180626	4735
5.20180820	8216
5.20181130	4202
5.20181218	10472
5.20190420	4669
5.20190524	80121
5.20220120	1930
5.20220220	1999
5.20220313	1849
5.20220320	2605
5.20220420	2856
5.20220527	2596
5.20220620	19355
