version	total
1.94	137412
1.99	1432
2.000000	1239
2.001000	874
2.002000	1791
2.002001	487
