version	total
0.002005	2687
0.002006	2311
0.002009	76
