version	total
1.20141117	2560
1.20190531	237
