version	total
1.967013	27700
1.967015	122816
