version	total
1.100602	6789
1.100603	1174
