version	total
2.005001	14228
2.006003	63438
