version	total
1.94	135698
1.99	1373
2.000000	1182
2.001000	818
2.002000	1737
2.002001	421
