version	total
5.20180120	4733
5.20180626	3744
5.20180820	7225
5.20181130	3226
5.20181218	9285
5.20190420	3672
5.20190524	73377
5.20220120	972
5.20220220	1036
5.20220313	893
5.20220320	1639
5.20220420	1892
5.20220527	1634
5.20220620	11654
