version	total
0.008	2450
0.006007	5547
0.008002	2339
0.008004	2213
0.008005	1829
0.008006	1807
0.008007	1391
0.008008	1018
0.008009	623
