version	total
1.006900	27406
1.007002	130658
1.007003	61818
