version	total
1.967013	21599
1.967015	57942
