version	total
0.008	2216
0.006007	5294
0.008002	2105
0.008004	1980
0.008005	1606
0.008006	1585
0.008007	1168
0.008008	795
0.008009	394
