version	total
1.100602	6953
1.100603	1330
