version	total
1.003008	3180
1.004000	2991
