version	total
0.103004	8257
0.103005	1142
0.103006	432
