version	total
2.000001	31250
2.000006	24135
2.000008	139854
2.002004	23471
