version	total
2.005001	18237
2.006003	145986
2.006006	23401
