version	total
1.999813	3813
1.999816	3948
1.999829	1225
1.999830	1131
1.999831	1058
1.999832	1045
1.999833	1047
1.999835	1043
1.999836	980
1.999837	980
1.999838	474
1.999839	256
1.999841	122
1.999842	110
2.000000	51
