version	total
2.000001	31268
2.000006	24140
2.000008	139921
2.002004	23526
