version	total
1.999813	3385
1.999816	3478
1.999829	808
1.999830	713
1.999831	640
1.999832	626
1.999833	630
1.999835	626
1.999836	561
1.999837	562
1.999838	47
