version	total
1.302052	8142
1.302075	11925
1.302140	4611
1.302141	3913
1.302156	4848
1.302164	7493
1.302188	1572
1.302189	1345
1.302190	3627
