version	total
4.161950	7043
4.201720	8330
