version	total
2.000001	28917
2.000006	22863
2.000008	129080
2.002004	17482
