version	total
2.005001	16414
2.006003	125407
2.006006	14693
