version	total
1.94	136670
1.99	1402
2.000000	1211
2.001000	847
2.002000	1758
2.002001	449
