version	total
1.000019	5404
1.000033	13781
1.000036	79806
1.000037	16618
1.000038	883
