version	total
2.000024	7507
2.000028	2120
2.000029	4718
