version	total
0.001011	23465
0.001013	66166
