version	total
0.17024	25472
0.17027	116588
0.17029	2045
