version	total
0.100003	3045
0.100005	45
