version	total
1.003008	3322
1.004000	3223
