version	total
1.006900	26310
1.007002	126184
1.007003	51549
