version	total
0.008	1986
0.006007	5049
0.008002	1873
0.008004	1749
0.008005	1380
0.008006	1360
0.008007	942
0.008008	569
0.008009	163
