version	total
0.001011	23471
0.001013	66215
