version	total
1.100602	7093
1.100603	1460
