version	total
2.005001	17434
2.006003	137800
2.006006	18418
