version	total
1.100602	6895
1.100603	1276
