version	total
0.001011	24155
0.001013	76057
