version	total
2.120921	8595
2.150010	75881
