version	total
2.005001	18518
2.006003	149219
2.006006	25688
