version	total
1.000005	16718
1.002002	6079
1.004002	5126
1.004003	2476
1.004004	63617
