version	total
1.006900	25043
1.007002	121870
1.007003	44716
