version	total
1.003008	4646
1.004000	4842
1.004003	1174
