version	total
0.204001	91
0.204003	74
0.206003	75
