version	total
0.094002	1202
0.094003	610
