version	total
4.161950	7515
4.201720	10456
