version	total
1.999813	4488
1.999816	4661
1.999829	1884
1.999830	1789
1.999831	1712
1.999832	1703
1.999833	1704
1.999835	1702
1.999836	1638
1.999837	1638
1.999838	1131
1.999839	916
1.999841	778
1.999842	771
2.000000	725
2.001000	690
2.001001	672
2.002000	655
2.002001	641
2.003001	493
2.003002	476
2.003003	216
