version	total
1.000019	5481
1.000033	13858
1.000036	80415
1.000037	16722
1.000038	1409
