version	total
1.967013	24723
1.967015	103713
