version	total
4.161950	5996
4.201720	3920
