version	total
2.000002	5311
2.001000	34177
2.003004	158356
2.005004	21727
