version	total
2.000024	5972
2.000028	972
2.000029	1247
