version	total
1.302052	5836
1.302075	9212
1.302140	3193
1.302141	2495
1.302156	3395
1.302164	3823
