version	total
1.967013	26507
1.967015	115913
