version	total
1.003008	4993
1.004000	5204
1.004003	1503
