version	total
0.001011	24267
0.001013	78113
