version	total
1.100602	7105
1.100603	1470
