version	total
1.302052	8707
1.302075	12992
1.302140	5085
1.302141	4386
1.302156	5326
1.302164	8401
1.302188	2047
1.302189	1816
1.302190	4813
