version	total
4.161950	4729
4.201720	857
