version	total
0.000061	8723
0.000115	5734
0.000116	4519
0.000117	18143
0.000144	2100
0.000145	133888
