version	total
1.20141117	4281
1.20190531	1897
