version	total
0.100052	6767
0.100054	1149
0.100055	503
