version	total
0.103004	8551
0.103005	1358
0.103006	654
