version	total
0.008	1481
0.006007	4486
0.008002	1354
0.008004	1235
0.008005	884
0.008006	865
0.008007	443
