version	total
0.17024	26691
0.17027	122391
0.17029	2432
