version	total
2.000024	5988
2.000028	983
2.000029	1284
