version	total
1.20141117	4083
1.20190531	1705
