version	total
1.20141117	3849
1.20190531	1478
