version	total
1.000019	5888
1.000033	14314
1.000036	83693
1.000037	17272
1.000038	5958
