version	total
1.006900	26923
1.007002	128533
1.007003	56842
