version	total
2.000002	4613
2.001000	31216
2.003004	143847
2.005004	15229
