version	total
2.000002	3628
2.001000	25716
2.003004	84379
2.005004	2329
