version	total
0.103004	9117
0.103005	1792
0.103006	1098
