version	total
0.100003	4526
0.100005	1393
0.100006	807
