version	total
2.000002	4607
2.001000	31182
2.003004	143638
2.005004	15191
