version	total
1.000019	5954
1.000033	14387
1.000036	84037
1.000037	17339
1.000038	6518
