version	total
1.000019	5138
1.000033	13505
1.000036	76928
1.000037	14643
