version	total
2.120921	9713
2.150010	89496
