version	total
1.967013	25382
1.967015	108064
