version	total
1.003008	5245
1.004000	5466
1.004003	1752
