version	total
0.100052	8082
0.100054	2212
0.100055	1596
