version	total
2.005001	19012
2.006003	154478
2.006006	28896
