version	total
1.94	159457
1.99	2465
2.000000	2230
2.001000	1823
2.002000	2908
2.002001	1702
2.003000	615
