version	total
0.042	54305
1.000000	21850
1.002001	459077
1.002002	236799
