version	total
2.000024	6396
2.000028	1282
2.000029	2142
