version	total
0.042	69883
1.000000	22681
1.002001	496646
1.002002	297125
