version	total
1.000019	6615
1.000033	15111
1.000036	88957
1.000037	17982
1.000038	17206
