version	total
1.967013	28883
1.967015	129041
