version	total
0.008	364
0.006007	3016
0.008002	214
0.008004	12
