version	total
0.17024	26430
0.17027	121259
0.17029	2342
