version	total
1.94	135129
1.99	1357
2.000000	1169
2.001000	802
2.002000	1720
2.002001	398
