version	total
1.000019	6344
1.000033	14826
1.000036	87043
1.000037	17741
1.000038	12738
