version	total
0.001011	30428
0.001013	179629
