version	total
1.302052	7876
1.302075	11517
1.302140	4419
1.302141	3721
1.302156	4653
1.302164	7123
1.302188	1388
1.302189	1161
1.302190	3117
