version	total
2.005001	13759
2.006003	56601
