version	total
0.008	1202
0.006007	4121
0.008002	1075
0.008004	951
0.008005	624
0.008006	602
0.008007	171
