version	total
2.000001	31635
2.000006	24288
2.000008	141790
2.002004	24697
