version	total
0.204001	146
0.204003	127
0.206003	136
