version	total
0.008	334
0.006007	2983
0.008002	182
