version	total
0.001011	24341
0.001013	79236
