version	total
0.100003	3125
0.100005	117
