version	total
0.17024	28902
0.17027	133038
0.17029	3142
