version	total
1.003008	3103
1.004000	2884
