version	total
1.000019	5555
1.000033	13927
1.000036	80993
1.000037	16817
1.000038	2143
