version	total
0.204001	1410
0.204003	1392
0.206003	1756
0.207001	1059
0.207002	1034
