version	total
2.005001	15811
2.006003	96596
2.006006	11035
