version	total
0.000061	5813
0.000115	4044
0.000116	2828
0.000117	14066
