version	total
1.20141117	3556
1.20190531	1197
