version	total
1.000005	18287
1.002002	6713
1.004002	5741
1.004003	3093
1.004004	92751
1.012004	757
1.012005	352
1.014000	319
1.016002	236
1.016006	332
