version	total
0.100003	3546
0.100005	503
