version	total
0.100052	7147
0.100054	1447
0.100055	812
