version	total
2.000001	22450
2.000006	19251
2.000008	50869
