version	total
1.999813	4357
1.999816	4520
1.999829	1761
1.999830	1667
1.999831	1591
1.999832	1581
1.999833	1582
1.999835	1580
1.999836	1516
1.999837	1516
1.999838	1008
1.999839	793
1.999841	655
1.999842	648
2.000000	598
2.001000	562
2.001001	544
2.002000	526
2.002001	512
2.003001	424
2.003002	407
2.003003	144
