version	total
2.005001	18786
2.006003	151852
2.006006	27393
