version	total
0.004010	4703
0.004011	4453
