version	total
1.003008	4634
1.004000	4829
1.004003	1162
