version	total
0.042	55871
1.000000	21945
1.002001	462011
1.002002	239946
