version	total
0.100003	4687
0.100005	1547
0.100006	961
