version	total
0.204001	2079
0.204003	2058
0.206003	2780
0.207001	2012
0.207002	1983
0.207003	554
