version	total
0.100052	6184
0.100054	811
0.100055	139
