version	total
1.000005	24700
1.002002	8280
1.004002	7319
1.004003	4670
1.004004	130526
1.012004	2283
1.012005	1874
1.014000	1843
1.016002	1736
1.016006	2030
