version	total
0.17024	20399
0.17027	60497
