version	total
0.008	459
0.006007	3113
0.008002	320
0.008004	138
