version	total
2.000024	7371
2.000028	2032
2.000029	4346
