version	total
0.001011	31740
0.001013	190684
