version	total
1.100602	6266
1.100603	696
