version	total
0.000061	8545
0.000115	5654
0.000116	4439
0.000117	17971
0.000144	2021
0.000145	127748
