version	total
1.000005	21957
1.002002	7576
1.004002	6615
1.004003	3964
1.004004	117370
1.012004	1585
1.012005	1179
1.014000	1146
1.016002	1047
1.016006	1240
