version	total
0.008	1109
0.006007	3996
0.008002	982
0.008004	857
0.008005	537
0.008006	515
0.008007	74
