version	total
0.008	267
0.006007	2912
0.008002	113
