version	total
0.100003	5438
0.100005	2217
0.100006	1632
