version	total
0.000061	8823
0.000115	5781
0.000116	4566
0.000117	18247
0.000144	2149
0.000145	138042
