version	total
4.161950	6077
4.201720	4199
