version	total
0.17024	20372
0.17027	60235
