version	total
0.17024	23050
0.17027	99656
0.17029	1419
