version	total
1.94	125005
1.99	1048
2.000000	890
2.001000	542
2.002000	1385
