version	total
0.204001	887
0.204003	870
0.206003	1024
0.207001	536
0.207002	510
