version	total
0.002005	3869
0.002006	3753
0.002009	1280
