version	total
1.006900	24550
1.007002	119440
1.007003	40455
