version	total
0.103004	8688
0.103005	1455
0.103006	752
