version	total
1.000005	18743
1.002002	6808
1.004002	5837
1.004003	3188
1.004004	96199
1.012004	849
1.012005	443
1.014000	410
1.016002	328
1.016006	454
