version	total
1.967013	26992
1.967015	118967
