version	total
1.100602	5731
1.100603	283
