version	total
1.94	150502
1.99	2031
2.000000	1833
2.001000	1448
2.002000	2432
2.002001	1248
2.003000	40
