version	total
1.967013	27574
1.967015	122317
