version	total
1.999813	3067
1.999816	3134
1.999829	502
1.999830	407
1.999831	334
1.999832	320
1.999833	324
1.999835	320
1.999836	255
1.999837	253
