version	total
2.000002	3085
2.001000	23752
2.003004	66248
