version	total
2.005001	16753
2.006003	131252
2.006006	16292
