version	total
1.94	145617
1.99	1823
2.000000	1628
2.001000	1245
2.002000	2215
2.002001	989
