version	total
1.94	157716
1.99	2364
2.000000	2141
2.001000	1741
2.002000	2803
2.002001	1596
2.003000	467
