version	total
0.100052	6078
0.100054	745
0.100055	66
