version	total
1.20141117	2459
1.20190531	190
