version	total
0.001011	33123
0.001013	201615
