version	total
0.100003	4857
0.100005	1712
0.100006	1127
