version	total
2.000001	32946
2.000006	24818
2.000008	146451
2.002004	27999
