version	total
0.17024	29124
0.17027	133935
0.17029	3214
