version	total
1.000005	23379
1.002002	7977
1.004002	7016
1.004003	4367
1.004004	124349
1.012004	1987
1.012005	1580
1.014000	1549
1.016002	1444
1.016006	1687
