version	total
0.094002	705
0.094003	108
