version	total
0.042	53972
1.000000	21824
1.002001	458466
1.002002	236093
