version	total
0.042	54590
1.000000	21872
1.002001	459570
1.002002	237373
