version	total
0.004010	3020
0.004011	2604
