version	total
0.008	1823
0.006007	4876
0.008002	1709
0.008004	1586
0.008005	1221
0.008006	1202
0.008007	781
0.008008	395
