version	total
4.161950	3787
4.201720	106
