version	total
0.17024	22922
0.17027	99031
0.17029	1375
