version	total
1.967013	29370
1.967015	131419
