version	total
0.100052	7618
0.100054	1850
0.100055	1220
