version	total
0.204001	1220
0.204003	1204
0.206003	1408
0.207001	870
0.207002	845
