version	total
0.000061	10024
0.000115	6295
0.000116	5075
0.000117	19275
0.000144	2654
0.000145	160676
0.000163	410
