version	total
0.100003	4123
0.100005	1020
0.100006	431
