version	total
0.094002	1045
0.094003	451
