version	total
0.042	51438
1.000000	21641
1.002001	447196
1.002002	223987
