version	total
0.100003	4869
0.100005	1724
0.100006	1139
