version	total
1.100602	6313
1.100603	731
