version	total
0.002005	4259
0.002006	4151
0.002009	1666
