version	total
0.094002	1939
0.094003	1338
