version	total
4.161950	6238
4.201720	4625
