version	total
4.161950	6653
4.201720	6469
