version	total
2.005001	13468
2.006003	52903
