version	total
2.000001	29835
2.000006	23492
2.000008	133182
2.002004	18988
