version	total
2.000024	7465
2.000028	2091
2.000029	4626
