version	total
1.302052	5729
1.302075	9089
1.302140	3094
1.302141	2398
1.302156	3295
1.302164	3647
