version	total
2.000024	6111
2.000028	1064
2.000029	1576
