version	total
1.003008	4903
1.004000	5110
1.004003	1417
