version	total
1.302052	8157
1.302075	11941
1.302140	4623
1.302141	3925
1.302156	4860
1.302164	7512
1.302188	1584
1.302189	1357
1.302190	3651
