version	total
1.003008	5475
1.004000	5700
1.004003	1960
