version	total
2.000024	6863
2.000028	1639
2.000029	3020
