version	total
0.100052	4917
0.100054	47
