version	total
2.120921	7163
2.150010	26906
