version	total
1.000019	4352
1.000033	12530
1.000036	48215
1.000037	266
