version	total
2.120921	7197
2.150010	27205
