version	total
0.001011	28439
0.001013	163892
