version	total
1.003008	4564
1.004000	4758
1.004003	1094
