version	total
1.302052	6885
1.302075	10226
1.302140	3806
1.302141	3111
1.302156	4026
1.302164	5636
1.302188	756
1.302189	567
1.302190	1653
