version	total
0.042	66158
1.000000	22396
1.002001	484368
1.002002	274012
