version	total
0.042	45175
1.000000	21057
1.002001	385990
1.002002	178958
