version	total
0.008	1208
0.006007	4129
0.008002	1081
0.008004	957
0.008005	629
0.008006	607
0.008007	176
