version	total
2.000002	3161
2.001000	23946
2.003004	68712
