version	total
1.20141117	3610
1.20190531	1247
