version	total
0.094002	1967
0.094003	1366
