version	total
1.000005	24658
1.002002	8272
1.004002	7311
1.004003	4662
1.004004	130375
1.012004	2275
1.012005	1866
1.014000	1835
1.016002	1728
1.016006	2020
