version	total
0.100003	3723
0.100005	666
0.100006	74
