version	total
0.008	317
0.006007	2965
0.008002	165
