version	total
0.094002	1482
0.094003	887
