version	total
0.204001	1970
0.204003	1951
0.206003	2514
0.207001	1767
0.207002	1740
0.207003	304
