version	total
0.042	40496
1.000000	20072
1.002001	172056
