version	total
1.003008	5485
1.004000	5710
1.004003	1967
