version	total
0.002005	4552
0.002006	4461
0.002009	1949
