version	total
0.103004	7846
0.103005	941
0.103006	207
