version	total
0.103004	9897
0.103005	2421
0.103006	1783
