version	total
4.161950	4370
4.201720	568
