version	total
2.000024	6574
2.000028	1412
2.000029	2516
