version	total
0.103004	9392
0.103005	2025
0.103006	1337
