version	total
0.002005	3259
0.002006	3074
0.002009	681
