version	total
1.000005	18752
1.002002	6813
1.004002	5842
1.004003	3193
1.004004	96333
1.012004	854
1.012005	448
1.014000	415
1.016002	333
1.016006	459
