version	total
5.20180120	5856
5.20180626	4793
5.20180820	8275
5.20181130	4261
5.20181218	10543
5.20190420	4728
5.20190524	80419
5.20220120	1986
5.20220220	2055
5.20220313	1905
5.20220320	2661
5.20220420	2912
5.20220527	2651
5.20220620	20061
