version	total
0.001011	23730
0.001013	69156
