version	total
0.100003	4000
0.100005	906
0.100006	317
