version	total
0.204001	114
0.204003	97
0.206003	100
