version	total
2.120921	9734
2.150010	89754
