version	total
1.94	142611
1.99	1629
2.000000	1434
2.001000	1058
2.002000	2008
2.002001	746
