version	total
0.094002	700
0.094003	103
