version	total
2.000024	6018
2.000028	999
2.000029	1355
