version	total
1.006900	24240
1.007002	117894
1.007003	37833
