version	total
0.204001	149
0.204003	130
0.206003	139
