version	total
2.000002	4188
2.001000	28922
2.003004	128939
2.005004	12016
