version	total
2.005001	16146
2.006003	120792
2.006006	13580
