version	total
1.302052	7033
1.302075	10374
1.302140	3890
1.302141	3194
1.302156	4112
1.302164	5801
1.302188	840
1.302189	650
1.302190	1830
