version	total
2.005001	18695
2.006003	151032
2.006006	26887
