version	total
0.17024	24142
0.17027	107349
0.17029	1696
