version	total
0.004010	4156
0.004011	3878
