version	total
2.000001	29264
2.000006	23081
2.000008	131091
2.002004	18080
