version	total
1.006900	29954
1.007002	139030
1.007003	82631
