version	total
0.103004	8995
0.103005	1684
0.103006	989
