version	total
1.94	132876
1.99	1293
2.000000	1110
2.001000	747
2.002000	1652
2.002001	316
