version	total
0.17024	29211
0.17027	134166
0.17029	3243
