version	total
1.967013	27300
1.967015	121067
