version	total
1.302052	8334
1.302075	12226
1.302140	4764
1.302141	4066
1.302156	5002
1.302164	7812
1.302188	1723
1.302189	1497
1.302190	3914
