version	total
0.100003	4043
0.100005	947
0.100006	357
