version	total
1.003008	3247
1.004000	3122
