version	total
2.120921	9635
2.150010	88204
