version	total
0.100052	7595
0.100054	1829
0.100055	1199
