version	total
1.302052	8937
1.302075	13437
1.302140	5265
1.302141	4561
1.302156	5504
1.302164	8745
1.302188	2222
1.302189	1988
1.302190	5415
