version	total
1.967013	26558
1.967015	116278
