version	total
2.120921	9114
2.150010	81710
