version	total
2.000001	27915
2.000006	22365
2.000008	123205
2.002004	15714
