version	total
0.000061	9056
0.000115	5879
0.000116	4664
0.000117	18477
0.000144	2247
0.000145	145954
