version	total
2.000001	22470
2.000006	19258
2.000008	51152
