version	total
1.967013	25538
1.967015	108996
