version	total
1.006900	29714
1.007002	138126
1.007003	80312
