version	total
2.000024	5863
2.000028	915
2.000029	1119
