version	total
5.20180120	4672
5.20180626	3689
5.20180820	7170
5.20181130	3169
5.20181218	9224
5.20190420	3617
5.20190524	71805
5.20220120	919
5.20220220	982
5.20220313	841
5.20220320	1587
5.20220420	1840
5.20220527	1582
5.20220620	11029
