version	total
5.20180120	5281
5.20180626	4246
5.20180820	7725
5.20181130	3717
5.20181218	9887
5.20190420	4175
5.20190524	77123
5.20220120	1446
5.20220220	1514
5.20220313	1367
5.20220320	2118
5.20220420	2371
5.20220527	2108
5.20220620	14985
