version	total
2.000002	4134
2.001000	28624
2.003004	121773
2.005004	11403
