version	total
0.000061	8940
0.000115	5825
0.000116	4610
0.000117	18354
0.000144	2192
0.000145	142090
