version	total
0.100003	3978
0.100005	886
0.100006	297
