version	total
0.103004	9363
0.103005	2001
0.103006	1315
