version	total
2.000001	25883
2.000006	21435
2.000008	91364
2.002004	11223
