version	total
0.100003	4267
0.100005	1150
0.100006	560
