version	total
0.004010	5123
0.004011	4888
