version	total
5.20180120	4621
5.20180626	3644
5.20180820	7125
5.20181130	3124
5.20181218	9168
5.20190420	3572
5.20190524	66995
5.20220120	879
5.20220220	942
5.20220313	800
5.20220320	1546
5.20220420	1798
5.20220527	1540
5.20220620	10437
