version	total
0.001011	30874
0.001013	182541
