version	total
1.999813	2298
1.999816	2244
