version	total
1.967013	26448
1.967015	115624
