version	total
1.000005	16350
1.002002	5845
1.004002	4893
1.004003	2241
1.004004	57952
