version	total
2.000002	3270
2.001000	24291
2.003004	72321
