version	total
5.20180120	5626
5.20180626	4573
5.20180820	8053
5.20181130	4041
5.20181218	10286
5.20190420	4507
5.20190524	78980
5.20220120	1769
5.20220220	1838
5.20220313	1688
5.20220320	2445
5.20220420	2695
5.20220527	2435
5.20220620	17425
