version	total
1.94	150648
1.99	2039
2.000000	1841
2.001000	1456
2.002000	2441
2.002001	1256
2.003000	53
