version	total
0.204001	1243
0.204003	1227
0.206003	1435
0.207001	893
0.207002	868
