version	total
0.204001	540
0.204003	521
0.206003	605
0.207001	177
0.207002	154
