version	total
4.161950	4511
4.201720	663
