version	total
0.000061	7839
0.000115	5282
0.000116	4069
0.000117	17055
0.000144	1662
0.000145	63813
