version	total
1.006900	23163
1.007002	111658
1.007003	30058
