version	total
0.002005	3339
0.002006	3162
0.002009	759
