version	total
0.008	2578
0.006007	5686
0.008002	2466
0.008004	2341
0.008005	1948
0.008006	1925
0.008007	1510
0.008008	1137
0.008009	742
