version	total
0.17024	28100
0.17027	129638
0.17029	2885
