version	total
0.204001	2141
0.204003	2120
0.206003	3039
0.207001	2220
0.207002	2192
0.207003	763
