version	total
2.120921	7516
2.150010	30976
