version	total
0.000061	9216
0.000115	5960
0.000116	4745
0.000117	18616
0.000144	2327
0.000145	148484
0.000163	72
