version	total
1.302052	5413
1.302075	8765
1.302140	2830
1.302141	2136
1.302156	3031
1.302164	3045
