version	total
2.000001	29353
2.000006	23151
2.000008	131357
2.002004	18217
