version	total
0.103004	8679
0.103005	1446
0.103006	743
