version	total
1.302052	5609
1.302075	8958
1.302140	2996
1.302141	2300
1.302156	3196
1.302164	3385
