version	total
2.000024	5465
2.000028	700
2.000029	789
