version	total
5.20180120	5924
5.20180626	4855
5.20180820	8338
5.20181130	4322
5.20181218	10629
5.20190420	4790
5.20190524	80829
5.20220120	2048
5.20220220	2116
5.20220313	1967
5.20220320	2722
5.20220420	2974
5.20220527	2713
5.20220620	20865
