version	total
0.002005	2357
0.002006	1916
