version	total
1.999813	3366
1.999816	3460
1.999829	790
1.999830	695
1.999831	622
1.999832	608
1.999833	612
1.999835	608
1.999836	543
1.999837	544
1.999838	29
