version	total
1.302052	5483
1.302075	8822
1.302140	2887
1.302141	2192
1.302156	3088
1.302164	3126
