version	total
2.000024	7124
2.000028	1855
2.000029	3731
