version	total
0.002005	2433
0.002006	1994
