version	total
0.004010	4488
0.004011	4234
