version	total
0.002005	2417
0.002006	1978
