version	total
1.000019	4325
1.000033	12484
1.000036	47787
