version	total
1.302052	7668
1.302075	11242
1.302140	4289
1.302141	3593
1.302156	4526
1.302164	6813
1.302188	1246
1.302189	1038
1.302190	2801
