version	total
2.120921	8299
2.150010	52744
