version	total
1.003008	3160
1.004000	2961
