version	total
2.000001	29424
2.000006	23191
2.000008	131537
2.002004	18311
