version	total
5.20180120	5916
5.20180626	4847
5.20180820	8329
5.20181130	4314
5.20181218	10615
5.20190420	4782
5.20190524	80766
5.20220120	2040
5.20220220	2108
5.20220313	1959
5.20220320	2714
5.20220420	2965
5.20220527	2704
5.20220620	20753
