version	total
4.161950	7191
4.201720	9042
