version	total
2.000001	23482
2.000006	20163
2.000008	62531
2.002004	1204
