version	total
1.20141117	3352
1.20190531	1000
