version	total
1.000019	3846
1.000033	11843
1.000036	40822
