version	total
2.000002	3061
2.001000	23672
2.003004	65631
