version	total
1.003008	4418
1.004000	4597
1.004003	963
