version	total
0.002005	4124
0.002006	4013
0.002009	1530
