version	total
2.000002	3995
2.001000	27857
2.003004	106599
2.005004	10042
