version	total
1.006900	27832
1.007002	132029
1.007003	65109
