version	total
1.302052	7660
1.302075	11235
1.302140	4282
1.302141	3586
1.302156	4519
1.302164	6803
1.302188	1239
1.302189	1031
1.302190	2790
