version	total
1.302052	8487
1.302075	12535
1.302140	4898
1.302141	4200
1.302156	5138
1.302164	8075
1.302188	1857
1.302189	1631
1.302190	4264
