version	total
1.003008	4478
1.004000	4672
1.004003	1017
