version	total
0.001011	29930
0.001013	176574
