version	total
1.000005	20951
1.002002	7326
1.004002	6368
1.004003	3718
1.004004	111633
1.012004	1349
1.012005	942
1.014000	908
1.016002	809
1.016006	976
