version	total
2.120921	9763
2.150010	90149
