version	total
0.004010	3695
0.004011	3373
