version	total
0.001011	30091
0.001013	177633
