version	total
4.161950	4509
4.201720	660
