version	total
0.100052	5037
0.100054	117
