version	total
0.004010	2986
0.004011	2555
