version	total
5.20180120	4560
5.20180626	3587
5.20180820	7067
5.20181130	3067
5.20181218	9101
5.20190420	3516
5.20190524	55665
5.20220120	821
5.20220220	884
5.20220313	743
5.20220320	1488
5.20220420	1741
5.20220527	1482
5.20220620	9532
