version	total
1.006900	18195
1.007002	65158
