version	total
1.94	160206
1.99	2509
2.000000	2270
2.001000	1860
2.002000	2952
2.002001	1744
2.003000	674
