version	total
2.120921	8466
2.150010	71813
