version	total
0.100003	5242
0.100005	2062
0.100006	1475
