version	total
1.000005	16319
1.002002	5821
1.004002	4869
1.004003	2217
1.004004	57487
