version	total
1.999813	3299
1.999816	3388
1.999829	726
1.999830	631
1.999831	558
1.999832	544
1.999833	548
1.999835	544
1.999836	479
1.999837	480
