version	total
1.006900	22658
1.007002	108815
1.007003	26391
