version	total
0.100003	4395
0.100005	1268
0.100006	680
