version	total
1.000005	20628
1.002002	7259
1.004002	6297
1.004003	3648
1.004004	109261
1.012004	1278
1.012005	872
1.014000	837
1.016002	745
1.016006	906
