version	total
1.20141117	2678
1.20190531	314
