version	total
1.94	131072
1.99	1243
2.000000	1065
2.001000	706
2.002000	1601
2.002001	254
