version	total
1.967013	30135
1.967015	135432
