version	total
0.042	68106
1.000000	22554
1.002001	491039
1.002002	287643
