version	total
5.20180120	4735
5.20180626	3746
5.20180820	7227
5.20181130	3228
5.20181218	9287
5.20190420	3674
5.20190524	73409
5.20220120	974
5.20220220	1039
5.20220313	896
5.20220320	1642
5.20220420	1895
5.20220527	1636
5.20220620	11670
