version	total
2.005001	18633
2.006003	150383
2.006006	26507
