version	total
0.002005	3341
0.002006	3169
0.002009	761
