version	total
0.204001	1332
0.204003	1315
0.206003	1571
0.207001	981
0.207002	955
