version	total
0.17024	20595
0.17027	63799
