version	total
2.005001	16852
2.006003	132371
2.006006	16586
