version	total
1.100602	6948
1.100603	1325
