version	total
1.000019	5187
1.000033	13554
1.000036	77680
1.000037	15304
