version	total
0.000061	6823
0.000115	4716
0.000116	3501
0.000117	15840
0.000144	1103
0.000145	22666
