version	total
0.000061	8478
0.000115	5619
0.000116	4404
0.000117	17889
0.000144	1986
0.000145	125688
