version	total
0.001011	28775
0.001013	166215
