version	total
1.94	133005
1.99	1297
2.000000	1114
2.001000	751
2.002000	1657
2.002001	321
