version	total
0.001011	31800
0.001013	191480
