version	total
0.001011	27829
0.001013	158597
