version	total
0.000061	5514
0.000115	3779
0.000116	2561
0.000117	13512
