version	total
0.17024	28009
0.17027	129298
0.17029	2852
