version	total
0.100052	6584
0.100054	1011
0.100055	354
