version	total
1.302052	7914
1.302075	11582
1.302140	4448
1.302141	3750
1.302156	4684
1.302164	7192
1.302188	1411
1.302189	1184
1.302190	3186
