version	total
0.001011	29451
0.001013	172057
