version	total
0.000061	6262
0.000115	4360
0.000116	3148
0.000117	14900
0.000144	457
0.000145	4671
