version	total
0.001011	28371
0.001013	163353
