version	total
1.003008	3196
1.004000	3052
