version	total
1.000005	16330
1.002002	5829
1.004002	4877
1.004003	2225
1.004004	57659
