version	total
0.100052	6031
0.100054	713
0.100055	32
