version	total
0.100003	3599
0.100005	551
