version	total
0.100003	3656
0.100005	606
