version	total
0.100052	7591
0.100054	1827
0.100055	1197
