version	total
0.103004	8916
0.103005	1640
0.103006	943
