version	total
2.000002	5612
2.001000	35491
2.003004	164455
2.005004	25989
