version	total
0.042	69628
1.000000	22664
1.002001	495861
1.002002	295791
