version	total
1.003008	4393
1.004000	4571
1.004003	942
