version	total
2.120921	7889
2.150010	37951
