version	total
1.999813	4010
1.999816	4153
1.999829	1417
1.999830	1324
1.999831	1248
1.999832	1238
1.999833	1239
1.999835	1236
1.999836	1173
1.999837	1172
1.999838	667
1.999839	451
1.999841	314
1.999842	306
2.000000	249
2.001000	211
2.001001	193
2.002000	177
2.002001	163
2.003001	120
2.003002	101
