version	total
1.000005	18382
1.002002	6741
1.004002	5769
1.004003	3121
1.004004	93449
1.012004	784
1.012005	378
1.014000	345
1.016002	263
1.016006	378
