version	total
2.000001	29821
2.000006	23484
2.000008	133136
2.002004	18963
