version	total
0.002005	2212
0.002006	1773
