version	total
1.999813	4047
1.999816	4190
1.999829	1454
1.999830	1361
1.999831	1285
1.999832	1275
1.999833	1276
1.999835	1273
1.999836	1210
1.999837	1209
1.999838	704
1.999839	488
1.999841	351
1.999842	343
2.000000	286
2.001000	248
2.001001	230
2.002000	214
2.002001	200
2.003001	156
2.003002	137
