version	total
2.000002	5036
2.001000	33110
2.003004	152461
2.005004	17949
