version	total
0.000061	9536
0.000115	6078
0.000116	4862
0.000117	18828
0.000144	2444
0.000145	152427
0.000163	193
