version	total
0.103004	9212
0.103005	1882
0.103006	1191
