version	total
1.000019	6627
1.000033	15121
1.000036	89033
1.000037	17994
1.000038	17342
