version	total
0.002005	3920
0.002006	3805
0.002009	1330
