version	total
0.094002	898
0.094003	300
