version	total
2.005001	19104
2.006003	155655
2.006006	29618
