version	total
1.94	148748
1.99	1966
2.000000	1769
2.001000	1382
2.002000	2360
2.002001	1169
