version	total
1.006900	18565
1.007002	68891
