version	total
1.000019	5101
1.000033	13465
1.000036	74582
1.000037	14228
