version	total
1.94	160036
1.99	2505
2.000000	2266
2.001000	1854
2.002000	2946
2.002001	1742
2.003000	667
