version	total
2.005001	18988
2.006003	154166
2.006006	28721
