version	total
0.17024	22592
0.17027	96179
0.17029	1297
