version	total
0.001011	23881
0.001013	71049
