version	total
0.100003	4213
0.100005	1104
0.100006	515
