version	total
1.302052	7113
1.302075	10458
1.302140	3941
1.302141	3246
1.302156	4163
1.302164	5989
1.302188	889
1.302189	699
1.302190	1938
