version	total
0.204001	454
0.204003	436
0.206003	507
0.207001	88
0.207002	64
