version	total
0.000061	5568
0.000115	3825
0.000116	2607
0.000117	13612
