version	total
0.094002	1108
0.094003	515
