version	total
2.000024	6598
2.000028	1432
2.000029	2558
