version	total
2.005001	16828
2.006003	132112
2.006006	16511
