version	total
2.005001	18557
2.006003	149663
2.006006	26123
