version	total
0.000061	9592
0.000115	6108
0.000116	4890
0.000117	18883
0.000144	2473
0.000145	153123
0.000163	222
