version	total
1.999813	3623
1.999816	3746
1.999829	1045
1.999830	950
1.999831	877
1.999832	863
1.999833	867
1.999835	863
1.999836	798
1.999837	799
1.999838	293
1.999839	73
