version	total
2.000001	22504
2.000006	19292
2.000008	51638
