version	total
0.004010	4873
0.004011	4626
