version	total
0.204001	1012
0.204003	995
0.206003	1163
0.207001	662
0.207002	637
