version	total
1.967013	23882
1.967015	97099
