version	total
0.100003	4882
0.100005	1734
0.100006	1149
