version	total
2.000024	5342
2.000028	633
2.000029	687
