version	total
5.20180120	5189
5.20180626	4157
5.20180820	7636
5.20181130	3627
5.20181218	9776
5.20190420	4085
5.20190524	76557
5.20220120	1367
5.20220220	1433
5.20220313	1287
5.20220320	2037
5.20220420	2290
5.20220527	2027
5.20220620	14194
