version	total
2.005001	19032
2.006003	154675
2.006006	29045
