version	total
1.003008	4732
1.004000	4930
1.004003	1249
