version	total
5.20180120	5525
5.20180626	4475
5.20180820	7954
5.20181130	3943
5.20181218	10163
5.20190420	4408
5.20190524	78320
5.20220120	1672
5.20220220	1740
5.20220313	1591
5.20220320	2345
5.20220420	2597
5.20220527	2337
5.20220620	16561
