version	total
0.000061	9946
0.000115	6258
0.000116	5040
0.000117	19202
0.000144	2617
0.000145	157420
0.000163	372
