version	total
0.000061	9727
0.000115	6168
0.000116	4950
0.000117	19010
0.000144	2531
0.000145	155092
0.000163	282
