version	total
1.003008	5263
1.004000	5482
1.004003	1763
