version	total
1.967013	21883
1.967015	62287
