version	total
0.000061	10453
0.000115	6430
0.000116	5212
0.000117	19551
0.000144	2784
0.000145	171967
0.000163	5421
