version	total
1.006900	23374
1.007002	112647
1.007003	31324
