version	total
0.204001	895
0.204003	878
0.206003	1032
0.207001	544
0.207002	518
