version	total
5.20180120	3801
5.20180626	2898
5.20180820	6378
5.20181130	2405
5.20181218	8156
5.20190420	2820
5.20190524	44267
