version	total
1.967013	27135
1.967015	119769
