version	total
2.005001	15608
2.006003	93701
2.006006	10288
