version	total
1.000005	20446
1.002002	7194
1.004002	6231
1.004003	3582
1.004004	107762
1.012004	1229
1.012005	823
1.014000	789
1.016002	699
1.016006	854
