version	total
0.000061	5956
0.000115	4154
0.000116	2939
0.000117	14344
