version	total
1.94	154683
1.99	2212
2.000000	2005
2.001000	1614
2.002000	2643
2.002001	1442
2.003000	284
