version	total
1.967013	25530
1.967015	108896
