version	total
0.103004	9196
0.103005	1866
0.103006	1175
