version	total
2.005001	15867
2.006003	99608
2.006006	11388
