version	total
4.161950	7058
4.201720	8420
