version	total
2.000002	4905
2.001000	32648
2.003004	150479
2.005004	17183
