version	total
2.005001	13466
2.006003	52880
