version	total
1.94	148669
1.99	1960
2.000000	1763
2.001000	1378
2.002000	2354
2.002001	1161
