version	total
0.103004	9369
0.103005	2007
0.103006	1321
