version	total
1.000005	21631
1.002002	7490
1.004002	6531
1.004003	3881
1.004004	115857
1.012004	1504
1.012005	1099
1.014000	1065
1.016002	965
1.016006	1152
