version	total
0.001011	24879
0.001013	90481
