version	total
1.006900	29025
1.007002	136293
1.007003	75119
