version	total
0.103004	8650
0.103005	1425
0.103006	722
