version	total
0.000061	6886
0.000115	4760
0.000116	3545
0.000117	15967
0.000144	1146
0.000145	25592
