version	total
0.002005	3148
0.002006	2957
0.002009	571
