version	total
0.008	2303
0.006007	5388
0.008002	2191
0.008004	2066
0.008005	1689
0.008006	1668
0.008007	1251
0.008008	879
0.008009	478
