version	total
1.006900	28257
1.007002	133871
1.007003	68505
