version	total
4.161950	7046
4.201720	8360
