version	total
0.000061	9569
0.000115	6094
0.000116	4878
0.000117	18863
0.000144	2461
0.000145	152819
0.000163	210
