version	total
1.94	150168
1.99	2017
2.000000	1819
2.001000	1434
2.002000	2417
2.002001	1232
