version	total
2.000002	5320
2.001000	34218
2.003004	158502
2.005004	21824
