version	total
1.999813	3746
1.999816	3876
1.999829	1160
1.999830	1065
1.999831	992
1.999832	979
1.999833	981
1.999835	977
1.999836	914
1.999837	914
1.999838	408
1.999839	189
1.999841	55
1.999842	42
