version	total
1.20141117	3634
1.20190531	1267
