version	total
2.000002	5638
2.001000	35617
2.003004	164812
2.005004	26174
