version	total
0.100003	5384
0.100005	2174
0.100006	1589
