version	total
2.000002	4317
2.001000	29628
2.003004	134679
2.005004	13065
