version	total
0.002005	3577
0.002006	3439
0.002009	991
