version	total
0.100052	7460
0.100054	1714
0.100055	1081
