version	total
2.000024	6682
2.000028	1507
2.000029	2695
