version	total
2.000002	4176
2.001000	28867
2.003004	128711
2.005004	11949
