version	total
0.002005	2519
0.002006	2085
