version	total
2.000001	25375
2.000006	21201
2.000008	87420
2.002004	10362
