version	total
0.103004	7481
0.103005	711
