version	total
0.17024	26964
0.17027	123797
0.17029	2526
