version	total
4.161950	5881
4.201720	3375
