version	total
1.000005	21581
1.002002	7480
1.004002	6521
1.004003	3871
1.004004	115493
1.012004	1494
1.012005	1089
1.014000	1055
1.016002	956
1.016006	1143
