version	total
0.002005	4219
0.002006	4110
0.002009	1625
