version	total
2.000002	3144
2.001000	23894
2.003004	68083
