version	total
1.302052	5985
1.302075	9334
1.302140	3291
1.302141	2594
1.302156	3495
1.302164	4378
1.302188	241
1.302189	23
