version	total
0.002005	3272
0.002006	3088
0.002009	694
