version	total
1.000019	4360
1.000033	12541
1.000036	48280
1.000037	308
