version	total
0.17024	26895
0.17027	123401
0.17029	2503
