version	total
0.000061	8444
0.000115	5597
0.000116	4382
0.000117	17831
0.000144	1963
0.000145	124718
