version	total
1.20141117	2552
1.20190531	236
