version	total
0.000061	8126
0.000115	5443
0.000116	4228
0.000117	17429
0.000144	1813
0.000145	110839
