version	total
1.302052	8910
1.302075	13385
1.302140	5241
1.302141	4539
1.302156	5482
1.302164	8702
1.302188	2199
1.302189	1966
1.302190	5306
