version	total
4.161950	7637
4.201720	11001
