version	total
1.000019	6249
1.000033	14726
1.000036	86416
1.000037	17646
1.000038	11013
