version	total
0.001011	26011
0.001013	121757
