version	total
0.000061	5809
0.000115	4040
0.000116	2824
0.000117	14060
