version	total
1.000005	18543
1.002002	6774
1.004002	5802
1.004003	3154
1.004004	94577
1.012004	815
1.012005	409
1.014000	376
1.016002	294
1.016006	414
