version	total
1.100602	7225
1.100603	1571
