version	total
1.967013	25197
1.967015	106708
