version	total
1.006900	22118
1.007002	105772
1.007003	21867
