version	total
0.000061	8282
0.000115	5505
0.000116	4290
0.000117	17591
0.000144	1871
0.000145	119654
