version	total
0.000061	8767
0.000115	5757
0.000116	4542
0.000117	18191
0.000144	2123
0.000145	135307
