version	total
1.100602	6907
1.100603	1286
