version	total
1.967013	21929
1.967015	63077
