version	total
0.094002	773
0.094003	175
