version	total
0.002005	4324
0.002006	4219
0.002009	1730
