version	total
0.008	249
0.006007	2892
0.008002	93
