version	total
0.204001	1485
0.204003	1468
0.206003	1852
0.207001	1140
0.207002	1115
