version	total
0.004010	4112
0.004011	3828
