version	total
2.000001	27872
2.000006	22348
2.000008	122966
2.002004	15630
