version	total
5.20180120	3701
5.20180626	2800
5.20180820	6281
5.20181130	2332
5.20181218	8026
5.20190420	2723
5.20190524	43182
