version	total
5.20180120	6104
5.20180626	5008
5.20180820	8489
5.20181130	4472
5.20181218	10809
5.20190420	4943
5.20190524	81965
5.20220120	2190
5.20220220	2260
5.20220313	2110
5.20220320	2867
5.20220420	3116
5.20220527	2854
5.20220620	22501
