version	total
1.000005	21753
1.002002	7519
1.004002	6559
1.004003	3909
1.004004	116378
1.012004	1529
1.012005	1124
1.014000	1090
1.016002	990
1.016006	1177
