version	total
1.967013	29787
1.967015	133759
