version	total
0.17024	27746
0.17027	127836
0.17029	2774
