version	total
1.967013	22400
1.967015	69402
