version	total
1.006900	26686
1.007002	127597
1.007003	54570
