version	total
1.302052	5376
1.302075	8726
1.302140	2800
1.302141	2106
1.302156	2999
1.302164	3003
