version	total
1.100602	6652
1.100603	1041
