version	total
2.000001	30987
2.000006	24052
2.000008	138961
2.002004	22715
