version	total
0.094002	1361
0.094003	768
