version	total
0.204001	259
0.204003	240
0.206003	286
