version	total
1.20141117	3440
1.20190531	1088
