version	total
1.999813	3063
1.999816	3130
1.999829	498
1.999830	403
1.999831	330
1.999832	316
1.999833	320
1.999835	316
1.999836	251
1.999837	249
