version	total
5.20180120	5920
5.20180626	4851
5.20180820	8334
5.20181130	4318
5.20181218	10624
5.20190420	4786
5.20190524	80795
5.20220120	2044
5.20220220	2112
5.20220313	1963
5.20220320	2718
5.20220420	2969
5.20220527	2709
5.20220620	20811
