version	total
2.000001	30941
2.000006	24041
2.000008	138838
2.002004	22629
