version	total
0.204001	129
0.204003	111
0.206003	117
