version	total
5.20180120	5785
5.20180626	4729
5.20180820	8209
5.20181130	4196
5.20181218	10466
5.20190420	4663
5.20190524	80081
5.20220120	1924
5.20220220	1994
5.20220313	1844
5.20220320	2600
5.20220420	2851
5.20220527	2590
5.20220620	19262
