version	total
0.002005	2723
0.002006	2350
0.002009	118
