version	total
2.005001	17766
2.006003	140319
2.006006	19503
