version	total
1.003008	4089
1.004000	4237
1.004003	672
