version	total
1.000019	5146
1.000033	13514
1.000036	77007
1.000037	14775
