version	total
2.005001	13602
2.006003	54589
