version	total
1.302052	6963
1.302075	10292
1.302140	3841
1.302141	3146
1.302156	4063
1.302164	5712
1.302188	792
1.302189	602
1.302190	1743
