version	total
0.17024	25078
0.17027	114082
0.17029	1928
