version	total
1.967013	30938
1.967015	138994
