version	total
0.103004	7826
0.103005	931
0.103006	198
