version	total
0.008	2131
0.006007	5198
0.008002	2018
0.008004	1894
0.008005	1522
0.008006	1502
0.008007	1085
0.008008	711
0.008009	309
