version	total
2.000002	5064
2.001000	33192
2.003004	152909
2.005004	18175
