version	total
1.967013	28073
1.967015	124489
