version	total
0.001011	26971
0.001013	148680
