version	total
0.002005	3741
0.002006	3619
0.002009	1158
