version	total
0.100052	7805
0.100054	2003
0.100055	1377
