version	total
1.000019	5077
1.000033	13436
1.000036	68940
1.000037	13703
