version	total
0.001011	29405
0.001013	171760
