version	total
2.000002	4110
2.001000	28524
2.003004	120714
2.005004	11280
