version	total
0.001011	27380
0.001013	154717
