version	total
0.103004	8123
0.103005	1053
0.103006	307
