version	total
0.008	462
0.006007	3117
0.008002	323
0.008004	142
