version	total
0.000061	6122
0.000115	4256
0.000116	3042
0.000117	14639
0.000144	257
0.000145	37
