version	total
2.000001	22229
2.000006	19065
2.000008	48248
