version	total
1.000005	20276
1.002002	7156
1.004002	6191
1.004003	3543
1.004004	106683
1.012004	1190
1.012005	784
1.014000	750
1.016002	659
1.016006	812
