version	total
5.20180120	5985
5.20180626	4907
5.20180820	8388
5.20181130	4374
5.20181218	10690
5.20190420	4842
5.20190524	81145
5.20220120	2098
5.20220220	2167
5.20220313	2018
5.20220320	2773
5.20220420	3024
5.20220527	2763
5.20220620	21396
