version	total
0.004010	4105
0.004011	3821
