version	total
0.002005	4720
0.002006	4641
0.002009	2114
