version	total
0.17024	25337
0.17027	115695
0.17029	2005
