version	total
2.005001	13597
2.006003	54515
