version	total
5.20180120	5882
5.20180626	4818
5.20180820	8300
5.20181130	4285
5.20181218	10573
5.20190420	4753
5.20190524	80595
5.20220120	2010
5.20220220	2079
5.20220313	1929
5.20220320	2686
5.20220420	2937
5.20220527	2676
5.20220620	20429
