version	total
1.967013	27729
1.967015	122950
