version	total
0.100003	4174
0.100005	1068
0.100006	479
