version	total
1.999813	4188
1.999816	4343
1.999829	1595
1.999830	1502
1.999831	1426
1.999832	1416
1.999833	1417
1.999835	1414
1.999836	1351
1.999837	1350
1.999838	844
1.999839	629
1.999841	491
1.999842	484
2.000000	432
2.001000	395
2.001001	377
2.002000	360
2.002001	346
2.003001	291
2.003002	274
