version	total
0.004010	4328
0.004011	4064
