version	total
1.20141117	2304
1.20190531	110
