version	total
1.000019	5734
1.000033	14127
1.000036	82447
1.000037	17097
1.000038	4002
