version	total
1.000005	19341
1.002002	6961
1.004002	5991
1.004003	3343
1.004004	100635
1.012004	1000
1.012005	594
1.014000	560
1.016002	473
1.016006	611
