version	total
2.120921	9997
2.150010	92678
