version	total
2.005001	14030
2.006003	61269
