version	total
5.20180120	6224
5.20180626	5114
5.20180820	8596
5.20181130	4580
5.20181218	10931
5.20190420	5050
5.20190524	82606
5.20220120	2295
5.20220220	2363
5.20220313	2212
5.20220320	2971
5.20220420	3220
5.20220527	2956
5.20220620	23229
