version	total
0.204001	1750
0.204003	1732
0.206003	2140
0.207001	1416
0.207002	1388
