version	total
0.042	47991
1.000000	21397
1.002001	429397
1.002002	201408
