version	total
1.000019	6081
1.000033	14529
1.000036	85076
1.000037	17471
1.000038	7850
