version	total
0.042	61110
1.000000	22092
1.002001	469112
1.002002	249319
