version	total
1.94	143896
1.99	1727
2.000000	1534
2.001000	1154
2.002000	2112
2.002001	866
