version	total
5.20180120	4820
5.20180626	3822
5.20180820	7302
5.20181130	3302
5.20181218	9375
5.20190420	3749
5.20190524	74016
5.20220120	1050
5.20220220	1114
5.20220313	969
5.20220320	1715
5.20220420	1968
5.20220527	1709
5.20220620	12187
