version	total
0.002005	4569
0.002006	4479
0.002009	1967
