version	total
0.17024	25540
0.17027	116887
0.17029	2062
