version	total
2.000001	23087
2.000006	19863
2.000008	59197
