version	total
5.20180120	4581
5.20180626	3606
5.20180820	7087
5.20181130	3086
5.20181218	9123
5.20190420	3534
5.20190524	64077
5.20220120	840
5.20220220	903
5.20220313	762
5.20220320	1508
5.20220420	1760
5.20220527	1501
5.20220620	10072
