version	total
1.20141117	5111
1.20190531	2578
