version	total
0.042	40729
1.000000	20129
1.002001	175774
