version	total
2.000002	5561
2.001000	35275
2.003004	163432
2.005004	25388
