version	total
0.100052	7414
0.100054	1668
0.100055	1033
