version	total
0.001011	31113
0.001013	184614
