version	total
2.000002	5425
2.001000	34675
2.003004	160848
2.005004	23491
