version	total
1.006900	21840
1.007002	103650
1.007003	19569
