version	total
2.000024	5330
2.000028	623
2.000029	673
