version	total
1.000019	5549
1.000033	13921
1.000036	80935
1.000037	16811
1.000038	2078
