version	total
0.103004	7659
0.103005	820
0.103006	94
