version	total
1.967013	29239
1.967015	130905
