version	total
1.006900	19139
1.007002	73438
