version	total
0.042	54803
1.000000	21885
1.002001	459968
1.002002	237874
