version	total
1.006900	19062
1.007002	72930
