version	total
1.302052	7079
1.302075	10421
1.302140	3917
1.302141	3222
1.302156	4139
1.302164	5881
1.302188	867
1.302189	677
1.302190	1885
