version	total
2.005001	13975
2.006003	60479
