version	total
0.204001	1343
0.204003	1326
0.206003	1600
0.207001	992
0.207002	967
