version	total
0.042	64196
1.000000	22237
1.002001	476958
1.002002	261478
