version	total
1.967013	26653
1.967015	116832
