version	total
1.94	163613
1.99	2653
2.000000	2390
2.001000	1963
2.002000	3104
2.002001	1898
2.003000	942
