version	total
1.006900	27110
1.007002	129265
1.007003	58497
