version	total
1.999813	3374
1.999816	3468
1.999829	798
1.999830	703
1.999831	630
1.999832	616
1.999833	620
1.999835	616
1.999836	551
1.999837	552
1.999838	37
