version	total
0.008	1693
0.006007	4737
0.008002	1576
0.008004	1453
0.008005	1091
0.008006	1072
0.008007	650
0.008008	244
