version	total
0.100052	7137
0.100054	1437
0.100055	801
