version	total
0.17024	27136
0.17027	124566
0.17029	2572
