version	total
1.006900	25464
1.007002	123701
1.007003	47948
