version	total
1.94	137772
1.99	1442
2.000000	1251
2.001000	884
2.002000	1803
2.002001	500
