version	total
0.100003	4894
0.100005	1746
0.100006	1161
