version	total
0.17024	28560
0.17027	131621
0.17029	3035
