version	total
0.000061	5837
0.000115	4067
0.000116	2851
0.000117	14134
