version	total
1.967013	29985
1.967015	134727
