version	total
1.003008	5577
1.004000	5808
1.004003	2058
