version	total
1.20141117	4268
1.20190531	1886
