version	total
1.006900	27618
1.007002	131397
1.007003	63493
