version	total
1.000019	5585
1.000033	13957
1.000036	81349
1.000037	16910
1.000038	2541
