version	total
0.004010	5378
0.004011	5180
