version	total
2.005001	14246
2.006003	63620
