version	total
0.100052	6879
0.100054	1240
0.100055	596
