version	total
0.103004	7508
0.103005	723
