version	total
1.003008	4897
1.004000	5106
1.004003	1412
