version	total
1.967013	27822
1.967015	123292
