version	total
4.161950	6639
4.201720	6394
