version	total
0.001011	26826
0.001013	141300
