version	total
0.042	59805
1.000000	22049
1.002001	466471
1.002002	245137
