version	total
2.000002	5372
2.001000	34485
2.003004	159964
2.005004	22779
