version	total
0.094002	858
0.094003	259
