version	total
0.000061	9176
0.000115	5940
0.000116	4725
0.000117	18585
0.000144	2309
0.000145	147898
0.000163	53
