version	total
0.100003	3589
0.100005	541
