version	total
2.000002	4684
2.001000	31599
2.003004	145667
2.005004	15701
