version	total
2.005001	16329
2.006003	123828
2.006006	14333
