version	total
1.20141117	3403
1.20190531	1051
