version	total
0.042	40781
1.000000	20138
1.002001	176306
