version	total
0.004010	5285
0.004011	5069
