version	total
0.008	1934
0.006007	4993
0.008002	1820
0.008004	1696
0.008005	1328
0.008006	1309
0.008007	890
0.008008	517
0.008009	105
