version	total
0.001011	31941
0.001013	192399
