version	total
1.302052	8338
1.302075	12232
1.302140	4768
1.302141	4070
1.302156	5006
1.302164	7816
1.302188	1727
1.302189	1501
1.302190	3923
