version	total
1.006900	29598
1.007002	137866
1.007003	79534
