version	total
1.302052	8225
1.302075	12020
1.302140	4675
1.302141	3977
1.302156	4912
1.302164	7618
1.302188	1636
1.302189	1409
1.302190	3739
