version	total
0.100052	4960
0.100054	72
