version	total
0.002005	4281
0.002006	4173
0.002009	1688
