version	total
0.204001	99
0.204003	82
0.206003	84
