version	total
0.004010	5066
0.004011	4830
