version	total
0.000061	5665
0.000115	3913
0.000116	2695
0.000117	13782
