version	total
1.967013	22469
1.967015	70529
