version	total
0.100052	7293
0.100054	1557
0.100055	921
