version	total
0.002005	4530
0.002006	4437
0.002009	1929
