version	total
0.000061	7908
0.000115	5322
0.000116	4109
0.000117	17146
0.000144	1700
0.000145	66751
