version	total
1.94	146830
1.99	1884
2.000000	1688
2.001000	1306
2.002000	2277
2.002001	1061
