version	total
1.000005	17129
1.002002	6336
1.004002	5367
1.004003	2720
1.004004	69732
1.012004	251
