version	total
1.20141117	2662
1.20190531	303
