version	total
0.204001	1939
0.204003	1921
0.206003	2447
0.207001	1704
0.207002	1677
0.207003	242
