version	total
1.967013	22166
1.967015	66780
