version	total
1.006900	21542
1.007002	101868
1.007003	18048
