version	total
1.302052	5367
1.302075	8717
1.302140	2792
1.302141	2098
1.302156	2990
1.302164	2989
