version	total
2.000024	5841
2.000028	904
2.000029	1101
