version	total
2.120921	8461
2.150010	71768
