version	total
1.000005	16911
1.002002	6204
1.004002	5252
1.004003	2601
1.004004	66343
