version	total
5.20180120	3820
5.20180626	2917
5.20180820	6397
5.20181130	2420
5.20181218	8175
5.20190420	2840
5.20190524	44466
