version	total
2.000002	4362
2.001000	29864
2.003004	135969
2.005004	13338
