version	total
1.999813	2245
1.999816	2177
