version	total
1.006900	26002
1.007002	125171
1.007003	50263
