version	total
1.20141117	4990
1.20190531	2513
