version	total
1.999813	4575
1.999816	4757
1.999829	1969
1.999830	1873
1.999831	1797
1.999832	1787
1.999833	1789
1.999835	1787
1.999836	1723
1.999837	1722
1.999838	1216
1.999839	1001
1.999841	863
1.999842	856
2.000000	815
2.001000	779
2.001001	761
2.002000	744
2.002001	729
2.003001	539
2.003002	522
2.003003	265
