version	total
1.302052	8302
1.302075	12168
1.302140	4737
1.302141	4039
1.302156	4975
1.302164	7763
1.302188	1696
1.302189	1470
1.302190	3852
