version	total
0.042	40903
1.000000	20174
1.002001	179798
