version	total
0.004010	4246
0.004011	3979
