version	total
2.000002	5017
2.001000	33016
2.003004	152080
2.005004	17798
