version	total
1.999813	3930
1.999816	4069
1.999829	1339
1.999830	1247
1.999831	1172
1.999832	1161
1.999833	1162
1.999835	1159
1.999836	1096
1.999837	1095
1.999838	590
1.999839	372
1.999841	236
1.999842	227
2.000000	168
2.001000	129
2.001001	111
2.002000	95
2.002001	81
2.003001	41
2.003002	19
