version	total
0.17024	25149
0.17027	114552
0.17029	1948
