version	total
1.302052	7070
1.302075	10411
1.302140	3913
1.302141	3218
1.302156	4135
1.302164	5851
1.302188	863
1.302189	673
1.302190	1875
