version	total
0.042	60630
1.000000	22075
1.002001	468112
1.002002	247581
