version	total
1.006900	22502
1.007002	108007
1.007003	25024
