version	total
0.100003	4773
0.100005	1632
0.100006	1046
