version	total
0.17024	28715
0.17027	132286
0.17029	3087
