version	total
1.967013	29969
1.967015	134634
