version	total
0.042	41461
1.000000	20334
1.002001	275846
