version	total
0.100052	6326
0.100054	890
0.100055	220
