version	total
2.000002	4501
2.001000	30661
2.003004	140430
2.005004	14352
