version	total
1.967013	29851
1.967015	134034
