version	total
5.20180120	5933
5.20180626	4864
5.20180820	8346
5.20181130	4331
5.20181218	10638
5.20190420	4798
5.20190524	80886
5.20220120	2056
5.20220220	2124
5.20220313	1975
5.20220320	2730
5.20220420	2982
5.20220527	2721
5.20220620	20951
