version	total
2.120921	8962
2.150010	79927
