version	total
1.000019	5683
1.000033	14069
1.000036	82073
1.000037	17048
1.000038	3509
