version	total
2.120921	8436
2.150010	71010
