version	total
1.20141117	2518
1.20190531	228
