version	total
1.003008	4156
1.004000	4333
1.004003	735
