version	total
0.042	50828
1.000000	21595
1.002001	444435
1.002002	212906
