version	total
2.000001	31698
2.000006	24310
2.000008	141990
2.002004	24848
