version	total
0.000061	8554
0.000115	5659
0.000116	4444
0.000117	17981
0.000144	2026
0.000145	128321
