version	total
1.967013	27934
1.967015	123808
