version	total
0.204001	1160
0.204003	1144
0.206003	1331
0.207001	810
0.207002	785
