version	total
0.001011	29517
0.001013	172718
