version	total
1.006900	17749
1.007002	61492
