version	total
1.006900	30232
1.007002	139829
1.007003	85051
