version	total
1.967013	24296
1.967015	100213
