version	total
2.000002	5193
2.001000	33738
2.003004	155697
2.005004	19916
