version	total
0.004010	4055
0.004011	3768
