version	total
2.120921	7408
2.150010	29289
