version	total
1.006900	22068
1.007002	105330
1.007003	21385
