version	total
0.094002	1263
0.094003	671
