version	total
0.001011	27264
0.001013	153514
