version	total
1.302052	5281
1.302075	8635
1.302140	2714
1.302141	2020
1.302156	2911
1.302164	2874
