version	total
2.000001	32516
2.000006	24657
2.000008	145113
2.002004	27185
