version	total
1.000005	16128
1.002002	5686
1.004002	4738
1.004003	2087
1.004004	54845
