version	total
0.17024	20253
0.17027	58448
