version	total
1.999813	4198
1.999816	4353
1.999829	1605
1.999830	1512
1.999831	1436
1.999832	1426
1.999833	1427
1.999835	1424
1.999836	1361
1.999837	1360
1.999838	854
1.999839	639
1.999841	501
1.999842	494
2.000000	442
2.001000	405
2.001001	387
2.002000	370
2.002001	356
2.003001	301
2.003002	284
2.003003	12
