version	total
0.204001	100
0.204003	83
0.206003	86
