version	total
0.002005	4807
0.002006	4742
0.002009	2195
