version	total
1.94	143864
1.99	1726
2.000000	1532
2.001000	1152
2.002000	2110
2.002001	864
