version	total
0.103004	8784
0.103005	1525
0.103006	824
