version	total
5.20180120	5289
5.20180626	4254
5.20180820	7733
5.20181130	3724
5.20181218	9895
5.20190420	4183
5.20190524	77174
5.20220120	1454
5.20220220	1522
5.20220313	1375
5.20220320	2126
5.20220420	2379
5.20220527	2116
5.20220620	15050
