version	total
2.000001	22706
2.000006	19501
2.000008	54901
