version	total
0.001011	29853
0.001013	175611
