version	total
0.100052	7675
0.100054	1902
0.100055	1272
