version	total
1.000005	21882
1.002002	7557
1.004002	6595
1.004003	3944
1.004004	117083
1.012004	1564
1.012005	1159
1.014000	1125
1.016002	1028
1.016006	1219
