version	total
0.17024	27451
0.17027	126319
0.17029	2678
