version	total
4.161950	5676
4.201720	2650
