version	total
0.042	48512
1.000000	21455
1.002001	433201
1.002002	204698
