version	total
2.000002	5744
2.001000	36043
2.003004	166484
2.005004	27130
