version	total
0.17024	25761
0.17027	118301
0.17029	2121
