version	total
2.005001	18341
2.006003	147496
2.006006	24360
