version	total
0.103004	8509
0.103005	1320
0.103006	615
