version	total
0.042	68705
1.000000	22614
1.002001	492799
1.002002	290530
