version	total
1.000019	4207
1.000033	12337
1.000036	45800
