version	total
1.20141117	4655
1.20190531	2258
