version	total
0.004010	2908
0.004011	2461
