version	total
1.100602	5410
1.100603	95
