version	total
0.100003	5280
0.100005	2093
0.100006	1506
