version	total
1.967013	23874
1.967015	97058
