version	total
1.003008	4036
1.004000	4178
1.004003	626
