version	total
1.20141117	3714
1.20190531	1341
