version	total
1.100602	6766
1.100603	1155
