version	total
0.001011	31579
0.001013	188950
