version	total
0.042	62637
1.000000	22144
1.002001	472012
1.002002	253636
