version	total
1.999813	3696
1.999816	3823
1.999829	1118
1.999830	1023
1.999831	950
1.999832	937
1.999833	939
1.999835	935
1.999836	872
1.999837	872
1.999838	367
1.999839	148
