version	total
2.000001	22847
2.000006	19644
2.000008	56671
