version	total
0.000061	7742
0.000115	5235
0.000116	4023
0.000117	16936
0.000144	1616
0.000145	54304
