version	total
0.100052	6599
0.100054	1023
0.100055	366
