version	total
1.20141117	3819
1.20190531	1450
