version	total
1.302052	7478
1.302075	10994
1.302140	4164
1.302141	3468
1.302156	4397
1.302164	6570
1.302188	1107
1.302189	912
1.302190	2479
