version	total
0.100003	4062
0.100005	965
0.100006	375
