version	total
2.000001	22239
2.000006	19076
2.000008	48342
