version	total
2.120921	10087
2.150010	93667
