version	total
0.100003	5230
0.100005	2051
0.100006	1464
