version	total
1.967013	22757
1.967015	75552
