version	total
0.100003	5405
0.100005	2189
0.100006	1604
