version	total
0.100052	6285
0.100054	878
0.100055	208
