version	total
2.005001	17575
2.006003	138617
2.006006	18742
