version	total
1.000019	5361
1.000033	13734
1.000036	79375
1.000037	16553
1.000038	503
