version	total
1.967013	29956
1.967015	134552
