version	total
5.20180120	5520
5.20180626	4470
5.20180820	7949
5.20181130	3938
5.20181218	10158
5.20190420	4403
5.20190524	78289
5.20220120	1666
5.20220220	1734
5.20220313	1585
5.20220320	2339
5.20220420	2591
5.20220527	2331
5.20220620	16528
