version	total
1.003008	4907
1.004000	5114
1.004003	1421
