version	total
1.000005	24852
1.002002	8314
1.004002	7351
1.004003	4703
1.004004	131173
1.012004	2316
1.012005	1907
1.014000	1876
1.016002	1769
1.016006	2068
