version	total
2.000002	5056
2.001000	33166
2.003004	152759
2.005004	18095
