version	total
0.008	1869
0.006007	4926
0.008002	1755
0.008004	1632
0.008005	1265
0.008006	1247
0.008007	827
0.008008	453
0.008009	35
