version	total
0.000061	8873
0.000115	5806
0.000116	4591
0.000117	18316
0.000144	2174
0.000145	141552
