version	total
2.005001	13829
2.006003	58081
