version	total
0.094002	1926
0.094003	1325
