version	total
2.120921	7603
2.150010	32294
