version	total
0.000061	8801
0.000115	5769
0.000116	4554
0.000117	18222
0.000144	2137
0.000145	136898
