version	total
1.94	143448
1.99	1692
2.000000	1498
2.001000	1118
2.002000	2076
2.002001	827
