version	total
1.000005	24185
1.002002	8165
1.004002	7204
1.004003	4552
1.004004	128244
1.012004	2168
1.012005	1759
1.014000	1728
1.016002	1624
1.016006	1890
