version	total
1.94	157462
1.99	2356
2.000000	2132
2.001000	1733
2.002000	2796
2.002001	1589
2.003000	457
