version	total
1.003008	5030
1.004000	5244
1.004003	1541
