version	total
0.008	1676
0.006007	4716
0.008002	1559
0.008004	1436
0.008005	1074
0.008006	1055
0.008007	633
0.008008	221
