version	total
2.005001	16692
2.006003	130172
2.006006	15985
