version	total
4.161950	5917
4.201720	3610
