version	total
5.20180120	3433
5.20180626	2545
5.20180820	6030
5.20181130	2090
5.20181218	7681
5.20190420	2471
5.20190524	39748
