version	total
1.967013	26240
1.967015	113890
