version	total
2.000024	5950
2.000028	957
2.000029	1203
