version	total
1.302052	9247
1.302075	14064
1.302140	5476
1.302141	4775
1.302156	5718
1.302164	9127
1.302188	2424
1.302189	2188
1.302190	6125
