version	total
0.001011	30868
0.001013	182480
