version	total
0.002005	3520
0.002006	3376
0.002009	936
