version	total
0.042	41803
1.000000	20440
1.002001	306693
