version	total
2.000024	6764
2.000028	1569
2.000029	2855
