version	total
1.000005	22310
1.002002	7690
1.004002	6730
1.004003	4080
1.004004	118725
1.012004	1701
1.012005	1294
1.014000	1262
1.016002	1161
1.016006	1363
