version	total
0.042	41335
1.000000	20291
1.002001	229205
