version	total
0.103004	9455
0.103005	2079
0.103006	1392
