version	total
2.005001	16007
2.006003	116080
2.006006	12653
