version	total
1.967013	26565
1.967015	116333
