version	total
0.094002	948
0.094003	350
