version	total
5.20180120	6245
5.20180626	5130
5.20180820	8612
5.20181130	4597
5.20181218	10952
5.20190420	5067
5.20190524	82711
5.20220120	2311
5.20220220	2379
5.20220313	2228
5.20220320	2987
5.20220420	3237
5.20220527	2972
5.20220620	23373
