version	total
2.005001	13783
2.006003	57190
