version	total
1.006900	29457
1.007002	137449
1.007003	78435
