version	total
1.000019	5535
1.000033	13904
1.000036	80797
1.000037	16786
1.000038	1848
