version	total
1.000019	6486
1.000033	14986
1.000036	88005
1.000037	17873
1.000038	15154
