version	total
0.008	1488
0.006007	4496
0.008002	1361
0.008004	1242
0.008005	890
0.008006	871
0.008007	450
