version	total
2.005001	16872
2.006003	132603
2.006006	16658
