version	total
0.094002	1576
0.094003	981
