version	total
2.005001	13909
2.006003	59383
