version	total
0.204001	1889
0.204003	1871
0.206003	2346
0.207001	1605
0.207002	1578
0.207003	140
