version	total
0.000061	6820
0.000115	4714
0.000116	3499
0.000117	15831
0.000144	1101
0.000145	22440
