version	total
2.000024	6608
2.000028	1442
2.000029	2579
