version	total
4.161950	5859
4.201720	3215
