version	total
1.000019	6694
1.000033	15191
1.000036	89466
1.000037	18053
1.000038	18253
