version	total
0.094002	2006
0.094003	1407
