version	total
0.000061	10384
0.000115	6407
0.000116	5189
0.000117	19511
0.000144	2763
0.000145	170657
0.000163	3225
