version	total
1.100602	5902
1.100603	410
