version	total
1.20141117	5023
1.20190531	2527
