version	total
2.000024	5716
2.000028	820
2.000029	969
