version	total
0.103004	8398
0.103005	1232
0.103006	525
