version	total
0.008	2183
0.006007	5254
0.008002	2071
0.008004	1946
0.008005	1574
0.008006	1553
0.008007	1136
0.008008	763
0.008009	362
