version	total
0.100052	7807
0.100054	2005
0.100055	1379
