version	total
0.042	45403
1.000000	21093
1.002001	390033
1.002002	181293
