version	total
2.000002	4757
2.001000	31994
2.003004	147597
2.005004	16275
