version	total
0.001011	31383
0.001013	186875
