version	total
2.000024	7352
2.000028	2016
2.000029	4301
