version	total
1.302052	8736
1.302075	13060
1.302140	5112
1.302141	4413
1.302156	5353
1.302164	8451
1.302188	2075
1.302189	1844
1.302190	4898
