version	total
1.000019	5974
1.000033	14411
1.000036	84160
1.000037	17359
1.000038	6675
