version	total
1.000005	19685
1.002002	7031
1.004002	6064
1.004003	3416
1.004004	102778
1.012004	1067
1.012005	661
1.014000	627
1.016002	538
1.016006	683
