version	total
0.204001	1086
0.204003	1071
0.206003	1246
0.207001	736
0.207002	711
