version	total
1.006900	22846
1.007002	109921
1.007003	27706
