version	total
2.005001	17717
2.006003	139926
2.006006	19281
