version	total
0.042	50983
1.000000	21605
1.002001	445047
1.002002	213828
