version	total
0.042	68476
1.000000	22592
1.002001	492104
1.002002	289378
