version	total
0.17024	26545
0.17027	121911
0.17029	2391
