version	total
2.005001	16397
2.006003	124981
2.006006	14610
