version	total
0.002005	4186
0.002006	4077
0.002009	1593
