version	total
0.001011	24189
0.001013	76587
