version	total
0.000061	9162
0.000115	5934
0.000116	4719
0.000117	18573
0.000144	2302
0.000145	147698
0.000163	46
