version	total
1.000005	25494
1.002002	8446
1.004002	7484
1.004003	4840
1.004004	133879
1.012004	2446
1.012005	2036
1.014000	2006
1.016002	1892
1.016006	2210
