version	total
1.000005	23811
1.002002	8071
1.004002	7110
1.004003	4460
1.004004	126642
1.012004	2078
1.012005	1670
1.014000	1639
1.016002	1536
1.016006	1791
