version	total
0.17024	22710
0.17027	97145
0.17029	1328
