version	total
2.005001	19026
2.006003	154576
2.006006	28956
