version	total
0.004010	2769
0.004011	2301
