version	total
0.204001	1947
0.204003	1929
0.206003	2461
0.207001	1717
0.207002	1690
0.207003	255
