version	total
2.000024	6604
2.000028	1438
2.000029	2572
