version	total
1.003008	4480
1.004000	4674
1.004003	1019
