version	total
0.002005	2188
0.002006	1749
