version	total
0.000061	5735
0.000115	3973
0.000116	2756
0.000117	13902
