version	total
1.94	152936
1.99	2150
2.000000	1945
2.001000	1556
2.002000	2573
2.002001	1374
2.003000	201
