version	total
0.008	453
0.006007	3108
0.008002	314
0.008004	132
