version	total
0.100052	6822
0.100054	1192
0.100055	546
