version	total
0.17024	24805
0.17027	112100
0.17029	1862
