version	total
0.204001	1141
0.204003	1125
0.206003	1309
0.207001	791
0.207002	765
