version	total
4.161950	5870
4.201720	3290
