version	total
1.94	159053
1.99	2429
2.000000	2202
2.001000	1799
2.002000	2875
2.002001	1664
2.003000	573
