version	total
1.000019	6342
1.000033	14823
1.000036	87030
1.000037	17738
1.000038	12701
