version	total
0.094002	1246
0.094003	654
