version	total
1.000005	23571
1.002002	8023
1.004002	7062
1.004003	4412
1.004004	125189
1.012004	2031
1.012005	1623
1.014000	1592
1.016002	1488
1.016006	1735
