version	total
1.302052	8200
1.302075	11993
1.302140	4659
1.302141	3961
1.302156	4896
1.302164	7572
1.302188	1620
1.302189	1393
1.302190	3711
