version	total
1.000019	3820
1.000033	11805
1.000036	40483
