version	total
1.302052	7511
1.302075	11047
1.302140	4188
1.302141	3492
1.302156	4422
1.302164	6612
1.302188	1130
1.302189	935
1.302190	2540
