version	total
0.008	2206
0.006007	5284
0.008002	2095
0.008004	1970
0.008005	1596
0.008006	1575
0.008007	1158
0.008008	785
0.008009	384
