version	total
0.001011	24556
0.001013	83359
