version	total
2.005001	17319
2.006003	137299
2.006006	18158
