version	total
1.999813	4475
1.999816	4646
1.999829	1872
1.999830	1777
1.999831	1700
1.999832	1691
1.999833	1692
1.999835	1690
1.999836	1626
1.999837	1626
1.999838	1119
1.999839	904
1.999841	766
1.999842	759
2.000000	714
2.001000	678
2.001001	660
2.002000	642
2.002001	628
2.003001	486
2.003002	469
2.003003	209
