version	total
0.000061	8934
0.000115	5822
0.000116	4607
0.000117	18345
0.000144	2190
0.000145	142045
