version	total
0.000061	8962
0.000115	5835
0.000116	4620
0.000117	18379
0.000144	2202
0.000145	143028
