version	total
1.20141117	2465
1.20190531	193
