version	total
5.20180120	3459
5.20180626	2572
5.20180820	6055
5.20181130	2115
5.20181218	7717
5.20190420	2496
5.20190524	40020
