version	total
1.000019	4204
1.000033	12334
1.000036	45733
