version	total
1.967013	27737
1.967015	122994
