version	total
1.302052	8097
1.302075	11864
1.302140	4575
1.302141	3877
1.302156	4812
1.302164	7433
1.302188	1538
1.302189	1310
1.302190	3552
