version	total
0.002005	4247
0.002006	4139
0.002009	1654
