version	total
0.008	2123
0.006007	5190
0.008002	2010
0.008004	1886
0.008005	1514
0.008006	1494
0.008007	1077
0.008008	703
0.008009	301
