version	total
1.000005	21108
1.002002	7362
1.004002	6404
1.004003	3753
1.004004	112480
1.012004	1384
1.012005	977
1.014000	943
1.016002	844
1.016006	1016
