version	total
1.94	142535
1.99	1626
2.000000	1432
2.001000	1056
2.002000	2003
2.002001	741
