version	total
0.100003	3686
0.100005	633
0.100006	39
