version	total
1.100602	5538
1.100603	193
