version	total
0.042	53419
1.000000	21785
1.002001	457182
1.002002	234726
