version	total
1.000005	16092
1.002002	5666
1.004002	4717
1.004003	2067
1.004004	54533
