version	total
1.999813	4373
1.999816	4536
1.999829	1777
1.999830	1683
1.999831	1607
1.999832	1597
1.999833	1598
1.999835	1596
1.999836	1532
1.999837	1532
1.999838	1025
1.999839	810
1.999841	672
1.999842	665
2.000000	615
2.001000	579
2.001001	561
2.002000	543
2.002001	529
2.003001	434
2.003002	417
2.003003	154
