version	total
1.302052	8688
1.302075	12951
1.302140	5070
1.302141	4371
1.302156	5311
1.302164	8378
1.302188	2032
1.302189	1801
1.302190	4738
