version	total
1.20141117	4829
1.20190531	2402
