version	total
0.100052	7723
0.100054	1941
0.100055	1312
