version	total
0.100003	5329
0.100005	2129
0.100006	1544
