version	total
2.000002	4429
2.001000	30303
2.003004	138162
2.005004	13850
