version	total
2.000002	4257
2.001000	29366
2.003004	133477
2.005004	12800
