version	total
0.100003	4337
0.100005	1214
0.100006	626
