version	total
1.003008	4858
1.004000	5065
1.004003	1373
