version	total
2.000002	4636
2.001000	31354
2.003004	144488
2.005004	15382
