version	total
0.002005	3988
0.002006	3874
0.002009	1396
