version	total
0.001011	26076
0.001013	123551
