version	total
1.20141117	2384
1.20190531	151
