version	total
1.000019	5933
1.000033	14364
1.000036	83887
1.000037	17317
1.000038	6307
