version	total
1.94	160906
1.99	2545
2.000000	2303
2.001000	1891
2.002000	2987
2.002001	1778
2.003000	729
