version	total
1.000005	22295
1.002002	7684
1.004002	6724
1.004003	4074
1.004004	118680
1.012004	1695
1.012005	1288
1.014000	1256
1.016002	1155
1.016006	1357
