version	total
1.302052	5686
1.302075	9036
1.302140	3059
1.302141	2363
1.302156	3259
1.302164	3539
