version	total
0.002005	4434
0.002006	4333
0.002009	1838
