version	total
1.000005	16501
1.002002	5939
1.004002	4989
1.004003	2337
1.004004	60492
