version	total
2.000002	3592
2.001000	25491
2.003004	82357
2.005004	1783
