version	total
0.100003	4737
0.100005	1596
0.100006	1010
