version	total
0.002005	2546
0.002006	2111
