version	total
0.100052	7903
0.100054	2088
0.100055	1464
