version	total
1.94	156972
1.99	2324
2.000000	2106
2.001000	1709
2.002000	2760
2.002001	1556
2.003000	427
