version	total
0.17024	26764
0.17027	122797
0.17029	2465
