version	total
0.002005	3368
0.002006	3197
0.002009	788
