version	total
1.003008	3037
1.004000	2784
