version	total
1.000019	4065
1.000033	12131
1.000036	43432
