version	total
1.302052	5321
1.302075	8673
1.302140	2752
1.302141	2057
1.302156	2949
1.302164	2926
