version	total
5.20180120	5363
5.20180626	4324
5.20180820	7803
5.20181130	3792
5.20181218	9988
5.20190420	4255
5.20190524	77506
5.20220120	1522
5.20220220	1590
5.20220313	1443
5.20220320	2194
5.20220420	2447
5.20220527	2184
5.20220620	15568
