version	total
1.000005	20126
1.002002	7123
1.004002	6157
1.004003	3510
1.004004	105705
1.012004	1158
1.012005	751
1.014000	718
1.016002	627
1.016006	776
