version	total
1.94	117128
1.99	809
2.000000	669
2.001000	337
2.002000	1100
