version	total
0.042	54397
1.000000	21860
1.002001	459232
1.002002	237039
