version	total
0.204001	1048
0.204003	1031
0.206003	1205
0.207001	698
0.207002	673
