version	total
2.000002	4561
2.001000	30931
2.003004	142010
2.005004	14745
