version	total
1.006900	27044
1.007002	129029
1.007003	57833
