version	total
1.20141117	4894
1.20190531	2453
