version	total
1.003008	5710
1.004000	5945
1.004003	2166
