version	total
2.000001	22884
2.000006	19687
2.000008	57069
