version	total
0.042	69167
1.000000	22653
1.002001	494462
1.002002	293519
