version	total
0.100052	7640
0.100054	1872
0.100055	1242
