version	total
0.008	3650
0.006007	5767
0.008002	3075
0.008004	2934
0.008005	2018
0.008006	1996
0.008007	1581
0.008008	1206
0.008009	814
