version	total
0.100003	5192
0.100005	2020
0.100006	1433
