version	total
2.000002	4118
2.001000	28545
2.003004	120894
2.005004	11311
