version	total
0.000061	8200
0.000115	5483
0.000116	4269
0.000117	17539
0.000144	1851
0.000145	117791
