version	total
0.204001	2045
0.204003	2024
0.206003	2694
0.207001	1932
0.207002	1904
0.207003	470
