version	total
1.006900	29616
1.007002	137887
1.007003	79583
