version	total
0.094002	1780
0.094003	1182
