version	total
2.005001	18124
2.006003	144553
2.006006	22272
