version	total
0.001011	24004
0.001013	73458
