version	total
1.003008	4954
1.004000	5165
1.004003	1464
