version	total
0.103004	9844
0.103005	2382
0.103006	1736
