version	total
1.000005	20975
1.002002	7332
1.004002	6374
1.004003	3724
1.004004	111783
1.012004	1355
1.012005	948
1.014000	914
1.016002	815
1.016006	982
