version	total
2.120921	7513
2.150010	30952
