version	total
0.17024	29861
0.17027	136779
0.17029	3409
0.17030	86
