version	total
1.000019	3969
1.000033	12018
1.000036	42110
