version	total
0.17024	24356
0.17027	108599
0.17029	1740
