version	total
5.20180120	3627
5.20180626	2729
5.20180820	6211
5.20181130	2268
5.20181218	7918
5.20190420	2652
5.20190524	41886
