version	total
1.967013	22159
1.967015	66374
