version	total
0.001011	30116
0.001013	177829
