version	total
0.008	1212
0.006007	4133
0.008002	1085
0.008004	961
0.008005	633
0.008006	611
0.008007	180
