version	total
0.204001	623
0.204003	607
0.206003	707
0.207001	267
0.207002	241
