version	total
0.103004	8410
0.103005	1243
0.103006	538
