version	total
0.004010	4421
0.004011	4164
