version	total
1.000005	18698
1.002002	6797
1.004002	5826
1.004003	3177
1.004004	95573
1.012004	838
1.012005	432
1.014000	399
1.016002	317
1.016006	439
