version	total
0.042	63955
1.000000	22221
1.002001	476226
1.002002	260134
