version	total
0.000061	8511
0.000115	5642
0.000116	4427
0.000117	17948
0.000144	2009
0.000145	126827
