version	total
0.17024	27153
0.17027	124649
0.17029	2579
