version	total
0.042	55630
1.000000	21929
1.002001	461464
1.002002	239444
