version	total
0.001011	23815
0.001013	70089
