version	total
1.003008	5098
1.004000	5313
1.004003	1605
