version	total
0.000061	7219
0.000115	4970
0.000116	3757
0.000117	16417
0.000144	1350
0.000145	38167
