version	total
0.000061	9923
0.000115	6248
0.000116	5030
0.000117	19186
0.000144	2608
0.000145	157216
0.000163	363
