version	total
0.002005	3114
0.002006	2916
0.002009	541
