version	total
1.006900	26711
1.007002	127702
1.007003	54871
