version	total
0.008	896
0.006007	3733
0.008002	769
0.008004	643
0.008005	335
0.008006	290
