version	total
1.94	134630
1.99	1346
2.000000	1158
2.001000	792
2.002000	1709
2.002001	386
