version	total
2.000001	30172
2.000006	23657
2.000008	134639
2.002004	19792
