version	total
0.001011	24414
0.001013	80597
