version	total
0.100052	7929
0.100054	2112
0.100055	1490
