version	total
4.161950	5774
4.201720	2939
