version	total
4.161950	4760
4.201720	890
