version	total
0.204001	2129
0.204003	2107
0.206003	2970
0.207001	2170
0.207002	2143
0.207003	713
