version	total
2.000001	23023
2.000006	19794
2.000008	58396
