version	total
4.161950	4790
4.201720	922
