version	total
1.94	157062
1.99	2331
2.000000	2111
2.001000	1714
2.002000	2766
2.002001	1564
2.003000	432
