version	total
4.161950	4433
4.201720	603
