version	total
1.100602	6750
1.100603	1139
