version	total
0.094002	1829
0.094003	1230
