version	total
2.005001	13853
2.006003	58580
