version	total
2.005001	18628
2.006003	150326
2.006006	26480
