version	total
2.000001	29306
2.000006	23119
2.000008	131233
2.002004	18153
