version	total
1.302052	7901
1.302075	11557
1.302140	4436
1.302141	3738
1.302156	4672
1.302164	7169
1.302188	1405
1.302189	1178
1.302190	3172
