version	total
0.042	68465
1.000000	22589
1.002001	492052
1.002002	289335
