version	total
1.20141117	4920
1.20190531	2473
