version	total
2.120921	7416
2.150010	29432
