version	total
0.17024	24698
0.17027	111187
0.17029	1836
