version	total
1.94	149566
1.99	1996
2.000000	1799
2.001000	1414
2.002000	2394
2.002001	1204
