version	total
2.000024	6064
2.000028	1030
2.000029	1472
