version	total
0.103004	8045
0.103005	1027
0.103006	284
