version	total
0.204001	1679
0.204003	1661
0.206003	2063
0.207001	1343
0.207002	1315
