version	total
1.000019	6005
1.000033	14439
1.000036	84408
1.000037	17389
1.000038	6998
