version	total
2.000024	7615
2.000028	2198
2.000029	5006
