version	total
2.000002	5394
2.001000	34563
2.003004	160297
2.005004	23081
