version	total
1.967013	26017
1.967015	112120
