version	total
1.000019	5067
1.000033	13424
1.000036	68635
1.000037	13599
