version	total
2.005001	14133
2.006003	62321
