version	total
2.005001	17802
2.006003	140700
2.006006	19752
