version	total
2.000001	27462
2.000006	22173
2.000008	119805
2.002004	14853
