version	total
2.000001	30723
2.000006	23949
2.000008	137624
2.002004	21788
