version	total
0.001011	30274
0.001013	178819
