version	total
0.094002	1807
0.094003	1208
