version	total
2.000024	6275
2.000028	1190
2.000029	1932
