version	total
1.94	136316
1.99	1388
2.000000	1197
2.001000	835
2.002000	1750
2.002001	438
