version	total
1.003008	3630
1.004000	3617
1.004003	252
