version	total
2.120921	8905
2.150010	79319
