version	total
2.005001	14501
2.006003	66964
2.006006	458
