version	total
1.100602	6899
1.100603	1278
