version	total
1.302052	7725
1.302075	11327
1.302140	4323
1.302141	3626
1.302156	4560
1.302164	6903
1.302188	1280
1.302189	1072
1.302190	2917
