version	total
1.999813	3566
1.999816	3682
1.999829	987
1.999830	892
1.999831	819
1.999832	805
1.999833	809
1.999835	805
1.999836	740
1.999837	741
1.999838	235
