version	total
0.004010	4010
0.004011	3713
