version	total
0.042	40644
1.000000	20108
1.002001	174402
