version	total
0.100003	4979
0.100005	1826
0.100006	1240
