version	total
0.103004	8790
0.103005	1531
0.103006	830
