version	total
2.005001	18898
2.006003	152821
2.006006	27984
