version	total
2.000024	7310
2.000028	1983
2.000029	4208
