version	total
1.94	128063
1.99	1149
2.000000	980
2.001000	625
2.002000	1502
2.002001	66
