version	total
0.17024	20523
0.17027	62480
