version	total
1.000019	6221
1.000033	14696
1.000036	86201
1.000037	17618
1.000038	10467
