version	total
1.006900	22125
1.007002	105794
1.007003	21916
