version	total
0.000061	7890
0.000115	5313
0.000116	4100
0.000117	17123
0.000144	1691
0.000145	66315
