version	total
4.161950	5923
4.201720	3653
