version	total
2.120921	8942
2.150010	79737
