version	total
1.003008	5018
1.004000	5229
1.004003	1527
