version	total
1.999813	4334
1.999816	4496
1.999829	1738
1.999830	1644
1.999831	1568
1.999832	1558
1.999833	1559
1.999835	1557
1.999836	1493
1.999837	1493
1.999838	985
1.999839	770
1.999841	632
1.999842	625
2.000000	574
2.001000	538
2.001001	520
2.002000	503
2.002001	489
2.003001	411
2.003002	394
2.003003	131
