version	total
1.000005	16707
1.002002	6073
1.004002	5120
1.004003	2470
1.004004	63550
