version	total
0.17024	24682
0.17027	111102
0.17029	1830
