version	total
0.042	49975
1.000000	21554
1.002001	441495
1.002002	210396
