version	total
0.042	51997
1.000000	21687
1.002001	449469
1.002002	227444
