version	total
2.000024	5453
2.000028	689
2.000029	774
