version	total
0.042	45590
1.000000	21128
1.002001	400426
1.002002	184824
