version	total
0.100003	4220
0.100005	1110
0.100006	521
