version	total
1.006900	24088
1.007002	117127
1.007003	36693
