version	total
0.002005	4127
0.002006	4016
0.002009	1533
