version	total
0.042	67885
1.000000	22534
1.002001	490365
1.002002	286419
