version	total
0.17024	23431
0.17027	102662
0.17029	1519
