version	total
0.103004	9143
0.103005	1814
0.103006	1120
