version	total
0.004010	5389
0.004011	5192
