version	total
2.000024	6430
2.000028	1303
2.000029	2196
