version	total
0.042	45809
1.000000	21159
1.002001	408503
1.002002	188321
