version	total
1.999813	4162
1.999816	4317
1.999829	1569
1.999830	1476
1.999831	1400
1.999832	1390
1.999833	1391
1.999835	1388
1.999836	1325
1.999837	1324
1.999838	818
1.999839	603
1.999841	465
1.999842	458
2.000000	406
2.001000	369
2.001001	351
2.002000	334
2.002001	320
2.003001	268
2.003002	251
