version	total
0.001011	30582
0.001013	180586
