version	total
2.120921	8998
2.150010	80207
