version	total
2.000002	4216
2.001000	29113
2.003004	131868
2.005004	12355
