version	total
1.000005	23003
1.002002	7873
1.004002	6913
1.004003	4264
1.004004	122091
1.012004	1883
1.012005	1475
1.014000	1446
1.016002	1342
1.016006	1569
