version	total
0.204001	236
0.204003	217
0.206003	260
