version	total
2.000002	3008
2.001000	23545
2.003004	64617
