version	total
0.001011	29883
0.001013	175913
