version	total
1.967013	29449
1.967015	132191
