version	total
1.006900	29570
1.007002	137776
1.007003	79330
