version	total
0.000061	5914
0.000115	4136
0.000116	2921
0.000117	14301
