version	total
0.008	1216
0.006007	4138
0.008002	1089
0.008004	965
0.008005	637
0.008006	615
0.008007	184
