version	total
1.94	163309
1.99	2643
2.000000	2381
2.001000	1955
2.002000	3093
2.002001	1888
2.003000	922
