version	total
1.000005	20173
1.002002	7131
1.004002	6165
1.004003	3518
1.004004	105949
1.012004	1166
1.012005	759
1.014000	726
1.016002	635
1.016006	785
