version	total
4.161950	6685
4.201720	6603
