version	total
0.100003	5205
0.100005	2029
0.100006	1442
