version	total
1.302052	6107
1.302075	9450
1.302140	3370
1.302141	2675
1.302156	3580
1.302164	4519
1.302188	320
1.302189	133
1.302190	168
