version	total
1.999813	3259
1.999816	3343
1.999829	687
1.999830	592
1.999831	519
1.999832	505
1.999833	509
1.999835	505
1.999836	440
1.999837	439
