version	total
0.103004	9716
0.103005	2290
0.103006	1603
