version	total
2.005001	19050
2.006003	154893
2.006006	29148
