version	total
0.002005	3832
0.002006	3715
0.002009	1246
