version	total
5.20180120	4064
5.20180626	3149
5.20180820	6628
5.20181130	2630
5.20181218	8504
5.20190420	3076
5.20190524	47746
5.20220120	386
5.20220220	451
5.20220313	315
5.20220320	1055
5.20220420	621
