version	total
2.000001	22733
2.000006	19525
2.000008	55176
