version	total
1.20141117	4233
1.20190531	1852
