version	total
1.94	159971
1.99	2499
2.000000	2262
2.001000	1853
2.002000	2940
2.002001	1735
2.003000	660
