version	total
2.000002	4571
2.001000	30984
2.003004	142345
2.005004	14837
