version	total
0.000061	5857
0.000115	4084
0.000116	2868
0.000117	14195
