version	total
0.004010	3831
0.004011	3520
