version	total
2.000001	23067
2.000006	19829
2.000008	58925
