version	total
1.006900	25162
1.007002	122616
1.007003	46175
