version	total
1.003008	5094
1.004000	5309
1.004003	1601
