version	total
1.302052	5996
1.302075	9344
1.302140	3300
1.302141	2602
1.302156	3504
1.302164	4391
1.302188	249
1.302189	38
