version	total
2.000002	4609
2.001000	31187
2.003004	143661
2.005004	15197
