version	total
0.204001	1527
0.204003	1509
0.206003	1901
0.207001	1187
0.207002	1160
