version	total
0.001011	32428
0.001013	196410
