version	total
5.20180120	6092
5.20180626	4997
5.20180820	8478
5.20181130	4462
5.20181218	10797
5.20190420	4930
5.20190524	81856
5.20220120	2179
5.20220220	2249
5.20220313	2099
5.20220320	2856
5.20220420	3105
5.20220527	2843
5.20220620	22430
