version	total
1.003008	4259
1.004000	4437
1.004003	828
