version	total
1.100602	5378
1.100603	72
