version	total
1.302052	7998
1.302075	11692
1.302140	4503
1.302141	3805
1.302156	4741
1.302164	7316
1.302188	1467
1.302189	1241
1.302190	3376
