version	total
2.000001	26476
2.000006	21721
2.000008	113263
2.002004	13169
