version	total
1.000019	6596
1.000033	15088
1.000036	88735
1.000037	17965
1.000038	16902
