version	total
0.008	2305
0.006007	5390
0.008002	2193
0.008004	2068
0.008005	1691
0.008006	1670
0.008007	1253
0.008008	881
0.008009	480
