version	total
2.000024	7083
2.000028	1821
2.000029	3623
