version	total
1.999813	4470
1.999816	4642
1.999829	1868
1.999830	1774
1.999831	1697
1.999832	1688
1.999833	1688
1.999835	1687
1.999836	1622
1.999837	1623
1.999838	1116
1.999839	900
1.999841	763
1.999842	755
2.000000	710
2.001000	674
2.001001	655
2.002000	638
2.002001	624
2.003001	485
2.003002	468
2.003003	208
