version	total
1.999813	4051
1.999816	4194
1.999829	1458
1.999830	1365
1.999831	1289
1.999832	1279
1.999833	1280
1.999835	1277
1.999836	1214
1.999837	1213
1.999838	708
1.999839	492
1.999841	355
1.999842	347
2.000000	290
2.001000	252
2.001001	234
2.002000	218
2.002001	204
2.003001	160
2.003002	141
