version	total
1.000005	16592
1.002002	6002
1.004002	5052
1.004003	2401
1.004004	62023
