version	total
2.000002	4648
2.001000	31445
2.003004	144828
2.005004	15459
