version	total
1.100602	5508
1.100603	170
