version	total
5.20180120	5469
5.20180626	4424
5.20180820	7902
5.20181130	3891
5.20181218	10108
5.20190420	4356
5.20190524	77948
5.20220120	1620
5.20220220	1689
5.20220313	1541
5.20220320	2293
5.20220420	2546
5.20220527	2285
5.20220620	16177
