version	total
0.000061	8710
0.000115	5729
0.000116	4514
0.000117	18124
0.000144	2095
0.000145	133397
