version	total
0.001011	23706
0.001013	68965
