version	total
0.004010	4590
0.004011	4337
