version	total
2.120921	9225
2.150010	82573
