version	total
2.005001	13472
2.006003	52961
