version	total
2.120921	10140
2.150010	94068
