version	total
1.003008	4113
1.004000	4271
1.004003	699
