version	total
2.000001	30365
2.000006	23760
2.000008	135559
2.002004	20381
