version	total
1.967013	21515
1.967015	56913
