version	total
1.94	160602
1.99	2535
2.000000	2294
2.001000	1880
2.002000	2980
2.002001	1770
2.003000	709
