version	total
2.005001	13599
2.006003	54554
