version	total
1.006900	24022
1.007002	116651
1.007003	36139
