version	total
1.003008	3132
1.004000	2922
