version	total
5.20180120	4625
5.20180626	3648
5.20180820	7129
5.20181130	3128
5.20181218	9172
5.20190420	3576
5.20190524	68179
5.20220120	883
5.20220220	946
5.20220313	804
5.20220320	1550
5.20220420	1802
5.20220527	1544
5.20220620	10518
