version	total
2.120921	9386
2.150010	84532
