version	total
1.967013	31431
1.967015	141287
