version	total
1.302052	5890
1.302075	9240
1.302140	3220
1.302141	2522
1.302156	3422
1.302164	4021
