version	total
0.000061	7194
0.000115	4956
0.000116	3742
0.000117	16395
0.000144	1338
0.000145	35130
