version	total
0.004010	5353
0.004011	5147
