version	total
0.042	56100
1.000000	21955
1.002001	462297
1.002002	240262
