version	total
0.001011	27173
0.001013	152494
