version	total
1.20141117	4721
1.20190531	2315
