version	total
1.94	146655
1.99	1876
2.000000	1680
2.001000	1298
2.002000	2269
2.002001	1050
