version	total
1.94	142519
1.99	1624
2.000000	1430
2.001000	1054
2.002000	2001
2.002001	739
