version	total
0.001011	30145
0.001013	178099
