version	total
4.161950	6437
4.201720	5460
