version	total
0.042	48599
1.000000	21461
1.002001	434218
1.002002	205142
