version	total
2.005001	18367
2.006003	147736
2.006006	24520
