version	total
1.967013	25498
1.967015	108789
