version	total
0.002005	4540
0.002006	4449
0.002009	1938
