version	total
0.17024	28025
0.17027	129367
0.17029	2861
