version	total
1.000019	5304
1.000033	13670
1.000036	78691
1.000037	16353
