version	total
2.005001	18884
2.006003	152686
2.006006	27889
