version	total
0.002005	4302
0.002006	4196
0.002009	1709
