version	total
0.004010	4938
0.004011	4693
