version	total
2.000001	32849
2.000006	24773
2.000008	146081
2.002004	27722
