version	total
0.000061	7107
0.000115	4909
0.000116	3694
0.000117	16277
0.000144	1292
0.000145	33677
