version	total
2.000001	33573
2.000006	24996
2.000008	148489
2.002004	29167
