version	total
1.20141117	4080
1.20190531	1702
