version	total
1.20141117	4886
1.20190531	2448
