version	total
1.006900	18089
1.007002	64325
