version	total
1.000019	3792
1.000033	11758
1.000036	40155
