version	total
1.006900	27587
1.007002	131328
1.007003	63306
