version	total
1.006900	18134
1.007002	64673
