version	total
2.000001	30887
2.000006	24023
2.000008	138546
2.002004	22438
