version	total
2.120921	8409
2.150010	65094
