version	total
0.204001	1275
0.204003	1259
0.206003	1470
0.207001	925
0.207002	900
