version	total
2.120921	9805
2.150010	90797
