version	total
0.042	68798
1.000000	22622
1.002001	493174
1.002002	291178
