version	total
2.005001	16492
2.006003	126609
2.006006	15064
