version	total
1.302052	5780
1.302075	9149
1.302140	3142
1.302141	2446
1.302156	3343
1.302164	3742
