version	total
0.204001	2017
0.204003	1996
0.206003	2625
0.207001	1869
0.207002	1842
0.207003	407
