version	total
1.003008	2847
1.004000	2516
