version	total
1.100602	6569
1.100603	960
