version	total
2.005001	16348
2.006003	124143
2.006006	14394
