version	total
0.042	45250
1.000000	21066
1.002001	387024
1.002002	179498
