version	total
1.20141117	3338
1.20190531	988
