version	total
1.967013	21708
1.967015	59510
