version	total
0.100003	3876
0.100005	799
0.100006	208
