version	total
0.204001	1079
0.204003	1063
0.206003	1238
0.207001	729
0.207002	704
