version	total
0.002005	3163
0.002006	2975
0.002009	586
