version	total
0.002005	4062
0.002006	3950
0.002009	1468
