version	total
2.005001	16178
2.006003	121330
2.006006	13735
