version	total
2.005001	16040
2.006003	116601
2.006006	12760
