version	total
1.006900	22345
1.007002	107020
1.007003	23595
