version	total
0.17024	25258
0.17027	115161
0.17029	1980
