version	total
1.302052	5787
1.302075	9158
1.302140	3148
1.302141	2452
1.302156	3351
1.302164	3754
