version	total
0.042	45846
1.000000	21163
1.002001	408900
1.002002	188655
