version	total
0.001011	23833
0.001013	70272
