version	total
1.302052	7663
1.302075	11237
1.302140	4284
1.302141	3588
1.302156	4521
1.302164	6805
1.302188	1241
1.302189	1033
1.302190	2795
