version	total
0.004010	4320
0.004011	4056
