version	total
1.100602	6687
1.100603	1078
