version	total
0.100052	4910
0.100054	42
