version	total
2.000002	5078
2.001000	33248
2.003004	153126
2.005004	18299
