version	total
1.94	152194
1.99	2115
2.000000	1913
2.001000	1525
2.002000	2532
2.002001	1341
2.003000	156
