version	total
0.094002	1267
0.094003	675
