version	total
0.004010	3840
0.004011	3530
