version	total
5.20180120	5175
5.20180626	4144
5.20180820	7623
5.20181130	3614
5.20181218	9762
5.20190420	4072
5.20190524	76476
5.20220120	1354
5.20220220	1420
5.20220313	1274
5.20220320	2024
5.20220420	2277
5.20220527	2013
5.20220620	14122
