version	total
0.094002	866
0.094003	267
