version	total
0.17024	25145
0.17027	114529
0.17029	1946
