version	total
2.000002	5733
2.001000	35956
2.003004	166131
2.005004	26942
