version	total
1.000019	6370
1.000033	14855
1.000036	87237
1.000037	17768
1.000038	13317
