version	total
1.999813	3204
1.999816	3280
1.999829	636
1.999830	541
1.999831	468
1.999832	454
1.999833	458
1.999835	454
1.999836	389
1.999837	388
