version	total
0.17024	25744
0.17027	118178
0.17029	2117
