version	total
1.20141117	4336
1.20190531	1949
