version	total
0.100003	5178
0.100005	2006
0.100006	1419
