version	total
1.999813	2081
1.999816	2007
