version	total
1.967013	29458
1.967015	132227
