version	total
1.302052	5757
1.302075	9122
1.302140	3120
1.302141	2424
1.302156	3321
1.302164	3687
