version	total
2.120921	7333
2.150010	28533
