version	total
2.000024	6207
2.000028	1134
2.000029	1770
