version	total
0.004010	4407
0.004011	4147
