version	total
5.20180120	5997
5.20180626	4916
5.20180820	8398
5.20181130	4384
5.20181218	10700
5.20190420	4851
5.20190524	81191
5.20220120	2106
5.20220220	2175
5.20220313	2026
5.20220320	2781
5.20220420	3032
5.20220527	2771
5.20220620	21499
