version	total
2.000001	22385
2.000006	19202
2.000008	49883
