version	total
0.004010	3062
0.004011	2644
