version	total
1.999813	3055
1.999816	3121
1.999829	490
1.999830	395
1.999831	322
1.999832	308
1.999833	312
1.999835	308
1.999836	243
1.999837	240
