version	total
1.20141117	2619
1.20190531	259
