version	total
0.17024	23985
0.17027	106382
0.17029	1659
