version	total
0.000061	9051
0.000115	5877
0.000116	4662
0.000117	18473
0.000144	2245
0.000145	145895
