version	total
2.000024	7856
2.000028	2331
2.000029	5681
