version	total
1.967013	21844
1.967015	61479
