version	total
2.005001	18957
2.006003	153706
2.006006	28457
