version	total
0.004010	4776
0.004011	4527
