version	total
0.008	951
0.006007	3811
0.008002	824
0.008004	698
0.008005	384
0.008006	340
