version	total
1.000005	22361
1.002002	7710
1.004002	6750
1.004003	4100
1.004004	119084
1.012004	1720
1.012005	1313
1.014000	1281
1.016002	1180
1.016006	1385
