version	total
1.003008	5587
1.004000	5818
1.004003	2068
