version	total
2.000001	32237
2.000006	24538
2.000008	144039
2.002004	26513
