version	total
1.302052	7717
1.302075	11311
1.302140	4315
1.302141	3618
1.302156	4552
1.302164	6879
1.302188	1271
1.302189	1063
1.302190	2896
