version	total
2.005001	15665
2.006003	94334
2.006006	10510
