version	total
0.002005	3331
0.002006	3149
0.002009	751
