version	total
1.302052	5542
1.302075	8880
1.302140	2939
1.302141	2245
1.302156	3142
1.302164	3225
