version	total
0.100052	7922
0.100054	2105
0.100055	1483
