version	total
1.000019	4544
1.000033	12786
1.000036	50739
1.000037	2330
