version	total
0.001011	32882
0.001013	199776
