version	total
1.302052	5307
1.302075	8659
1.302140	2738
1.302141	2044
1.302156	2935
1.302164	2908
