version	total
0.001011	32126
0.001013	193588
