version	total
2.005001	17203
2.006003	136551
2.006006	17906
