version	total
2.120921	9956
2.150010	92436
