version	total
5.20180120	6118
5.20180626	5022
5.20180820	8503
5.20181130	4487
5.20181218	10827
5.20190420	4957
5.20190524	82096
5.20220120	2205
5.20220220	2274
5.20220313	2125
5.20220320	2882
5.20220420	3131
5.20220527	2868
5.20220620	22615
