version	total
1.302052	7121
1.302075	10490
1.302140	3949
1.302141	3254
1.302156	4171
1.302164	6011
1.302188	897
1.302189	707
1.302190	1954
