version	total
2.120921	9207
2.150010	82435
