version	total
0.100052	6101
0.100054	759
0.100055	82
