version	total
2.120921	8708
2.150010	77148
