version	total
0.004010	5147
0.004011	4919
