version	total
1.100602	5871
1.100603	391
