version	total
1.000019	5988
1.000033	14425
1.000036	84269
1.000037	17375
1.000038	6821
