version	total
0.004010	4466
0.004011	4212
