version	total
5.20180120	3895
5.20180626	2993
5.20180820	6469
5.20181130	2492
5.20181218	8280
5.20190420	2916
5.20190524	45824
5.20220120	246
5.20220220	101
