version	total
0.004010	3904
0.004011	3601
