version	total
0.100003	4816
0.100005	1674
0.100006	1088
