version	total
0.002005	2492
0.002006	2058
