version	total
1.302052	8965
1.302075	13482
1.302140	5284
1.302141	4580
1.302156	5524
1.302164	8781
1.302188	2242
1.302189	2007
1.302190	5491
