version	total
1.006900	28080
1.007002	133321
1.007003	67159
