version	total
0.000061	7740
0.000115	5233
0.000116	4021
0.000117	16932
0.000144	1614
0.000145	54230
