version	total
0.094002	953
0.094003	355
