version	total
1.302052	7972
1.302075	11648
1.302140	4484
1.302141	3786
1.302156	4722
1.302164	7277
1.302188	1448
1.302189	1222
1.302190	3300
