version	total
1.003008	3387
1.004000	3328
