version	total
2.005001	18579
2.006003	149855
2.006006	26218
