version	total
2.000002	3401
2.001000	24656
2.003004	76002
