version	total
1.000019	6520
1.000033	15016
1.000036	88213
1.000037	17900
1.000038	15671
