version	total
0.100052	7003
0.100054	1321
0.100055	683
