version	total
2.000001	30335
2.000006	23746
2.000008	135438
2.002004	20291
