version	total
2.120921	8738
2.150010	77392
