version	total
0.094002	1426
0.094003	831
