version	total
2.000002	4104
2.001000	28496
2.003004	120529
2.005004	11254
