version	total
0.001011	33324
0.001013	202902
