version	total
1.302052	8046
1.302075	11793
1.302140	4538
1.302141	3840
1.302156	4776
1.302164	7369
1.302188	1499
1.302189	1273
1.302190	3464
