version	total
0.001011	23646
0.001013	68321
