version	total
1.000019	6199
1.000033	14668
1.000036	85994
1.000037	17596
1.000038	10003
