version	total
2.000001	28524
2.000006	22667
2.000008	126904
2.002004	16809
