version	total
0.042	48333
1.000000	21438
1.002001	432196
1.002002	203739
