version	total
0.001011	29106
0.001013	169519
