version	total
1.000019	6617
1.000033	15114
1.000036	88976
1.000037	17987
1.000038	17248
