version	total
1.20141117	4765
1.20190531	2351
