version	total
0.000061	5873
0.000115	4095
0.000116	2881
0.000117	14221
