version	total
1.94	149265
1.99	1984
2.000000	1787
2.001000	1402
2.002000	2380
2.002001	1191
