version	total
1.20141117	4408
1.20190531	2021
