version	total
0.002005	2160
0.002006	1720
