version	total
2.120921	7507
2.150010	30837
