version	total
1.006900	25967
1.007002	125047
1.007003	50094
