version	total
1.94	155045
1.99	2230
2.000000	2022
2.001000	1631
2.002000	2663
2.002001	1461
2.003000	305
