version	total
0.17024	25324
0.17027	115621
0.17029	2003
