version	total
2.000002	3967
2.001000	27641
2.003004	105771
2.005004	9808
