version	total
0.103004	9236
0.103005	1902
0.103006	1212
