version	total
0.002005	3745
0.002006	3623
0.002009	1162
