version	total
2.120921	8718
2.150010	77227
