version	total
2.005001	19052
2.006003	154915
2.006006	29156
