version	total
1.003008	5499
1.004000	5725
1.004003	1982
