version	total
0.004010	2917
0.004011	2470
