version	total
2.005001	17654
2.006003	139258
2.006006	18979
