version	total
4.161950	6905
4.201720	7769
