version	total
0.100003	4705
0.100005	1565
0.100006	979
