version	total
5.20180120	5740
5.20180626	4685
5.20180820	8165
5.20181130	4152
5.20181218	10417
5.20190420	4619
5.20190524	79773
5.20220120	1880
5.20220220	1949
5.20220313	1800
5.20220320	2557
5.20220420	2807
5.20220527	2547
5.20220620	18655
