version	total
1.999813	2185
1.999816	2116
