version	total
2.000002	5499
2.001000	34992
2.003004	162146
2.005004	24446
