version	total
2.005001	16472
2.006003	126281
2.006006	14953
