version	total
2.000001	27064
2.000006	21976
2.000008	117391
2.002004	14243
