version	total
1.302052	7003
1.302075	10348
1.302140	3873
1.302141	3178
1.302156	4095
1.302164	5772
1.302188	824
1.302189	634
1.302190	1794
