version	total
0.100052	7313
0.100054	1575
0.100055	938
