version	total
2.005001	13523
2.006003	53739
