version	total
2.000024	6353
2.000028	1251
2.000029	2064
