version	total
1.003008	5160
1.004000	5379
1.004003	1668
