version	total
1.967013	21548
1.967015	57266
