version	total
2.120921	8743
2.150010	77457
