version	total
1.999813	2635
1.999816	2650
1.999829	70
