version	total
1.003008	3118
1.004000	2906
