version	total
1.20141117	2687
1.20190531	322
