version	total
1.302052	8448
1.302075	12460
1.302140	4862
1.302141	4164
1.302156	5102
1.302164	8008
1.302188	1820
1.302189	1594
1.302190	4170
