version	total
2.005001	16409
2.006003	125268
2.006006	14663
