version	total
1.999813	3507
1.999816	3615
1.999829	927
1.999830	832
1.999831	759
1.999832	745
1.999833	749
1.999835	745
1.999836	680
1.999837	681
1.999838	177
