version	total
4.161950	7453
4.201720	10234
