version	total
1.999813	4146
1.999816	4299
1.999829	1552
1.999830	1459
1.999831	1383
1.999832	1373
1.999833	1374
1.999835	1371
1.999836	1308
1.999837	1307
1.999838	801
1.999839	586
1.999841	448
1.999842	441
2.000000	389
2.001000	352
2.001001	334
2.002000	317
2.002001	303
2.003001	251
2.003002	234
