version	total
4.161950	6285
4.201720	4734
