version	total
0.001011	24898
0.001013	91431
