version	total
0.008	2283
0.006007	5365
0.008002	2171
0.008004	2046
0.008005	1669
0.008006	1648
0.008007	1231
0.008008	858
0.008009	458
