version	total
1.000019	5126
1.000033	13489
1.000036	74853
1.000037	14455
