version	total
1.000019	3853
1.000033	11852
1.000036	40863
