version	total
1.000005	16177
1.002002	5722
1.004002	4773
1.004003	2121
1.004004	55434
