version	total
1.967013	22369
1.967015	68935
