version	total
2.000001	32480
2.000006	24641
2.000008	145015
2.002004	27116
