version	total
0.100052	7058
0.100054	1362
0.100055	726
