version	total
4.161950	6597
4.201720	6249
