version	total
0.204001	1984
0.204003	1964
0.206003	2548
0.207001	1797
0.207002	1770
0.207003	334
