version	total
1.302052	8397
1.302075	12332
1.302140	4818
1.302141	4120
1.302156	5058
1.302164	7909
1.302188	1777
1.302189	1551
1.302190	4055
