version	total
2.000001	26619
2.000006	21772
2.000008	114487
2.002004	13517
