version	total
1.967013	29144
1.967015	130503
