version	total
0.002005	3875
0.002006	3759
0.002009	1286
