version	total
0.103004	9153
0.103005	1824
0.103006	1131
