version	total
0.002005	4207
0.002006	4098
0.002009	1613
