version	total
1.999813	4472
1.999816	4644
1.999829	1870
1.999830	1776
1.999831	1699
1.999832	1690
1.999833	1690
1.999835	1689
1.999836	1624
1.999837	1625
1.999838	1118
1.999839	902
1.999841	765
1.999842	757
2.000000	712
2.001000	675
2.001001	656
2.002000	640
2.002001	626
2.003001	486
2.003002	469
2.003003	209
