version	total
1.006900	28612
1.007002	134970
1.007003	71600
