version	total
0.008	2145
0.006007	5214
0.008002	2032
0.008004	1908
0.008005	1536
0.008006	1516
0.008007	1099
0.008008	725
0.008009	323
