version	total
0.204001	2108
0.204003	2086
0.206003	2865
0.207001	2087
0.207002	2059
0.207003	630
