version	total
2.000024	7498
2.000028	2113
2.000029	4698
