version	total
1.006900	24077
1.007002	116990
1.007003	36468
