version	total
0.17024	28680
0.17027	132102
0.17029	3071
