version	total
2.000002	5686
2.001000	35769
2.003004	165373
2.005004	26476
