version	total
1.006900	18437
1.007002	67756
