version	total
1.94	120614
1.99	915
2.000000	770
2.001000	433
2.002000	1233
