version	total
1.94	125582
1.99	1066
2.000000	908
2.001000	560
2.002000	1406
