version	total
0.002005	4344
0.002006	4239
0.002009	1750
