version	total
0.100052	7261
0.100054	1529
0.100055	893
