version	total
0.103004	7644
0.103005	810
0.103006	85
