version	total
0.042	42251
1.000000	20562
1.002001	321885
1.002002	28528
