version	total
5.20180120	4534
5.20180626	3563
5.20180820	7044
5.20181130	3042
5.20181218	9075
5.20190420	3491
5.20190524	54029
5.20220120	797
5.20220220	861
5.20220313	720
5.20220320	1465
5.20220420	1718
5.20220527	1458
5.20220620	9264
