version	total
5.20180120	3850
5.20180626	2948
5.20180820	6427
5.20181130	2452
5.20181218	8220
5.20190420	2872
5.20190524	45334
