version	total
0.042	40281
1.000000	20019
1.002001	167825
