version	total
0.004010	4053
0.004011	3765
