version	total
0.100052	6792
0.100054	1163
0.100055	518
