version	total
2.005001	18043
2.006003	143434
2.006006	21537
