version	total
0.094002	976
0.094003	379
