version	total
1.302052	8884
1.302075	13330
1.302140	5222
1.302141	4521
1.302156	5464
1.302164	8672
1.302188	2182
1.302189	1948
1.302190	5252
