version	total
2.005001	17661
2.006003	139340
2.006006	19014
