version	total
0.002005	3304
0.002006	3121
0.002009	726
