version	total
0.000061	5560
0.000115	3817
0.000116	2601
0.000117	13593
