version	total
1.000019	5696
1.000033	14085
1.000036	82163
1.000037	17064
1.000038	3649
