version	total
0.001011	23331
0.001013	64656
