version	total
1.000005	16370
1.002002	5859
1.004002	4907
1.004003	2256
1.004004	58267
