version	total
1.999813	3446
1.999816	3550
1.999829	867
1.999830	772
1.999831	699
1.999832	685
1.999833	689
1.999835	685
1.999836	620
1.999837	621
1.999838	109
