version	total
0.008	1014
0.006007	3887
0.008002	887
0.008004	761
0.008005	444
0.008006	403
