version	total
1.006900	23516
1.007002	113444
1.007003	32455
