version	total
0.008	1966
0.006007	5029
0.008002	1853
0.008004	1729
0.008005	1360
0.008006	1340
0.008007	922
0.008008	549
0.008009	141
