version	total
1.999813	4201
1.999816	4356
1.999829	1608
1.999830	1515
1.999831	1439
1.999832	1429
1.999833	1430
1.999835	1427
1.999836	1364
1.999837	1363
1.999838	857
1.999839	642
1.999841	504
1.999842	497
2.000000	444
2.001000	408
2.001001	390
2.002000	374
2.002001	360
2.003001	304
2.003002	287
2.003003	18
