version	total
0.002005	2535
0.002006	2100
