version	total
0.100003	4119
0.100005	1016
0.100006	427
