version	total
2.000002	3495
2.001000	24914
2.003004	78778
2.005004	484
