version	total
0.204001	234
0.204003	215
0.206003	257
