version	total
0.042	69361
1.000000	22658
1.002001	495017
1.002002	294420
