version	total
2.005001	18480
2.006003	148748
2.006006	25271
