version	total
1.967013	29454
1.967015	132207
