version	total
0.17024	24954
0.17027	113254
0.17029	1905
