version	total
0.204001	2124
0.204003	2102
0.206003	2945
0.207001	2151
0.207002	2124
0.207003	694
