version	total
1.20141117	2695
1.20190531	331
