version	total
0.002005	3619
0.002006	3487
0.002009	1036
