version	total
2.000024	6363
2.000028	1255
2.000029	2075
