version	total
5.20180120	4653
5.20180626	3674
5.20180820	7155
5.20181130	3154
5.20181218	9205
5.20190420	3602
5.20190524	70391
5.20220120	907
5.20220220	970
5.20220313	828
5.20220320	1574
5.20220420	1827
5.20220527	1569
5.20220620	10898
