version	total
0.001011	33137
0.001013	201710
