version	total
0.204001	1958
0.204003	1939
0.206003	2486
0.207001	1739
0.207002	1712
0.207003	276
