version	total
0.008	2181
0.006007	5252
0.008002	2069
0.008004	1944
0.008005	1572
0.008006	1551
0.008007	1134
0.008008	761
0.008009	360
