version	total
2.000001	31578
2.000006	24268
2.000008	141566
2.002004	24560
