version	total
2.000002	3018
2.001000	23581
2.003004	64883
