version	total
1.000005	16457
1.002002	5918
1.004002	4967
1.004003	2316
1.004004	59738
