version	total
0.100003	4361
0.100005	1236
0.100006	647
