version	total
2.120921	9170
2.150010	82203
