version	total
2.000024	7492
2.000028	2109
2.000029	4679
