version	total
1.006900	28493
1.007002	134563
1.007003	70335
