version	total
0.100003	3587
0.100005	538
