version	total
0.204001	1859
0.204003	1841
0.206003	2283
0.207001	1548
0.207002	1520
0.207003	83
