version	total
4.161950	5236
4.201720	1761
