version	total
0.002005	4775
0.002006	4706
0.002009	2163
