version	total
1.967013	31346
1.967015	140856
