version	total
4.161950	6270
4.201720	4698
