version	total
1.006900	27842
1.007002	132075
1.007003	65251
