version	total
0.103004	9827
0.103005	2373
0.103006	1725
