version	total
1.100602	5861
1.100603	384
