version	total
1.302052	7031
1.302075	10371
1.302140	3888
1.302141	3192
1.302156	4110
1.302164	5797
1.302188	838
1.302189	648
1.302190	1826
