version	total
0.004010	3902
0.004011	3599
