version	total
0.042	54899
1.000000	21891
1.002001	460109
1.002002	238054
