version	total
0.094002	1168
0.094003	575
