version	total
2.120921	9002
2.150010	80229
