version	total
1.94	146154
1.99	1853
2.000000	1659
2.001000	1276
2.002000	2247
2.002001	1025
