version	total
1.999813	3128
1.999816	3199
1.999829	560
1.999830	465
1.999831	392
1.999832	378
1.999833	382
1.999835	378
1.999836	313
1.999837	312
