version	total
0.004010	4443
0.004011	4189
