version	total
0.103004	9558
0.103005	2162
0.103006	1478
