version	total
5.20180120	5099
5.20180626	4074
5.20180820	7555
5.20181130	3547
5.20181218	9672
5.20190420	4005
5.20190524	76081
5.20220120	1290
5.20220220	1355
5.20220313	1211
5.20220320	1961
5.20220420	2213
5.20220527	1948
5.20220620	13706
