version	total
1.302052	8567
1.302075	12689
1.302140	4969
1.302141	4271
1.302156	5210
1.302164	8199
1.302188	1931
1.302189	1704
1.302190	4434
