version	total
0.103004	9244
0.103005	1910
0.103006	1220
