version	total
2.005001	16823
2.006003	132090
2.006006	16505
