version	total
1.006900	23026
1.007002	110933
1.007003	29143
