version	total
1.967013	21880
1.967015	62214
