version	total
1.100602	6885
1.100603	1266
