version	total
1.100602	6386
1.100603	803
