version	total
0.100003	4538
0.100005	1404
0.100006	818
