version	total
0.17024	28756
0.17027	132404
0.17029	3098
