version	total
2.000002	3220
2.001000	24071
2.003004	70479
