version	total
4.161950	5147
4.201720	1663
