version	total
1.302052	9097
1.302075	13700
1.302140	5381
1.302141	4677
1.302156	5621
1.302164	8944
1.302188	2335
1.302189	2099
1.302190	5781
