version	total
1.999813	3432
1.999816	3534
1.999829	853
1.999830	758
1.999831	685
1.999832	671
1.999833	675
1.999835	671
1.999836	606
1.999837	607
1.999838	95
