version	total
2.000001	22236
2.000006	19073
2.000008	48322
