version	total
4.161950	6153
4.201720	4392
