version	total
1.006900	29697
1.007002	138072
1.007003	80146
