version	total
1.100602	5441
1.100603	121
