version	total
0.17024	20800
0.17027	66946
