version	total
2.000002	5189
2.001000	33731
2.003004	155672
2.005004	19878
