version	total
0.004010	4205
0.004011	3935
