version	total
5.20180120	6034
5.20180626	4947
5.20180820	8427
5.20181130	4413
5.20181218	10736
5.20190420	4883
5.20190524	81415
5.20220120	2134
5.20220220	2203
5.20220313	2053
5.20220320	2808
5.20220420	3058
5.20220527	2798
5.20220620	21900
