version	total
0.004010	4821
0.004011	4573
