version	total
1.20141117	2600
1.20190531	241
