version	total
0.204001	2127
0.204003	2105
0.206003	2956
0.207001	2160
0.207002	2133
0.207003	703
