version	total
2.120921	9786
2.150010	90491
