version	total
0.008	2089
0.006007	5152
0.008002	1976
0.008004	1852
0.008005	1481
0.008006	1461
0.008007	1043
0.008008	670
0.008009	265
