version	total
2.000024	6582
2.000028	1418
2.000029	2533
