version	total
1.000005	22392
1.002002	7721
1.004002	6760
1.004003	4110
1.004004	119203
1.012004	1731
1.012005	1324
1.014000	1292
1.016002	1191
1.016006	1397
