version	total
1.100602	5460
1.100603	127
