version	total
4.161950	5942
4.201720	3728
