version	total
0.100003	3717
0.100005	660
0.100006	68
