version	total
2.120921	8442
2.150010	71435
