version	total
1.302052	8256
1.302075	12068
1.302140	4700
1.302141	4002
1.302156	4938
1.302164	7680
1.302188	1661
1.302189	1434
1.302190	3792
