version	total
1.100602	6445
1.100603	859
