version	total
1.000019	4115
1.000033	12202
1.000036	44388
