version	total
1.000005	23249
1.002002	7939
1.004002	6978
1.004003	4329
1.004004	123596
1.012004	1950
1.012005	1542
1.014000	1512
1.016002	1408
1.016006	1645
