version	total
0.100052	6318
0.100054	888
0.100055	218
