version	total
1.20141117	4113
1.20190531	1732
