version	total
0.001011	29429
0.001013	171897
