version	total
0.004010	4641
0.004011	4390
