version	total
1.999813	2623
1.999816	2639
1.999829	60
