version	total
1.000005	16649
1.002002	6033
1.004002	5081
1.004003	2430
1.004004	62850
