version	total
2.000001	30019
2.000006	23578
2.000008	133953
2.002004	19348
