version	total
0.100003	5391
0.100005	2176
0.100006	1591
