version	total
2.005001	17071
2.006003	135031
2.006006	17447
