version	total
1.000005	25725
1.002002	8491
1.004002	7531
1.004003	4887
1.004004	134777
1.012004	2489
1.012005	2078
1.014000	2049
1.016002	1935
1.016006	2261
