version	total
2.000024	7020
2.000028	1773
2.000029	3470
