version	total
0.001011	30410
0.001013	179513
