version	total
1.006900	24737
1.007002	120404
1.007003	42106
