version	total
1.006900	25117
1.007002	122355
1.007003	45731
