version	total
0.17024	28252
0.17027	130307
0.17029	2938
