version	total
1.967013	28895
1.967015	129150
