version	total
4.161950	5514
4.201720	1986
