version	total
0.004010	5328
0.004011	5119
