version	total
1.999813	3424
1.999816	3525
1.999829	845
1.999830	750
1.999831	677
1.999832	663
1.999833	667
1.999835	663
1.999836	598
1.999837	599
1.999838	87
