version	total
0.17024	29686
0.17027	136073
0.17029	3375
0.17030	38
