version	total
0.000061	5521
0.000115	3785
0.000116	2567
0.000117	13525
