version	total
1.967013	26872
1.967015	118281
