version	total
2.000001	32772
2.000006	24751
2.000008	145823
2.002004	27602
