version	total
0.004010	3992
0.004011	3693
