version	total
1.967013	29939
1.967015	134440
