version	total
1.967013	22170
1.967015	66864
