version	total
5.20180120	3686
5.20180626	2787
5.20180820	6268
5.20181130	2321
5.20181218	8007
5.20190420	2710
5.20190524	42924
