version	total
2.120921	9464
2.150010	85688
