version	total
1.000005	23402
1.002002	7987
1.004002	7026
1.004003	4377
1.004004	124555
1.012004	1997
1.012005	1590
1.014000	1559
1.016002	1454
1.016006	1698
