version	total
0.17024	23156
0.17027	100640
0.17029	1450
