version	total
0.008	1930
0.006007	4989
0.008002	1816
0.008004	1692
0.008005	1324
0.008006	1305
0.008007	886
0.008008	513
0.008009	101
