version	total
2.000001	23368
2.000006	20124
2.000008	62038
2.002004	989
