version	total
0.094002	740
0.094003	142
