version	total
0.000061	7461
0.000115	5081
0.000116	3866
0.000117	16652
0.000144	1451
0.000145	45365
