version	total
1.20141117	3432
1.20190531	1080
