version	total
0.001011	23935
0.001013	71999
