version	total
2.000001	30786
2.000006	23983
2.000008	138014
2.002004	22031
