version	total
0.17024	23331
0.17027	102188
0.17029	1504
