version	total
0.008	287
0.006007	2930
0.008002	133
