version	total
0.204001	958
0.204003	941
0.206003	1098
0.207001	608
0.207002	582
