version	total
0.008	224
0.006007	2849
0.008002	61
