version	total
1.100602	6491
1.100603	886
