version	total
1.967013	24942
1.967015	105061
