version	total
1.94	145921
1.99	1840
2.000000	1646
2.001000	1263
2.002000	2234
2.002001	1010
