version	total
1.999813	3655
1.999816	3782
1.999829	1078
1.999830	982
1.999831	910
1.999832	896
1.999833	899
1.999835	894
1.999836	831
1.999837	832
1.999838	326
1.999839	107
