version	total
2.120921	8585
2.150010	75777
