version	total
0.042	46403
1.000000	21221
1.002001	415309
1.002002	191818
