version	total
1.006900	23124
1.007002	111480
1.007003	29830
