version	total
1.967013	28391
1.967015	126217
