version	total
0.204001	1272
0.204003	1256
0.206003	1466
0.207001	921
0.207002	896
