version	total
1.999813	3834
1.999816	3970
1.999829	1246
1.999830	1152
1.999831	1078
1.999832	1066
1.999833	1068
1.999835	1064
1.999836	1001
1.999837	1001
1.999838	495
1.999839	277
1.999841	142
1.999842	131
2.000000	72
2.001000	33
2.001001	13
