version	total
5.20180120	3721
5.20180626	2820
5.20180820	6301
5.20181130	2348
5.20181218	8056
5.20190420	2743
5.20190524	43499
