version	total
0.17024	20525
0.17027	62532
