version	total
1.000005	21434
1.002002	7446
1.004002	6487
1.004003	3836
1.004004	114412
1.012004	1460
1.012005	1054
1.014000	1020
1.016002	920
1.016006	1101
