version	total
4.161950	6372
4.201720	5110
