version	total
2.120921	8474
2.150010	73135
