version	total
2.000001	22812
2.000006	19604
2.000008	55988
