version	total
0.17024	29795
0.17027	136549
0.17029	3398
0.17030	72
