version	total
1.967013	25982
1.967015	111948
