version	total
0.000061	9120
0.000115	5907
0.000116	4692
0.000117	18529
0.000144	2275
0.000145	146991
