version	total
2.000024	6130
2.000028	1076
2.000029	1615
