version	total
1.100602	6111
1.100603	588
