version	total
0.17024	20411
0.17027	60612
