version	total
0.17024	27023
0.17027	124052
0.17029	2543
