version	total
0.042	41869
1.000000	20460
1.002001	312284
