version	total
0.008	1875
0.006007	4932
0.008002	1761
0.008004	1638
0.008005	1271
0.008006	1253
0.008007	833
0.008008	459
0.008009	41
