version	total
2.000001	31972
2.000006	24431
2.000008	143027
2.002004	25775
