version	total
0.100052	7690
0.100054	1914
0.100055	1284
