version	total
4.161950	5951
4.201720	3754
