version	total
0.17024	26168
0.17027	120274
0.17029	2245
