version	total
0.17024	26630
0.17027	122135
0.17029	2410
