version	total
1.000005	24350
1.002002	8202
1.004002	7240
1.004003	4589
1.004004	128967
1.012004	2205
1.012005	1795
1.014000	1765
1.016002	1659
1.016006	1935
