version	total
0.000061	9012
0.000115	5859
0.000116	4644
0.000117	18428
0.000144	2227
0.000145	145308
