version	total
1.000019	4386
1.000033	12573
1.000036	48529
1.000037	452
