version	total
2.000024	5690
2.000028	805
2.000029	948
