version	total
1.003008	5719
1.004000	5955
1.004003	2174
