version	total
5.20180120	3615
5.20180626	2719
5.20180820	6201
5.20181130	2258
5.20181218	7904
5.20190420	2642
5.20190524	41790
