version	total
1.94	133268
1.99	1301
2.000000	1118
2.001000	755
2.002000	1661
2.002001	330
