version	total
2.000001	26543
2.000006	21747
2.000008	113739
2.002004	13315
