version	total
1.967013	22532
1.967015	71510
