version	total
4.161950	7481
4.201720	10370
