version	total
0.094002	629
0.094003	32
