version	total
2.005001	13845
2.006003	58430
