version	total
0.204001	415
0.204003	397
0.206003	463
0.207001	44
0.207002	22
