version	total
0.002005	2718
0.002006	2344
0.002009	113
