version	total
0.100052	7963
0.100054	2139
0.100055	1517
