version	total
1.999813	4261
1.999816	4419
1.999829	1668
1.999830	1574
1.999831	1498
1.999832	1488
1.999833	1489
1.999835	1487
1.999836	1423
1.999837	1423
1.999838	917
1.999839	702
1.999841	564
1.999842	557
2.000000	506
2.001000	470
2.001001	452
2.002000	435
2.002001	421
2.003001	363
2.003002	346
2.003003	83
