version	total
2.000002	4694
2.001000	31667
2.003004	146011
2.005004	15826
