version	total
0.100052	7154
0.100054	1452
0.100055	816
