version	total
0.002005	4667
0.002006	4583
0.002009	2064
