version	total
1.999813	2221
1.999816	2153
