version	total
0.17024	27347
0.17027	125587
0.17029	2639
