version	total
2.005001	17627
2.006003	138897
2.006006	18865
