version	total
1.100602	5773
1.100603	303
