version	total
1.302052	8515
1.302075	12597
1.302140	4922
1.302141	4224
1.302156	5162
1.302164	8117
1.302188	1883
1.302189	1655
1.302190	4316
