version	total
0.008	1010
0.006007	3883
0.008002	883
0.008004	757
0.008005	440
0.008006	399
