version	total
0.000061	6771
0.000115	4687
0.000116	3474
0.000117	15766
0.000144	1078
0.000145	21424
