version	total
2.000001	27121
2.000006	22007
2.000008	117765
2.002004	14360
