version	total
1.100602	6593
1.100603	983
