version	total
0.100052	7462
0.100054	1716
0.100055	1083
