version	total
5.20180120	4694
5.20180626	3708
5.20180820	7189
5.20181130	3188
5.20181218	9246
5.20190420	3636
5.20190524	72799
5.20220120	937
5.20220220	1000
5.20220313	859
5.20220320	1605
5.20220420	1858
5.20220527	1600
5.20220620	11305
