version	total
5.20180120	6367
5.20180626	5230
5.20180820	8712
5.20181130	4694
5.20181218	11063
5.20190420	5165
5.20190524	83405
5.20220120	2399
5.20220220	2466
5.20220313	2314
5.20220320	3077
5.20220420	3324
5.20220527	3060
5.20220620	24192
