version	total
2.000002	5221
2.001000	33850
2.003004	156518
2.005004	20435
