version	total
0.17024	20508
0.17027	62185
