version	total
1.006900	25801
1.007002	124553
1.007003	49250
