version	total
0.042	67740
1.000000	22519
1.002001	489796
1.002002	285324
