version	total
5.20180120	3674
5.20180626	2776
5.20180820	6257
5.20181130	2314
5.20181218	7993
5.20190420	2699
5.20190524	42774
