version	total
0.000061	8797
0.000115	5767
0.000116	4552
0.000117	18216
0.000144	2135
0.000145	136652
