version	total
0.004010	2929
0.004011	2482
