version	total
0.002005	2544
0.002006	2109
