version	total
0.008	1369
0.006007	4350
0.008002	1242
0.008004	1121
0.008005	778
0.008006	759
0.008007	334
