version	total
0.004010	2773
0.004011	2305
