version	total
0.004010	4930
0.004011	4685
