version	total
2.000024	5374
2.000028	650
2.000029	717
