version	total
1.006900	21707
1.007002	103028
1.007003	18810
