version	total
0.042	41367
1.000000	20298
1.002001	233015
