version	total
1.20141117	4754
1.20190531	2341
