version	total
2.005001	18147
2.006003	144941
2.006006	22524
