version	total
0.042	41557
1.000000	20369
1.002001	290894
