version	total
1.100602	6069
1.100603	549
