version	total
1.302052	9277
1.302075	15630
1.302140	5495
1.302141	4795
1.302156	5737
1.302164	9157
1.302188	2439
1.302189	2203
1.302190	6185
