version	total
5.20180120	6321
5.20180626	5192
5.20180820	8675
5.20181130	4657
5.20181218	11022
5.20190420	5128
5.20190524	83205
5.20220120	2366
5.20220220	2433
5.20220313	2282
5.20220320	3043
5.20220420	3291
5.20220527	3027
5.20220620	23929
