version	total
0.094002	1971
0.094003	1370
