version	total
1.006900	27364
1.007002	130446
1.007003	61461
