version	total
1.003008	5397
1.004000	5617
1.004003	1889
