version	total
0.094002	1536
0.094003	942
