version	total
0.17024	20336
0.17027	59692
