version	total
1.967013	30670
1.967015	137760
