version	total
0.17024	29786
0.17027	136495
0.17029	3396
0.17030	69
