version	total
0.17024	27298
0.17027	125376
0.17029	2623
