version	total
1.302052	7414
1.302075	10900
1.302140	4129
1.302141	3433
1.302156	4361
1.302164	6449
1.302188	1073
1.302189	878
1.302190	2382
