version	total
2.005001	17778
2.006003	140445
2.006006	19580
