version	total
1.999813	3703
1.999816	3831
1.999829	1125
1.999830	1030
1.999831	957
1.999832	944
1.999833	946
1.999835	942
1.999836	879
1.999837	879
1.999838	374
1.999839	155
