version	total
0.103004	9242
0.103005	1908
0.103006	1218
