version	total
0.17024	26593
0.17027	122055
0.17029	2405
