version	total
0.000061	8402
0.000115	5573
0.000116	4358
0.000117	17776
0.000144	1939
0.000145	123904
