version	total
0.103004	8060
0.103005	1035
0.103006	292
