version	total
2.000002	5289
2.001000	34080
2.003004	158014
2.005004	21431
