version	total
2.120921	8975
2.150010	80045
