version	total
0.103004	7936
0.103005	985
0.103006	246
