version	total
0.094002	1380
0.094003	786
