version	total
2.000001	22617
2.000006	19438
2.000008	53958
