version	total
5.20180120	5706
5.20180626	4652
5.20180820	8132
5.20181130	4120
5.20181218	10379
5.20190420	4586
5.20190524	79501
5.20220120	1847
5.20220220	1917
5.20220313	1767
5.20220320	2524
5.20220420	2774
5.20220527	2514
5.20220620	18259
