version	total
0.100003	3988
0.100005	896
0.100006	307
