version	total
1.94	157428
1.99	2354
2.000000	2130
2.001000	1731
2.002000	2793
2.002001	1587
2.003000	455
