version	total
0.000061	7843
0.000115	5284
0.000116	4071
0.000117	17061
0.000144	1665
0.000145	64020
