version	total
1.100602	5992
1.100603	486
