version	total
5.20180120	6211
5.20180626	5102
5.20180820	8584
5.20181130	4567
5.20181218	10918
5.20190420	5039
5.20190524	82566
5.20220120	2284
5.20220220	2352
5.20220313	2201
5.20220320	2960
5.20220420	3209
5.20220527	2945
5.20220620	23174
