version	total
1.000019	6372
1.000033	14857
1.000036	87248
1.000037	17770
1.000038	13331
