version	total
0.000061	8379
0.000115	5559
0.000116	4344
0.000117	17745
0.000144	1926
0.000145	123229
