version	total
1.967013	27886
1.967015	123608
