version	total
2.000001	32224
2.000006	24533
2.000008	143986
2.002004	26485
