version	total
1.967013	31095
1.967015	139841
