version	total
1.000019	5653
1.000033	14036
1.000036	81819
1.000037	17013
1.000038	3171
