version	total
1.999813	3920
1.999816	4059
1.999829	1329
1.999830	1237
1.999831	1162
1.999832	1151
1.999833	1152
1.999835	1149
1.999836	1086
1.999837	1085
1.999838	580
1.999839	362
1.999841	226
1.999842	217
2.000000	158
2.001000	119
2.001001	101
2.002000	85
2.002001	71
2.003001	30
