version	total
2.000002	5480
2.001000	34912
2.003004	161803
2.005004	24133
