version	total
2.120921	8563
2.150010	75540
