version	total
1.999813	2571
1.999816	2583
