version	total
1.000005	21178
1.002002	7384
1.004002	6425
1.004003	3775
1.004004	112989
1.012004	1405
1.012005	998
1.014000	964
1.016002	865
1.016006	1039
