version	total
0.100052	7583
0.100054	1819
0.100055	1188
