version	total
4.161950	6950
4.201720	7956
