version	total
0.100003	4129
0.100005	1026
0.100006	437
