version	total
0.100052	7585
0.100054	1821
0.100055	1191
