version	total
0.103004	9002
0.103005	1691
0.103006	996
