version	total
0.100052	7666
0.100054	1894
0.100055	1264
