version	total
1.000019	4039
1.000033	12096
1.000036	43053
