version	total
1.100602	6754
1.100603	1143
