version	total
0.000061	5728
0.000115	3968
0.000116	2751
0.000117	13894
