version	total
1.100602	6721
1.100603	1113
