version	total
2.120921	9694
2.150010	89169
