version	total
0.204001	1962
0.204003	1943
0.206003	2494
0.207001	1747
0.207002	1720
0.207003	284
