version	total
0.002005	4142
0.002006	4032
0.002009	1548
