version	total
2.000001	25973
2.000006	21488
2.000008	93571
2.002004	11459
