version	total
2.000002	5753
2.001000	36219
2.003004	167132
2.005004	27428
