version	total
2.120921	9010
2.150010	80309
