version	total
0.042	40396
1.000000	20051
1.002001	170257
