version	total
1.967013	22172
1.967015	66972
