version	total
1.302052	8330
1.302075	12217
1.302140	4760
1.302141	4062
1.302156	4998
1.302164	7805
1.302188	1719
1.302189	1493
1.302190	3903
