version	total
2.005001	16409
2.006003	125302
2.006006	14669
