version	total
1.20141117	4547
1.20190531	2158
