version	total
0.008	2515
0.006007	5621
0.008002	2403
0.008004	2278
0.008005	1892
0.008006	1869
0.008007	1453
0.008008	1081
0.008009	685
