version	total
1.000005	16818
1.002002	6149
1.004002	5196
1.004003	2545
1.004004	65233
