version	total
2.000024	6771
2.000028	1575
2.000029	2865
