version	total
1.967013	29319
1.967015	131222
