version	total
1.967013	24593
1.967015	102626
