version	total
0.100052	6948
0.100054	1281
0.100055	641
