version	total
1.302052	5791
1.302075	9164
1.302140	3152
1.302141	2456
1.302156	3355
1.302164	3763
