version	total
0.001011	27704
0.001013	157462
