version	total
1.006900	17877
1.007002	62468
