version	total
2.120921	8565
2.150010	75567
