version	total
0.004010	4588
0.004011	4335
