version	total
4.161950	4779
4.201720	904
