version	total
1.20141117	4641
1.20190531	2244
