version	total
1.006900	27201
1.007002	129737
1.007003	59429
