version	total
1.000005	16638
1.002002	6023
1.004002	5070
1.004003	2419
1.004004	62637
