version	total
0.204001	1772
0.204003	1754
0.206003	2168
0.207001	1443
0.207002	1414
