version	total
0.17024	20209
0.17027	57877
