version	total
0.103004	7456
0.103005	686
