version	total
2.120921	7297
2.150010	28203
