version	total
2.120921	9188
2.150010	82294
