version	total
1.999813	3932
1.999816	4071
1.999829	1341
1.999830	1249
1.999831	1174
1.999832	1163
1.999833	1164
1.999835	1161
1.999836	1098
1.999837	1097
1.999838	592
1.999839	374
1.999841	238
1.999842	229
2.000000	170
2.001000	131
2.001001	113
2.002000	97
2.002001	83
2.003001	43
2.003002	21
