version	total
1.003008	4705
1.004000	4902
1.004003	1228
