version	total
0.008	2507
0.006007	5614
0.008002	2395
0.008004	2270
0.008005	1885
0.008006	1863
0.008007	1446
0.008008	1074
0.008009	678
