version	total
0.008	455
0.006007	3110
0.008002	316
0.008004	134
