version	total
4.161950	7419
4.201720	10066
