version	total
0.100003	3170
0.100005	161
