version	total
1.000019	4197
1.000033	12325
1.000036	45695
