version	total
1.003008	3677
1.004000	3669
1.004003	296
