version	total
2.120921	7266
2.150010	27869
