version	total
0.000061	5603
0.000115	3857
0.000116	2639
0.000117	13674
