version	total
2.000024	7391
2.000028	2044
2.000029	4421
