version	total
1.006900	28731
1.007002	135371
1.007003	72579
