version	total
0.042	72064
1.000000	22735
1.002001	499017
1.002002	300956
