version	total
0.103004	9576
0.103005	2176
0.103006	1492
