version	total
1.006900	27765
1.007002	131815
1.007003	64574
