version	total
0.042	45276
1.000000	21073
1.002001	387444
1.002002	179757
