version	total
5.20180120	3854
5.20180626	2952
5.20180820	6431
5.20181130	2456
5.20181218	8226
5.20190420	2876
5.20190524	45421
