version	total
1.94	126918
1.99	1111
2.000000	945
2.001000	592
2.002000	1457
