version	total
1.006900	23291
1.007002	112300
1.007003	30909
