version	total
5.20180120	3887
5.20180626	2985
5.20180820	6461
5.20181130	2485
5.20181218	8265
5.20190420	2908
5.20190524	45752
5.20220120	221
