version	total
0.103004	7466
0.103005	696
