version	total
1.003008	2980
1.004000	2705
