version	total
0.042	40913
1.000000	20177
1.002001	180760
