version	total
1.000005	21541
1.002002	7471
1.004002	6512
1.004003	3861
1.004004	115198
1.012004	1485
1.012005	1079
1.014000	1045
1.016002	945
1.016006	1130
