version	total
1.999813	3682
1.999816	3809
1.999829	1104
1.999830	1009
1.999831	936
1.999832	923
1.999833	925
1.999835	921
1.999836	858
1.999837	858
1.999838	353
1.999839	134
