version	total
0.042	68384
1.000000	22580
1.002001	491812
1.002002	288974
