version	total
1.000019	3778
1.000033	11744
1.000036	40027
