version	total
0.008	2191
0.006007	5262
0.008002	2079
0.008004	1954
0.008005	1582
0.008006	1561
0.008007	1144
0.008008	771
0.008009	370
