version	total
1.006900	30270
1.007002	139911
1.007003	85286
