version	total
0.204001	1268
0.204003	1252
0.206003	1462
0.207001	917
0.207002	892
