version	total
2.000002	3951
2.001000	27574
2.003004	105274
2.005004	9729
