version	total
0.094002	728
0.094003	131
