version	total
5.20180120	5948
5.20180626	4877
5.20180820	8358
5.20181130	4344
5.20181218	10654
5.20190420	4811
5.20190524	80968
5.20220120	2069
5.20220220	2138
5.20220313	1989
5.20220320	2744
5.20220420	2995
5.20220527	2734
5.20220620	21084
