version	total
2.005001	18358
2.006003	147609
2.006006	24453
