version	total
1.100602	7272
1.100603	1610
