version	total
1.967013	21731
1.967015	59790
