version	total
0.001011	27474
0.001013	155514
