version	total
4.161950	6607
4.201720	6286
