version	total
1.967013	28103
1.967015	124643
