version	total
1.003008	5459
1.004000	5685
1.004003	1946
