version	total
0.002005	4184
0.002006	4075
0.002009	1590
