version	total
2.000002	5775
2.001000	36309
2.003004	167526
2.005004	27655
