version	total
0.008	1809
0.006007	4861
0.008002	1695
0.008004	1571
0.008005	1207
0.008006	1188
0.008007	767
0.008008	379
