version	total
1.003008	4079
1.004000	4226
1.004003	663
