version	total
1.999813	4344
1.999816	4506
1.999829	1748
1.999830	1654
1.999831	1578
1.999832	1568
1.999833	1569
1.999835	1567
1.999836	1503
1.999837	1503
1.999838	995
1.999839	780
1.999841	642
1.999842	635
2.000000	582
2.001000	547
2.001001	529
2.002000	513
2.002001	499
2.003001	416
2.003002	399
2.003003	136
