version	total
0.100003	3729
0.100005	672
0.100006	81
