version	total
1.302052	5323
1.302075	8675
1.302140	2754
1.302141	2059
1.302156	2951
1.302164	2929
