version	total
0.103004	9430
0.103005	2059
0.103006	1371
