version	total
1.006900	25929
1.007002	124936
1.007003	49883
