version	total
0.094002	1708
0.094003	1110
