version	total
1.003008	5721
1.004000	5957
1.004003	2176
