version	total
2.000001	21886
2.000006	18769
2.000008	44792
