version	total
2.000002	3142
2.001000	23885
2.003004	67999
