version	total
0.100052	5108
0.100054	178
