version	total
0.008	2265
0.006007	5346
0.008002	2154
0.008004	2029
0.008005	1653
0.008006	1632
0.008007	1215
0.008008	842
0.008009	441
