version	total
1.302052	7792
1.302075	11410
1.302140	4361
1.302141	3664
1.302156	4597
1.302164	6983
1.302188	1331
1.302189	1109
1.302190	2998
