version	total
1.006900	18301
1.007002	66235
