version	total
0.100003	4812
0.100005	1670
0.100006	1084
