version	total
0.001011	23441
0.001013	65866
