version	total
0.103004	8580
0.103005	1388
0.103006	683
