version	total
1.003008	2947
1.004000	2661
