version	total
0.002005	4102
0.002006	3991
0.002009	1508
