version	total
0.002005	3441
0.002006	3278
0.002009	858
