version	total
0.094002	1804
0.094003	1206
