version	total
0.204001	651
0.204003	634
0.206003	736
0.207001	294
0.207002	269
