version	total
1.967013	22133
1.967015	66030
