version	total
2.120921	9951
2.150010	92387
