version	total
1.000019	5694
1.000033	14082
1.000036	82145
1.000037	17061
1.000038	3619
