version	total
4.161950	5085
4.201720	1387
