version	total
1.000005	23047
1.002002	7887
1.004002	6925
1.004003	4276
1.004004	122364
1.012004	1898
1.012005	1490
1.014000	1459
1.016002	1357
1.016006	1586
