version	total
1.94	119547
1.99	864
2.000000	720
2.001000	385
2.002000	1171
