version	total
0.204001	1156
0.204003	1140
0.206003	1327
0.207001	806
0.207002	781
