version	total
1.100602	6292
1.100603	717
