version	total
0.000061	9749
0.000115	6176
0.000116	4958
0.000117	19027
0.000144	2537
0.000145	155388
0.000163	289
