version	total
0.17024	22701
0.17027	97004
0.17029	1326
