version	total
2.005001	13998
2.006003	60794
