version	total
1.006900	22314
1.007002	106825
1.007003	23374
