version	total
0.100003	4605
0.100005	1468
0.100006	882
