version	total
0.094002	647
0.094003	51
