version	total
4.161950	6983
4.201720	8116
