version	total
0.042	46481
1.000000	21229
1.002001	416178
1.002002	192412
