version	total
2.000001	28700
2.000006	22748
2.000008	127920
2.002004	17126
