version	total
4.161950	6547
4.201720	5976
