version	total
0.000061	5613
0.000115	3867
0.000116	2650
0.000117	13695
