version	total
1.006900	27150
1.007002	129496
1.007003	58983
