version	total
0.008	1453
0.006007	4455
0.008002	1326
0.008004	1206
0.008005	856
0.008006	837
0.008007	414
