version	total
0.17024	26388
0.17027	121097
0.17029	2334
