version	total
0.002005	2351
0.002006	1911
