version	total
0.002005	3199
0.002006	3012
0.002009	621
