version	total
1.000005	23293
1.002002	7953
1.004002	6992
1.004003	4343
1.004004	123880
1.012004	1964
1.012005	1556
1.014000	1526
1.016002	1422
1.016006	1661
