version	total
1.003008	2976
1.004000	2698
