version	total
0.004010	5022
0.004011	4782
