version	total
2.000002	3153
2.001000	23921
2.003004	68492
