version	total
1.94	125807
1.99	1074
2.000000	913
2.001000	564
2.002000	1413
