version	total
0.002005	3518
0.002006	3374
0.002009	934
