version	total
1.94	160355
1.99	2517
2.000000	2278
2.001000	1866
2.002000	2960
2.002001	1752
2.003000	684
