version	total
0.094002	2014
0.094003	1415
