version	total
1.006900	24008
1.007002	116551
1.007003	36001
