version	total
2.120921	8367
2.150010	55636
