version	total
1.000005	18253
1.002002	6701
1.004002	5729
1.004003	3081
1.004004	91316
1.012004	749
1.012005	344
1.014000	308
1.016002	226
1.016006	318
