version	total
4.161950	5659
4.201720	2591
