version	total
1.999813	4516
1.999816	4691
1.999829	1912
1.999830	1818
1.999831	1740
1.999832	1731
1.999833	1732
1.999835	1730
1.999836	1666
1.999837	1666
1.999838	1160
1.999839	945
1.999841	807
1.999842	799
2.000000	756
2.001000	720
2.001001	702
2.002000	684
2.002001	670
2.003001	508
2.003002	491
2.003003	231
