version	total
0.204001	1642
0.204003	1624
0.206003	2027
0.207001	1306
0.207002	1278
