version	total
0.17024	22735
0.17027	97480
0.17029	1337
