version	total
0.004010	4262
0.004011	3998
