version	total
2.000002	5042
2.001000	33127
2.003004	152512
2.005004	17988
