version	total
1.000019	5670
1.000033	14057
1.000036	81973
1.000037	17036
1.000038	3384
