version	total
0.17024	20989
0.17027	68776
