version	total
0.042	48541
1.000000	21457
1.002001	433442
1.002002	204832
