version	total
0.100003	4475
0.100005	1346
0.100006	758
