version	total
0.004010	4464
0.004011	4210
