version	total
1.000019	6668
1.000033	15165
1.000036	89313
1.000037	18031
1.000038	17915
