version	total
2.005001	14125
2.006003	62240
