version	total
0.103004	9708
0.103005	2282
0.103006	1595
