version	total
0.204001	1050
0.204003	1034
0.206003	1207
0.207001	700
0.207002	675
