version	total
0.001011	31843
0.001013	191762
