version	total
1.94	152650
1.99	2137
2.000000	1934
2.001000	1545
2.002000	2559
2.002001	1364
2.003000	188
