version	total
0.008	2024
0.006007	5084
0.008002	1911
0.008004	1787
0.008005	1417
0.008006	1397
0.008007	979
0.008008	606
0.008009	201
