version	total
0.001011	27599
0.001013	156550
