version	total
0.103004	7349
0.103005	630
