version	total
0.17024	25723
0.17027	118046
0.17029	2110
