version	total
1.000019	6255
1.000033	14733
1.000036	86475
1.000037	17654
1.000038	11217
