version	total
0.100003	5404
0.100005	2187
0.100006	1602
