version	total
1.003008	4614
1.004000	4809
1.004003	1143
