version	total
2.000024	5403
2.000028	667
2.000029	745
