version	total
2.005001	18433
2.006003	148383
2.006006	24995
