version	total
0.000061	7441
0.000115	5072
0.000116	3858
0.000117	16629
0.000144	1443
0.000145	45022
