version	total
1.003008	5092
1.004000	5307
1.004003	1599
