version	total
1.000005	16734
1.002002	6095
1.004002	5140
1.004003	2490
1.004004	64043
