version	total
1.967013	24704
1.967015	103443
