version	total
0.000061	9033
0.000115	5871
0.000116	4656
0.000117	18456
0.000144	2239
0.000145	145745
