version	total
0.000061	8109
0.000115	5432
0.000116	4217
0.000117	17394
0.000144	1802
0.000145	108204
