version	total
1.302052	8279
1.302075	12103
1.302140	4718
1.302141	4020
1.302156	4956
1.302164	7722
1.302188	1678
1.302189	1451
1.302190	3819
