version	total
0.002005	3491
0.002006	3333
0.002009	908
