version	total
4.161950	4911
4.201720	1021
