version	total
0.103004	9890
0.103005	2413
0.103006	1773
