version	total
1.302052	6175
1.302075	9523
1.302140	3415
1.302141	2720
1.302156	3623
1.302164	4613
1.302188	365
1.302189	178
1.302190	358
