version	total
0.100052	7446
0.100054	1700
0.100055	1067
