version	total
1.003008	5289
1.004000	5508
1.004003	1788
