version	total
0.17024	26738
0.17027	122662
0.17029	2455
