version	total
1.003008	5221
1.004000	5441
1.004003	1727
