version	total
1.000005	19065
1.002002	6905
1.004002	5933
1.004003	3285
1.004004	98901
1.012004	944
1.012005	539
1.014000	505
1.016002	419
1.016006	556
