version	total
2.120921	9027
2.150010	80508
