version	total
0.004010	4745
0.004011	4495
