version	total
0.002005	3964
0.002006	3850
0.002009	1372
