version	total
1.20141117	4980
1.20190531	2510
