version	total
0.17024	20896
0.17027	67916
