version	total
2.120921	8840
2.150010	78539
