version	total
0.100052	5788
0.100054	531
