version	total
1.006900	26669
1.007002	127565
1.007003	54502
