version	total
0.008	1248
0.006007	4184
0.008002	1121
0.008004	997
0.008005	667
0.008006	645
0.008007	214
