version	total
1.20141117	2513
1.20190531	226
