version	total
2.120921	9318
2.150010	83652
