version	total
1.94	145407
1.99	1813
2.000000	1618
2.001000	1235
2.002000	2205
2.002001	978
