version	total
0.094002	1846
0.094003	1246
