version	total
0.100003	3818
0.100005	751
0.100006	159
