version	total
1.006900	29621
1.007002	137906
1.007003	79619
