version	total
0.204001	2106
0.204003	2084
0.206003	2855
0.207001	2080
0.207002	2052
0.207003	623
