version	total
0.094002	804
0.094003	205
