version	total
2.120921	7312
2.150010	28334
