version	total
2.000001	28668
2.000006	22735
2.000008	127746
2.002004	17058
