version	total
0.042	68622
1.000000	22608
1.002001	492528
1.002002	290050
