version	total
1.302052	6857
1.302075	10198
1.302140	3791
1.302141	3096
1.302156	4011
1.302164	5604
1.302188	742
1.302189	553
1.302190	1616
