version	total
1.006900	18056
1.007002	64004
