version	total
0.042	42549
1.000000	20640
1.002001	327391
1.002002	51545
