version	total
1.003008	4692
1.004000	4887
1.004003	1214
