version	total
1.000019	4883
1.000033	13221
1.000036	56894
1.000037	11036
