version	total
0.001011	29965
0.001013	176864
