version	total
0.204001	1542
0.204003	1524
0.206003	1918
0.207001	1203
0.207002	1175
