version	total
2.120921	9112
2.150010	81698
