version	total
0.008	407
0.006007	3058
0.008002	265
0.008004	65
