version	total
1.302052	5327
1.302075	8679
1.302140	2758
1.302141	2063
1.302156	2955
1.302164	2935
