version	total
0.204001	1621
0.204003	1603
0.206003	2004
0.207001	1285
0.207002	1258
