version	total
0.004010	4288
0.004011	4024
