version	total
0.17024	26043
0.17027	119838
0.17029	2204
