version	total
0.100052	6594
0.100054	1019
0.100055	362
