version	total
1.000019	6463
1.000033	14963
1.000036	87889
1.000037	17854
1.000038	14858
