version	total
5.20180120	6291
5.20180626	5168
5.20180820	8650
5.20181130	4635
5.20181218	10996
5.20190420	5104
5.20190524	82997
5.20220120	2347
5.20220220	2415
5.20220313	2264
5.20220320	3024
5.20220420	3273
5.20220527	3009
5.20220620	23692
