version	total
2.000002	5263
2.001000	33983
2.003004	157379
2.005004	21015
