version	total
0.100052	7717
0.100054	1937
0.100055	1308
