version	total
1.999813	4738
1.999816	4942
1.999829	2112
1.999830	2017
1.999831	1939
1.999832	1929
1.999833	1932
1.999835	1928
1.999836	1865
1.999837	1866
1.999838	1358
1.999839	1143
1.999841	1004
1.999842	998
2.000000	994
2.001000	959
2.001001	941
2.002000	920
2.002001	908
2.003001	625
2.003002	607
2.003003	352
2.003004	59
2.004001	43
