version	total
1.000005	18324
1.002002	6725
1.004002	5753
1.004003	3105
1.004004	92990
1.012004	768
1.012005	363
1.014000	330
1.016002	247
1.016006	354
