version	total
0.000061	5663
0.000115	3911
0.000116	2693
0.000117	13779
