version	total
1.000019	5206
1.000033	13573
1.000036	77823
1.000037	15473
