version	total
0.042	42347
1.000000	20583
1.002001	323487
1.002002	35319
