version	total
2.000001	30709
2.000006	23945
2.000008	137517
2.002004	21699
