version	total
0.004010	5005
0.004011	4765
