version	total
0.002005	3320
0.002006	3138
0.002009	741
