version	total
0.094002	2072
0.094003	1476
