version	total
2.005001	13420
2.006003	52256
