version	total
0.042	62896
1.000000	22152
1.002001	472571
1.002002	254438
