version	total
1.006900	24267
1.007002	117979
1.007003	38064
