version	total
2.000002	4716
2.001000	31789
2.003004	146593
2.005004	15995
