version	total
2.005001	18907
2.006003	153020
2.006006	28101
