version	total
1.000019	5816
1.000033	14223
1.000036	83267
1.000037	17196
1.000038	5239
