version	total
5.20180120	5678
5.20180626	4624
5.20180820	8104
5.20181130	4094
5.20181218	10348
5.20190420	4558
5.20190524	79336
5.20220120	1821
5.20220220	1890
5.20220313	1740
5.20220320	2497
5.20220420	2747
5.20220527	2487
5.20220620	17959
