version	total
4.161950	6464
4.201720	5623
