version	total
1.000005	18716
1.002002	6799
1.004002	5828
1.004003	3179
1.004004	95669
1.012004	840
1.012005	434
1.014000	401
1.016002	319
1.016006	441
