version	total
0.17024	27169
0.17027	124721
0.17029	2584
