version	total
1.999813	3713
1.999816	3842
1.999829	1134
1.999830	1039
1.999831	966
1.999832	953
1.999833	955
1.999835	951
1.999836	888
1.999837	888
1.999838	382
1.999839	163
1.999841	29
