version	total
0.008	2429
0.006007	5525
0.008002	2318
0.008004	2192
0.008005	1809
0.008006	1788
0.008007	1372
0.008008	999
0.008009	604
