version	total
2.005001	16774
2.006003	131608
2.006006	16364
