version	total
0.002005	4698
0.002006	4618
0.002009	2093
