version	total
0.000061	10503
0.000115	6447
0.000116	5229
0.000117	19584
0.000144	2801
0.000145	172219
0.000163	7810
