version	total
2.120921	8355
2.150010	55450
