version	total
0.17024	24723
0.17027	111365
0.17029	1841
