version	total
0.100003	4367
0.100005	1242
0.100006	653
