version	total
0.004010	4405
0.004011	4145
