version	total
5.20180120	5016
5.20180626	3994
5.20180820	7476
5.20181130	3472
5.20181218	9586
5.20190420	3923
5.20190524	75479
5.20220120	1213
5.20220220	1278
5.20220313	1132
5.20220320	1883
5.20220420	2133
5.20220527	1871
5.20220620	13144
