version	total
2.000001	31905
2.000006	24406
2.000008	142732
2.002004	25495
