version	total
5.20180120	5598
5.20180626	4546
5.20180820	8026
5.20181130	4014
5.20181218	10250
5.20190420	4480
5.20190524	78796
5.20220120	1742
5.20220220	1811
5.20220313	1661
5.20220320	2418
5.20220420	2668
5.20220527	2408
5.20220620	17162
