version	total
1.003008	4463
1.004000	4649
1.004003	1005
