version	total
5.20180120	3743
5.20180626	2843
5.20180820	6323
5.20181130	2360
5.20181218	8092
5.20190420	2765
5.20190524	43771
