version	total
2.005001	17682
2.006003	139603
2.006006	19120
