version	total
2.000024	5678
2.000028	795
2.000029	932
