version	total
0.17024	21743
0.17027	79286
0.17029	645
