version	total
2.000002	4653
2.001000	31455
2.003004	144932
2.005004	15486
