version	total
1.000019	4520
1.000033	12749
1.000036	50269
1.000037	1927
