version	total
2.120921	9844
2.150010	91369
