version	total
1.006900	22611
1.007002	108598
1.007003	26069
