version	total
0.204001	1466
0.204003	1448
0.206003	1831
0.207001	1121
0.207002	1096
