version	total
4.161950	7450
4.201720	10224
