version	total
2.000002	4491
2.001000	30589
2.003004	139678
2.005004	14272
