version	total
0.094002	1355
0.094003	762
