version	total
2.005001	13714
2.006003	55880
