version	total
2.000001	22707
2.000006	19505
2.000008	54933
