version	total
4.161950	7561
4.201720	10720
