version	total
5.20180120	3509
5.20180626	2617
5.20180820	6102
5.20181130	2161
5.20181218	7780
5.20190420	2539
5.20190524	40513
