version	total
1.006900	29537
1.007002	137658
1.007003	78955
