version	total
0.103004	10000
0.103005	2484
0.103006	1859
