version	total
4.161950	5028
4.201720	1237
