version	total
2.120921	8946
2.150010	79772
