version	total
2.000024	7213
2.000028	1919
2.000029	3949
