version	total
2.000024	6995
2.000028	1749
2.000029	3391
