version	total
0.103004	8653
0.103005	1428
0.103006	726
