version	total
4.161950	4933
4.201720	1041
