version	total
0.17024	28132
0.17027	129783
0.17029	2892
