version	total
1.003008	4389
1.004000	4567
1.004003	938
