version	total
2.000002	5767
2.001000	36282
2.003004	167425
2.005004	27601
