version	total
5.20180120	4520
5.20180626	3550
5.20180820	7030
5.20181130	3029
5.20181218	9061
5.20190420	3478
5.20190524	53894
5.20220120	783
5.20220220	848
5.20220313	707
5.20220320	1452
5.20220420	1705
5.20220527	1445
5.20220620	9151
