version	total
2.000002	5116
2.001000	33405
2.003004	153998
2.005004	18783
