version	total
5.20180120	4569
5.20180626	3594
5.20180820	7075
5.20181130	3072
5.20181218	9108
5.20190420	3522
5.20190524	60076
5.20220120	826
5.20220220	889
5.20220313	748
5.20220320	1493
5.20220420	1746
5.20220527	1487
5.20220620	9702
