version	total
2.000001	25349
2.000006	21188
2.000008	87320
2.002004	10311
