version	total
1.302052	8164
1.302075	11950
1.302140	4629
1.302141	3931
1.302156	4866
1.302164	7521
1.302188	1590
1.302189	1363
1.302190	3660
