version	total
0.002005	3285
0.002006	3102
0.002009	707
