version	total
1.20141117	3712
1.20190531	1339
