version	total
1.000019	6231
1.000033	14706
1.000036	86294
1.000037	17627
1.000038	10694
