version	total
1.003008	4711
1.004000	4909
1.004003	1233
