version	total
1.003008	3431
1.004000	3387
1.004003	57
