version	total
0.042	64471
1.000000	22263
1.002001	477892
1.002002	262998
