version	total
2.000002	4925
2.001000	32696
2.003004	150667
2.005004	17272
