version	total
4.161950	6411
4.201720	5316
