version	total
1.000005	21616
1.002002	7485
1.004002	6525
1.004003	3875
1.004004	115709
1.012004	1498
1.012005	1093
1.014000	1059
1.016002	960
1.016006	1147
