version	total
0.204001	1150
0.204003	1134
0.206003	1320
0.207001	800
0.207002	775
