version	total
1.999813	4287
1.999816	4445
1.999829	1694
1.999830	1600
1.999831	1524
1.999832	1514
1.999833	1515
1.999835	1513
1.999836	1449
1.999837	1449
1.999838	943
1.999839	728
1.999841	590
1.999842	583
2.000000	532
2.001000	496
2.001001	478
2.002000	461
2.002001	447
2.003001	383
2.003002	366
2.003003	103
