version	total
0.001011	30894
0.001013	182733
