version	total
1.967013	22321
1.967015	68349
