version	total
1.003008	4077
1.004000	4224
1.004003	661
