version	total
0.000061	7322
0.000115	5015
0.000116	3802
0.000117	16510
0.000144	1390
0.000145	41473
