version	total
1.999813	4520
1.999816	4697
1.999829	1916
1.999830	1822
1.999831	1744
1.999832	1735
1.999833	1736
1.999835	1734
1.999836	1670
1.999837	1670
1.999838	1164
1.999839	949
1.999841	811
1.999842	803
2.000000	760
2.001000	724
2.001001	706
2.002000	688
2.002001	674
2.003001	510
2.003002	493
2.003003	233
