version	total
1.20141117	4022
1.20190531	1648
