version	total
0.17024	26852
0.17027	123234
0.17029	2491
