version	total
0.001011	26935
0.001013	148156
