version	total
2.000001	22530
2.000006	19323
2.000008	52206
