version	total
1.000005	16509
1.002002	5941
1.004002	4991
1.004003	2340
1.004004	60647
