version	total
2.000001	25668
2.000006	21338
2.000008	89460
2.002004	10889
