version	total
0.001011	26271
0.001013	125444
