version	total
4.161950	4940
4.201720	1053
