version	total
1.302052	7574
1.302075	11138
1.302140	4230
1.302141	3534
1.302156	4465
1.302164	6694
1.302188	1172
1.302189	976
1.302190	2638
