version	total
1.302052	7289
1.302075	10695
1.302140	4046
1.302141	3351
1.302156	4276
1.302164	6263
1.302188	992
1.302189	800
1.302190	2186
