version	total
0.002005	4144
0.002006	4034
0.002009	1550
