version	total
1.003008	5469
1.004000	5693
1.004003	1954
