version	total
1.000005	16389
1.002002	5873
1.004002	4922
1.004003	2270
1.004004	58599
