version	total
0.002005	3900
0.002006	3785
0.002009	1311
