version	total
0.103004	8517
0.103005	1328
0.103006	623
