version	total
1.94	154979
1.99	2225
2.000000	2018
2.001000	1627
2.002000	2659
2.002001	1458
2.003000	301
