version	total
5.20180120	3676
5.20180626	2778
5.20180820	6259
5.20181130	2316
5.20181218	7997
5.20190420	2701
5.20190524	42818
