version	total
1.000005	22629
1.002002	7782
1.004002	6820
1.004003	4171
1.004004	120158
1.012004	1792
1.012005	1384
1.014000	1353
1.016002	1252
1.016006	1465
