version	total
0.001011	29243
0.001013	170474
