version	total
2.000002	5277
2.001000	34022
2.003004	157684
2.005004	21227
