version	total
1.006900	29197
1.007002	136855
1.007003	76765
