version	total
2.120921	9255
2.150010	82921
