version	total
5.20180120	5912
5.20180626	4843
5.20180820	8325
5.20181130	4310
5.20181218	10609
5.20190420	4778
5.20190524	80747
5.20220120	2036
5.20220220	2104
5.20220313	1955
5.20220320	2710
5.20220420	2961
5.20220527	2700
5.20220620	20726
