version	total
1.302052	8246
1.302075	12050
1.302140	4690
1.302141	3992
1.302156	4927
1.302164	7658
1.302188	1651
1.302189	1424
1.302190	3771
