version	total
0.000061	8668
0.000115	5710
0.000116	4495
0.000117	18085
0.000144	2076
0.000145	132261
