version	total
0.001011	30416
0.001013	179554
