version	total
1.003008	2884
1.004000	2581
