version	total
0.042	45976
1.000000	21177
1.002001	410078
1.002002	189272
