version	total
5.20180120	5052
5.20180626	4029
5.20180820	7511
5.20181130	3507
5.20181218	9627
5.20190420	3958
5.20190524	75774
5.20220120	1248
5.20220220	1313
5.20220313	1168
5.20220320	1918
5.20220420	2168
5.20220527	1906
5.20220620	13361
