version	total
1.000005	16412
1.002002	5887
1.004002	4936
1.004003	2285
1.004004	58968
