version	total
0.000061	9691
0.000115	6152
0.000116	4934
0.000117	18985
0.000144	2516
0.000145	154631
0.000163	266
