version	total
1.20141117	2753
1.20190531	401
