version	total
0.001011	34619
0.001013	210146
