version	total
2.000024	7129
2.000028	1859
2.000029	3745
