version	total
0.17024	27539
0.17027	126817
0.17029	2707
