version	total
0.17024	28586
0.17027	131697
0.17029	3040
