version	total
5.20180120	5093
5.20180626	4068
5.20180820	7549
5.20181130	3541
5.20181218	9665
5.20190420	3999
5.20190524	76041
5.20220120	1284
5.20220220	1349
5.20220313	1205
5.20220320	1955
5.20220420	2207
5.20220527	1942
5.20220620	13665
