version	total
0.100052	7943
0.100054	2123
0.100055	1501
