version	total
0.001011	28783
0.001013	166306
