version	total
1.006900	27479
1.007002	130979
1.007003	62426
