version	total
5.20180120	6231
5.20180626	5120
5.20180820	8602
5.20181130	4587
5.20181218	10939
5.20190420	5057
5.20190524	82642
5.20220120	2301
5.20220220	2369
5.20220313	2218
5.20220320	2977
5.20220420	3227
5.20220527	2962
5.20220620	23275
