version	total
0.008	2169
0.006007	5240
0.008002	2057
0.008004	1932
0.008005	1560
0.008006	1539
0.008007	1122
0.008008	749
0.008009	348
