version	total
2.000024	6947
2.000028	1708
2.000029	3267
