version	total
0.042	68834
1.000000	22627
1.002001	493400
1.002002	291565
