version	total
0.100052	8000
0.100054	2166
0.100055	1545
