version	total
0.042	65087
1.000000	22303
1.002001	480593
1.002002	266999
