version	total
0.042	69248
1.000000	22657
1.002001	494742
1.002002	293979
