version	total
1.967013	27768
1.967015	123104
