version	total
0.094002	1749
0.094003	1150
