version	total
4.161950	6987
4.201720	8160
