version	total
2.000001	31886
2.000006	24398
2.000008	142658
2.002004	25407
