version	total
1.20141117	3963
1.20190531	1589
