version	total
0.100052	6632
0.100054	1053
0.100055	398
