version	total
0.100052	6787
0.100054	1159
0.100055	514
