version	total
1.967013	23977
1.967015	97673
