version	total
0.002005	4583
0.002006	4493
0.002009	1980
