version	total
4.161950	4839
4.201720	964
