version	total
0.001011	27986
0.001013	159950
