version	total
0.042	41827
1.000000	20444
1.002001	308263
