version	total
1.100602	7217
1.100603	1567
