version	total
0.204001	934
0.204003	918
0.206003	1075
0.207001	584
0.207002	557
