version	total
2.000002	5133
2.001000	33487
2.003004	154396
2.005004	19055
