version	total
0.000061	5495
0.000115	3762
0.000116	2543
0.000117	13469
