version	total
1.100602	6978
1.100603	1352
