version	total
0.002005	4064
0.002006	3952
0.002009	1470
