version	total
1.94	160263
1.99	2511
2.000000	2273
2.001000	1862
2.002000	2954
2.002001	1746
2.003000	678
