version	total
0.100003	4273
0.100005	1156
0.100006	566
