version	total
5.20180120	3842
5.20180626	2939
5.20180820	6419
5.20181130	2444
5.20181218	8207
5.20190420	2862
5.20190524	45088
