version	total
1.20141117	3990
1.20190531	1618
