version	total
1.003008	5140
1.004000	5358
1.004003	1648
