version	total
2.000001	22162
2.000006	19019
2.000008	47731
