version	total
5.20180120	5600
5.20180626	4548
5.20180820	8028
5.20181130	4016
5.20181218	10253
5.20190420	4482
5.20190524	78811
5.20220120	1744
5.20220220	1813
5.20220313	1663
5.20220320	2420
5.20220420	2670
5.20220527	2410
5.20220620	17178
