version	total
0.001011	26315
0.001013	125942
