version	total
2.120921	8607
2.150010	76048
