version	total
1.000005	25545
1.002002	8459
1.004002	7497
1.004003	4853
1.004004	134128
1.012004	2458
1.012005	2048
1.014000	2019
1.016002	1905
1.016006	2225
