version	total
1.999813	3871
1.999816	4008
1.999829	1281
1.999830	1188
1.999831	1113
1.999832	1102
1.999833	1103
1.999835	1100
1.999836	1037
1.999837	1036
1.999838	531
1.999839	312
1.999841	177
1.999842	167
2.000000	108
2.001000	69
2.001001	51
2.002000	35
2.002001	20
