version	total
1.000019	5998
1.000033	14434
1.000036	84363
1.000037	17384
1.000038	6928
