version	total
1.94	161847
1.99	2569
2.000000	2318
2.001000	1901
2.002000	3016
2.002001	1807
2.003000	775
