version	total
1.94	146112
1.99	1851
2.000000	1657
2.001000	1274
2.002000	2245
2.002001	1023
