version	total
0.008	1724
0.006007	4771
0.008002	1608
0.008004	1485
0.008005	1122
0.008006	1103
0.008007	681
0.008008	276
