version	total
1.967013	25545
1.967015	109056
