version	total
1.967013	22399
1.967015	69393
