version	total
1.94	147320
1.99	1906
2.000000	1710
2.001000	1326
2.002000	2298
2.002001	1084
