version	total
0.100052	6132
0.100054	779
0.100055	107
