version	total
1.999813	3512
1.999816	3621
1.999829	932
1.999830	837
1.999831	764
1.999832	750
1.999833	754
1.999835	750
1.999836	685
1.999837	686
1.999838	182
