version	total
0.004010	4936
0.004011	4691
