version	total
1.003008	3962
1.004000	4072
1.004003	556
