version	total
0.17024	26603
0.17027	122106
0.17029	2407
