version	total
0.008	1158
0.006007	4064
0.008002	1031
0.008004	907
0.008005	582
0.008006	560
0.008007	127
