version	total
1.999813	2119
1.999816	2047
