version	total
1.94	152109
1.99	2109
2.000000	1907
2.001000	1519
2.002000	2526
2.002001	1335
2.003000	147
