version	total
5.20180120	5578
5.20180626	4526
5.20180820	8006
5.20181130	3995
5.20181218	10225
5.20190420	4460
5.20190524	78654
5.20220120	1722
5.20220220	1791
5.20220313	1641
5.20220320	2397
5.20220420	2648
5.20220527	2388
5.20220620	16957
