version	total
1.100602	5699
1.100603	270
