version	total
0.17024	21258
0.17027	72288
0.17029	266
