version	total
0.008	2269
0.006007	5350
0.008002	2158
0.008004	2033
0.008005	1657
0.008006	1636
0.008007	1219
0.008008	846
0.008009	445
