version	total
5.20180120	3609
5.20180626	2713
5.20180820	6193
5.20181130	2252
5.20181218	7897
5.20190420	2636
5.20190524	41651
