version	total
1.302052	7429
1.302075	10919
1.302140	4134
1.302141	3438
1.302156	4366
1.302164	6463
1.302188	1077
1.302189	882
1.302190	2392
