version	total
1.000019	4119
1.000033	12207
1.000036	44438
