version	total
1.20141117	4485
1.20190531	2096
