version	total
0.042	40081
1.000000	19959
1.002001	164079
