version	total
2.000024	6457
2.000028	1327
2.000029	2272
