version	total
0.000061	7137
0.000115	4926
0.000116	3711
0.000117	16336
0.000144	1309
0.000145	34154
