version	total
0.17024	23834
0.17027	105243
0.17029	1614
