version	total
1.94	154117
1.99	2182
2.000000	1976
2.001000	1586
2.002000	2608
2.002001	1411
2.003000	241
