version	total
5.20180120	4501
5.20180626	3531
5.20180820	7011
5.20181130	3010
5.20181218	9036
5.20190420	3459
5.20190524	53578
5.20220120	764
5.20220220	829
5.20220313	688
5.20220320	1431
5.20220420	1686
5.20220527	1426
5.20220620	8915
