version	total
2.120921	8887
2.150010	79167
