version	total
0.204001	108
0.204003	91
0.206003	94
