version	total
2.120921	8891
2.150010	79188
