version	total
1.20141117	3590
1.20190531	1229
