version	total
5.20180120	3799
5.20180626	2896
5.20180820	6376
5.20181130	2401
5.20181218	8151
5.20190420	2818
5.20190524	44241
