version	total
0.000061	10440
0.000115	6425
0.000116	5207
0.000117	19542
0.000144	2779
0.000145	171902
0.000163	5216
