version	total
1.967013	27710
1.967015	122869
