version	total
2.000002	4159
2.001000	28788
2.003004	128167
2.005004	11855
