version	total
0.100003	4999
0.100005	1842
0.100006	1256
