version	total
1.999813	3288
1.999816	3378
1.999829	716
1.999830	621
1.999831	548
1.999832	534
1.999833	538
1.999835	534
1.999836	469
1.999837	470
