version	total
4.161950	6581
4.201720	6159
