version	total
0.204001	2004
0.204003	1984
0.206003	2598
0.207001	1844
0.207002	1817
0.207003	382
