version	total
4.161950	7036
4.201720	8287
