version	total
2.000001	32261
2.000006	24549
2.000008	144121
2.002004	26575
