version	total
0.204001	1407
0.204003	1389
0.206003	1751
0.207001	1056
0.207002	1031
