version	total
0.100052	6999
0.100054	1317
0.100055	679
