version	total
0.001011	30153
0.001013	178147
