version	total
1.000019	3828
1.000033	11817
1.000036	40591
