version	total
1.000005	16761
1.002002	6113
1.004002	5160
1.004003	2509
1.004004	64687
