version	total
0.042	47932
1.000000	21389
1.002001	428900
1.002002	201071
