version	total
2.000002	4911
2.001000	32663
2.003004	150534
2.005004	17212
