version	total
1.999813	3355
1.999816	3446
1.999829	780
1.999830	685
1.999831	612
1.999832	598
1.999833	602
1.999835	598
1.999836	533
1.999837	534
