version	total
0.000061	5715
0.000115	3957
0.000116	2740
0.000117	13869
