version	total
1.000005	23756
1.002002	8062
1.004002	7100
1.004003	4450
1.004004	125922
1.012004	2068
1.012005	1660
1.014000	1629
1.016002	1527
1.016006	1779
