version	total
1.94	142928
1.99	1645
2.000000	1454
2.001000	1076
2.002000	2027
2.002001	769
