version	total
2.000002	5494
2.001000	34968
2.003004	162046
2.005004	24350
