version	total
0.204001	126
0.204003	108
0.206003	114
