version	total
2.000024	6573
2.000028	1412
2.000029	2503
