version	total
1.999813	4742
1.999816	4948
1.999829	2117
1.999830	2022
1.999831	1944
1.999832	1934
1.999833	1937
1.999835	1933
1.999836	1870
1.999837	1871
1.999838	1363
1.999839	1148
1.999841	1009
1.999842	1003
2.000000	1002
2.001000	966
2.001001	948
2.002000	927
2.002001	915
2.003001	629
2.003002	611
2.003003	356
2.003004	63
2.004001	50
