version	total
1.967013	30700
1.967015	137850
