version	total
1.006900	25952
1.007002	124983
1.007003	49993
