version	total
0.103004	7447
0.103005	680
