version	total
1.100602	5919
1.100603	420
