version	total
1.999813	3144
1.999816	3217
1.999829	576
1.999830	481
1.999831	408
1.999832	394
1.999833	398
1.999835	394
1.999836	329
1.999837	328
