version	total
0.001011	30361
0.001013	179255
