version	total
0.100052	6175
0.100054	803
0.100055	131
