version	total
0.008	1859
0.006007	4916
0.008002	1746
0.008004	1622
0.008005	1256
0.008006	1238
0.008007	818
0.008008	444
0.008009	25
