version	total
0.002005	4744
0.002006	4669
0.002009	2137
