version	total
1.999813	3818
1.999816	3954
1.999829	1230
1.999830	1136
1.999831	1062
1.999832	1050
1.999833	1052
1.999835	1048
1.999836	985
1.999837	985
1.999838	479
1.999839	261
1.999841	126
1.999842	115
2.000000	56
2.001000	13
