version	total
1.302052	9225
1.302075	14016
1.302140	5459
1.302141	4758
1.302156	5701
1.302164	9096
1.302188	2407
1.302189	2171
1.302190	6071
