version	total
0.204001	2119
0.204003	2097
0.206003	2911
0.207001	2124
0.207002	2098
0.207003	668
