version	total
5.20180120	3858
5.20180626	2956
5.20180820	6435
5.20181130	2459
5.20181218	8229
5.20190420	2880
5.20190524	45480
