version	total
0.103004	8351
0.103005	1200
0.103006	489
