version	total
0.17024	20972
0.17027	68513
