version	total
2.120921	8854
2.150010	78692
