version	total
0.000061	8140
0.000115	5451
0.000116	4236
0.000117	17457
0.000144	1822
0.000145	111877
