version	total
0.17024	25642
0.17027	117424
0.17029	2086
