version	total
0.100052	7567
0.100054	1807
0.100055	1176
