version	total
0.001011	28839
0.001013	166706
