version	total
2.120921	8856
2.150010	78709
