version	total
1.94	118343
1.99	833
2.000000	693
2.001000	361
2.002000	1135
