version	total
0.204001	2085
0.204003	2064
0.206003	2801
0.207001	2028
0.207002	1999
0.207003	570
