version	total
0.000061	8804
0.000115	5771
0.000116	4556
0.000117	18228
0.000144	2139
0.000145	137248
