version	total
0.17024	21094
0.17027	69985
0.17029	116
