version	total
0.000061	9214
0.000115	5958
0.000116	4743
0.000117	18614
0.000144	2325
0.000145	148446
0.000163	70
