version	total
1.000005	24972
1.002002	8348
1.004002	7383
1.004003	4737
1.004004	131562
1.012004	2348
1.012005	1937
1.014000	1907
1.016002	1800
1.016006	2103
