version	total
4.161950	4485
4.201720	635
