version	total
0.204001	162
0.204003	143
0.206003	156
