version	total
0.100003	5017
0.100005	1859
0.100006	1273
