version	total
0.100052	6154
0.100054	796
0.100055	124
