version	total
0.001011	30962
0.001013	183204
