version	total
2.000002	5281
2.001000	34030
2.003004	157767
2.005004	21283
