version	total
2.000001	22952
2.000006	19743
2.000008	57672
