version	total
1.000019	5718
1.000033	14110
1.000036	82321
1.000037	17082
1.000038	3857
