version	total
2.000002	4074
2.001000	28348
2.003004	111563
2.005004	10702
