version	total
2.000002	5572
2.001000	35304
2.003004	163579
2.005004	25488
