version	total
1.20141117	4599
1.20190531	2208
