version	total
1.999813	2147
1.999816	2076
