version	total
1.003008	4355
1.004000	4533
1.004003	906
