version	total
1.000019	3996
1.000033	12047
1.000036	42407
