version	total
0.042	40416
1.000000	20055
1.002001	170651
