version	total
5.20180120	6317
5.20180626	5188
5.20180820	8671
5.20181130	4653
5.20181218	11018
5.20190420	5124
5.20190524	83187
5.20220120	2362
5.20220220	2429
5.20220313	2278
5.20220320	3039
5.20220420	3287
5.20220527	3023
5.20220620	23892
