version	total
1.000005	23441
1.002002	7993
1.004002	7030
1.004003	4381
1.004004	124685
1.012004	2001
1.012005	1594
1.014000	1563
1.016002	1460
1.016006	1705
