version	total
0.100052	6283
0.100054	876
0.100055	206
