version	total
4.161950	5017
4.201720	1177
