version	total
0.004010	4906
0.004011	4661
