version	total
0.008	1518
0.006007	4527
0.008002	1395
0.008004	1274
0.008005	919
0.008006	900
0.008007	479
0.008008	50
