version	total
0.204001	2136
0.204003	2115
0.206003	2999
0.207001	2186
0.207002	2158
0.207003	729
