version	total
0.002005	3625
0.002006	3494
0.002009	1041
