version	total
2.120921	9145
2.150010	81996
