version	total
2.000001	22591
2.000006	19409
2.000008	53442
