version	total
1.94	134088
1.99	1328
2.000000	1141
2.001000	776
2.002000	1689
2.002001	365
