version	total
5.20180120	4585
5.20180626	3610
5.20180820	7091
5.20181130	3090
5.20181218	9127
5.20190420	3538
5.20190524	64127
5.20220120	844
5.20220220	907
5.20220313	766
5.20220320	1512
5.20220420	1764
5.20220527	1505
5.20220620	10102
