version	total
0.204001	2028
0.204003	2007
0.206003	2649
0.207001	1893
0.207002	1866
0.207003	431
