version	total
1.000005	24838
1.002002	8312
1.004002	7349
1.004003	4701
1.004004	131131
1.012004	2314
1.012005	1905
1.014000	1874
1.016002	1767
1.016006	2066
