version	total
0.001011	33756
0.001013	205132
