version	total
2.000024	6687
2.000028	1511
2.000029	2705
