version	total
4.161950	7210
4.201720	9102
