version	total
1.94	132759
1.99	1285
2.000000	1103
2.001000	741
2.002000	1644
2.002001	307
