version	total
1.967013	25440
1.967015	108344
