version	total
0.17024	24671
0.17027	111066
0.17029	1828
