version	total
1.302052	8949
1.302075	13454
1.302140	5272
1.302141	4568
1.302156	5512
1.302164	8755
1.302188	2229
1.302189	1995
1.302190	5427
