version	total
1.20141117	4012
1.20190531	1640
