version	total
0.100003	4829
0.100005	1684
0.100006	1099
