version	total
1.20141117	5045
1.20190531	2540
