version	total
1.006900	26489
1.007002	126805
1.007003	52774
