version	total
1.000019	6484
1.000033	14982
1.000036	87993
1.000037	17870
1.000038	15135
