version	total
1.100602	6000
1.100603	494
