version	total
2.005001	17048
2.006003	134685
2.006006	17361
