version	total
2.005001	18534
2.006003	149386
2.006006	25867
