version	total
4.161950	5591
4.201720	2327
