version	total
2.005001	18824
2.006003	152129
2.006006	27553
