version	total
1.000005	18953
1.002002	6876
1.004002	5904
1.004003	3256
1.004004	97646
1.012004	916
1.012005	511
1.014000	474
1.016002	390
1.016006	525
