version	total
1.000005	19677
1.002002	7028
1.004002	6061
1.004003	3413
1.004004	102717
1.012004	1065
1.012005	659
1.014000	625
1.016002	536
1.016006	680
