version	total
1.302052	7868
1.302075	11503
1.302140	4411
1.302141	3713
1.302156	4645
1.302164	7109
1.302188	1380
1.302189	1153
1.302190	3104
