version	total
1.000005	21068
1.002002	7354
1.004002	6395
1.004003	3745
1.004004	112297
1.012004	1376
1.012005	969
1.014000	935
1.016002	836
1.016006	1006
