version	total
0.000061	7041
0.000115	4868
0.000116	3653
0.000117	16174
0.000144	1254
0.000145	32375
