version	total
0.001011	31086
0.001013	184376
