version	total
2.000002	4470
2.001000	30490
2.003004	139161
2.005004	14113
