version	total
1.006900	18182
1.007002	65029
