version	total
1.000019	6598
1.000033	15092
1.000036	88780
1.000037	17967
1.000038	16948
