version	total
0.002005	3568
0.002006	3428
0.002009	981
