version	total
0.100003	5240
0.100005	2060
0.100006	1473
