version	total
1.000005	20170
1.002002	7129
1.004002	6163
1.004003	3516
1.004004	105925
1.012004	1164
1.012005	757
1.014000	724
1.016002	633
1.016006	783
