version	total
0.100003	5260
0.100005	2077
0.100006	1490
