version	total
2.000002	4903
2.001000	32638
2.003004	150428
2.005004	17176
