version	total
1.006900	23618
1.007002	114027
1.007003	33418
