version	total
2.120921	9407
2.150010	84898
