version	total
1.000019	6295
1.000033	14772
1.000036	86767
1.000037	17690
1.000038	11959
