version	total
1.967013	22358
1.967015	68811
