version	total
5.20180120	3592
5.20180626	2698
5.20180820	6179
5.20181130	2236
5.20181218	7875
5.20190420	2620
5.20190524	41450
