version	total
0.004010	3737
0.004011	3422
