version	total
0.094002	1012
0.094003	415
