version	total
0.004010	3863
0.004011	3555
