version	total
0.103004	7667
0.103005	824
0.103006	98
