version	total
1.302052	8456
1.302075	12480
1.302140	4870
1.302141	4172
1.302156	5110
1.302164	8019
1.302188	1828
1.302189	1602
1.302190	4186
