version	total
1.100602	6883
1.100603	1264
