version	total
0.004010	5266
0.004011	5049
