version	total
0.004010	3166
0.004011	2756
