version	total
2.000024	7170
2.000028	1891
2.000029	3850
