version	total
0.100052	7368
0.100054	1625
0.100055	989
