version	total
1.302052	8391
1.302075	12320
1.302140	4812
1.302141	4114
1.302156	5052
1.302164	7897
1.302188	1771
1.302189	1545
1.302190	4036
