version	total
1.302052	7872
1.302075	11512
1.302140	4415
1.302141	3717
1.302156	4649
1.302164	7116
1.302188	1384
1.302189	1157
1.302190	3109
