version	total
1.003008	4162
1.004000	4340
1.004003	741
