version	total
2.005001	15794
2.006003	96211
2.006006	10919
