version	total
1.20141117	3438
1.20190531	1086
