version	total
2.000002	5376
2.001000	34492
2.003004	159996
2.005004	22828
