version	total
1.000005	17591
1.002002	6510
1.004002	5538
1.004003	2891
1.004004	76722
1.012004	555
1.012005	149
1.014000	45
