version	total
0.000061	6019
0.000115	4180
0.000116	2965
0.000117	14419
0.000144	63
