version	total
0.204001	2010
0.204003	1990
0.206003	2610
0.207001	1856
0.207002	1829
0.207003	394
