version	total
5.20180120	5951
5.20180626	4879
5.20180820	8360
5.20181130	4346
5.20181218	10656
5.20190420	4813
5.20190524	80977
5.20220120	2071
5.20220220	2139
5.20220313	1990
5.20220320	2745
5.20220420	2997
5.20220527	2736
5.20220620	21104
