version	total
1.20141117	3813
1.20190531	1446
