version	total
0.002005	2660
0.002006	2282
0.002009	36
