version	total
1.302052	5604
1.302075	8953
1.302140	2991
1.302141	2295
1.302156	3191
1.302164	3376
