version	total
0.042	45597
1.000000	21130
1.002001	400484
1.002002	184963
