version	total
1.999813	2401
1.999816	2382
