version	total
1.000005	21851
1.002002	7548
1.004002	6588
1.004003	3937
1.004004	116950
1.012004	1557
1.012005	1152
1.014000	1119
1.016002	1019
1.016006	1209
