version	total
1.000019	5056
1.000033	13413
1.000036	68557
1.000037	13546
