version	total
1.302052	5664
1.302075	9012
1.302140	3042
1.302141	2346
1.302156	3242
1.302164	3489
