version	total
0.001011	32959
0.001013	200374
