version	total
1.003008	5256
1.004000	5476
1.004003	1760
