version	total
2.120921	9092
2.150010	81527
