version	total
2.005001	18945
2.006003	153450
2.006006	28326
