version	total
0.100052	7173
0.100054	1469
0.100055	833
