version	total
4.161950	4759
4.201720	888
