version	total
4.161950	7128
4.201720	8807
