version	total
1.94	155310
1.99	2244
2.000000	2036
2.001000	1643
2.002000	2680
2.002001	1476
2.003000	323
