version	total
0.100003	4072
0.100005	973
0.100006	383
