version	total
2.005001	13819
2.006003	57922
