version	total
1.006900	27036
1.007002	129015
1.007003	57790
