version	total
2.000001	28564
2.000006	22684
2.000008	127071
2.002004	16853
