version	total
0.002005	4292
0.002006	4185
0.002009	1699
