version	total
1.302052	8545
1.302075	12651
1.302140	4949
1.302141	4251
1.302156	5189
1.302164	8165
1.302188	1910
1.302189	1682
1.302190	4379
