version	total
2.000024	6757
2.000028	1566
2.000029	2851
