version	total
1.94	120259
1.99	901
2.000000	757
2.001000	421
2.002000	1216
