version	total
1.100602	6693
1.100603	1084
