version	total
1.302052	7704
1.302075	11281
1.302140	4310
1.302141	3614
1.302156	4548
1.302164	6867
1.302188	1267
1.302189	1059
1.302190	2866
