version	total
1.100602	5590
1.100603	218
