version	total
0.004010	4214
0.004011	3945
