version	total
0.042	53070
1.000000	21761
1.002001	456298
1.002002	233765
