version	total
1.302052	5287
1.302075	8641
1.302140	2720
1.302141	2026
1.302156	2917
1.302164	2882
