version	total
0.103004	7504
0.103005	719
