version	total
1.006900	27160
1.007002	129553
1.007003	59070
