version	total
0.002005	3443
0.002006	3280
0.002009	860
