version	total
0.042	66231
1.000000	22404
1.002001	484640
1.002002	274587
