version	total
2.005001	17543
2.006003	138294
2.006006	18626
