version	total
1.000005	21155
1.002002	7376
1.004002	6418
1.004003	3769
1.004004	112849
1.012004	1399
1.012005	991
1.014000	958
1.016002	859
1.016006	1032
