version	total
0.103004	9113
0.103005	1788
0.103006	1094
