version	total
1.000005	16807
1.002002	6143
1.004002	5190
1.004003	2539
1.004004	65097
