version	total
0.103004	8613
0.103005	1402
0.103006	697
