version	total
1.20141117	5013
1.20190531	2522
