version	total
0.008	1867
0.006007	4924
0.008002	1753
0.008004	1630
0.008005	1263
0.008006	1245
0.008007	825
0.008008	451
0.008009	33
