version	total
1.000019	5242
1.000033	13609
1.000036	78130
1.000037	15808
