version	total
0.001011	28982
0.001013	168304
