version	total
0.100052	7768
0.100054	1973
0.100055	1344
