version	total
0.103004	8289
0.103005	1164
0.103006	455
