version	total
0.001011	26758
0.001013	140548
