version	total
0.001011	26773
0.001013	140741
