version	total
1.302052	7564
1.302075	11120
1.302140	4224
1.302141	3528
1.302156	4459
1.302164	6685
1.302188	1167
1.302189	971
1.302190	2629
