version	total
0.001011	28505
0.001013	164769
