version	total
1.100602	5960
1.100603	458
