version	total
0.008	2279
0.006007	5360
0.008002	2167
0.008004	2042
0.008005	1666
0.008006	1645
0.008007	1228
0.008008	855
0.008009	455
