version	total
2.120921	7238
2.150010	27583
