version	total
0.001011	26066
0.001013	123384
