version	total
1.100602	5787
1.100603	318
