version	total
0.204001	1965
0.204003	1946
0.206003	2500
0.207001	1753
0.207002	1726
0.207003	290
