version	total
0.094002	717
0.094003	120
