version	total
0.008	1260
0.006007	4198
0.008002	1133
0.008004	1009
0.008005	679
0.008006	657
0.008007	228
