version	total
0.001011	23623
0.001013	68045
