version	total
1.100602	6787
1.100603	1172
