version	total
0.008	2240
0.006007	5321
0.008002	2129
0.008004	2004
0.008005	1629
0.008006	1608
0.008007	1191
0.008008	818
0.008009	416
