version	total
1.100602	6221
1.100603	659
