version	total
1.003008	3985
1.004000	4117
1.004003	579
