version	total
0.100003	4800
0.100005	1658
0.100006	1072
