version	total
1.006900	26233
1.007002	125923
1.007003	51136
