version	total
0.17024	20218
0.17027	58020
