version	total
2.000002	2913
2.001000	23311
2.003004	62343
