version	total
5.20180120	5401
5.20180626	4359
5.20180820	7838
5.20181130	3827
5.20181218	10029
5.20190420	4290
5.20190524	77617
5.20220120	1557
5.20220220	1625
5.20220313	1477
5.20220320	2229
5.20220420	2482
5.20220527	2219
5.20220620	15762
