version	total
1.000005	16715
1.002002	6077
1.004002	5124
1.004003	2474
1.004004	63577
