version	total
0.17024	26234
0.17027	120485
0.17029	2276
