version	total
4.161950	7031
4.201720	8280
