version	total
5.20180120	3753
5.20180626	2853
5.20180820	6333
5.20181130	2364
5.20181218	8104
5.20190420	2775
5.20190524	43924
