version	total
4.161950	7228
4.201720	9206
