version	total
2.120921	10004
2.150010	92739
