version	total
1.100602	5380
1.100603	74
