version	total
1.967013	29597
1.967015	132899
