version	total
2.000001	30434
2.000006	23796
2.000008	135872
2.002004	20576
