version	total
4.161950	4420
4.201720	598
