version	total
2.120921	9545
2.150010	86925
