version	total
5.20180120	4990
5.20180626	3971
5.20180820	7453
5.20181130	3449
5.20181218	9559
5.20190420	3900
5.20190524	75305
5.20220120	1191
5.20220220	1256
5.20220313	1110
5.20220320	1861
5.20220420	2111
5.20220527	1847
5.20220620	12955
