version	total
1.003008	5747
1.004000	5985
1.004003	2200
