version	total
1.999813	3244
1.999816	3326
1.999829	675
1.999830	580
1.999831	507
1.999832	493
1.999833	497
1.999835	493
1.999836	428
1.999837	427
