version	total
0.004010	5439
0.004011	5250
