version	total
1.000005	23632
1.002002	8038
1.004002	7077
1.004003	4427
1.004004	125432
1.012004	2045
1.012005	1637
1.014000	1606
1.016002	1502
1.016006	1751
