version	total
1.006900	19267
1.007002	74570
1.007003	401
