version	total
0.094002	707
0.094003	110
