version	total
2.000024	6610
2.000028	1444
2.000029	2585
