version	total
0.001011	24236
0.001013	77739
