version	total
0.008	1536
0.006007	4550
0.008002	1415
0.008004	1292
0.008005	937
0.008006	917
0.008007	497
0.008008	68
