version	total
1.000005	21763
1.002002	7521
1.004002	6561
1.004003	3911
1.004004	116483
1.012004	1531
1.012005	1126
1.014000	1092
1.016002	992
1.016006	1180
