version	total
1.000005	25028
1.002002	8367
1.004002	7404
1.004003	4758
1.004004	131765
1.012004	2367
1.012005	1957
1.014000	1927
1.016002	1817
1.016006	2120
