version	total
4.161950	6468
4.201720	5633
