version	total
0.002005	2178
0.002006	1739
