version	total
0.100003	3750
0.100005	691
0.100006	100
