version	total
1.967013	30171
1.967015	135567
