version	total
2.005001	14248
2.006003	63676
