version	total
5.20180120	4044
5.20180626	3129
5.20180820	6608
5.20181130	2612
5.20181218	8476
5.20190420	3056
5.20190524	47396
5.20220120	365
5.20220220	429
5.20220313	294
5.20220320	1031
5.20220420	212
