version	total
0.100052	7677
0.100054	1904
0.100055	1274
