version	total
1.003008	3314
1.004000	3213
