version	total
1.302052	5363
1.302075	8712
1.302140	2788
1.302141	2094
1.302156	2986
1.302164	2981
