version	total
0.204001	897
0.204003	880
0.206003	1034
0.207001	546
0.207002	520
