version	total
5.20180120	5680
5.20180626	4626
5.20180820	8106
5.20181130	4096
5.20181218	10350
5.20190420	4560
5.20190524	79356
5.20220120	1822
5.20220220	1891
5.20220313	1742
5.20220320	2499
5.20220420	2749
5.20220527	2489
5.20220620	17998
