version	total
1.000005	25034
1.002002	8369
1.004002	7406
1.004003	4760
1.004004	131786
1.012004	2369
1.012005	1959
1.014000	1929
1.016002	1819
1.016006	2122
