version	total
1.94	124258
1.99	1024
2.000000	867
2.001000	522
2.002000	1356
