version	total
1.000005	19979
1.002002	7099
1.004002	6130
1.004003	3483
1.004004	104780
1.012004	1129
1.012005	722
1.014000	691
1.016002	601
1.016006	751
