version	total
1.302052	5722
1.302075	9080
1.302140	3087
1.302141	2391
1.302156	3288
1.302164	3632
