version	total
2.000001	29232
2.000006	23049
2.000008	130920
2.002004	18015
