version	total
0.094002	1057
0.094003	463
