version	total
0.100003	4524
0.100005	1391
0.100006	805
