version	total
1.94	137007
1.99	1414
2.000000	1222
2.001000	857
2.002000	1771
2.002001	467
