version	total
1.94	150071
1.99	2011
2.000000	1814
2.001000	1430
2.002000	2411
2.002001	1224
