version	total
1.000005	24955
1.002002	8344
1.004002	7379
1.004003	4733
1.004004	131513
1.012004	2344
1.012005	1933
1.014000	1903
1.016002	1796
1.016006	2099
