version	total
5.20180120	5821
5.20180626	4760
5.20180820	8242
5.20181130	4228
5.20181218	10503
5.20190420	4695
5.20190524	80245
5.20220120	1954
5.20220220	2024
5.20220313	1874
5.20220320	2630
5.20220420	2881
5.20220527	2620
5.20220620	19636
