version	total
4.161950	6051
4.201720	4092
