version	total
1.20141117	4467
1.20190531	2076
