version	total
0.001011	29807
0.001013	175159
