version	total
2.000002	3075
2.001000	23712
2.003004	65990
