version	total
0.042	41485
1.000000	20343
1.002001	279215
