version	total
1.999813	4578
1.999816	4759
1.999829	1971
1.999830	1875
1.999831	1799
1.999832	1789
1.999833	1791
1.999835	1789
1.999836	1725
1.999837	1724
1.999838	1218
1.999839	1003
1.999841	865
1.999842	858
2.000000	817
2.001000	781
2.001001	763
2.002000	746
2.002001	731
2.003001	540
2.003002	523
2.003003	266
