version	total
0.103004	8218
0.103005	1115
0.103006	404
