version	total
0.103004	9680
0.103005	2260
0.103006	1575
