version	total
0.204001	174
0.204003	155
0.206003	169
