version	total
2.000024	6344
2.000028	1245
2.000029	2053
