version	total
0.008	1636
0.006007	4671
0.008002	1519
0.008004	1395
0.008005	1035
0.008006	1016
0.008007	594
0.008008	181
