version	total
0.000061	10382
0.000115	6407
0.000116	5189
0.000117	19508
0.000144	2762
0.000145	170580
0.000163	3139
