version	total
2.120921	9037
2.150010	80680
