version	total
2.000002	4086
2.001000	28411
2.003004	111848
2.005004	10748
