version	total
0.17024	29736
0.17027	136273
0.17029	3386
0.17030	54
