version	total
2.000024	6140
2.000028	1083
2.000029	1631
