version	total
0.103004	8929
0.103005	1652
0.103006	955
