version	total
0.004010	2955
0.004011	2512
