version	total
1.000019	4182
1.000033	12297
1.000036	45486
