version	total
1.302052	7358
1.302075	10816
1.302140	4094
1.302141	3400
1.302156	4327
1.302164	6368
1.302188	1037
1.302189	845
1.302190	2301
