version	total
1.003008	4014
1.004000	4157
1.004003	607
