version	total
1.000019	6523
1.000033	15019
1.000036	88233
1.000037	17903
1.000038	15713
