version	total
0.100052	8015
0.100054	2173
0.100055	1553
