version	total
2.000024	6918
2.000028	1684
2.000029	3161
