version	total
0.004010	4542
0.004011	4288
