version	total
2.005001	18955
2.006003	153639
2.006006	28433
