version	total
2.120921	9006
2.150010	80260
