version	total
0.094002	1710
0.094003	1112
