version	total
0.004010	3684
0.004011	3360
