version	total
0.100003	4818
0.100005	1676
0.100006	1090
