version	total
0.094002	1248
0.094003	656
