version	total
0.000061	9634
0.000115	6125
0.000116	4907
0.000117	18925
0.000144	2490
0.000145	153952
0.000163	239
