version	total
0.204001	192
0.204003	173
0.206003	191
