version	total
0.103004	8535
0.103005	1346
0.103006	641
