version	total
5.20180120	5153
5.20180626	4124
5.20180820	7603
5.20181130	3594
5.20181218	9738
5.20190420	4052
5.20190524	76351
5.20220120	1334
5.20220220	1399
5.20220313	1254
5.20220320	2004
5.20220420	2257
5.20220527	1993
5.20220620	14004
