version	total
1.302052	6186
1.302075	9534
1.302140	3423
1.302141	2728
1.302156	3631
1.302164	4626
1.302188	373
1.302189	186
1.302190	401
