version	total
2.000001	22355
2.000006	19167
2.000008	49406
