version	total
1.100602	7220
1.100603	1569
