version	total
1.000019	4271
1.000033	12414
1.000036	46466
