version	total
0.000061	5615
0.000115	3869
0.000116	2652
0.000117	13701
