version	total
0.042	55105
1.000000	21898
1.002001	460565
1.002002	238545
