version	total
5.20180120	4796
5.20180626	3800
5.20180820	7279
5.20181130	3280
5.20181218	9351
5.20190420	3727
5.20190524	73826
5.20220120	1027
5.20220220	1091
5.20220313	946
5.20220320	1692
5.20220420	1945
5.20220527	1686
5.20220620	12026
