version	total
0.000061	10157
0.000115	6353
0.000116	5134
0.000117	19375
0.000144	2711
0.000145	168991
0.000163	634
