version	total
0.094002	1573
0.094003	978
