version	total
0.204001	1024
0.204003	1007
0.206003	1175
0.207001	674
0.207002	649
