version	total
0.001011	32387
0.001013	196099
