version	total
1.94	143030
1.99	1653
2.000000	1462
2.001000	1084
2.002000	2035
2.002001	779
