version	total
0.042	45546
1.000000	21119
1.002001	399859
1.002002	183924
