version	total
0.001011	31763
0.001013	190975
