version	total
2.005001	15589
2.006003	92260
2.006006	10218
