version	total
1.100602	6847
1.100603	1228
