version	total
0.042	60141
1.000000	22061
1.002001	467095
1.002002	246103
