version	total
0.100052	7316
0.100054	1578
0.100055	941
