version	total
0.002005	3373
0.002006	3202
0.002009	793
