version	total
1.100602	6764
1.100603	1153
