version	total
0.100052	7511
0.100054	1758
0.100055	1128
