version	total
1.967013	22317
1.967015	68235
