version	total
1.20141117	4129
1.20190531	1749
