version	total
2.000024	6511
2.000028	1367
2.000029	2390
