version	total
1.000005	16868
1.002002	6176
1.004002	5225
1.004003	2572
1.004004	65868
