version	total
2.120921	9563
2.150010	87234
