version	total
1.006900	18819
1.007002	71005
