version	total
0.17024	23183
0.17027	100874
0.17029	1457
