version	total
1.94	137383
1.99	1430
2.000000	1237
2.001000	872
2.002000	1789
2.002001	485
