version	total
0.042	51411
1.000000	21639
1.002001	446996
1.002002	223731
