version	total
1.20141117	2591
1.20190531	240
