version	total
4.161950	6893
4.201720	7696
