version	total
1.006900	23564
1.007002	113725
1.007003	32881
