version	total
0.100003	4178
0.100005	1072
0.100006	483
