version	total
1.20141117	3302
1.20190531	956
