version	total
4.161950	6245
4.201720	4659
