version	total
2.005001	16391
2.006003	124823
2.006006	14572
