version	total
0.204001	1519
0.204003	1501
0.206003	1893
0.207001	1179
0.207002	1152
