version	total
2.000024	4703
2.000028	317
2.000029	86
