version	total
0.000061	8696
0.000115	5723
0.000116	4508
0.000117	18114
0.000144	2089
0.000145	133105
