version	total
1.000019	5281
1.000033	13649
1.000036	78509
1.000037	16151
