version	total
1.100602	7161
1.100603	1517
