version	total
1.000005	22604
1.002002	7774
1.004002	6812
1.004003	4162
1.004004	120059
1.012004	1783
1.012005	1376
1.014000	1344
1.016002	1244
1.016006	1457
