version	total
4.161950	6287
4.201720	4742
