version	total
0.204001	1054
0.204003	1038
0.206003	1211
0.207001	704
0.207002	679
