version	total
2.000024	7397
2.000028	2048
2.000029	4440
