version	total
0.008	1580
0.006007	4605
0.008002	1463
0.008004	1339
0.008005	980
0.008006	960
0.008007	539
0.008008	120
