version	total
1.967013	27801
1.967015	123250
