version	total
0.17024	20706
0.17027	65424
