version	total
1.967013	28252
1.967015	125414
