version	total
0.17024	24737
0.17027	111533
0.17029	1844
