version	total
0.004010	3308
0.004011	2938
