version	total
0.204001	367
0.204003	349
0.206003	410
