version	total
2.120921	7526
2.150010	31178
