version	total
1.94	98741
1.99	499
2.000000	382
2.001000	100
2.002000	263
