version	total
2.000002	5253
2.001000	33945
2.003004	157197
2.005004	20908
