version	total
0.103004	8060
0.103005	1034
0.103006	290
