version	total
0.100003	4789
0.100005	1648
0.100006	1062
