version	total
1.967013	29749
1.967015	133536
