version	total
0.204001	2139
0.204003	2118
0.206003	3024
0.207001	2207
0.207002	2179
0.207003	750
