version	total
1.94	145752
1.99	1830
2.000000	1636
2.001000	1253
2.002000	2224
2.002001	1000
