version	total
2.120921	10124
2.150010	94004
