version	total
4.161950	7277
4.201720	9476
