version	total
0.008	1532
0.006007	4543
0.008002	1409
0.008004	1288
0.008005	932
0.008006	913
0.008007	492
0.008008	64
