version	total
0.002005	4405
0.002006	4303
0.002009	1809
