version	total
0.204001	1993
0.204003	1973
0.206003	2568
0.207001	1817
0.207002	1790
0.207003	354
