version	total
1.999813	4091
1.999816	4240
1.999829	1498
1.999830	1405
1.999831	1329
1.999832	1319
1.999833	1320
1.999835	1317
1.999836	1254
1.999837	1253
1.999838	747
1.999839	532
1.999841	394
1.999842	387
2.000000	330
2.001000	294
2.001001	276
2.002000	260
2.002001	246
2.003001	200
2.003002	182
