version	total
1.006900	27873
1.007002	132732
1.007003	65671
