version	total
1.006900	23506
1.007002	113372
1.007003	32352
