version	total
0.001011	26695
0.001013	139850
