version	total
1.20141117	3496
1.20190531	1144
