version	total
1.94	154083
1.99	2178
2.000000	1972
2.001000	1582
2.002000	2604
2.002001	1401
2.003000	233
