version	total
1.967013	27844
1.967015	123415
