version	total
1.003008	3718
1.004000	3712
1.004003	334
