version	total
2.000002	4328
2.001000	29707
2.003004	135044
2.005004	13125
