version	total
1.006900	18795
1.007002	70750
