version	total
0.004010	5393
0.004011	5196
