version	total
1.000019	5810
1.000033	14217
1.000036	83237
1.000037	17190
1.000038	5201
