version	total
1.94	163155
1.99	2633
2.000000	2373
2.001000	1949
2.002000	3082
2.002001	1876
2.003000	899
