version	total
1.000019	3818
1.000033	11803
1.000036	40476
