version	total
0.204001	194
0.204003	175
0.206003	194
