version	total
1.003008	3549
1.004000	3526
1.004003	171
