version	total
0.100003	4563
0.100005	1426
0.100006	840
