version	total
1.003008	4188
1.004000	4368
1.004003	766
