version	total
1.94	155573
1.99	2256
2.000000	2047
2.001000	1653
2.002000	2694
2.002001	1489
2.003000	335
