version	total
1.006900	29908
1.007002	138916
1.007003	82365
