version	total
0.100052	7707
0.100054	1928
0.100055	1298
