version	total
0.042	61928
1.000000	22120
1.002001	470774
1.002002	251837
