version	total
2.005001	19028
2.006003	154630
2.006006	29009
