version	total
1.000005	23157
1.002002	7912
1.004002	6951
1.004003	4302
1.004004	122862
1.012004	1923
1.012005	1515
1.014000	1485
1.016002	1381
1.016006	1613
