version	total
0.042	46798
1.000000	21263
1.002001	418437
1.002002	194240
