version	total
0.094002	1610
0.094003	1013
