version	total
0.002005	2198
0.002006	1759
