version	total
1.302052	9240
1.302075	14056
1.302140	5471
1.302141	4770
1.302156	5713
1.302164	9120
1.302188	2419
1.302189	2183
1.302190	6119
