version	total
1.302052	5536
1.302075	8873
1.302140	2933
1.302141	2239
1.302156	3136
1.302164	3207
