version	total
2.000001	22627
2.000006	19455
2.000008	54170
