version	total
0.100052	6842
0.100054	1213
0.100055	567
