version	total
1.003008	5273
1.004000	5493
1.004003	1775
