version	total
2.000024	6910
2.000028	1676
2.000029	3132
