version	total
0.008	4171
0.006007	5793
0.008002	3343
0.008004	3205
0.008005	2038
0.008006	2016
0.008007	1601
0.008008	1226
0.008009	834
