version	total
2.000002	5412
2.001000	34634
2.003004	160647
2.005004	23353
