version	total
1.302052	5763
1.302075	9129
1.302140	3126
1.302141	2430
1.302156	3327
1.302164	3700
