version	total
0.100052	6826
0.100054	1196
0.100055	550
