version	total
2.000002	5674
2.001000	35735
2.003004	165229
2.005004	26427
