version	total
2.005001	18406
2.006003	148176
2.006006	24820
