version	total
0.004010	2927
0.004011	2480
