version	total
1.20141117	3736
1.20190531	1363
