version	total
0.001011	23483
0.001013	66397
