version	total
0.100052	6198
0.100054	822
0.100055	151
