version	total
1.999813	3896
1.999816	4034
1.999829	1305
1.999830	1213
1.999831	1138
1.999832	1127
1.999833	1128
1.999835	1125
1.999836	1062
1.999837	1061
1.999838	556
1.999839	337
1.999841	201
1.999842	192
2.000000	133
2.001000	94
2.001001	76
2.002000	60
2.002001	46
