version	total
1.20141117	3318
1.20190531	970
