version	total
0.17024	27309
0.17027	125418
0.17029	2626
