version	total
2.005001	13756
2.006003	56570
