version	total
0.17024	26040
0.17027	119812
0.17029	2204
