version	total
2.000024	6169
2.000028	1106
2.000029	1685
