version	total
0.000061	9790
0.000115	6189
0.000116	4971
0.000117	19058
0.000144	2551
0.000145	155982
0.000163	304
