version	total
0.103004	9184
0.103005	1854
0.103006	1162
