version	total
1.20141117	2505
1.20190531	221
