version	total
2.120921	9122
2.150010	81817
