version	total
1.006900	18576
1.007002	69008
