version	total
1.100602	6374
1.100603	791
