version	total
0.002005	3173
0.002006	2986
0.002009	595
