version	total
1.006900	25961
1.007002	124996
1.007003	50019
