version	total
1.967013	25411
1.967015	108162
