version	total
0.004010	3006
0.004011	2585
