version	total
1.100602	5882
1.100603	398
