version	total
1.006900	26787
1.007002	127979
1.007003	55514
