version	total
0.042	49018
1.000000	21506
1.002001	437746
1.002002	207449
