version	total
1.302052	6785
1.302075	10118
1.302140	3753
1.302141	3058
1.302156	3972
1.302164	5523
1.302188	705
1.302189	518
1.302190	1533
