version	total
1.967013	21606
1.967015	58017
