version	total
1.003008	3318
1.004000	3217
