version	total
1.003008	4341
1.004000	4520
1.004003	895
