version	total
5.20180120	5179
5.20180626	4148
5.20180820	7627
5.20181130	3618
5.20181218	9766
5.20190420	4076
5.20190524	76492
5.20220120	1358
5.20220220	1424
5.20220313	1278
5.20220320	2028
5.20220420	2281
5.20220527	2018
5.20220620	14133
