version	total
2.005001	18270
2.006003	146919
2.006006	23795
