version	total
0.100052	7093
0.100054	1393
0.100055	756
