version	total
0.001011	27030
0.001013	149312
