version	total
0.100052	8060
0.100054	2197
0.100055	1581
