version	total
0.042	41591
1.000000	20387
1.002001	293586
