version	total
0.002005	3587
0.002006	3450
0.002009	1001
