version	total
1.20141117	3537
1.20190531	1179
