version	total
2.000001	25918
2.000006	21466
2.000008	93216
2.002004	11370
