version	total
2.000024	7095
2.000028	1831
2.000029	3665
