version	total
0.004010	2821
0.004011	2359
