version	total
2.005001	15927
2.006003	108798
2.006006	12006
