version	total
1.967013	29689
1.967015	133299
