version	total
0.004010	2819
0.004011	2357
