version	total
1.003008	4482
1.004000	4676
1.004003	1021
