version	total
0.042	54293
1.000000	21848
1.002001	459046
1.002002	236755
