version	total
1.302052	8985
1.302075	13514
1.302140	5299
1.302141	4594
1.302156	5539
1.302164	8808
1.302188	2256
1.302189	2021
1.302190	5555
