version	total
1.20141117	3976
1.20190531	1604
