version	total
1.000005	16766
1.002002	6117
1.004002	5164
1.004003	2513
1.004004	64709
