version	total
1.006900	18225
1.007002	65460
