version	total
2.120921	9219
2.150010	82535
