version	total
2.120921	9910
2.150010	92037
