version	total
1.302052	7068
1.302075	10407
1.302140	3911
1.302141	3216
1.302156	4133
1.302164	5846
1.302188	861
1.302189	671
1.302190	1870
