version	total
2.120921	8363
2.150010	55592
