version	total
0.103004	9514
0.103005	2131
0.103006	1445
