version	total
2.000001	33033
2.000006	24842
2.000008	146730
2.002004	28168
