version	total
2.000024	6189
2.000028	1121
2.000029	1739
