version	total
0.17024	25214
0.17027	114925
0.17029	1967
