version	total
1.000019	6059
1.000033	14502
1.000036	84879
1.000037	17447
1.000038	7540
