version	total
0.100003	5129
0.100005	1961
0.100006	1374
