version	total
0.204001	1460
0.204003	1442
0.206003	1825
0.207001	1115
0.207002	1090
