version	total
2.005001	15817
2.006003	96767
2.006006	11060
