version	total
0.100052	7245
0.100054	1516
0.100055	880
