version	total
1.302052	7991
1.302075	11682
1.302140	4497
1.302141	3799
1.302156	4735
1.302164	7302
1.302188	1461
1.302189	1235
1.302190	3347
