version	total
1.302052	8198
1.302075	11990
1.302140	4657
1.302141	3959
1.302156	4894
1.302164	7569
1.302188	1618
1.302189	1391
1.302190	3708
