version	total
0.100003	4155
0.100005	1050
0.100006	461
