version	total
0.008	2234
0.006007	5313
0.008002	2123
0.008004	1998
0.008005	1624
0.008006	1603
0.008007	1186
0.008008	813
0.008009	412
