version	total
0.103004	7343
0.103005	626
