version	total
0.100003	4843
0.100005	1698
0.100006	1113
