version	total
1.999813	4385
1.999816	4549
1.999829	1788
1.999830	1694
1.999831	1618
1.999832	1608
1.999833	1609
1.999835	1607
1.999836	1543
1.999837	1543
1.999838	1036
1.999839	821
1.999841	683
1.999842	676
2.000000	626
2.001000	590
2.001001	572
2.002000	554
2.002001	540
2.003001	440
2.003002	423
2.003003	161
