version	total
0.103004	8762
0.103005	1515
0.103006	813
