version	total
2.005001	14410
2.006003	65633
2.006006	44
