version	total
2.000002	4466
2.001000	30461
2.003004	139030
2.005004	14084
