version	total
1.006900	27015
1.007002	128964
1.007003	57693
