version	total
5.20180120	4468
5.20180626	3502
5.20180820	6982
5.20181130	2981
5.20181218	8992
5.20190420	3430
5.20190524	53158
5.20220120	736
5.20220220	800
5.20220313	660
5.20220320	1403
5.20220420	1658
5.20220527	1398
5.20220620	8511
