version	total
1.006900	26521
1.007002	127010
1.007003	53186
