version	total
0.100052	6273
0.100054	868
0.100055	197
