version	total
0.042	52198
1.000000	21702
1.002001	452309
1.002002	229140
