version	total
2.005001	17400
2.006003	137678
2.006006	18337
