version	total
1.999813	4041
1.999816	4184
1.999829	1448
1.999830	1355
1.999831	1279
1.999832	1269
1.999833	1270
1.999835	1267
1.999836	1204
1.999837	1203
1.999838	698
1.999839	482
1.999841	345
1.999842	337
2.000000	280
2.001000	242
2.001001	224
2.002000	208
2.002001	194
2.003001	151
2.003002	132
