version	total
2.000001	23047
2.000006	19818
2.000008	58655
