version	total
1.000005	23215
1.002002	7926
1.004002	6965
1.004003	4316
1.004004	123284
1.012004	1937
1.012005	1529
1.014000	1499
1.016002	1395
1.016006	1629
