version	total
0.100003	4622
0.100005	1485
0.100006	899
