version	total
4.161950	6522
4.201720	5844
