version	total
0.001011	28271
0.001013	162452
