version	total
1.20141117	2614
1.20190531	254
