version	total
1.000005	23335
1.002002	7963
1.004002	7002
1.004003	4353
1.004004	124103
1.012004	1975
1.012005	1568
1.014000	1537
1.016002	1432
1.016006	1672
