version	total
0.000061	10097
0.000115	6325
0.000116	5106
0.000117	19333
0.000144	2683
0.000145	168659
0.000163	438
