version	total
2.000002	2911
2.001000	23299
2.003004	62287
