version	total
2.000002	5783
2.001000	36362
2.003004	167731
2.005004	27774
