version	total
1.302052	5485
1.302075	8826
1.302140	2889
1.302141	2194
1.302156	3091
1.302164	3128
