version	total
0.001011	24165
0.001013	76201
