version	total
0.17024	25201
0.17027	114886
0.17029	1963
