version	total
0.001011	29673
0.001013	173844
