version	total
0.001011	30555
0.001013	180332
