version	total
0.042	47490
1.000000	21347
1.002001	425319
1.002002	198415
