version	total
2.000002	3016
2.001000	23578
2.003004	64862
