version	total
0.008	1741
0.006007	4789
0.008002	1625
0.008004	1502
0.008005	1139
0.008006	1120
0.008007	698
0.008008	294
