version	total
0.100003	5013
0.100005	1855
0.100006	1269
