version	total
0.103004	8444
0.103005	1266
0.103006	562
