version	total
1.999813	3389
1.999816	3483
1.999829	812
1.999830	717
1.999831	644
1.999832	630
1.999833	634
1.999835	630
1.999836	565
1.999837	566
1.999838	51
