version	total
4.161950	7180
4.201720	8990
