version	total
0.204001	1533
0.204003	1515
0.206003	1907
0.207001	1194
0.207002	1166
