version	total
1.003008	3223
1.004000	3090
