version	total
1.000019	4177
1.000033	12291
1.000036	45410
