version	total
1.302052	8481
1.302075	12522
1.302140	4892
1.302141	4194
1.302156	5132
1.302164	8061
1.302188	1851
1.302189	1625
1.302190	4245
