version	total
2.000024	6713
2.000028	1533
2.000029	2777
