version	total
0.042	42669
1.000000	20667
1.002001	331254
1.002002	61308
