version	total
1.000019	6784
1.000033	15273
1.000036	89884
1.000037	18128
1.000038	19187
