version	total
1.967013	27182
1.967015	120172
