version	total
0.008	1455
0.006007	4457
0.008002	1328
0.008004	1208
0.008005	858
0.008006	839
0.008007	416
