version	total
2.120921	8332
2.150010	53684
