version	total
1.100602	6707
1.100603	1098
