version	total
2.005001	16798
2.006003	131836
2.006006	16432
