version	total
4.161950	4921
4.201720	1032
