version	total
0.000061	9079
0.000115	5889
0.000116	4674
0.000117	18488
0.000144	2257
0.000145	146394
