version	total
0.004010	5184
0.004011	4959
