version	total
1.999813	4351
1.999816	4514
1.999829	1755
1.999830	1661
1.999831	1585
1.999832	1575
1.999833	1576
1.999835	1574
1.999836	1510
1.999837	1510
1.999838	1002
1.999839	787
1.999841	649
1.999842	642
2.000000	591
2.001000	555
2.001001	537
2.002000	520
2.002001	506
2.003001	420
2.003002	403
2.003003	140
