version	total
0.103004	7692
0.103005	843
0.103006	117
