version	total
1.967013	22165
1.967015	66723
