version	total
2.000001	29039
2.000006	22945
2.000008	130057
2.002004	17761
