version	total
2.120921	10121
2.150010	93976
