version	total
0.001011	30995
0.001013	183608
