version	total
0.100003	5146
0.100005	1976
0.100006	1389
