version	total
0.008	223
0.006007	2847
0.008002	60
