version	total
1.100602	6280
1.100603	709
