version	total
0.103004	9001
0.103005	1690
0.103006	995
