version	total
0.004010	3743
0.004011	3428
