version	total
5.20180120	4800
5.20180626	3804
5.20180820	7283
5.20181130	3284
5.20181218	9356
5.20190420	3731
5.20190524	73878
5.20220120	1031
5.20220220	1095
5.20220313	950
5.20220320	1696
5.20220420	1949
5.20220527	1690
5.20220620	12052
