version	total
0.17024	21547
0.17027	76510
0.17029	475
