version	total
0.103004	8700
0.103005	1466
0.103006	763
