version	total
1.20141117	3883
1.20190531	1511
