version	total
2.000001	27214
2.000006	22050
2.000008	118329
2.002004	14503
