version	total
2.000002	5177
2.001000	33674
2.003004	155368
2.005004	19662
