version	total
0.204001	151
0.204003	132
0.206003	141
