version	total
0.000061	9089
0.000115	5893
0.000116	4678
0.000117	18492
0.000144	2261
0.000145	146565
