version	total
0.100052	6146
0.100054	788
0.100055	116
