version	total
1.302052	8637
1.302075	12822
1.302140	5027
1.302141	4328
1.302156	5268
1.302164	8305
1.302188	1989
1.302189	1758
1.302190	4607
