version	total
2.000001	21957
2.000006	18819
2.000008	45405
