version	total
0.042	65949
1.000000	22379
1.002001	483746
1.002002	272631
