version	total
0.000061	6905
0.000115	4772
0.000116	3557
0.000117	15988
0.000144	1158
0.000145	25796
