version	total
1.000019	5857
1.000033	14279
1.000036	83566
1.000037	17243
1.000038	5669
