version	total
0.001011	31154
0.001013	184939
