version	total
0.100003	3711
0.100005	654
0.100006	61
