version	total
4.161950	6198
4.201720	4505
