version	total
5.20180120	5379
5.20180626	4339
5.20180820	7818
5.20181130	3807
5.20181218	10006
5.20190420	4270
5.20190524	77557
5.20220120	1537
5.20220220	1605
5.20220313	1457
5.20220320	2209
5.20220420	2462
5.20220527	2199
5.20220620	15650
