version	total
1.000019	5659
1.000033	14043
1.000036	81857
1.000037	17019
1.000038	3202
