version	total
4.161950	6439
4.201720	5484
