version	total
1.000005	23015
1.002002	7875
1.004002	6915
1.004003	4266
1.004004	122148
1.012004	1886
1.012005	1478
1.014000	1449
1.016002	1345
1.016006	1572
