version	total
2.120921	9771
2.150010	90298
