version	total
1.000019	4128
1.000033	12220
1.000036	44607
