version	total
0.17024	26481
0.17027	121490
0.17029	2365
