version	total
0.100003	4451
0.100005	1322
0.100006	734
