version	total
0.000061	8672
0.000115	5712
0.000116	4497
0.000117	18089
0.000144	2078
0.000145	132303
