version	total
0.008	1371
0.006007	4353
0.008002	1244
0.008004	1123
0.008005	780
0.008006	761
0.008007	337
