version	total
2.005001	16149
2.006003	120853
2.006006	13591
