version	total
1.94	154580
1.99	2206
2.000000	1999
2.001000	1608
2.002000	2634
2.002001	1436
2.003000	275
