version	total
0.100003	4659
0.100005	1520
0.100006	934
