version	total
4.161950	4988
4.201720	1098
