version	total
1.999813	2651
1.999816	2667
1.999829	84
