version	total
0.100052	5396
0.100054	339
