version	total
1.000019	6545
1.000033	15035
1.000036	88401
1.000037	17920
1.000038	16186
