version	total
5.20180120	5461
5.20180626	4417
5.20180820	7896
5.20181130	3884
5.20181218	10097
5.20190420	4349
5.20190524	77886
5.20220120	1613
5.20220220	1682
5.20220313	1534
5.20220320	2286
5.20220420	2539
5.20220527	2278
5.20220620	16123
