version	total
2.005001	18425
2.006003	148295
2.006006	24911
