version	total
1.999813	4301
1.999816	4461
1.999829	1706
1.999830	1612
1.999831	1536
1.999832	1526
1.999833	1527
1.999835	1525
1.999836	1461
1.999837	1461
1.999838	955
1.999839	740
1.999841	602
1.999842	595
2.000000	544
2.001000	508
2.001001	490
2.002000	473
2.002001	459
2.003001	393
2.003002	376
2.003003	113
