version	total
0.204001	1014
0.204003	997
0.206003	1165
0.207001	664
0.207002	639
