version	total
0.008	1665
0.006007	4703
0.008002	1548
0.008004	1425
0.008005	1063
0.008006	1044
0.008007	622
0.008008	209
