version	total
0.002005	3935
0.002006	3820
0.002009	1344
