version	total
0.001011	23425
0.001013	65637
