version	total
0.001011	33015
0.001013	200831
