version	total
2.000001	24109
2.000006	20434
2.000008	67570
2.002004	3140
