version	total
1.003008	3665
1.004000	3657
1.004003	285
