version	total
1.000019	6171
1.000033	14638
1.000036	85782
1.000037	17567
1.000038	9448
