version	total
0.002005	3642
0.002006	3512
0.002009	1058
