version	total
0.042	45761
1.000000	21153
1.002001	406295
1.002002	187750
