version	total
0.094002	1455
0.094003	860
