version	total
1.000019	3956
1.000033	12002
1.000036	41988
