version	total
5.20180120	3645
5.20180626	2745
5.20180820	6227
5.20181130	2284
5.20181218	7943
5.20190420	2668
5.20190524	42140
