version	total
1.20141117	3482
1.20190531	1130
