version	total
0.002005	4075
0.002006	3964
0.002009	1481
