version	total
1.003008	3983
1.004000	4115
1.004003	577
