version	total
0.100003	4673
0.100005	1534
0.100006	948
