version	total
0.204001	1902
0.204003	1884
0.206003	2372
0.207001	1631
0.207002	1604
0.207003	167
