version	total
5.20180120	6031
5.20180626	4945
5.20180820	8425
5.20181130	4411
5.20181218	10734
5.20190420	4881
5.20190524	81404
5.20220120	2132
5.20220220	2201
5.20220313	2051
5.20220320	2806
5.20220420	3056
5.20220527	2796
5.20220620	21886
