version	total
1.006900	17948
1.007002	62924
