version	total
0.094002	1420
0.094003	825
