version	total
1.000005	23720
1.002002	8058
1.004002	7097
1.004003	4447
1.004004	125772
1.012004	2065
1.012005	1657
1.014000	1626
1.016002	1523
1.016006	1773
