version	total
0.042	64719
1.000000	22280
1.002001	478713
1.002002	264347
