version	total
5.20180120	5604
5.20180626	4552
5.20180820	8032
5.20181130	4020
5.20181218	10258
5.20190420	4486
5.20190524	78828
5.20220120	1748
5.20220220	1817
5.20220313	1667
5.20220320	2424
5.20220420	2674
5.20220527	2414
5.20220620	17201
