version	total
0.094002	1756
0.094003	1157
