version	total
2.005001	18769
2.006003	151629
2.006006	27249
