version	total
0.103004	7379
0.103005	646
