version	total
0.008	663
0.006007	3404
0.008002	531
0.008004	395
0.008005	115
0.008006	61
