version	total
0.204001	1682
0.204003	1664
0.206003	2068
0.207001	1345
0.207002	1318
