version	total
1.302052	8628
1.302075	12808
1.302140	5021
1.302141	4322
1.302156	5262
1.302164	8295
1.302188	1984
1.302189	1753
1.302190	4596
