version	total
1.100602	5825
1.100603	352
