version	total
0.004010	4114
0.004011	3830
