version	total
0.042	50529
1.000000	21579
1.002001	443532
1.002002	211739
