version	total
0.000061	7349
0.000115	5030
0.000116	3817
0.000117	16541
0.000144	1404
0.000145	43506
