version	total
1.000019	6338
1.000033	14817
1.000036	87006
1.000037	17733
1.000038	12589
