version	total
0.094002	2052
0.094003	1456
