version	total
1.003008	3206
1.004000	3065
