version	total
1.003008	4125
1.004000	4283
1.004003	712
