version	total
0.008	2014
0.006007	5076
0.008002	1901
0.008004	1777
0.008005	1407
0.008006	1387
0.008007	969
0.008008	596
0.008009	190
