version	total
1.003008	4616
1.004000	4811
1.004003	1145
