version	total
5.20180120	3357
5.20180626	2474
5.20180820	5958
5.20181130	2020
5.20181218	7574
5.20190420	2400
5.20190524	38979
