version	total
2.000002	4616
2.001000	31246
2.003004	144062
2.005004	15267
