version	total
1.003008	5126
1.004000	5345
1.004003	1635
