version	total
0.004010	3152
0.004011	2739
