version	total
0.008	1355
0.006007	4332
0.008002	1228
0.008004	1107
0.008005	766
0.008006	746
0.008007	319
