version	total
2.000001	26818
2.000006	21855
2.000008	115712
2.002004	13872
