version	total
1.100602	6356
1.100603	771
