version	total
0.002005	4809
0.002006	4744
0.002009	2197
