version	total
0.008	2208
0.006007	5286
0.008002	2097
0.008004	1972
0.008005	1598
0.008006	1577
0.008007	1160
0.008008	787
0.008009	386
