version	total
0.002005	4500
0.002006	4404
0.002009	1901
