version	total
0.103004	8539
0.103005	1350
0.103006	645
