version	total
0.008	1938
0.006007	4997
0.008002	1824
0.008004	1700
0.008005	1332
0.008006	1313
0.008007	894
0.008008	521
0.008009	109
