version	total
0.204001	1110
0.204003	1095
0.206003	1273
0.207001	761
0.207002	735
