version	total
1.003008	4040
1.004000	4182
1.004003	630
