version	total
0.004010	4363
0.004011	4102
