version	total
1.94	143786
1.99	1717
2.000000	1524
2.001000	1144
2.002000	2102
2.002001	854
