version	total
2.000024	6155
2.000028	1096
2.000029	1659
