version	total
0.100052	6263
0.100054	866
0.100055	195
