version	total
0.004010	4867
0.004011	4620
