version	total
2.000002	5023
2.001000	33056
2.003004	152206
2.005004	17844
