version	total
0.094002	1905
0.094003	1303
