version	total
1.000019	5089
1.000033	13450
1.000036	72493
1.000037	13942
