version	total
1.000019	4974
1.000033	13324
1.000036	57806
1.000037	12354
