version	total
5.20180120	5660
5.20180626	4606
5.20180820	8086
5.20181130	4074
5.20181218	10325
5.20190420	4540
5.20190524	79217
5.20220120	1800
5.20220220	1870
5.20220313	1720
5.20220320	2477
5.20220420	2727
5.20220527	2467
5.20220620	17794
