version	total
2.120921	9351
2.150010	84025
