version	total
0.103004	9234
0.103005	1900
0.103006	1210
