version	total
1.006900	17757
1.007002	61517
