version	total
0.042	61402
1.000000	22104
1.002001	469773
1.002002	250333
