version	total
1.302052	7808
1.302075	11425
1.302140	4373
1.302141	3676
1.302156	4608
1.302164	7013
1.302188	1344
1.302189	1118
1.302190	3018
