version	total
0.000061	6400
0.000115	4451
0.000116	3237
0.000117	15103
0.000144	634
0.000145	7535
