version	total
2.005001	18085
2.006003	143986
2.006006	21882
