version	total
2.000002	3157
2.001000	23932
2.003004	68619
