version	total
1.000005	17070
1.002002	6307
1.004002	5339
1.004003	2690
1.004004	68928
1.012004	203
