version	total
5.20180120	4431
5.20180626	3471
5.20180820	6951
5.20181130	2949
5.20181218	8953
5.20190420	3399
5.20190524	52881
5.20220120	707
5.20220220	770
5.20220313	631
5.20220320	1374
5.20220420	1629
5.20220527	1368
5.20220620	7745
