version	total
1.999813	4626
1.999816	4812
1.999829	2017
1.999830	1920
1.999831	1843
1.999832	1833
1.999833	1835
1.999835	1833
1.999836	1769
1.999837	1769
1.999838	1262
1.999839	1047
1.999841	909
1.999842	902
2.000000	868
2.001000	832
2.001001	814
2.002000	797
2.002001	783
2.003001	567
2.003002	550
2.003003	294
