version	total
1.000005	17231
1.002002	6370
1.004002	5398
1.004003	2751
1.004004	71030
1.012004	318
