version	total
1.967013	27425
1.967015	121560
