version	total
1.20141117	4435
1.20190531	2047
