version	total
0.000061	8680
0.000115	5715
0.000116	4500
0.000117	18097
0.000144	2081
0.000145	132711
