version	total
2.000001	30743
2.000006	23961
2.000008	137708
2.002004	21841
