version	total
1.967013	24763
1.967015	103937
