version	total
0.001011	28457
0.001013	163956
