version	total
1.006900	21163
1.007002	99510
1.007003	15541
