version	total
1.999813	3865
1.999816	4002
1.999829	1275
1.999830	1182
1.999831	1107
1.999832	1096
1.999833	1097
1.999835	1094
1.999836	1031
1.999837	1030
1.999838	525
1.999839	306
1.999841	171
1.999842	161
2.000000	102
2.001000	63
2.001001	45
2.002000	29
2.002001	12
