version	total
2.000002	5074
2.001000	33222
2.003004	153024
2.005004	18243
