version	total
0.204001	1229
0.204003	1213
0.206003	1421
0.207001	879
0.207002	854
