version	total
0.17024	24484
0.17027	109519
0.17029	1782
