version	total
0.204001	167
0.204003	148
0.206003	161
