version	total
1.006900	28171
1.007002	133628
1.007003	67924
