version	total
0.100052	5936
0.100054	652
