version	total
1.302052	5871
1.302075	9228
1.302140	3208
1.302141	2510
1.302156	3410
1.302164	3857
