version	total
1.20141117	3525
1.20190531	1167
