version	total
0.008	994
0.006007	3863
0.008002	867
0.008004	741
0.008005	426
0.008006	385
