version	total
0.000061	10410
0.000115	6416
0.000116	5198
0.000117	19527
0.000144	2771
0.000145	170804
0.000163	3664
