version	total
2.000024	7756
2.000028	2270
2.000029	5378
