version	total
0.000061	7372
0.000115	5044
0.000116	3831
0.000117	16560
0.000144	1417
0.000145	43837
