version	total
1.000019	6019
1.000033	14456
1.000036	84521
1.000037	17404
1.000038	7129
