version	total
1.999813	3199
1.999816	3274
1.999829	631
1.999830	536
1.999831	463
1.999832	449
1.999833	453
1.999835	449
1.999836	384
1.999837	383
