version	total
1.006900	25516
1.007002	123834
1.007003	48132
