version	total
0.17024	20314
0.17027	59197
