version	total
1.000019	5921
1.000033	14350
1.000036	83837
1.000037	17305
1.000038	6198
