version	total
0.002005	3300
0.002006	3117
0.002009	722
