version	total
5.20180120	5054
5.20180626	4031
5.20180820	7513
5.20181130	3509
5.20181218	9629
5.20190420	3960
5.20190524	75794
5.20220120	1250
5.20220220	1315
5.20220313	1170
5.20220320	1920
5.20220420	2170
5.20220527	1908
5.20220620	13370
