version	total
0.008	1703
0.006007	4747
0.008002	1586
0.008004	1463
0.008005	1101
0.008006	1082
0.008007	660
0.008008	255
