version	total
1.967013	29013
1.967015	129983
