version	total
5.20180120	4953
5.20180626	3937
5.20180820	7418
5.20181130	3415
5.20181218	9512
5.20190420	3866
5.20190524	74962
5.20220120	1154
5.20220220	1219
5.20220313	1073
5.20220320	1822
5.20220420	2073
5.20220527	1813
5.20220620	12777
