version	total
0.100052	7661
0.100054	1889
0.100055	1259
