version	total
1.967013	28563
1.967015	127091
