version	total
1.003008	4546
1.004000	4741
1.004003	1077
