version	total
1.006900	28650
1.007002	135111
1.007003	71945
