version	total
1.000005	25701
1.002002	8487
1.004002	7527
1.004003	4883
1.004004	134711
1.012004	2485
1.012005	2074
1.014000	2045
1.016002	1931
1.016006	2257
