version	total
1.006900	26066
1.007002	125358
1.007003	50547
