version	total
0.008	217
0.006007	2816
0.008002	48
