version	total
0.002005	2457
0.002006	2022
