version	total
0.000061	10106
0.000115	6329
0.000116	5110
0.000117	19339
0.000144	2688
0.000145	168694
0.000163	443
