version	total
5.20180120	3393
5.20180626	2509
5.20180820	5992
5.20181130	2055
5.20181218	7622
5.20190420	2436
5.20190524	39340
