version	total
5.20180120	4639
5.20180626	3662
5.20180820	7143
5.20181130	3142
5.20181218	9189
5.20190420	3590
5.20190524	70288
5.20220120	897
5.20220220	960
5.20220313	818
5.20220320	1564
5.20220420	1816
5.20220527	1558
5.20220620	10793
