version	total
1.967013	30092
1.967015	135201
