version	total
0.042	67584
1.000000	22509
1.002001	489300
1.002002	284460
