version	total
2.000024	5836
2.000028	902
2.000029	1098
