version	total
2.000001	26234
2.000006	21621
2.000008	109467
2.002004	12587
