version	total
5.20180120	5884
5.20180626	4820
5.20180820	8302
5.20181130	4287
5.20181218	10575
5.20190420	4755
5.20190524	80609
5.20220120	2012
5.20220220	2081
5.20220313	1932
5.20220320	2688
5.20220420	2939
5.20220527	2678
5.20220620	20463
