version	total
0.001011	32097
0.001013	193381
