version	total
0.002005	4340
0.002006	4235
0.002009	1746
