version	total
1.003008	2960
1.004000	2675
