version	total
1.100602	7202
1.100603	1554
