version	total
0.042	58265
1.000000	22020
1.002001	464892
1.002002	243231
