version	total
1.003008	3700
1.004000	3692
1.004003	316
