version	total
0.008	215
0.006007	2812
0.008002	46
