version	total
0.100052	7163
0.100054	1461
0.100055	825
