version	total
2.000001	27498
2.000006	22187
2.000008	120035
2.002004	14926
