version	total
0.001011	30650
0.001013	181029
