version	total
2.000002	3033
2.001000	23615
2.003004	65154
