version	total
2.000002	5127
2.001000	33456
2.003004	154273
2.005004	18977
