version	total
1.20141117	3905
1.20190531	1535
