version	total
1.003008	4391
1.004000	4569
1.004003	940
