version	total
1.000005	22455
1.002002	7729
1.004002	6768
1.004003	4118
1.004004	119367
1.012004	1739
1.012005	1332
1.014000	1300
1.016002	1199
1.016006	1406
