version	total
2.000024	5703
2.000028	815
2.000029	963
