version	total
2.000002	4241
2.001000	29268
2.003004	132971
2.005004	12663
