version	total
0.100052	7247
0.100054	1518
0.100055	882
