version	total
0.000061	7469
0.000115	5084
0.000116	3869
0.000117	16657
0.000144	1453
0.000145	45463
