version	total
0.204001	1500
0.204003	1483
0.206003	1871
0.207001	1158
0.207002	1131
