version	total
0.100003	4056
0.100005	956
0.100006	366
