version	total
1.100602	6378
1.100603	795
