version	total
2.000024	5474
2.000028	706
2.000029	800
