version	total
0.002005	2216
0.002006	1777
