version	total
0.103004	7408
0.103005	664
