version	total
1.000005	16784
1.002002	6129
1.004002	5176
1.004003	2525
1.004004	64818
