version	total
1.006900	26956
1.007002	128694
1.007003	57147
