version	total
0.004010	5016
0.004011	4776
