version	total
0.094002	1962
0.094003	1361
