version	total
2.000001	33371
2.000006	24938
2.000008	147907
2.002004	28806
