version	total
0.042	41330
1.000000	20289
1.002001	228561
