version	total
0.008	3996
0.006007	5782
0.008002	3252
0.008004	3113
0.008005	2031
0.008006	2009
0.008007	1594
0.008008	1219
0.008009	827
