version	total
0.204001	1575
0.204003	1557
0.206003	1954
0.207001	1237
0.207002	1210
