version	total
0.17024	27837
0.17027	128161
0.17029	2797
