version	total
0.004010	5214
0.004011	4993
