version	total
0.000061	9642
0.000115	6131
0.000116	4913
0.000117	18931
0.000144	2496
0.000145	154095
0.000163	245
