version	total
4.161950	4750
4.201720	876
