version	total
0.000061	10128
0.000115	6339
0.000116	5120
0.000117	19354
0.000144	2698
0.000145	168868
0.000163	454
