version	total
1.302052	5373
1.302075	8724
1.302140	2798
1.302141	2104
1.302156	2997
1.302164	2996
