version	total
0.100052	7283
0.100054	1547
0.100055	911
