version	total
0.004010	2898
0.004011	2448
