version	total
1.000019	6625
1.000033	15119
1.000036	89022
1.000037	17992
1.000038	17326
