version	total
2.000001	25324
2.000006	21175
2.000008	85971
2.002004	10278
