version	total
0.100003	3073
0.100005	74
