version	total
1.967013	27447
1.967015	121671
