version	total
0.17024	21358
0.17027	73601
0.17029	337
