version	total
2.120921	9363
2.150010	84241
