version	total
2.000002	5237
2.001000	33890
2.003004	156828
2.005004	20643
