version	total
0.042	51771
1.000000	21660
1.002001	448372
1.002002	225864
