version	total
0.001011	27388
0.001013	154883
