version	total
5.20180120	5478
5.20180626	4432
5.20180820	7910
5.20181130	3899
5.20181218	10117
5.20190420	4364
5.20190524	77993
5.20220120	1628
5.20220220	1697
5.20220313	1549
5.20220320	2301
5.20220420	2554
5.20220527	2293
5.20220620	16223
