version	total
1.006900	17849
1.007002	62301
