version	total
0.008	2109
0.006007	5172
0.008002	1996
0.008004	1872
0.008005	1501
0.008006	1481
0.008007	1063
0.008008	690
0.008009	285
