version	total
1.999813	3443
1.999816	3546
1.999829	864
1.999830	769
1.999831	696
1.999832	682
1.999833	686
1.999835	682
1.999836	617
1.999837	618
1.999838	106
