version	total
0.042	49825
1.000000	21545
1.002001	441100
1.002002	210078
