version	total
0.204001	1816
0.204003	1798
0.206003	2233
0.207001	1498
0.207002	1470
0.207003	32
