version	total
0.103004	8925
0.103005	1648
0.103006	951
