version	total
1.000005	19861
1.002002	7075
1.004002	6107
1.004003	3459
1.004004	104048
1.012004	1111
1.012005	704
1.014000	670
1.016002	581
1.016006	729
