version	total
1.94	148610
1.99	1958
2.000000	1761
2.001000	1376
2.002000	2352
2.002001	1159
