version	total
0.008	1469
0.006007	4473
0.008002	1342
0.008004	1222
0.008005	872
0.008006	853
0.008007	430
