version	total
1.006900	18372
1.007002	67057
