version	total
2.000001	27590
2.000006	22240
2.000008	120677
2.002004	15127
