version	total
0.000061	7402
0.000115	5057
0.000116	3843
0.000117	16594
0.000144	1428
0.000145	44346
