version	total
2.005001	18892
2.006003	152768
2.006006	27942
