version	total
0.008	1244
0.006007	4180
0.008002	1117
0.008004	993
0.008005	663
0.008006	641
0.008007	210
