version	total
0.100052	7863
0.100054	2057
0.100055	1431
