version	total
2.000024	7007
2.000028	1761
2.000029	3429
