version	total
1.94	143846
1.99	1723
2.000000	1530
2.001000	1150
2.002000	2108
2.002001	861
