version	total
2.120921	9213
2.150010	82493
