version	total
1.100602	6768
1.100603	1157
