version	total
1.000019	4059
1.000033	12123
1.000036	43345
