version	total
0.002005	2319
0.002006	1879
