version	total
1.302052	5759
1.302075	9124
1.302140	3122
1.302141	2426
1.302156	3323
1.302164	3690
