version	total
1.967013	30848
1.967015	138544
