version	total
0.001011	24388
0.001013	80192
