version	total
2.000002	4829
2.001000	32375
2.003004	149466
2.005004	16791
