version	total
0.103004	8196
0.103005	1102
0.103006	388
