version	total
1.006900	27115
1.007002	129286
1.007003	58531
