version	total
5.20180120	3797
5.20180626	2894
5.20180820	6374
5.20181130	2399
5.20181218	8149
5.20190420	2816
5.20190524	44234
