version	total
0.004010	4394
0.004011	4134
