version	total
0.100052	6966
0.100054	1292
0.100055	653
