version	total
0.001011	30687
0.001013	181412
