version	total
0.000061	5368
0.000115	3650
0.000116	2430
0.000117	13247
