version	total
1.000019	5953
1.000033	14386
1.000036	84027
1.000037	17338
1.000038	6496
