version	total
1.000005	19822
1.002002	7062
1.004002	6094
1.004003	3446
1.004004	103750
1.012004	1098
1.012005	691
1.014000	657
1.016002	568
1.016006	714
