version	total
2.000001	22606
2.000006	19421
2.000008	53762
