version	total
1.006900	26280
1.007002	126103
1.007003	51396
