version	total
0.103004	8851
0.103005	1587
0.103006	886
