version	total
2.000001	26221
2.000006	21616
2.000008	109342
2.002004	12506
