version	total
1.003008	4265
1.004000	4441
1.004003	831
