version	total
1.000005	18772
1.002002	6819
1.004002	5848
1.004003	3199
1.004004	96510
1.012004	860
1.012005	454
1.014000	421
1.016002	339
1.016006	465
