version	total
1.000005	16357
1.002002	5851
1.004002	4899
1.004003	2248
1.004004	58040
