version	total
4.161950	5604
4.201720	2384
