version	total
1.000005	16727
1.002002	6086
1.004002	5133
1.004003	2483
1.004004	63810
