version	total
1.302052	8250
1.302075	12058
1.302140	4694
1.302141	3996
1.302156	4932
1.302164	7668
1.302188	1655
1.302189	1428
1.302190	3780
