version	total
1.006900	26299
1.007002	126159
1.007003	51482
