version	total
2.005001	13849
2.006003	58456
