version	total
0.001011	31358
0.001013	186608
