version	total
0.008	352
0.006007	3003
0.008002	202
