version	total
0.17024	23154
0.17027	100626
0.17029	1448
