version	total
1.100602	5745
1.100603	288
