version	total
1.006900	25881
1.007002	124774
1.007003	49637
