version	total
2.005001	13313
2.006003	51016
