version	total
0.008	1659
0.006007	4695
0.008002	1542
0.008004	1419
0.008005	1057
0.008006	1038
0.008007	616
0.008008	203
