version	total
2.005001	18729
2.006003	151397
2.006006	27101
