version	total
1.000019	5743
1.000033	14141
1.000036	82548
1.000037	17109
1.000038	4170
