version	total
0.100003	3652
0.100005	602
