version	total
2.000002	4861
2.001000	32499
2.003004	150021
2.005004	16975
