version	total
1.000019	6498
1.000033	14997
1.000036	88064
1.000037	17881
1.000038	15316
