version	total
0.002005	4687
0.002006	4607
0.002009	2083
