version	total
0.000061	5469
0.000115	3740
0.000116	2521
0.000117	13421
