version	total
2.000001	22823
2.000006	19615
2.000008	56177
