version	total
1.006900	17790
1.007002	61799
