version	total
1.000005	22924
1.002002	7851
1.004002	6891
1.004003	4242
1.004004	121661
1.012004	1861
1.012005	1453
1.014000	1424
1.016002	1320
1.016006	1546
