version	total
0.000061	5695
0.000115	3939
0.000116	2722
0.000117	13829
