version	total
1.100602	6732
1.100603	1121
