version	total
0.17024	29627
0.17027	135832
0.17029	3364
0.17030	13
