version	total
1.006900	21867
1.007002	103797
1.007003	19761
