version	total
0.042	60053
1.000000	22059
1.002001	466918
1.002002	245810
