version	total
1.003008	4786
1.004000	4990
1.004003	1302
