version	total
0.042	44887
1.000000	21030
1.002001	383183
1.002002	177114
