version	total
0.100003	5160
0.100005	1989
0.100006	1402
