version	total
0.100052	8004
0.100054	2167
0.100055	1546
