version	total
1.003008	2922
1.004000	2634
