version	total
2.000002	5116
2.001000	33399
2.003004	153969
2.005004	18775
