version	total
1.967013	22576
1.967015	72016
