version	total
1.94	145031
1.99	1795
2.000000	1601
2.001000	1218
2.002000	2186
2.002001	957
