version	total
1.006900	22703
1.007002	109077
1.007003	26806
