version	total
5.20180120	4443
5.20180626	3483
5.20180820	6963
5.20181130	2962
5.20181218	8968
5.20190420	3411
5.20190524	53025
5.20220120	719
5.20220220	782
5.20220313	643
5.20220320	1386
5.20220420	1641
5.20220527	1381
5.20220620	8134
