version	total
1.006900	27241
1.007002	129918
1.007003	59981
