version	total
1.94	121756
1.99	943
2.000000	795
2.001000	458
2.002000	1267
