version	total
0.000061	8359
0.000115	5549
0.000116	4334
0.000117	17722
0.000144	1916
0.000145	122806
