version	total
0.17024	24367
0.17027	108669
0.17029	1742
