version	total
1.94	158746
1.99	2415
2.000000	2190
2.001000	1787
2.002000	2859
2.002001	1649
2.003000	530
