version	total
0.17024	25278
0.17027	115261
0.17029	1986
