version	total
5.20180120	5338
5.20180626	4302
5.20180820	7781
5.20181130	3770
5.20181218	9958
5.20190420	4232
5.20190524	77412
5.20220120	1500
5.20220220	1568
5.20220313	1420
5.20220320	2172
5.20220420	2424
5.20220527	2162
5.20220620	15429
