version	total
1.000019	5867
1.000033	14291
1.000036	83612
1.000037	17251
1.000038	5760
