version	total
0.17024	26009
0.17027	119632
0.17029	2188
