version	total
0.094002	1608
0.094003	1011
