version	total
1.999813	3167
1.999816	3241
1.999829	599
1.999830	504
1.999831	431
1.999832	417
1.999833	421
1.999835	417
1.999836	352
1.999837	351
