version	total
1.000005	21149
1.002002	7374
1.004002	6416
1.004003	3767
1.004004	112836
1.012004	1397
1.012005	989
1.014000	956
1.016002	857
1.016006	1030
