version	total
0.004010	5094
0.004011	4858
