version	total
1.006900	23798
1.007002	115249
1.007003	34497
