version	total
1.302052	9235
1.302075	14046
1.302140	5467
1.302141	4766
1.302156	5709
1.302164	9110
1.302188	2415
1.302189	2179
1.302190	6104
