version	total
1.999813	3197
1.999816	3272
1.999829	629
1.999830	534
1.999831	461
1.999832	447
1.999833	451
1.999835	447
1.999836	382
1.999837	381
