version	total
1.003008	5657
1.004000	5889
1.004003	2127
