version	total
1.94	161256
1.99	2551
2.000000	2306
2.001000	1892
2.002000	2997
2.002001	1786
2.003000	746
