version	total
1.94	159613
1.99	2479
2.000000	2242
2.001000	1835
2.002000	2920
2.002001	1715
2.003000	634
