version	total
1.302052	8919
1.302075	13399
1.302140	5247
1.302141	4545
1.302156	5488
1.302164	8711
1.302188	2205
1.302189	1972
1.302190	5332
