version	total
2.000002	3052
2.001000	23659
2.003004	65521
