version	total
0.103004	6811
0.103005	296
