version	total
2.120921	10035
2.150010	93058
