version	total
1.94	142989
1.99	1652
2.000000	1460
2.001000	1082
2.002000	2033
2.002001	776
