version	total
1.000019	6823
1.000033	15303
1.000036	90207
1.000037	18148
1.000038	19938
