version	total
0.100052	5911
0.100054	616
