version	total
1.94	159731
1.99	2489
2.000000	2252
2.001000	1843
2.002000	2928
2.002001	1724
2.003000	645
