version	total
0.100003	4449
0.100005	1320
0.100006	732
