version	total
1.967013	29805
1.967015	133893
