version	total
0.001011	30522
0.001013	180138
