version	total
0.100003	4972
0.100005	1819
0.100006	1234
