version	total
2.000002	5478
2.001000	34902
2.003004	161770
2.005004	24106
