version	total
0.100003	4777
0.100005	1636
0.100006	1050
