version	total
0.094002	1592
0.094003	997
