version	total
1.000005	16661
1.002002	6038
1.004002	5087
1.004003	2436
1.004004	62996
