version	total
0.17024	23797
0.17027	105027
0.17029	1608
