version	total
0.103004	8468
0.103005	1286
0.103006	580
