version	total
0.100003	3803
0.100005	739
0.100006	147
