version	total
0.17024	20969
0.17027	68480
