version	total
0.001011	23627
0.001013	68115
