version	total
0.000061	8352
0.000115	5545
0.000116	4330
0.000117	17706
0.000144	1912
0.000145	122551
