version	total
1.20141117	4761
1.20190531	2347
