version	total
0.004010	3820
0.004011	3508
