version	total
1.003008	5156
1.004000	5376
1.004003	1665
