version	total
2.005001	17118
2.006003	135616
2.006006	17603
