version	total
5.20180120	3791
5.20180626	2890
5.20180820	6370
5.20181130	2397
5.20181218	8146
5.20190420	2812
5.20190524	44216
