version	total
2.005001	17678
2.006003	139568
2.006006	19103
