version	total
0.100052	6818
0.100054	1188
0.100055	542
