version	total
0.001011	33851
0.001013	205759
