version	total
4.161950	6038
4.201720	4074
