version	total
1.000005	20087
1.002002	7119
1.004002	6152
1.004003	3505
1.004004	105483
1.012004	1153
1.012005	746
1.014000	713
1.016002	621
1.016006	771
