version	total
0.008	2469
0.006007	5570
0.008002	2357
0.008004	2232
0.008005	1848
0.008006	1826
0.008007	1409
0.008008	1037
0.008009	641
