version	total
1.000019	5881
1.000033	14307
1.000036	83676
1.000037	17266
1.000038	5903
