version	total
1.94	129105
1.99	1183
2.000000	1009
2.001000	651
2.002000	1536
2.002001	101
