version	total
2.000002	5114
2.001000	33390
2.003004	153877
2.005004	18744
