version	total
0.094002	1406
0.094003	812
