version	total
0.000061	6915
0.000115	4780
0.000116	3565
0.000117	15998
0.000144	1166
0.000145	25997
