version	total
0.100003	5435
0.100005	2214
0.100006	1629
