version	total
2.120921	8684
2.150010	76855
