version	total
2.005001	13911
2.006003	59409
