version	total
1.000005	19957
1.002002	7095
1.004002	6126
1.004003	3479
1.004004	104642
1.012004	1127
1.012005	720
1.014000	686
1.016002	599
1.016006	749
