version	total
1.003008	4697
1.004000	4893
1.004003	1220
