version	total
2.120921	8885
2.150010	79148
