version	total
2.120921	9862
2.150010	91599
