version	total
0.204001	1789
0.204003	1771
0.206003	2195
0.207001	1464
0.207002	1436
