version	total
0.000061	9876
0.000115	6227
0.000116	5009
0.000117	19144
0.000144	2587
0.000145	156790
0.000163	341
