version	total
0.103004	9240
0.103005	1906
0.103006	1216
