version	total
0.008	1477
0.006007	4482
0.008002	1350
0.008004	1231
0.008005	880
0.008006	861
0.008007	439
