version	total
0.000061	9110
0.000115	5903
0.000116	4688
0.000117	18517
0.000144	2271
0.000145	146831
