version	total
1.000005	21799
1.002002	7530
1.004002	6570
1.004003	3919
1.004004	116688
1.012004	1539
1.012005	1134
1.014000	1101
1.016002	1001
1.016006	1189
