version	total
2.000001	27264
2.000006	22070
2.000008	118658
2.002004	14557
