version	total
2.000002	3250
2.001000	24227
2.003004	71720
