version	total
0.000061	7061
0.000115	4882
0.000116	3667
0.000117	16209
0.000144	1267
0.000145	32945
