version	total
1.999813	2575
1.999816	2587
1.999829	11
