version	total
0.000061	9544
0.000115	6084
0.000116	4868
0.000117	18838
0.000144	2450
0.000145	152553
0.000163	199
