version	total
0.094002	1400
0.094003	806
