version	total
1.006900	22413
1.007002	107442
1.007003	24167
