version	total
2.120921	8850
2.150010	78663
