version	total
2.000024	5445
2.000028	683
2.000029	768
