version	total
1.302052	8236
1.302075	12037
1.302140	4684
1.302141	3986
1.302156	4921
1.302164	7636
1.302188	1645
1.302189	1418
1.302190	3758
