version	total
1.100602	6744
1.100603	1133
