version	total
0.204001	407
0.204003	389
0.206003	455
0.207001	34
0.207002	9
