version	total
0.103004	8096
0.103005	1047
0.103006	301
