version	total
1.003008	3379
1.004000	3320
