version	total
0.103004	9271
0.103005	1928
0.103006	1240
