version	total
0.008	1807
0.006007	4859
0.008002	1693
0.008004	1569
0.008005	1205
0.008006	1186
0.008007	765
0.008008	377
