version	total
0.042	57713
1.000000	22007
1.002001	464234
1.002002	242180
