version	total
2.000001	31585
2.000006	24271
2.000008	141594
2.002004	24581
