version	total
1.967013	26537
1.967015	116127
