version	total
0.100052	7392
0.100054	1647
0.100055	1012
