version	total
1.100602	5353
1.100603	50
