version	total
2.000001	26417
2.000006	21695
2.000008	112833
2.002004	12979
