version	total
0.001011	29677
0.001013	173875
