version	total
4.161950	5095
4.201720	1465
