version	total
0.204001	1625
0.204003	1607
0.206003	2008
0.207001	1289
0.207002	1262
