version	total
2.005001	15889
2.006003	108194
2.006006	11837
