version	total
0.008	2139
0.006007	5208
0.008002	2026
0.008004	1902
0.008005	1530
0.008006	1510
0.008007	1093
0.008008	719
0.008009	317
