version	total
1.000005	24926
1.002002	8334
1.004002	7370
1.004003	4723
1.004004	131442
1.012004	2333
1.012005	1924
1.014000	1893
1.016002	1786
1.016006	2087
