version	total
2.000001	28239
2.000006	22517
2.000008	125456
2.002004	16366
