version	total
0.008	1192
0.006007	4107
0.008002	1065
0.008004	941
0.008005	615
0.008006	593
0.008007	163
