version	total
2.000002	2967
2.001000	23435
2.003004	63576
