version	total
1.967013	27283
1.967015	120971
