version	total
0.094002	1036
0.094003	442
