version	total
0.000061	7005
0.000115	4845
0.000116	3630
0.000117	16124
0.000144	1229
0.000145	30999
