version	total
1.94	158128
1.99	2386
2.000000	2163
2.001000	1761
2.002000	2828
2.002001	1622
2.003000	495
