version	total
1.000005	20159
1.002002	7127
1.004002	6161
1.004003	3514
1.004004	105858
1.012004	1162
1.012005	755
1.014000	722
1.016002	631
1.016006	781
