version	total
0.094002	1623
0.094003	1026
