version	total
0.000061	8097
0.000115	5424
0.000116	4209
0.000117	17378
0.000144	1794
0.000145	107218
