version	total
5.20180120	4517
5.20180626	3547
5.20180820	7027
5.20181130	3026
5.20181218	9054
5.20190420	3475
5.20190524	53723
5.20220120	780
5.20220220	845
5.20220313	704
5.20220320	1449
5.20220420	1702
5.20220527	1442
5.20220620	9106
