version	total
0.042	40696
1.000000	20122
1.002001	175265
