version	total
2.000001	28071
2.000006	22447
2.000008	124304
2.002004	16065
