version	total
0.103004	9484
0.103005	2104
0.103006	1418
