version	total
2.120921	7775
2.150010	34890
