version	total
0.094002	941
0.094003	343
