version	total
1.20141117	4064
1.20190531	1684
