version	total
0.100052	6542
0.100054	979
0.100055	319
