version	total
2.005001	16338
2.006003	123943
2.006006	14361
