version	total
2.120921	8593
2.150010	75825
