version	total
0.100052	7859
0.100054	2053
0.100055	1427
