version	total
2.005001	13801
2.006003	57598
