version	total
1.967013	21562
1.967015	57440
