version	total
1.20141117	4378
1.20190531	1991
