version	total
0.001011	23792
0.001013	69772
