version	total
1.999813	2197
1.999816	2128
