version	total
1.100602	6370
1.100603	786
