version	total
1.006900	27426
1.007002	130779
1.007003	62035
