version	total
0.001011	29042
0.001013	169027
