version	total
0.004010	4918
0.004011	4673
