version	total
2.000024	6898
2.000028	1669
2.000029	3107
