version	total
2.000024	6869
2.000028	1643
2.000029	3031
