version	total
0.204001	2020
0.204003	1999
0.206003	2633
0.207001	1877
0.207002	1850
0.207003	415
