version	total
0.042	47073
1.000000	21288
1.002001	421511
1.002002	195727
