version	total
4.161950	3917
4.201720	202
