version	total
1.000019	3966
1.000033	12015
1.000036	42079
