version	total
0.000061	9155
0.000115	5928
0.000116	4713
0.000117	18564
0.000144	2296
0.000145	147565
0.000163	40
