version	total
1.100602	5693
1.100603	269
