version	total
0.042	45156
1.000000	21056
1.002001	385686
1.002002	178829
