version	total
1.967013	22148
1.967015	66156
