version	total
1.967013	22018
1.967015	64503
