version	total
0.17024	27592
0.17027	127220
0.17029	2734
