version	total
2.000002	5225
2.001000	33864
2.003004	156645
2.005004	20525
