version	total
2.000024	7744
2.000028	2265
2.000029	5348
