version	total
0.094002	1221
0.094003	629
