version	total
0.17024	27585
0.17027	127145
0.17029	2729
