version	total
2.000001	22719
2.000006	19512
2.000008	54998
