version	total
2.120921	8740
2.150010	77434
