version	total
1.100602	6997
1.100603	1370
