version	total
1.94	150720
1.99	2041
2.000000	1843
2.001000	1458
2.002000	2443
2.002001	1258
2.003000	55
