version	total
0.000061	8293
0.000115	5513
0.000116	4298
0.000117	17614
0.000144	1879
0.000145	120535
