version	total
2.005001	17946
2.006003	142243
2.006006	20707
