version	total
2.000001	31730
2.000006	24327
2.000008	142084
2.002004	24918
