version	total
1.967013	24317
1.967015	100498
