version	total
0.001011	32498
0.001013	196958
