version	total
2.000001	23026
2.000006	19804
2.000008	58550
