version	total
0.001011	33715
0.001013	204929
