version	total
1.100602	5922
1.100603	422
