version	total
0.004010	3154
0.004011	2741
