version	total
0.008	1618
0.006007	4647
0.008002	1501
0.008004	1377
0.008005	1017
0.008006	997
0.008007	576
0.008008	161
