version	total
1.000019	6362
1.000033	14847
1.000036	87158
1.000037	17761
1.000038	13087
