version	total
2.000001	33199
2.000006	24891
2.000008	147343
2.002004	28477
