version	total
5.20180120	5555
5.20180626	4505
5.20180820	7984
5.20181130	3973
5.20181218	10198
5.20190420	4438
5.20190524	78524
5.20220120	1701
5.20220220	1769
5.20220313	1620
5.20220320	2375
5.20220420	2626
5.20220527	2366
5.20220620	16758
