version	total
0.100052	6618
0.100054	1041
0.100055	386
