version	total
5.20180120	5254
5.20180626	4220
5.20180820	7699
5.20181130	3691
5.20181218	9858
5.20190420	4148
5.20190524	76943
5.20220120	1425
5.20220220	1493
5.20220313	1346
5.20220320	2097
5.20220420	2350
5.20220527	2087
5.20220620	14712
