version	total
5.20180120	3461
5.20180626	2574
5.20180820	6057
5.20181130	2117
5.20181218	7719
5.20190420	2498
5.20190524	40043
