version	total
2.005001	14320
2.006003	64642
