version	total
0.004010	3070
0.004011	2652
