version	total
0.001011	30985
0.001013	183496
