version	total
0.000061	10166
0.000115	6356
0.000116	5137
0.000117	19378
0.000144	2714
0.000145	169024
0.000163	692
