version	total
0.002005	4401
0.002006	4299
0.002009	1805
