version	total
1.000019	6723
1.000033	15216
1.000036	89575
1.000037	18074
1.000038	18423
