version	total
2.005001	16275
2.006003	122862
2.006006	14089
