version	total
0.042	40651
1.000000	20110
1.002001	174502
