version	total
4.161950	6972
4.201720	8063
