version	total
0.000061	10118
0.000115	6334
0.000116	5115
0.000117	19345
0.000144	2693
0.000145	168763
0.000163	448
