version	total
2.000002	5245
2.001000	33918
2.003004	157060
2.005004	20790
