version	total
0.004010	4470
0.004011	4216
