version	total
1.006900	21433
1.007002	101000
1.007003	17249
