version	total
1.006900	26357
1.007002	126365
1.007003	51853
