version	total
5.20180120	6315
5.20180626	5186
5.20180820	8669
5.20181130	4651
5.20181218	11016
5.20190420	5122
5.20190524	83180
5.20220120	2360
5.20220220	2427
5.20220313	2276
5.20220320	3037
5.20220420	3285
5.20220527	3021
5.20220620	23873
