version	total
0.17024	27651
0.17027	127430
0.17029	2746
