version	total
1.000005	23563
1.002002	8021
1.004002	7060
1.004003	4410
1.004004	125161
1.012004	2029
1.012005	1621
1.014000	1590
1.016002	1486
1.016006	1733
