version	total
1.003008	3945
1.004000	4055
1.004003	542
