version	total
0.094002	918
0.094003	321
