version	total
1.000019	6281
1.000033	14758
1.000036	86643
1.000037	17676
1.000038	11672
