version	total
1.999813	3992
1.999816	4133
1.999829	1399
1.999830	1306
1.999831	1231
1.999832	1220
1.999833	1221
1.999835	1218
1.999836	1155
1.999837	1154
1.999838	649
1.999839	432
1.999841	295
1.999842	287
2.000000	231
2.001000	192
2.001001	174
2.002000	156
2.002001	142
2.003001	100
2.003002	81
