version	total
0.002005	2868
0.002006	2512
0.002009	277
