version	total
1.94	145132
1.99	1801
2.000000	1607
2.001000	1224
2.002000	2192
2.002001	964
