version	total
1.94	129082
1.99	1181
2.000000	1007
2.001000	649
2.002000	1534
2.002001	97
