version	total
0.17024	25482
0.17027	116640
0.17029	2048
