version	total
0.001011	23930
0.001013	71951
