version	total
0.103004	6718
0.103005	249
