version	total
0.008	990
0.006007	3859
0.008002	863
0.008004	737
0.008005	422
0.008006	380
