version	total
4.161950	3646
4.201720	18
