version	total
0.000061	9679
0.000115	6148
0.000116	4930
0.000117	18969
0.000144	2511
0.000145	154501
0.000163	260
