version	total
2.000024	7811
2.000028	2309
2.000029	5532
