version	total
5.20180120	6247
5.20180626	5132
5.20180820	8614
5.20181130	4599
5.20181218	10954
5.20190420	5069
5.20190524	82728
5.20220120	2313
5.20220220	2381
5.20220313	2230
5.20220320	2989
5.20220420	3239
5.20220527	2974
5.20220620	23409
