version	total
1.000019	5923
1.000033	14353
1.000036	83847
1.000037	17307
1.000038	6219
