version	total
4.161950	6477
4.201720	5667
