version	total
1.94	148052
1.99	1934
2.000000	1737
2.001000	1352
2.002000	2328
2.002001	1128
