version	total
1.967013	29778
1.967015	133708
