version	total
0.042	66458
1.000000	22425
1.002001	485428
1.002002	276580
