version	total
2.120921	9217
2.150010	82514
