version	total
1.006900	27437
1.007002	130859
1.007003	62192
