version	total
0.103004	8088
0.103005	1043
0.103006	297
