version	total
2.000001	23753
2.000006	20280
2.000008	64440
2.002004	1991
