version	total
1.000019	6436
1.000033	14936
1.000036	87719
1.000037	17827
1.000038	14452
