version	total
1.302052	7036
1.302075	10376
1.302140	3893
1.302141	3196
1.302156	4114
1.302164	5804
1.302188	842
1.302189	652
1.302190	1834
