version	total
0.100052	7535
0.100054	1782
0.100055	1152
