version	total
1.999813	2313
1.999816	2263
