version	total
0.100052	7971
0.100054	2141
0.100055	1519
