version	total
5.20180120	3725
5.20180626	2825
5.20180820	6305
5.20181130	2351
5.20181218	8062
5.20190420	2747
5.20190524	43561
