version	total
1.20141117	4451
1.20190531	2061
