version	total
0.001011	28105
0.001013	160898
