version	total
1.967013	26393
1.967015	115098
