version	total
1.006900	29752
1.007002	138235
1.007003	80592
