version	total
1.000019	4083
1.000033	12152
1.000036	43680
