version	total
0.001011	28382
0.001013	163470
