version	total
0.002005	4350
0.002006	4246
0.002009	1757
