version	total
2.000001	27947
2.000006	22382
2.000008	123385
2.002004	15753
