version	total
0.204001	1134
0.204003	1118
0.206003	1300
0.207001	784
0.207002	758
