version	total
4.161950	4721
4.201720	847
