version	total
0.001011	28897
0.001013	167361
