version	total
2.005001	18439
2.006003	148431
2.006006	25028
