version	total
0.17024	22454
0.17027	95278
0.17029	1231
