version	total
0.094002	2059
0.094003	1463
