version	total
0.002005	3415
0.002006	3250
0.002009	834
