version	total
1.000019	6123
1.000033	14582
1.000036	85388
1.000037	17519
1.000038	8449
