version	total
1.006900	18825
1.007002	71172
