version	total
0.103004	7760
0.103005	878
0.103006	147
