version	total
1.94	119774
1.99	880
2.000000	736
2.001000	401
2.002000	1191
