version	total
1.000019	5015
1.000033	13368
1.000036	59850
1.000037	12856
