version	total
1.999813	3323
1.999816	3413
1.999829	749
1.999830	654
1.999831	581
1.999832	567
1.999833	571
1.999835	567
1.999836	502
1.999837	503
