version	total
0.042	40870
1.000000	20163
1.002001	178522
