version	total
0.002005	3524
0.002006	3380
0.002009	940
