version	total
2.120921	9357
2.150010	84145
