version	total
4.161950	3893
4.201720	191
