version	total
0.000061	6870
0.000115	4751
0.000116	3536
0.000117	15953
0.000144	1136
0.000145	25337
