version	total
1.20141117	4396
1.20190531	2009
