version	total
1.000019	5091
1.000033	13453
1.000036	72515
1.000037	13978
