version	total
0.204001	1874
0.204003	1856
0.206003	2311
0.207001	1574
0.207002	1547
0.207003	109
