version	total
1.006900	29432
1.007002	137404
1.007003	78346
