version	total
0.17024	26778
0.17027	122838
0.17029	2470
