version	total
0.100052	7920
0.100054	2103
0.100055	1481
