version	total
0.042	63488
1.000000	22179
1.002001	474015
1.002002	256769
