version	total
1.967013	28828
1.967015	128691
