version	total
1.006900	24440
1.007002	118879
1.007003	39646
