version	total
2.005001	14645
2.006003	68463
2.006006	1013
