version	total
0.001011	30506
0.001013	180083
