version	total
1.20141117	2453
1.20190531	187
