version	total
0.008	1683
0.006007	4728
0.008002	1566
0.008004	1443
0.008005	1081
0.008006	1062
0.008007	640
0.008008	230
