version	total
1.003008	5223
1.004000	5442
1.004003	1728
