version	total
0.004010	3191
0.004011	2810
