version	total
0.008	1154
0.006007	4060
0.008002	1027
0.008004	903
0.008005	578
0.008006	556
0.008007	118
