version	total
2.000001	30401
2.000006	23783
2.000008	135731
2.002004	20490
