version	total
1.006900	19097
1.007002	73157
