version	total
0.17024	27735
0.17027	127784
0.17029	2771
