version	total
2.000024	5724
2.000028	826
2.000029	979
