version	total
0.001011	28971
0.001013	168206
