version	total
0.042	50285
1.000000	21562
1.002001	442202
1.002002	210898
