version	total
0.004010	4101
0.004011	3817
