version	total
1.006900	28337
1.007002	134083
1.007003	69152
