version	total
1.003008	5365
1.004000	5585
1.004003	1859
