version	total
0.094002	1778
0.094003	1180
