version	total
0.000061	8534
0.000115	5648
0.000116	4433
0.000117	17960
0.000144	2015
0.000145	127500
