version	total
1.000019	5277
1.000033	13645
1.000036	78489
1.000037	16126
