version	total
1.000005	20705
1.002002	7277
1.004002	6314
1.004003	3665
1.004004	109697
1.012004	1295
1.012005	889
1.014000	854
1.016002	762
1.016006	927
