version	total
5.20180120	4542
5.20180626	3570
5.20180820	7051
5.20181130	3049
5.20181218	9082
5.20190420	3498
5.20190524	54992
5.20220120	804
5.20220220	868
5.20220313	727
5.20220320	1472
5.20220420	1725
5.20220527	1465
5.20220620	9355
