version	total
1.003008	5243
1.004000	5463
1.004003	1749
