version	total
0.000061	6731
0.000115	4661
0.000116	3448
0.000117	15707
0.000144	1053
0.000145	20578
