version	total
0.103004	8285
0.103005	1160
0.103006	450
