version	total
1.94	138595
1.99	1469
2.000000	1278
2.001000	910
2.002000	1831
2.002001	536
