version	total
1.100602	6802
1.100603	1186
