version	total
2.120921	9659
2.150010	88676
