version	total
2.005001	17550
2.006003	138325
2.006006	18641
