version	total
1.000019	6360
1.000033	14845
1.000036	87151
1.000037	17758
1.000038	13062
