version	total
2.000002	5763
2.001000	36257
2.003004	167329
2.005004	27535
