version	total
0.004010	5202
0.004011	4979
