version	total
0.042	55677
1.000000	21933
1.002001	461554
1.002002	239547
