version	total
0.008	1988
0.006007	5050
0.008002	1875
0.008004	1751
0.008005	1382
0.008006	1362
0.008007	944
0.008008	571
0.008009	165
