version	total
1.967013	22053
1.967015	64971
