version	total
1.100602	6189
1.100603	636
