version	total
0.004010	5275
0.004011	5061
