version	total
0.17024	29632
0.17027	135879
0.17029	3364
0.17030	17
