version	total
1.003008	5491
1.004000	5716
1.004003	1974
