version	total
0.001011	27339
0.001013	154448
