version	total
0.042	51837
1.000000	21671
1.002001	448599
1.002002	226239
