version	total
0.008	2046
0.006007	5107
0.008002	1933
0.008004	1809
0.008005	1439
0.008006	1419
0.008007	1001
0.008008	628
0.008009	223
