version	total
0.008	1389
0.006007	4375
0.008002	1262
0.008004	1141
0.008005	797
0.008006	778
0.008007	355
