version	total
0.100052	7171
0.100054	1467
0.100055	831
