version	total
1.967013	30128
1.967015	135381
