version	total
0.204001	281
0.204003	262
0.206003	309
