version	total
0.100052	6257
0.100054	860
0.100055	189
