version	total
1.100602	6023
1.100603	513
