version	total
2.120921	8775
2.150010	77862
