version	total
0.100052	8033
0.100054	2176
0.100055	1559
