version	total
2.000002	4714
2.001000	31776
2.003004	146529
2.005004	15971
