version	total
1.000019	6101
1.000033	14555
1.000036	85233
1.000037	17493
1.000038	8133
