version	total
5.20180120	5160
5.20180626	4130
5.20180820	7609
5.20181130	3600
5.20181218	9746
5.20190420	4058
5.20190524	76384
5.20220120	1340
5.20220220	1405
5.20220313	1260
5.20220320	2010
5.20220420	2263
5.20220527	1999
5.20220620	14032
