version	total
2.005001	16138
2.006003	120730
2.006006	13546
