version	total
1.006900	27269
1.007002	130019
1.007003	60248
