version	total
0.17024	29833
0.17027	136700
0.17029	3407
0.17030	84
