version	total
2.000002	2880
2.001000	23229
2.003004	61636
