version	total
0.103004	9562
0.103005	2164
0.103006	1480
