version	total
2.005001	16369
2.006003	124535
2.006006	14496
