version	total
1.302052	8216
1.302075	12010
1.302140	4670
1.302141	3972
1.302156	4907
1.302164	7602
1.302188	1631
1.302189	1404
1.302190	3728
