version	total
0.001011	30639
0.001013	180963
