version	total
0.042	41481
1.000000	20341
1.002001	278776
