version	total
1.999813	3412
1.999816	3510
1.999829	835
1.999830	740
1.999831	667
1.999832	653
1.999833	657
1.999835	653
1.999836	588
1.999837	589
1.999838	77
