version	total
0.100052	6978
0.100054	1300
0.100055	661
