version	total
1.967013	21935
1.967015	63171
