version	total
0.094002	1652
0.094003	1054
