version	total
1.003008	3049
1.004000	2800
