version	total
1.999813	3319
1.999816	3409
1.999829	745
1.999830	650
1.999831	577
1.999832	563
1.999833	567
1.999835	563
1.999836	498
1.999837	499
