version	total
1.20141117	3724
1.20190531	1351
