version	total
0.204001	2073
0.204003	2051
0.206003	2763
0.207001	1996
0.207002	1967
0.207003	536
