version	total
0.103004	8531
0.103005	1342
0.103006	637
