version	total
2.120921	7330
2.150010	28518
