version	total
2.000024	6794
2.000028	1589
2.000029	2895
