version	total
1.000005	19826
1.002002	7064
1.004002	6096
1.004003	3448
1.004004	103778
1.012004	1100
1.012005	693
1.014000	659
1.016002	570
1.016006	716
