version	total
2.000002	4020
2.001000	27982
2.003004	107396
2.005004	10204
