version	total
0.204001	1292
0.204003	1276
0.206003	1493
0.207001	942
0.207002	916
