version	total
0.042	49607
1.000000	21539
1.002001	440575
1.002002	209583
