version	total
2.005001	18087
2.006003	144030
2.006006	21915
