version	total
2.000002	3282
2.001000	24307
2.003004	72524
