version	total
2.005001	16248
2.006003	122370
2.006006	13993
