version	total
4.161950	4740
4.201720	867
