version	total
1.000019	3765
1.000033	11726
1.000036	39879
