version	total
2.120921	9704
2.150010	89361
