version	total
0.004010	3170
0.004011	2781
