version	total
0.008	1825
0.006007	4878
0.008002	1711
0.008004	1588
0.008005	1223
0.008006	1204
0.008007	783
0.008008	397
