version	total
0.001011	29777
0.001013	174777
