version	total
0.002005	4225
0.002006	4116
0.002009	1631
