version	total
5.20180120	5622
5.20180626	4569
5.20180820	8049
5.20181130	4037
5.20181218	10280
5.20190420	4503
5.20190524	78936
5.20220120	1765
5.20220220	1834
5.20220313	1684
5.20220320	2441
5.20220420	2691
5.20220527	2431
5.20220620	17350
