version	total
0.008	1276
0.006007	4220
0.008002	1149
0.008004	1026
0.008005	692
0.008006	670
0.008007	244
