version	total
1.302052	8612
1.302075	12776
1.302140	5007
1.302141	4309
1.302156	5248
1.302164	8273
1.302188	1971
1.302189	1740
1.302190	4557
