version	total
1.302052	7392
1.302075	10865
1.302140	4116
1.302141	3420
1.302156	4347
1.302164	6411
1.302188	1058
1.302189	865
1.302190	2350
