version	total
1.003008	5336
1.004000	5557
1.004003	1834
