version	total
1.003008	3025
1.004000	2770
