version	total
0.17024	24175
0.17027	107557
0.17029	1702
