version	total
1.94	158831
1.99	2419
2.000000	2194
2.001000	1791
2.002000	2863
2.002001	1653
2.003000	538
