version	total
1.006900	22817
1.007002	109736
1.007003	27528
