version	total
1.100602	6208
1.100603	650
