version	total
1.000019	4989
1.000033	13343
1.000036	58152
1.000037	12558
