version	total
0.000061	6831
0.000115	4722
0.000116	3507
0.000117	15853
0.000144	1108
0.000145	22807
