version	total
1.967013	30999
1.967015	139305
