version	total
1.967013	27680
1.967015	122747
