version	total
0.004010	5064
0.004011	4827
