version	total
0.100003	4064
0.100005	967
0.100006	377
