version	total
0.204001	1836
0.204003	1818
0.206003	2256
0.207001	1521
0.207002	1493
0.207003	56
