version	total
1.20141117	3885
1.20190531	1513
