version	total
2.000002	5594
2.001000	35420
2.003004	164085
2.005004	25793
