version	total
1.003008	5535
1.004000	5764
1.004003	2019
