version	total
1.003008	4397
1.004000	4575
1.004003	946
