version	total
0.042	62976
1.000000	22156
1.002001	472783
1.002002	254744
