version	total
0.004010	4622
0.004011	4372
