version	total
0.000061	7247
0.000115	4985
0.000116	3772
0.000117	16444
0.000144	1364
0.000145	39822
