version	total
1.003008	4745
1.004000	4944
1.004003	1262
