version	total
4.161950	7141
4.201720	8864
