version	total
0.001011	32465
0.001013	196718
