version	total
2.120921	8819
2.150010	78318
