version	total
1.100602	5950
1.100603	447
