version	total
0.042	41577
1.000000	20378
1.002001	292577
