version	total
2.000002	3299
2.001000	24355
2.003004	72999
