version	total
5.20180120	5541
5.20180626	4491
5.20180820	7970
5.20181130	3959
5.20181218	10182
5.20190420	4424
5.20190524	78419
5.20220120	1687
5.20220220	1755
5.20220313	1606
5.20220320	2360
5.20220420	2612
5.20220527	2352
5.20220620	16666
