version	total
5.20180120	3755
5.20180626	2855
5.20180820	6335
5.20181130	2364
5.20181218	8106
5.20190420	2779
5.20190524	43948
