version	total
2.000002	4710
2.001000	31752
2.003004	146429
2.005004	15948
