version	total
0.100003	4769
0.100005	1628
0.100006	1042
