version	total
0.002005	2158
0.002006	1718
