version	total
2.005001	18684
2.006003	150912
2.006006	26826
