version	total
1.003008	2966
1.004000	2685
