version	total
1.94	122667
1.99	969
2.000000	821
2.001000	481
2.002000	1295
