version	total
0.100052	6711
0.100054	1110
0.100055	460
