version	total
0.100003	3087
0.100005	87
