version	total
4.161950	6458
4.201720	5588
