version	total
2.005001	15859
2.006003	99532
2.006006	11359
