version	total
0.001011	29332
0.001013	171128
