version	total
0.204001	972
0.204003	955
0.206003	1114
0.207001	620
0.207002	594
