version	total
1.94	154393
1.99	2198
2.000000	1991
2.001000	1600
2.002000	2625
2.002001	1428
2.003000	263
