version	total
1.302052	5623
1.302075	8972
1.302140	3010
1.302141	2314
1.302156	3210
1.302164	3419
