version	total
0.100052	7042
0.100054	1352
0.100055	714
