version	total
0.001011	30134
0.001013	178003
