version	total
2.120921	8635
2.150010	76319
