version	total
0.100003	3864
0.100005	789
0.100006	197
