version	total
1.302052	9041
1.302075	13620
1.302140	5343
1.302141	4638
1.302156	5583
1.302164	8882
1.302188	2299
1.302189	2063
1.302190	5709
