version	total
1.302052	5348
1.302075	8698
1.302140	2776
1.302141	2082
1.302156	2974
1.302164	2961
