version	total
1.000005	19379
1.002002	6967
1.004002	5997
1.004003	3349
1.004004	100887
1.012004	1006
1.012005	600
1.014000	566
1.016002	479
1.016006	617
