version	total
2.000001	28931
2.000006	22875
2.000008	129220
2.002004	17524
