version	total
0.001011	32772
0.001013	198750
