version	total
2.000024	7147
2.000028	1871
2.000029	3781
