version	total
1.006900	22921
1.007002	110436
1.007003	28361
