version	total
0.000061	7203
0.000115	4962
0.000116	3749
0.000117	16404
0.000144	1344
0.000145	36903
