version	total
0.204001	422
0.204003	404
0.206003	470
0.207001	50
0.207002	28
