version	total
1.94	139784
1.99	1523
2.000000	1329
2.001000	954
2.002000	1888
2.002001	601
