version	total
1.94	137102
1.99	1420
2.000000	1227
2.001000	862
2.002000	1777
2.002001	472
