version	total
2.000024	6802
2.000028	1594
2.000029	2917
