version	total
2.000002	5711
2.001000	35887
2.003004	165866
2.005004	26782
