version	total
2.120921	9623
2.150010	88019
