version	total
1.94	163274
1.99	2639
2.000000	2378
2.001000	1953
2.002000	3090
2.002001	1884
2.003000	910
