version	total
1.20141117	4667
1.20190531	2267
