version	total
2.000024	6096
2.000028	1052
2.000029	1544
