version	total
2.005001	16733
2.006003	130994
2.006006	16204
