version	total
0.002005	3188
0.002006	3001
0.002009	610
