version	total
1.20141117	5072
1.20190531	2557
