version	total
0.001011	26497
0.001013	127563
