version	total
0.204001	2062
0.204003	2041
0.206003	2741
0.207001	1974
0.207002	1946
0.207003	512
