version	total
0.002005	3753
0.002006	3631
0.002009	1170
