version	total
2.000002	4981
2.001000	32910
2.003004	151449
2.005004	17564
