version	total
2.120921	7741
2.150010	34491
