version	total
5.20180120	5561
5.20180626	4511
5.20180820	7990
5.20181130	3979
5.20181218	10206
5.20190420	4444
5.20190524	78565
5.20220120	1707
5.20220220	1775
5.20220313	1626
5.20220320	2381
5.20220420	2632
5.20220527	2372
5.20220620	16808
