version	total
1.003008	4287
1.004000	4464
1.004003	851
