version	total
1.000005	23363
1.002002	7973
1.004002	7012
1.004003	4363
1.004004	124250
1.012004	1983
1.012005	1576
1.014000	1545
1.016002	1440
1.016006	1682
