version	total
0.204001	2109
0.204003	2087
0.206003	2869
0.207001	2091
0.207002	2063
0.207003	634
