version	total
0.100003	3976
0.100005	884
0.100006	295
