version	total
1.967013	27027
1.967015	119082
