version	total
0.004010	3377
0.004011	3011
