version	total
1.003008	5088
1.004000	5303
1.004003	1595
