version	total
0.17024	25949
0.17027	119370
0.17029	2162
