version	total
2.000001	28182
2.000006	22494
2.000008	125124
2.002004	16286
