version	total
1.006900	25735
1.007002	124355
1.007003	48982
