version	total
2.000001	27113
2.000006	22002
2.000008	117706
2.002004	14334
