version	total
2.000001	23044
2.000006	19813
2.000008	58611
