version	total
0.103004	8176
0.103005	1085
0.103006	358
