version	total
1.006900	26327
1.007002	126274
1.007003	51660
