version	total
0.103004	7449
0.103005	682
