version	total
2.000001	26628
2.000006	21776
2.000008	114583
2.002004	13559
