version	total
0.008	2254
0.006007	5336
0.008002	2143
0.008004	2018
0.008005	1642
0.008006	1621
0.008007	1204
0.008008	831
0.008009	429
