version	total
2.000002	4358
2.001000	29834
2.003004	135794
2.005004	13308
