version	total
0.103004	6622
0.103005	179
