version	total
1.94	130469
1.99	1219
2.000000	1043
2.001000	686
2.002000	1577
2.002001	218
