version	total
1.967013	25542
1.967015	109040
