version	total
0.042	68552
1.000000	22605
1.002001	492339
1.002002	289694
