version	total
2.000024	6393
2.000028	1280
2.000029	2137
