version	total
0.001011	28288
0.001013	162684
