version	total
2.000001	22231
2.000006	19068
2.000008	48280
