version	total
0.100052	6150
0.100054	792
0.100055	120
