version	total
1.302052	7939
1.302075	11615
1.302140	4466
1.302141	3768
1.302156	4702
1.302164	7229
1.302188	1429
1.302189	1202
1.302190	3224
