version	total
1.967013	27877
1.967015	123575
