version	total
0.204001	1744
0.204003	1726
0.206003	2134
0.207001	1410
0.207002	1382
