version	total
0.103004	8144
0.103005	1062
0.103006	316
