version	total
1.94	159366
1.99	2456
2.000000	2223
2.001000	1817
2.002000	2900
2.002001	1693
2.003000	607
