version	total
5.20180120	5278
5.20180626	4243
5.20180820	7722
5.20181130	3713
5.20181218	9882
5.20190420	4172
5.20190524	77111
5.20220120	1443
5.20220220	1511
5.20220313	1364
5.20220320	2115
5.20220420	2368
5.20220527	2105
5.20220620	14954
