version	total
1.999813	4534
1.999816	4712
1.999829	1929
1.999830	1834
1.999831	1756
1.999832	1747
1.999833	1748
1.999835	1746
1.999836	1683
1.999837	1683
1.999838	1176
1.999839	961
1.999841	823
1.999842	816
2.000000	774
2.001000	738
2.001001	720
2.002000	702
2.002001	688
2.003001	518
2.003002	501
2.003003	240
