version	total
0.042	53101
1.000000	21763
1.002001	456380
1.002002	233851
