version	total
1.006900	18827
1.007002	71271
