version	total
0.100003	3880
0.100005	802
0.100006	211
