version	total
1.000005	24904
1.002002	8330
1.004002	7366
1.004003	4717
1.004004	131376
1.012004	2329
1.012005	1920
1.014000	1889
1.016002	1782
1.016006	2083
