version	total
2.000001	30459
2.000006	23806
2.000008	136001
2.002004	20649
