version	total
0.042	55400
1.000000	21917
1.002001	461109
1.002002	239038
