version	total
0.042	53845
1.000000	21814
1.002001	458235
1.002002	235808
