version	total
0.002005	3814
0.002006	3695
0.002009	1226
