version	total
1.000005	22749
1.002002	7815
1.004002	6853
1.004003	4204
1.004004	120813
1.012004	1824
1.012005	1416
1.014000	1387
1.016002	1284
1.016006	1502
