version	total
1.302052	8370
1.302075	12286
1.302140	4792
1.302141	4094
1.302156	5031
1.302164	7858
1.302188	1751
1.302189	1525
1.302190	3980
