version	total
0.094002	1571
0.094003	976
