version	total
1.003008	4636
1.004000	4832
1.004003	1165
