version	total
1.999813	2377
1.999816	2350
