version	total
0.000061	5546
0.000115	3808
0.000116	2591
0.000117	13570
