version	total
0.002005	2502
0.002006	2068
