version	total
2.120921	9290
2.150010	83349
