version	total
0.103004	9532
0.103005	2143
0.103006	1457
