version	total
0.204001	1927
0.204003	1909
0.206003	2423
0.207001	1680
0.207002	1653
0.207003	216
