version	total
2.000002	5733
2.001000	35983
2.003004	166239
2.005004	26999
