version	total
1.302052	5459
1.302075	8803
1.302140	2866
1.302141	2173
1.302156	3068
1.302164	3095
