version	total
2.000001	31330
2.000006	24159
2.000008	140626
2.002004	23744
