version	total
0.094002	1723
0.094003	1124
