version	total
1.100602	6184
1.100603	633
