version	total
1.94	154288
1.99	2190
2.000000	1983
2.001000	1592
2.002000	2617
2.002001	1420
2.003000	250
