version	total
0.042	41398
1.000000	20310
1.002001	251085
