version	total
0.103004	6627
0.103005	183
