version	total
1.006900	21494
1.007002	101506
1.007003	17699
