version	total
0.042	41174
1.000000	20249
1.002001	208582
