version	total
1.999813	4612
1.999816	4797
1.999829	2003
1.999830	1906
1.999831	1829
1.999832	1819
1.999833	1821
1.999835	1819
1.999836	1755
1.999837	1755
1.999838	1248
1.999839	1033
1.999841	895
1.999842	888
2.000000	854
2.001000	818
2.001001	800
2.002000	783
2.002001	769
2.003001	559
2.003002	542
2.003003	286
