version	total
1.302052	5743
1.302075	9106
1.302140	3108
1.302141	2412
1.302156	3309
1.302164	3665
