version	total
2.005001	16034
2.006003	116463
2.006006	12735
