version	total
0.042	57445
1.000000	21998
1.002001	463925
1.002002	241865
