version	total
0.000061	7568
0.000115	5139
0.000116	3927
0.000117	16777
0.000144	1520
0.000145	49973
