version	total
2.120921	8952
2.150010	79824
