version	total
1.003008	4109
1.004000	4262
1.004003	695
