version	total
5.20180120	4835
5.20180626	3833
5.20180820	7313
5.20181130	3313
5.20181218	9387
5.20190420	3760
5.20190524	74083
5.20220120	1060
5.20220220	1125
5.20220313	979
5.20220320	1725
5.20220420	1978
5.20220527	1719
5.20220620	12241
