version	total
1.000019	6026
1.000033	14464
1.000036	84589
1.000037	17411
1.000038	7205
