version	total
2.000024	7127
2.000028	1857
2.000029	3739
