version	total
2.000002	3229
2.001000	24104
2.003004	70822
