version	total
2.000001	31023
2.000006	24064
2.000008	139106
2.002004	22830
