version	total
1.000005	24358
1.002002	8206
1.004002	7244
1.004003	4593
1.004004	129003
1.012004	2209
1.012005	1799
1.014000	1769
1.016002	1663
1.016006	1939
