version	total
0.000061	9971
0.000115	6271
0.000116	5053
0.000117	19226
0.000144	2629
0.000145	157637
0.000163	384
