version	total
4.161950	4745
4.201720	871
