version	total
2.000002	5291
2.001000	34100
2.003004	158065
2.005004	21463
