version	total
2.120921	8987
2.150010	80156
