version	total
1.302052	8292
1.302075	12125
1.302140	4729
1.302141	4031
1.302156	4967
1.302164	7741
1.302188	1688
1.302189	1462
1.302190	3835
