version	total
0.008	1134
0.006007	4033
0.008002	1007
0.008004	882
0.008005	559
0.008006	537
0.008007	99
