version	total
0.008	2397
0.006007	5490
0.008002	2285
0.008004	2160
0.008005	1778
0.008006	1756
0.008007	1340
0.008008	968
0.008009	569
