version	total
0.094002	1271
0.094003	679
