version	total
1.100602	5355
1.100603	52
