version	total
1.006900	25782
1.007002	124478
1.007003	49169
