version	total
4.161950	7320
4.201720	9647
