version	total
1.003008	3442
1.004000	3400
1.004003	70
