version	total
0.204001	1865
0.204003	1847
0.206003	2295
0.207001	1558
0.207002	1531
0.207003	93
