version	total
2.120921	10076
2.150010	93585
