version	total
0.042	50330
1.000000	21566
1.002001	442424
1.002002	211062
