version	total
2.000024	6659
2.000028	1487
2.000029	2658
