version	total
2.000002	3428
2.001000	24723
2.003004	76732
