version	total
1.94	142025
1.99	1594
2.000000	1399
2.001000	1022
2.002000	1967
2.002001	698
