version	total
1.967013	30880
1.967015	138692
