version	total
1.000019	5831
1.000033	14246
1.000036	83363
1.000037	17213
1.000038	5414
