version	total
0.004010	5038
0.004011	4798
