version	total
2.120921	9590
2.150010	87683
