version	total
1.003008	5066
1.004000	5280
1.004003	1576
