version	total
1.302052	8888
1.302075	13358
1.302140	5227
1.302141	4526
1.302156	5469
1.302164	8678
1.302188	2186
1.302189	1952
1.302190	5268
