version	total
1.006900	27697
1.007002	131617
1.007003	64088
