version	total
0.000061	8092
0.000115	5421
0.000116	4207
0.000117	17374
0.000144	1792
0.000145	106925
