version	total
1.999813	3186
1.999816	3260
1.999829	618
1.999830	523
1.999831	450
1.999832	436
1.999833	440
1.999835	436
1.999836	371
1.999837	370
