version	total
0.17024	23449
0.17027	102797
0.17029	1524
