version	total
0.100003	4184
0.100005	1077
0.100006	488
