version	total
2.120921	9906
2.150010	91998
