version	total
2.000001	29771
2.000006	23454
2.000008	132812
2.002004	18839
