version	total
1.003008	5573
1.004000	5804
1.004003	2055
