version	total
2.005001	16973
2.006003	133928
2.006006	17097
