version	total
0.000061	8920
0.000115	5820
0.000116	4605
0.000117	18340
0.000144	2188
0.000145	141979
