version	total
2.120921	7234
2.150010	27560
