version	total
2.120921	9180
2.150010	82256
