version	total
1.006900	27055
1.007002	129070
1.007003	57968
