version	total
1.006900	26547
1.007002	127088
1.007003	53355
