version	total
0.100003	5326
0.100005	2128
0.100006	1542
