version	total
1.967013	30614
1.967015	137540
