version	total
1.100602	7147
1.100603	1504
