version	total
0.002005	3240
0.002006	3055
0.002009	662
