version	total
2.005001	16981
2.006003	133997
2.006006	17124
