version	total
1.003008	5152
1.004000	5371
1.004003	1660
