version	total
4.161950	5006
4.201720	1137
