version	total
2.000001	33533
2.000006	24984
2.000008	148407
2.002004	29114
