version	total
0.17024	24887
0.17027	112639
0.17029	1885
