version	total
0.103004	8437
0.103005	1260
0.103006	554
