version	total
0.000061	8985
0.000115	5847
0.000116	4632
0.000117	18401
0.000144	2214
0.000145	144246
