version	total
0.002005	4780
0.002006	4713
0.002009	2169
