version	total
1.000019	4124
1.000033	12214
1.000036	44520
