version	total
0.042	47375
1.000000	21331
1.002001	424225
1.002002	197592
