version	total
1.000019	5565
1.000033	13936
1.000036	81169
1.000037	16871
1.000038	2332
