version	total
0.008	2214
0.006007	5292
0.008002	2103
0.008004	1978
0.008005	1604
0.008006	1583
0.008007	1166
0.008008	793
0.008009	392
