version	total
1.000005	22642
1.002002	7786
1.004002	6822
1.004003	4173
1.004004	120202
1.012004	1794
1.012005	1386
1.014000	1355
1.016002	1256
1.016006	1469
