version	total
0.000061	10090
0.000115	6323
0.000116	5103
0.000117	19331
0.000144	2681
0.000145	168633
0.000163	436
