version	total
0.008	1743
0.006007	4791
0.008002	1627
0.008004	1504
0.008005	1141
0.008006	1122
0.008007	700
0.008008	296
