version	total
4.161950	6291
4.201720	4766
