version	total
1.000005	18627
1.002002	6790
1.004002	5819
1.004003	3170
1.004004	95203
1.012004	831
1.012005	425
1.014000	392
1.016002	310
1.016006	432
