version	total
0.042	46653
1.000000	21249
1.002001	417350
1.002002	193372
