version	total
1.302052	8577
1.302075	12700
1.302140	4975
1.302141	4277
1.302156	5216
1.302164	8211
1.302188	1935
1.302189	1708
1.302190	4451
