version	total
1.000019	3861
1.000033	11861
1.000036	40918
