version	total
1.100602	6321
1.100603	739
