version	total
4.161950	4970
4.201720	1080
