version	total
0.17024	29927
0.17027	137031
0.17029	3420
0.17030	106
