version	total
2.005001	14302
2.006003	64389
