version	total
1.006900	28094
1.007002	133358
1.007003	67260
