version	total
1.94	141731
1.99	1589
2.000000	1395
2.001000	1018
2.002000	1961
2.002001	688
