version	total
2.000001	22729
2.000006	19519
2.000008	55142
