version	total
1.999813	4676
1.999816	4871
1.999829	2063
1.999830	1967
1.999831	1889
1.999832	1879
1.999833	1882
1.999835	1879
1.999836	1815
1.999837	1816
1.999838	1309
1.999839	1094
1.999841	955
1.999842	949
2.000000	932
2.001000	896
2.001001	879
2.002000	859
2.002001	846
2.003001	591
2.003002	574
2.003003	318
2.003004	25
