version	total
1.000005	16583
1.002002	5996
1.004002	5046
1.004003	2395
1.004004	61864
