version	total
2.000001	22431
2.000006	19246
2.000008	50703
