version	total
2.000001	32204
2.000006	24523
2.000008	143878
2.002004	26414
