version	total
0.000061	6068
0.000115	4217
0.000116	3002
0.000117	14530
0.000144	191
