version	total
0.004010	4292
0.004011	4028
