version	total
0.002005	4696
0.002006	4616
0.002009	2091
