version	total
1.302052	7796
1.302075	11415
1.302140	4363
1.302141	3667
1.302156	4600
1.302164	6989
1.302188	1334
1.302189	1111
1.302190	3003
