version	total
0.001011	26582
0.001013	128887
