version	total
1.003008	5749
1.004000	5987
1.004003	2202
