version	total
5.20180120	5775
5.20180626	4719
5.20180820	8199
5.20181130	4186
5.20181218	10456
5.20190420	4653
5.20190524	80009
5.20220120	1915
5.20220220	1984
5.20220313	1834
5.20220320	2590
5.20220420	2841
5.20220527	2580
5.20220620	19150
