version	total
0.002005	2689
0.002006	2313
0.002009	78
