version	total
0.094002	910
0.094003	313
