version	total
2.005001	14396
2.006003	65530
