version	total
0.008	2042
0.006007	5103
0.008002	1929
0.008004	1805
0.008005	1435
0.008006	1415
0.008007	997
0.008008	624
0.008009	219
