version	total
2.000002	4198
2.001000	29002
2.003004	131276
2.005004	12156
