version	total
2.000024	6613
2.000028	1446
2.000029	2587
