version	total
0.17024	30023
0.17027	137474
0.17029	3437
0.17030	137
