version	total
1.100602	6175
1.100603	624
