version	total
0.042	42029
1.000000	20501
1.002001	318104
1.002002	10118
