version	total
0.008	3184
0.006007	5745
0.008002	2816
0.008004	2661
0.008005	1997
0.008006	1975
0.008007	1560
0.008008	1185
0.008009	793
