version	total
4.161950	7060
4.201720	8443
