version	total
0.100052	7541
0.100054	1788
0.100055	1158
