version	total
0.042	59563
1.000000	22044
1.002001	466132
1.002002	244643
