version	total
0.100003	3058
0.100005	59
