version	total
2.000001	31652
2.000006	24291
2.000008	141819
2.002004	24730
