version	total
2.000002	5201
2.001000	33783
2.003004	155931
2.005004	20100
