version	total
0.000061	7421
0.000115	5063
0.000116	3849
0.000117	16611
0.000144	1435
0.000145	44729
