version	total
1.000005	16217
1.002002	5749
1.004002	4797
1.004003	2145
1.004004	55825
