version	total
1.000005	18930
1.002002	6868
1.004002	5896
1.004003	3248
1.004004	97434
1.012004	909
1.012005	503
1.014000	467
1.016002	383
1.016006	517
