version	total
0.17024	20721
0.17027	65649
