version	total
0.002005	2395
0.002006	1955
