version	total
1.94	162295
1.99	2590
2.000000	2337
2.001000	1919
2.002000	3038
2.002001	1830
2.003000	798
