version	total
5.20180120	5902
5.20180626	4835
5.20180820	8317
5.20181130	4302
5.20181218	10591
5.20190420	4770
5.20190524	80692
5.20220120	2027
5.20220220	2096
5.20220313	1946
5.20220320	2702
5.20220420	2954
5.20220527	2693
5.20220620	20617
