version	total
2.000024	6434
2.000028	1307
2.000029	2202
