version	total
0.103004	8387
0.103005	1222
0.103006	514
