version	total
0.001011	30099
0.001013	177686
