version	total
0.042	42102
1.000000	20526
1.002001	319409
1.002002	16852
