version	total
2.000002	4291
2.001000	29506
2.003004	133991
2.005004	12905
