version	total
0.002005	4096
0.002006	3985
0.002009	1502
