version	total
0.103004	8753
0.103005	1507
0.103006	805
