version	total
0.100003	3281
0.100005	259
