version	total
1.100602	7139
1.100603	1498
