version	total
1.302052	7447
1.302075	10952
1.302140	4147
1.302141	3451
1.302156	4380
1.302164	6508
1.302188	1090
1.302189	895
1.302190	2434
