version	total
5.20180120	5293
5.20180626	4258
5.20180820	7737
5.20181130	3729
5.20181218	9901
5.20190420	4187
5.20190524	77250
5.20220120	1460
5.20220220	1528
5.20220313	1381
5.20220320	2132
5.20220420	2385
5.20220527	2122
5.20220620	15157
