version	total
5.20180120	4613
5.20180626	3636
5.20180820	7117
5.20181130	3116
5.20181218	9158
5.20190420	3564
5.20190524	64580
5.20220120	869
5.20220220	932
5.20220313	790
5.20220320	1536
5.20220420	1788
5.20220527	1532
5.20220620	10295
