version	total
1.006900	28622
1.007002	135022
1.007003	71710
