version	total
4.161950	6062
4.201720	4131
