version	total
0.008	4223
0.006007	5794
0.008002	3371
0.008004	3230
0.008005	2038
0.008006	2016
0.008007	1601
0.008008	1226
0.008009	834
