version	total
1.999813	3627
1.999816	3750
1.999829	1049
1.999830	954
1.999831	881
1.999832	867
1.999833	871
1.999835	867
1.999836	802
1.999837	803
1.999838	297
1.999839	77
