version	total
0.004010	4513
0.004011	4258
