version	total
4.161950	6895
4.201720	7721
