version	total
1.302052	8078
1.302075	11847
1.302140	4565
1.302141	3867
1.302156	4803
1.302164	7416
1.302188	1528
1.302189	1300
1.302190	3531
