version	total
0.094002	1052
0.094003	458
