version	total
2.000024	6119
2.000028	1068
2.000029	1586
