version	total
1.003008	5688
1.004000	5918
1.004003	2151
