version	total
1.000019	5095
1.000033	13458
1.000036	74132
1.000037	14093
