version	total
1.000019	6051
1.000033	14491
1.000036	84769
1.000037	17437
1.000038	7432
