version	total
1.20141117	2308
1.20190531	112
