version	total
0.042	49261
1.000000	21516
1.002001	438494
1.002002	208039
