version	total
1.302052	6878
1.302075	10220
1.302140	3802
1.302141	3107
1.302156	4022
1.302164	5629
1.302188	752
1.302189	563
1.302190	1641
