version	total
2.000024	6521
2.000028	1373
2.000029	2405
