version	total
4.161950	6730
4.201720	6807
