version	total
0.094002	1764
0.094003	1166
