version	total
0.204001	2047
0.204003	2026
0.206003	2700
0.207001	1938
0.207002	1910
0.207003	476
