version	total
2.000001	22801
2.000006	19593
2.000008	55864
