version	total
1.006900	26676
1.007002	127582
1.007003	54529
