version	total
2.000001	22305
2.000006	19140
2.000008	48993
