version	total
2.005001	18378
2.006003	147875
2.006006	24608
