version	total
0.100052	6724
0.100054	1120
0.100055	471
