version	total
1.003008	4909
1.004000	5116
1.004003	1423
