version	total
0.001011	30036
0.001013	177126
