version	total
1.967013	21892
1.967015	62547
