version	total
2.120921	9578
2.150010	87486
