version	total
0.000061	8704
0.000115	5727
0.000116	4512
0.000117	18120
0.000144	2093
0.000145	133266
