version	total
2.120921	8480
2.150010	74110
