version	total
0.000061	7547
0.000115	5124
0.000116	3912
0.000117	16749
0.000144	1502
0.000145	48381
