version	total
0.000061	9518
0.000115	6071
0.000116	4856
0.000117	18804
0.000144	2438
0.000145	152210
0.000163	186
