version	total
0.002005	4081
0.002006	3970
0.002009	1487
