version	total
1.000005	18581
1.002002	6784
1.004002	5813
1.004003	3164
1.004004	95017
1.012004	825
1.012005	419
1.014000	386
1.016002	304
1.016006	425
