version	total
0.204001	1223
0.204003	1207
0.206003	1415
0.207001	873
0.207002	848
