version	total
0.002005	2576
0.002006	2140
