version	total
2.005001	16918
2.006003	133125
2.006006	16843
