version	total
4.161950	4562
4.201720	698
