version	total
1.003008	4002
1.004000	4133
1.004003	594
