version	total
0.103004	9668
0.103005	2249
0.103006	1564
