version	total
0.103004	8758
0.103005	1511
0.103006	809
