version	total
2.000024	5337
2.000028	629
2.000029	680
