version	total
5.20180120	4871
5.20180626	3865
5.20180820	7344
5.20181130	3345
5.20181218	9429
5.20190420	3792
5.20190524	74342
5.20220120	1089
5.20220220	1154
5.20220313	1008
5.20220320	1756
5.20220420	2007
5.20220527	1748
5.20220620	12423
