version	total
1.006900	26253
1.007002	126007
1.007003	51286
