version	total
2.120921	8361
2.150010	55570
