version	total
2.005001	17731
2.006003	140029
2.006006	19331
