version	total
0.204001	2036
0.204003	2015
0.206003	2670
0.207001	1912
0.207002	1885
0.207003	450
