version	total
4.161950	4608
4.201720	753
