version	total
2.120921	8559
2.150010	75468
