version	total
0.000061	5891
0.000115	4115
0.000116	2899
0.000117	14259
