version	total
1.302052	6989
1.302075	10323
1.302140	3859
1.302141	3164
1.302156	4081
1.302164	5751
1.302188	810
1.302189	620
1.302190	1774
