version	total
1.20141117	3486
1.20190531	1134
