version	total
2.005001	14830
2.006003	71817
2.006006	2336
