version	total
0.001011	30594
0.001013	180622
