version	total
1.967013	24412
1.967015	100933
