version	total
2.000002	5516
2.001000	35091
2.003004	162590
2.005004	24840
