version	total
0.004010	5432
0.004011	5243
