version	total
5.20180120	6301
5.20180626	5174
5.20180820	8657
5.20181130	4641
5.20181218	11005
5.20190420	5110
5.20190524	83131
5.20220120	2350
5.20220220	2418
5.20220313	2266
5.20220320	3027
5.20220420	3276
5.20220527	3011
5.20220620	23826
