version	total
2.000002	4233
2.001000	29223
2.003004	132714
2.005004	12568
