version	total
1.003008	4971
1.004000	5183
1.004003	1482
