version	total
1.967013	27571
1.967015	122300
