version	total
1.302052	6793
1.302075	10123
1.302140	3757
1.302141	3062
1.302156	3976
1.302164	5527
1.302188	709
1.302189	522
1.302190	1540
