version	total
2.000002	5846
2.001000	36686
2.003004	168977
2.005004	28470
