version	total
1.000019	5541
1.000033	13913
1.000036	80860
1.000037	16797
1.000038	1959
