version	total
1.967013	27226
1.967015	120504
