version	total
1.000005	25659
1.002002	8479
1.004002	7519
1.004003	4875
1.004004	134541
1.012004	2477
1.012005	2066
1.014000	2036
1.016002	1922
1.016006	2246
