version	total
1.006900	24957
1.007002	121336
1.007003	43822
