version	total
1.20141117	4343
1.20190531	1956
