version	total
1.20141117	4384
1.20190531	1997
