version	total
1.302052	7981
1.302075	11667
1.302140	4491
1.302141	3793
1.302156	4729
1.302164	7289
1.302188	1455
1.302189	1229
1.302190	3322
