version	total
2.000002	2963
2.001000	23428
2.003004	63474
