version	total
0.204001	1684
0.204003	1666
0.206003	2070
0.207001	1347
0.207002	1320
