version	total
2.000024	7226
2.000028	1932
2.000029	4011
