version	total
1.999813	4524
1.999816	4701
1.999829	1920
1.999830	1826
1.999831	1748
1.999832	1739
1.999833	1740
1.999835	1738
1.999836	1674
1.999837	1674
1.999838	1168
1.999839	953
1.999841	815
1.999842	807
2.000000	764
2.001000	728
2.001001	710
2.002000	692
2.002001	678
2.003001	512
2.003002	495
2.003003	235
