version	total
0.100003	3731
0.100005	674
0.100006	83
