version	total
1.006900	24205
1.007002	117787
1.007003	37618
