version	total
1.100602	5472
1.100603	138
