version	total
1.000005	21737
1.002002	7517
1.004002	6557
1.004003	3907
1.004004	116304
1.012004	1527
1.012005	1122
1.014000	1088
1.016002	988
1.016006	1175
