version	total
0.103004	8131
0.103005	1057
0.103006	311
