version	total
0.001011	27394
0.001013	155028
