version	total
0.17024	24145
0.17027	107370
0.17029	1698
