version	total
0.004010	5380
0.004011	5182
