version	total
1.006900	28710
1.007002	135256
1.007003	72348
