version	total
2.000002	3113
2.001000	23821
2.003004	67054
