version	total
0.094002	1712
0.094003	1114
