version	total
0.001011	31144
0.001013	184892
