version	total
0.001011	30799
0.001013	181954
