version	total
1.302052	9065
1.302075	13652
1.302140	5357
1.302141	4653
1.302156	5596
1.302164	8903
1.302188	2311
1.302189	2075
1.302190	5736
