version	total
1.302052	5476
1.302075	8816
1.302140	2880
1.302141	2186
1.302156	3082
1.302164	3116
