version	total
1.999813	2420
1.999816	2402
