version	total
2.000024	6710
2.000028	1531
2.000029	2773
