version	total
1.302052	8711
1.302075	13011
1.302140	5089
1.302141	4390
1.302156	5330
1.302164	8413
1.302188	2051
1.302189	1820
1.302190	4829
