version	total
1.000005	16230
1.002002	5757
1.004002	4805
1.004003	2153
1.004004	56046
