version	total
0.004010	5331
0.004011	5122
