version	total
0.042	65751
1.000000	22364
1.002001	483172
1.002002	271584
