version	total
0.008	1781
0.006007	4831
0.008002	1667
0.008004	1543
0.008005	1179
0.008006	1160
0.008007	739
0.008008	347
