version	total
0.204001	1247
0.204003	1232
0.206003	1439
0.207001	897
0.207002	872
