version	total
1.94	155993
1.99	2283
2.000000	2070
2.001000	1674
2.002000	2718
2.002001	1515
2.003000	371
