version	total
1.302052	5406
1.302075	8758
1.302140	2824
1.302141	2130
1.302156	3024
1.302164	3034
