version	total
4.161950	5743
4.201720	2836
