version	total
1.302052	9099
1.302075	13708
1.302140	5384
1.302141	4679
1.302156	5624
1.302164	8947
1.302188	2337
1.302189	2101
1.302190	5787
