version	total
0.004010	4845
0.004011	4598
