version	total
1.302052	8756
1.302075	13096
1.302140	5128
1.302141	4430
1.302156	5370
1.302164	8480
1.302188	2091
1.302189	1860
1.302190	4944
