version	total
1.302052	8381
1.302075	12304
1.302140	4802
1.302141	4104
1.302156	5042
1.302164	7877
1.302188	1761
1.302189	1535
1.302190	4008
