version	total
2.000024	7598
2.000028	2189
2.000029	4982
