version	total
1.003008	5672
1.004000	5903
1.004003	2140
