version	total
2.000001	32731
2.000006	24733
2.000008	145691
2.002004	27546
