version	total
0.000061	9196
0.000115	5950
0.000116	4735
0.000117	18598
0.000144	2317
0.000145	148113
0.000163	62
