version	total
0.004010	4402
0.004011	4142
