version	total
0.100052	7097
0.100054	1397
0.100055	760
