version	total
1.003008	4721
1.004000	4918
1.004003	1241
