version	total
0.103004	9829
0.103005	2374
0.103006	1726
