version	total
0.001011	30148
0.001013	178110
