version	total
0.094002	2070
0.094003	1474
