version	total
1.302052	6903
1.302075	10251
1.302140	3820
1.302141	3125
1.302156	4040
1.302164	5660
1.302188	771
1.302189	581
1.302190	1683
