version	total
0.094002	1135
0.094003	542
