version	total
1.302052	7432
1.302075	10925
1.302140	4137
1.302141	3441
1.302156	4369
1.302164	6468
1.302188	1080
1.302189	885
1.302190	2400
