version	total
0.008	1555
0.006007	4576
0.008002	1435
0.008004	1313
0.008005	954
0.008006	934
0.008007	514
0.008008	90
