version	total
1.000005	18253
1.002002	6703
1.004002	5731
1.004003	3083
1.004004	91369
1.012004	749
1.012005	344
1.014000	311
1.016002	228
1.016006	320
