version	total
0.103004	7811
0.103005	917
0.103006	184
