version	total
5.20180120	4001
5.20180626	3088
5.20180820	6567
5.20181130	2573
5.20181218	8416
5.20190420	3014
5.20190524	46725
5.20220120	326
5.20220220	388
5.20220313	256
5.20220320	471
