version	total
1.003008	5751
1.004000	5989
1.004003	2204
