version	total
0.100052	8046
0.100054	2185
0.100055	1569
