version	total
1.302052	8029
1.302075	11775
1.302140	4527
1.302141	3829
1.302156	4765
1.302164	7350
1.302188	1488
1.302189	1262
1.302190	3434
