version	total
1.20141117	3374
1.20190531	1022
