version	total
2.000002	4166
2.001000	28815
2.003004	128340
2.005004	11891
