version	total
2.120921	8617
2.150010	76209
