version	total
0.100052	8120
0.100054	2232
0.100055	1617
