version	total
1.20141117	4811
1.20190531	2386
