version	total
2.000001	27569
2.000006	22229
2.000008	120553
2.002004	15102
