version	total
1.003008	2937
1.004000	2649
