version	total
0.002005	4596
0.002006	4508
0.002009	1993
