version	total
1.006900	27322
1.007002	130290
1.007003	60898
