version	total
1.20141117	2503
1.20190531	220
