version	total
1.100602	6752
1.100603	1141
