version	total
0.100003	4653
0.100005	1514
0.100006	928
