version	total
0.100052	8011
0.100054	2172
0.100055	1552
