version	total
0.001011	33895
0.001013	206026
