version	total
1.967013	28906
1.967015	129229
