version	total
0.100003	4757
0.100005	1616
0.100006	1030
