version	total
2.000024	7707
2.000028	2252
2.000029	5193
