version	total
2.000002	3259
2.001000	24246
2.003004	71948
