version	total
0.008	431
0.006007	3084
0.008002	290
0.008004	101
