version	total
0.001011	26771
0.001013	140718
