version	total
2.000001	30001
2.000006	23570
2.000008	133890
2.002004	19314
