version	total
1.006900	25743
1.007002	124381
1.007003	49021
