version	total
1.100602	6603
1.100603	993
