version	total
4.161950	6861
4.201720	7538
