version	total
1.967013	27395
1.967015	121447
