version	total
2.000002	3984
2.001000	27755
2.003004	106202
2.005004	9946
