version	total
2.005001	14042
2.006003	61358
