version	total
0.001011	28987
0.001013	168422
