version	total
1.000019	5749
1.000033	14148
1.000036	82614
1.000037	17116
1.000038	4271
