version	total
1.000005	16988
1.002002	6253
1.004002	5290
1.004003	2641
1.004004	67549
1.012004	113
