version	total
0.008	2361
0.006007	5448
0.008002	2248
0.008004	2124
0.008005	1744
0.008006	1723
0.008007	1306
0.008008	933
0.008009	532
