version	total
5.20180120	5672
5.20180626	4618
5.20180820	8098
5.20181130	4086
5.20181218	10340
5.20190420	4552
5.20190524	79297
5.20220120	1813
5.20220220	1883
5.20220313	1733
5.20220320	2490
5.20220420	2740
5.20220527	2480
5.20220620	17908
