version	total
0.042	69266
1.000000	22657
1.002001	494818
1.002002	294114
