version	total
1.94	155732
1.99	2266
2.000000	2056
2.001000	1662
2.002000	2701
2.002001	1498
2.003000	349
