version	total
0.100052	7022
0.100054	1337
0.100055	699
