version	total
1.000019	4256
1.000033	12396
1.000036	46260
