version	total
0.001011	23806
0.001013	69958
