version	total
0.008	2612
0.006007	5718
0.008002	2500
0.008004	2375
0.008005	1979
0.008006	1956
0.008007	1541
0.008008	1168
0.008009	773
