version	total
0.100003	3751
0.100005	692
0.100006	101
