version	total
0.100052	6524
0.100054	963
0.100055	300
