version	total
1.967013	24376
1.967015	100742
