version	total
0.204001	1973
0.204003	1954
0.206003	2521
0.207001	1773
0.207002	1746
0.207003	310
