version	total
0.008	248
0.006007	2890
0.008002	92
