version	total
0.004010	4012
0.004011	3715
