version	total
1.000005	16375
1.002002	5863
1.004002	4911
1.004003	2260
1.004004	58323
