version	total
5.20180120	5215
5.20180626	4183
5.20180820	7662
5.20181130	3653
5.20181218	9807
5.20190420	4111
5.20190524	76677
5.20220120	1387
5.20220220	1454
5.20220313	1307
5.20220320	2057
5.20220420	2310
5.20220527	2047
5.20220620	14310
