version	total
1.003008	4326
1.004000	4505
1.004003	883
