version	total
2.000024	7099
2.000028	1835
2.000029	3677
