version	total
2.000001	22426
2.000006	19242
2.000008	50559
