version	total
2.005001	14596
2.006003	67916
2.006006	774
