version	total
1.94	99154
1.99	515
2.000000	401
2.001000	116
2.002000	301
