version	total
1.003008	2855
1.004000	2543
