version	total
2.120921	9186
2.150010	82284
