version	total
0.103004	9879
0.103005	2408
0.103006	1764
