version	total
0.094002	731
0.094003	133
