version	total
0.204001	345
0.204003	327
0.206003	383
