version	total
0.008	1628
0.006007	4664
0.008002	1511
0.008004	1387
0.008005	1027
0.008006	1008
0.008007	586
0.008008	173
