version	total
2.120921	8815
2.150010	78202
