version	total
1.003008	5515
1.004000	5742
1.004003	1998
