version	total
0.000061	8081
0.000115	5417
0.000116	4203
0.000117	17363
0.000144	1788
0.000145	105574
