version	total
0.000061	8007
0.000115	5380
0.000116	4166
0.000117	17284
0.000144	1758
0.000145	81210
