version	total
2.000024	5932
2.000028	951
2.000029	1172
