version	total
0.103004	8779
0.103005	1521
0.103006	820
