version	total
2.000001	23232
2.000006	20009
2.000008	60884
2.002004	522
