version	total
2.000024	7062
2.000028	1806
2.000029	3582
