version	total
1.006900	22302
1.007002	106807
1.007003	23317
