version	total
0.008	1405
0.006007	4395
0.008002	1278
0.008004	1157
0.008005	812
0.008006	793
0.008007	370
