version	total
1.302052	6386
1.302075	9709
1.302140	3534
1.302141	2840
1.302156	3747
1.302164	4875
1.302188	486
1.302189	298
1.302190	838
