version	total
1.000019	5168
1.000033	13537
1.000036	77424
1.000037	15094
