version	total
5.20180120	6355
5.20180626	5221
5.20180820	8704
5.20181130	4686
5.20181218	11055
5.20190420	5156
5.20190524	83381
5.20220120	2394
5.20220220	2461
5.20220313	2310
5.20220320	3072
5.20220420	3319
5.20220527	3055
5.20220620	24160
