version	total
1.20141117	4786
1.20190531	2368
