version	total
1.000019	5573
1.000033	13944
1.000036	81244
1.000037	16898
1.000038	2395
