version	total
1.000005	18398
1.002002	6743
1.004002	5771
1.004003	3123
1.004004	93540
1.012004	786
1.012005	380
1.014000	347
1.016002	265
1.016006	380
