version	total
0.17024	27542
0.17027	126843
0.17029	2709
