version	total
0.100003	3119
0.100005	112
