version	total
0.002005	3334
0.002006	3153
0.002009	754
