version	total
2.005001	16728
2.006003	130898
2.006006	16168
