version	total
2.000001	26444
2.000006	21703
2.000008	113042
2.002004	13016
