version	total
1.000019	6465
1.000033	14965
1.000036	87896
1.000037	17856
1.000038	14878
