version	total
1.006900	27286
1.007002	130122
1.007003	60551
