version	total
1.006900	30444
1.007002	140561
1.007003	86968
