version	total
1.003008	5158
1.004000	5377
1.004003	1666
