version	total
1.20141117	2721
1.20190531	359
