version	total
0.204001	1781
0.204003	1763
0.206003	2182
0.207001	1454
0.207002	1426
