version	total
5.20180120	5854
5.20180626	4791
5.20180820	8273
5.20181130	4259
5.20181218	10541
5.20190420	4726
5.20190524	80410
5.20220120	1984
5.20220220	2053
5.20220313	1903
5.20220320	2659
5.20220420	2910
5.20220527	2649
5.20220620	20025
