version	total
0.000061	7640
0.000115	5176
0.000116	3964
0.000117	16853
0.000144	1563
0.000145	53015
