version	total
1.999813	3415
1.999816	3513
1.999829	837
1.999830	742
1.999831	669
1.999832	655
1.999833	659
1.999835	655
1.999836	590
1.999837	591
1.999838	79
