version	total
1.302052	7888
1.302075	11534
1.302140	4426
1.302141	3728
1.302156	4660
1.302164	7140
1.302188	1395
1.302189	1168
1.302190	3147
