version	total
2.005001	16657
2.006003	129529
2.006006	15765
