version	total
2.000001	33181
2.000006	24889
2.000008	147260
2.002004	28440
