version	total
1.94	158776
1.99	2418
2.000000	2192
2.001000	1789
2.002000	2861
2.002001	1651
2.003000	532
