version	total
0.103004	7548
0.103005	751
