version	total
0.17024	25615
0.17027	117233
0.17029	2079
