version	total
1.000019	6207
1.000033	14678
1.000036	86046
1.000037	17604
1.000038	10114
