version	total
1.20141117	4635
1.20190531	2240
