version	total
0.002005	4746
0.002006	4671
0.002009	2139
