version	total
4.161950	6970
4.201720	8038
