version	total
0.004010	4586
0.004011	4333
