version	total
5.20180120	3437
5.20180626	2549
5.20180820	6034
5.20181130	2094
5.20181218	7687
5.20190420	2475
5.20190524	39791
