version	total
1.94	119745
1.99	878
2.000000	734
2.001000	399
2.002000	1188
