version	total
0.17024	20530
0.17027	62632
