version	total
2.005001	16948
2.006003	133578
2.006006	16993
