version	total
0.103004	8194
0.103005	1100
0.103006	386
