version	total
0.103004	7843
0.103005	939
0.103006	205
