version	total
1.999813	3092
1.999816	3162
1.999829	525
1.999830	430
1.999831	357
1.999832	343
1.999833	347
1.999835	343
1.999836	278
1.999837	276
