version	total
1.003008	4514
1.004000	4710
1.004003	1051
