version	total
1.100602	6013
1.100603	505
