version	total
5.20180120	5957
5.20180626	4884
5.20180820	8365
5.20181130	4351
5.20181218	10663
5.20190420	4819
5.20190524	81006
5.20220120	2076
5.20220220	2145
5.20220313	1995
5.20220320	2750
5.20220420	3001
5.20220527	2740
5.20220620	21154
