version	total
2.000001	30045
2.000006	23597
2.000008	134055
2.002004	19408
