version	total
1.302052	7436
1.302075	10932
1.302140	4140
1.302141	3444
1.302156	4372
1.302164	6477
1.302188	1083
1.302189	888
1.302190	2413
