version	total
0.103004	7602
0.103005	779
0.103006	55
