version	total
1.003008	5666
1.004000	5897
1.004003	2134
