version	total
1.967013	26584
1.967015	116429
