version	total
0.000061	8484
0.000115	5623
0.000116	4408
0.000117	17900
0.000144	1990
0.000145	125912
