version	total
0.000061	8464
0.000115	5611
0.000116	4396
0.000117	17860
0.000144	1978
0.000145	125213
