version	total
1.967013	27683
1.967015	122767
