version	total
0.002005	3494
0.002006	3338
0.002009	910
