version	total
0.103004	6551
0.103005	132
