version	total
1.302052	8761
1.302075	13103
1.302140	5132
1.302141	4433
1.302156	5372
1.302164	8488
1.302188	2093
1.302189	1862
1.302190	4953
