version	total
0.17024	24543
0.17027	109952
0.17029	1797
