version	total
1.006900	25012
1.007002	121666
1.007003	44352
