version	total
0.008	2471
0.006007	5573
0.008002	2359
0.008004	2234
0.008005	1850
0.008006	1828
0.008007	1411
0.008008	1039
0.008009	643
