version	total
0.17024	22599
0.17027	96252
0.17029	1299
