version	total
1.999813	4275
1.999816	4433
1.999829	1682
1.999830	1588
1.999831	1512
1.999832	1502
1.999833	1503
1.999835	1501
1.999836	1437
1.999837	1437
1.999838	931
1.999839	716
1.999841	578
1.999842	571
2.000000	520
2.001000	484
2.001001	466
2.002000	449
2.002001	435
2.003001	376
2.003002	359
2.003003	96
