version	total
1.000019	6163
1.000033	14628
1.000036	85708
1.000037	17558
1.000038	9256
