version	total
0.100052	7287
0.100054	1551
0.100055	915
