version	total
0.001011	33498
0.001013	203880
