version	total
1.000019	6066
1.000033	14509
1.000036	84931
1.000037	17454
1.000038	7602
