version	total
0.002005	3589
0.002006	3452
0.002009	1003
