version	total
0.002005	3798
0.002006	3678
0.002009	1210
