version	total
1.100602	6818
1.100603	1200
