version	total
1.100602	6020
1.100603	511
