version	total
5.20180120	3441
5.20180626	2553
5.20180820	6038
5.20181130	2098
5.20181218	7692
5.20190420	2479
5.20190524	39821
