version	total
1.000005	23587
1.002002	8025
1.004002	7064
1.004003	4414
1.004004	125229
1.012004	2033
1.012005	1625
1.014000	1594
1.016002	1490
1.016006	1737
