version	total
2.120921	9855
2.150010	91487
