version	total
2.000002	5151
2.001000	33569
2.003004	154760
2.005004	19287
