version	total
1.967013	30399
1.967015	136812
