version	total
0.100052	6668
0.100054	1073
0.100055	422
