version	total
1.20141117	3847
1.20190531	1476
