version	total
0.100052	5983
0.100054	675
