version	total
2.000002	2935
2.001000	23368
2.003004	62839
