version	total
2.000001	25605
2.000006	21311
2.000008	88888
2.002004	10775
