version	total
1.20141117	3354
1.20190531	1002
