version	total
1.967013	24279
1.967015	99818
