version	total
0.004010	5140
0.004011	4910
