version	total
0.17024	26460
0.17027	121390
0.17029	2358
