version	total
0.001011	27161
0.001013	152330
