version	total
2.000001	22915
2.000006	19716
2.000008	57341
