version	total
1.302052	7434
1.302075	10929
1.302140	4138
1.302141	3442
1.302156	4370
1.302164	6474
1.302188	1081
1.302189	886
1.302190	2404
