version	total
1.006900	25332
1.007002	123229
1.007003	47224
