version	total
0.100052	6747
0.100054	1134
0.100055	487
