version	total
1.003008	5454
1.004000	5677
1.004003	1941
