version	total
0.17024	26760
0.17027	122787
0.17029	2464
