version	total
0.042	47950
1.000000	21391
1.002001	429076
1.002002	201185
