version	total
0.001011	23932
0.001013	71971
