version	total
1.000019	5318
1.000033	13687
1.000036	78824
1.000037	16471
1.000038	32
