version	total
0.001011	24326
0.001013	78890
