version	total
2.120921	10017
2.150010	92922
