version	total
1.94	115887
1.99	769
2.000000	636
2.001000	307
2.002000	1051
