version	total
0.004010	5296
0.004011	5081
