version	total
1.000005	18832
1.002002	6838
1.004002	5866
1.004003	3219
1.004004	96703
1.012004	877
1.012005	472
1.014000	438
1.016002	356
1.016006	484
