version	total
4.161950	5140
4.201720	1629
