version	total
0.100003	3039
0.100005	41
