version	total
2.005001	19063
2.006003	155147
2.006006	29326
