version	total
2.005001	15714
2.006003	95120
2.006006	10707
