version	total
1.006900	19693
1.007002	78324
1.007003	2821
