version	total
0.103004	9192
0.103005	1862
0.103006	1171
