version	total
0.004010	2794
0.004011	2326
