version	total
0.204001	2003
0.204003	1983
0.206003	2596
0.207001	1842
0.207002	1815
0.207003	380
