version	total
2.120921	9064
2.150010	81149
