version	total
0.000061	5437
0.000115	3712
0.000116	2493
0.000117	13370
