version	total
2.000024	6916
2.000028	1682
2.000029	3151
