version	total
1.100602	7238
1.100603	1579
