version	total
0.17024	24061
0.17027	106823
0.17029	1681
