version	total
0.000061	8530
0.000115	5644
0.000116	4429
0.000117	17955
0.000144	2011
0.000145	127413
