version	total
2.000001	22923
2.000006	19722
2.000008	57394
