version	total
0.001011	33328
0.001013	202938
