version	total
2.000001	26136
2.000006	21575
2.000008	103293
2.002004	12144
