version	total
1.000019	5416
1.000033	13794
1.000036	79922
1.000037	16634
1.000038	1040
