version	total
0.002005	2240
0.002006	1801
