version	total
0.100003	4794
0.100005	1653
0.100006	1067
