version	total
5.20180120	5195
5.20180626	4163
5.20180820	7642
5.20181130	3633
5.20181218	9784
5.20190420	4091
5.20190524	76586
5.20220120	1373
5.20220220	1439
5.20220313	1293
5.20220320	2043
5.20220420	2296
5.20220527	2033
5.20220620	14223
