version	total
1.20141117	4569
1.20190531	2178
