version	total
1.94	158710
1.99	2413
2.000000	2187
2.001000	1785
2.002000	2858
2.002001	1648
2.003000	528
