version	total
0.000061	9627
0.000115	6123
0.000116	4905
0.000117	18916
0.000144	2488
0.000145	153887
0.000163	237
