version	total
2.120921	8916
2.150010	79444
