version	total
2.005001	14279
2.006003	64063
