version	total
0.094002	1867
0.094003	1267
