version	total
1.100602	6402
1.100603	817
