version	total
2.005001	16270
2.006003	122813
2.006006	14076
