version	total
0.001011	33390
0.001013	203463
