version	total
1.20141117	2719
1.20190531	357
