version	total
0.000061	6011
0.000115	4174
0.000116	2959
0.000117	14396
0.000144	52
