version	total
0.002005	3650
0.002006	3520
0.002009	1066
