version	total
0.103004	6513
0.103005	104
