version	total
1.006900	26973
1.007002	128752
1.007003	57287
