version	total
0.001011	24207
0.001013	76862
