version	total
0.000061	10140
0.000115	6347
0.000116	5128
0.000117	19365
0.000144	2705
0.000145	168932
0.000163	523
