version	total
0.204001	1544
0.204003	1526
0.206003	1920
0.207001	1205
0.207002	1177
