version	total
1.003008	3172
1.004000	2971
