version	total
1.100602	6867
1.100603	1248
