version	total
1.000019	4264
1.000033	12407
1.000036	46411
