version	total
1.006900	30028
1.007002	139269
1.007003	83376
