version	total
0.000061	7600
0.000115	5157
0.000116	3945
0.000117	16813
0.000144	1540
0.000145	52568
