version	total
0.204001	1757
0.204003	1739
0.206003	2148
0.207001	1424
0.207002	1396
