version	total
1.000005	16317
1.002002	5819
1.004002	4867
1.004003	2215
1.004004	57429
