version	total
1.006900	21399
1.007002	100799
1.007003	16995
