version	total
1.20141117	5123
1.20190531	2589
