version	total
1.000005	16688
1.002002	6056
1.004002	5104
1.004003	2453
1.004004	63260
