version	total
5.20180120	3967
5.20180626	3057
5.20180820	6536
5.20181130	2546
5.20181218	8368
5.20190420	2982
5.20190524	46373
5.20220120	298
5.20220220	360
5.20220313	225
5.20220320	87
