version	total
0.100052	7910
0.100054	2095
0.100055	1473
