version	total
2.000024	7708
2.000028	2252
2.000029	5207
