version	total
1.20141117	5095
1.20190531	2572
