version	total
1.967013	21978
1.967015	63809
