version	total
2.120921	9588
2.150010	87670
