version	total
1.100602	5971
1.100603	466
