version	total
2.120921	7389
2.150010	29135
