version	total
5.20180120	5638
5.20180626	4585
5.20180820	8065
5.20181130	4053
5.20181218	10300
5.20190420	4519
5.20190524	79072
5.20220120	1781
5.20220220	1850
5.20220313	1700
5.20220320	2457
5.20220420	2707
5.20220527	2447
5.20220620	17559
