version	total
0.100003	5073
0.100005	1908
0.100006	1322
