version	total
1.000019	4935
1.000033	13271
1.000036	57276
1.000037	11905
