version	total
2.120921	7406
2.150010	29279
