version	total
0.204001	261
0.204003	242
0.206003	288
