version	total
0.100052	6066
0.100054	735
0.100055	56
