version	total
1.006900	25364
1.007002	123316
1.007003	47406
