version	total
2.000002	4678
2.001000	31577
2.003004	145492
2.005004	15671
