version	total
0.094002	2029
0.094003	1430
