version	total
2.000002	5106
2.001000	33360
2.003004	153728
2.005004	18677
