version	total
0.042	40309
1.000000	20027
1.002001	168356
