version	total
1.967013	24044
1.967015	98199
