version	total
0.001011	29376
0.001013	171539
