version	total
0.002005	2712
0.002006	2338
0.002009	106
