version	total
1.000005	18335
1.002002	6727
1.004002	5755
1.004003	3107
1.004004	93061
1.012004	770
1.012005	365
1.014000	332
1.016002	250
1.016006	359
