version	total
4.161950	5106
4.201720	1474
