version	total
0.004010	5125
0.004011	4890
