version	total
1.94	127881
1.99	1145
2.000000	976
2.001000	621
2.002000	1498
2.002001	58
