version	total
0.000061	6937
0.000115	4794
0.000116	3579
0.000117	16020
0.000144	1180
0.000145	26178
