version	total
1.94	162775
1.99	2612
2.000000	2356
2.001000	1936
2.002000	3060
2.002001	1852
2.003000	833
