version	total
1.006900	24924
1.007002	121148
1.007003	43524
