version	total
0.094002	1919
0.094003	1318
