version	total
2.000002	2892
2.001000	23255
2.003004	61849
