version	total
1.000005	16301
1.002002	5806
1.004002	4854
1.004003	2202
1.004004	57185
