version	total
0.004010	2759
0.004011	2291
