version	total
0.004010	4670
0.004011	4420
