version	total
0.17024	22979
0.17027	99270
0.17029	1391
