version	total
2.000002	4994
2.001000	32947
2.003004	151640
2.005004	17646
