version	total
2.000001	30717
2.000006	23947
2.000008	137571
2.002004	21747
