version	total
1.94	153877
1.99	2170
2.000000	1964
2.001000	1574
2.002000	2593
2.002001	1393
2.003000	225
