version	total
0.094002	768
0.094003	170
