version	total
0.000061	6847
0.000115	4733
0.000116	3518
0.000117	15885
0.000144	1118
0.000145	23118
