version	total
0.002005	2323
0.002006	1883
