version	total
1.999813	4125
1.999816	4278
1.999829	1532
1.999830	1439
1.999831	1363
1.999832	1353
1.999833	1354
1.999835	1351
1.999836	1288
1.999837	1287
1.999838	781
1.999839	566
1.999841	428
1.999842	421
2.000000	369
2.001000	332
2.001001	314
2.002000	297
2.002001	283
2.003001	232
2.003002	215
