version	total
1.967013	25288
1.967015	107359
