version	total
0.100052	8118
0.100054	2230
0.100055	1615
