version	total
1.94	142424
1.99	1618
2.000000	1425
2.001000	1048
2.002000	1995
2.002001	730
