version	total
1.100602	5311
1.100603	26
