version	total
2.000002	5295
2.001000	34111
2.003004	158101
2.005004	21503
