version	total
5.20180120	5203
5.20180626	4171
5.20180820	7650
5.20181130	3641
5.20181218	9794
5.20190420	4099
5.20190524	76647
5.20220120	1381
5.20220220	1448
5.20220313	1301
5.20220320	2051
5.20220420	2304
5.20220527	2041
5.20220620	14290
