version	total
1.100602	6933
1.100603	1312
