version	total
0.094002	1122
0.094003	529
