version	total
2.000001	25544
2.000006	21281
2.000008	88419
2.002004	10671
