version	total
0.100052	7012
0.100054	1327
0.100055	689
