version	total
0.008	1095
0.006007	3981
0.008002	968
0.008004	843
0.008005	523
0.008006	500
0.008007	58
