version	total
2.000002	4849
2.001000	32451
2.003004	149834
2.005004	16914
