version	total
0.004010	4570
0.004011	4316
