version	total
0.100052	6956
0.100054	1284
0.100055	644
