version	total
1.302052	8793
1.302075	13161
1.302140	5157
1.302141	4459
1.302156	5399
1.302164	8538
1.302188	2118
1.302189	1887
1.302190	5035
