version	total
1.967013	28279
1.967015	125587
