version	total
0.204001	1731
0.204003	1713
0.206003	2120
0.207001	1396
0.207002	1368
