version	total
1.006900	21823
1.007002	103539
1.007003	19432
