version	total
0.042	69497
1.000000	22664
1.002001	495437
1.002002	295117
