version	total
0.002005	2497
0.002006	2063
