version	total
2.005001	17316
2.006003	137274
2.006006	18153
