version	total
0.204001	1867
0.204003	1849
0.206003	2301
0.207001	1564
0.207002	1537
0.207003	99
