version	total
1.20141117	4611
1.20190531	2220
