version	total
1.20141117	3430
1.20190531	1078
