version	total
0.204001	1835
0.204003	1817
0.206003	2254
0.207001	1519
0.207002	1491
0.207003	54
