version	total
0.008	1262
0.006007	4200
0.008002	1135
0.008004	1011
0.008005	681
0.008006	659
0.008007	231
