version	total
1.100602	7302
1.100603	1635
