version	total
0.100003	3994
0.100005	902
0.100006	313
