version	total
1.967013	28276
1.967015	125583
