version	total
1.000019	4649
1.000033	12925
1.000036	52305
1.000037	3906
