version	total
1.94	139027
1.99	1485
2.000000	1293
2.001000	924
2.002000	1849
2.002001	564
