version	total
0.008	1946
0.006007	5005
0.008002	1832
0.008004	1708
0.008005	1340
0.008006	1321
0.008007	902
0.008008	529
0.008009	117
