version	total
0.001011	24218
0.001013	77216
