version	total
0.000061	6941
0.000115	4797
0.000116	3582
0.000117	16024
0.000144	1183
0.000145	26201
