version	total
0.100003	3690
0.100005	637
0.100006	43
