version	total
1.967013	28623
1.967015	127491
