version	total
4.161950	6800
4.201720	7098
