version	total
0.204001	1917
0.204003	1899
0.206003	2401
0.207001	1660
0.207002	1633
0.207003	196
