version	total
0.004010	4461
0.004011	4207
