version	total
1.967013	21582
1.967015	57754
