version	total
0.094002	2020
0.094003	1421
