version	total
1.003008	4782
1.004000	4988
1.004003	1300
