version	total
2.005001	17887
2.006003	141631
2.006006	20313
