version	total
2.005001	15862
2.006003	99554
2.006006	11368
