version	total
0.001011	30197
0.001013	178389
