version	total
0.042	52532
1.000000	21718
1.002001	454111
1.002002	231270
