version	total
0.100052	5934
0.100054	650
