version	total
0.042	54014
1.000000	21828
1.002001	458559
1.002002	236198
