version	total
2.000002	5215
2.001000	33828
2.003004	156358
2.005004	20337
