version	total
2.000024	5573
2.000028	763
2.000029	886
