version	total
1.006900	29116
1.007002	136670
1.007003	76192
