version	total
0.100052	5960
0.100054	663
