version	total
1.000005	19421
1.002002	6977
1.004002	6009
1.004003	3360
1.004004	101203
1.012004	1016
1.012005	610
1.014000	576
1.016002	488
1.016006	630
