version	total
1.000005	20347
1.002002	7178
1.004002	6212
1.004003	3563
1.004004	107198
1.012004	1209
1.012005	803
1.014000	769
1.016002	682
1.016006	836
