version	total
2.005001	15873
2.006003	99779
2.006006	11410
