version	total
0.17024	29252
0.17027	134310
0.17029	3256
