version	total
0.100052	7819
0.100054	2016
0.100055	1390
