version	total
0.042	54351
1.000000	21856
1.002001	459137
1.002002	236879
