version	total
0.042	41978
1.000000	20488
1.002001	316835
1.002002	5461
