version	total
1.006900	24297
1.007002	118157
1.007003	38468
