version	total
2.000001	27306
2.000006	22095
2.000008	118926
2.002004	14640
