version	total
1.003008	4217
1.004000	4395
1.004003	790
