version	total
0.042	41115
1.000000	20229
1.002001	202267
