version	total
2.000024	6438
2.000028	1311
2.000029	2216
