version	total
0.103004	7366
0.103005	638
