version	total
1.999813	2241
1.999816	2173
