version	total
1.006900	21848
1.007002	103706
1.007003	19649
