version	total
0.100003	4963
0.100005	1810
0.100006	1225
