version	total
0.000061	10218
0.000115	6370
0.000116	5151
0.000117	19415
0.000144	2727
0.000145	169267
0.000163	1167
