version	total
1.000019	5757
1.000033	14158
1.000036	82764
1.000037	17131
1.000038	4485
