version	total
5.20180120	5531
5.20180626	4481
5.20180820	7960
5.20181130	3949
5.20181218	10170
5.20190420	4414
5.20190524	78361
5.20220120	1677
5.20220220	1745
5.20220313	1596
5.20220320	2350
5.20220420	2602
5.20220527	2342
5.20220620	16609
