version	total
0.008	382
0.006007	3033
0.008002	242
0.008004	33
