version	total
4.161950	6745
4.201720	6876
