version	total
0.001011	24100
0.001013	75413
