version	total
0.204001	1976
0.204003	1957
0.206003	2527
0.207001	1779
0.207002	1752
0.207003	316
