version	total
2.000002	4289
2.001000	29494
2.003004	133918
2.005004	12887
