version	total
1.000005	24618
1.002002	8264
1.004002	7303
1.004003	4654
1.004004	130180
1.012004	2267
1.012005	1858
1.014000	1827
1.016002	1720
1.016006	2008
