version	total
1.000019	5121
1.000033	13487
1.000036	74827
1.000037	14424
