version	total
0.002005	3274
0.002006	3090
0.002009	696
