version	total
2.000024	6654
2.000028	1483
2.000029	2651
