version	total
0.103004	8507
0.103005	1318
0.103006	613
