version	total
0.002005	4544
0.002006	4453
0.002009	1942
