version	total
0.100052	6395
0.100054	925
0.100055	259
