version	total
0.17024	26124
0.17027	120132
0.17029	2228
