version	total
2.000002	5384
2.001000	34539
2.003004	160183
2.005004	22985
