version	total
1.20141117	2807
1.20190531	461
