version	total
1.967013	21618
1.967015	58128
