version	total
0.100052	6340
0.100054	902
0.100055	232
