version	total
2.000001	22376
2.000006	19190
2.000008	49770
