version	total
1.006900	30072
1.007002	139387
1.007003	83931
