version	total
1.94	136744
1.99	1404
2.000000	1213
2.001000	849
2.002000	1760
2.002001	452
