version	total
5.20180120	5618
5.20180626	4565
5.20180820	8045
5.20181130	4033
5.20181218	10274
5.20190420	4499
5.20190524	78918
5.20220120	1761
5.20220220	1830
5.20220313	1680
5.20220320	2437
5.20220420	2687
5.20220527	2427
5.20220620	17323
