version	total
0.100052	7494
0.100054	1746
0.100055	1115
