version	total
0.204001	1652
0.204003	1634
0.206003	2037
0.207001	1316
0.207002	1288
