version	total
2.005001	18985
2.006003	154126
2.006006	28680
