version	total
0.042	40150
1.000000	19977
1.002001	164981
