version	total
0.094002	1934
0.094003	1333
