version	total
4.161950	4585
4.201720	731
