version	total
0.103004	8974
0.103005	1676
0.103006	981
