version	total
0.204001	2140
0.204003	2119
0.206003	3028
0.207001	2211
0.207002	2183
0.207003	754
