version	total
5.20180120	4676
5.20180626	3693
5.20180820	7174
5.20181130	3173
5.20181218	9230
5.20190420	3621
5.20190524	72683
5.20220120	923
5.20220220	986
5.20220313	844
5.20220320	1590
5.20220420	1842
5.20220527	1584
5.20220620	11143
