version	total
1.94	135153
1.99	1359
2.000000	1171
2.001000	804
2.002000	1722
2.002001	403
