version	total
1.100602	7247
1.100603	1587
