version	total
1.967013	27656
1.967015	122649
