version	total
0.042	64948
1.000000	22293
1.002001	479474
1.002002	265872
