version	total
0.204001	2136
0.204003	2115
0.206003	3003
0.207001	2188
0.207002	2160
0.207003	731
