version	total
1.94	125988
1.99	1078
2.000000	917
2.001000	568
2.002000	1419
