version	total
0.100052	7974
0.100054	2144
0.100055	1522
