version	total
0.100052	6047
0.100054	718
0.100055	37
