version	total
1.94	137945
1.99	1451
2.000000	1260
2.001000	892
2.002000	1811
2.002001	510
