version	total
1.003008	2896
1.004000	2597
