version	total
0.094002	1066
0.094003	472
