version	total
5.20180120	5535
5.20180626	4485
5.20180820	7964
5.20181130	3953
5.20181218	10174
5.20190420	4418
5.20190524	78377
5.20220120	1681
5.20220220	1749
5.20220313	1600
5.20220320	2354
5.20220420	2606
5.20220527	2346
5.20220620	16629
