version	total
0.004010	3213
0.004011	2833
