version	total
0.000061	10262
0.000115	6385
0.000116	5166
0.000117	19443
0.000144	2742
0.000145	169467
0.000163	1604
