version	total
2.120921	7381
2.150010	29006
