version	total
2.000002	2943
2.001000	23379
2.003004	62980
