version	total
0.001011	26976
0.001013	148733
