version	total
4.161950	4689
4.201720	823
