version	total
0.103004	9367
0.103005	2005
0.103006	1319
