version	total
0.103004	8798
0.103005	1539
0.103006	838
