version	total
0.000061	5361
0.000115	3645
0.000116	2425
0.000117	13233
