version	total
0.000061	7945
0.000115	5343
0.000116	4130
0.000117	17193
0.000144	1721
0.000145	68761
