version	total
1.20141117	3766
1.20190531	1391
