version	total
2.000002	3422
2.001000	24712
2.003004	76596
