version	total
4.161950	5835
4.201720	3110
