version	total
5.20180120	5260
5.20180626	4226
5.20180820	7705
5.20181130	3697
5.20181218	9866
5.20190420	4155
5.20190524	77011
5.20220120	1431
5.20220220	1499
5.20220313	1352
5.20220320	2103
5.20220420	2356
5.20220527	2093
5.20220620	14851
