version	total
1.302052	8963
1.302075	13478
1.302140	5282
1.302141	4578
1.302156	5522
1.302164	8779
1.302188	2240
1.302189	2005
1.302190	5483
