version	total
0.000061	5540
0.000115	3802
0.000116	2585
0.000117	13560
