version	total
1.000005	24878
1.002002	8323
1.004002	7360
1.004003	4711
1.004004	131251
1.012004	2323
1.012005	1914
1.014000	1883
1.016002	1776
1.016006	2077
