version	total
1.006900	17938
1.007002	62884
