version	total
4.161950	6561
4.201720	6047
