version	total
2.120921	8407
2.150010	64992
