version	total
1.100602	6354
1.100603	769
