version	total
4.161950	6408
4.201720	5275
