version	total
0.100003	3831
0.100005	762
0.100006	170
