version	total
0.000061	7757
0.000115	5242
0.000116	4030
0.000117	16956
0.000144	1624
0.000145	56395
