version	total
0.100052	7162
0.100054	1460
0.100055	824
