version	total
1.003008	5640
1.004000	5871
1.004003	2113
