version	total
0.004010	3995
0.004011	3696
