version	total
0.000061	8074
0.000115	5413
0.000116	4199
0.000117	17354
0.000144	1784
0.000145	105413
