version	total
1.967013	28106
1.967015	124656
