version	total
2.000001	21928
2.000006	18807
2.000008	45194
