version	total
0.204001	1562
0.204003	1544
0.206003	1938
0.207001	1223
0.207002	1196
