version	total
2.005001	13681
2.006003	55335
