version	total
0.17024	28786
0.17027	132586
0.17029	3106
