version	total
0.204001	1022
0.204003	1005
0.206003	1173
0.207001	672
0.207002	647
