version	total
0.000061	9169
0.000115	5938
0.000116	4723
0.000117	18582
0.000144	2307
0.000145	147813
0.000163	51
