version	total
0.008	1805
0.006007	4857
0.008002	1691
0.008004	1567
0.008005	1203
0.008006	1184
0.008007	763
0.008008	374
