version	total
1.100602	7019
1.100603	1391
