version	total
0.042	47441
1.000000	21339
1.002001	424877
1.002002	198051
