version	total
1.003008	4028
1.004000	4172
1.004003	620
