version	total
0.100052	6789
0.100054	1161
0.100055	516
