version	total
0.042	47592
1.000000	21354
1.002001	426127
1.002002	198979
