version	total
1.003008	4751
1.004000	4954
1.004003	1268
