version	total
1.000019	4015
1.000033	12063
1.000036	42546
