version	total
0.100052	7424
0.100054	1678
0.100055	1043
