version	total
1.100602	6173
1.100603	622
