version	total
0.008	955
0.006007	3818
0.008002	828
0.008004	702
0.008005	387
0.008006	343
