version	total
1.003008	5026
1.004000	5238
1.004003	1535
