version	total
1.000019	4310
1.000033	12466
1.000036	47566
