version	total
0.000061	7008
0.000115	4847
0.000116	3633
0.000117	16130
0.000144	1231
0.000145	31501
