version	total
0.000061	5761
0.000115	3997
0.000116	2781
0.000117	13960
