version	total
0.002005	4528
0.002006	4435
0.002009	1927
