version	total
1.100602	5783
1.100603	314
