version	total
1.20141117	4659
1.20190531	2261
