version	total
2.005001	18548
2.006003	149538
2.006006	26017
