version	total
1.100602	6887
1.100603	1268
