version	total
1.94	144006
1.99	1734
2.000000	1541
2.001000	1160
2.002000	2120
2.002001	878
