version	total
2.000002	4632
2.001000	31338
2.003004	144447
2.005004	15365
