version	total
1.302052	7390
1.302075	10859
1.302140	4113
1.302141	3417
1.302156	4344
1.302164	6407
1.302188	1055
1.302189	862
1.302190	2342
