version	total
1.967013	27244
1.967015	120653
