version	total
1.20141117	4956
1.20190531	2494
