version	total
0.100003	4465
0.100005	1336
0.100006	748
