version	total
2.000001	33416
2.000006	24953
2.000008	148045
2.002004	28915
