version	total
0.094002	1165
0.094003	572
