version	total
1.967013	30590
1.967015	137474
