version	total
0.008	209
0.006007	2775
0.008002	36
