version	total
5.20180120	4439
5.20180626	3479
5.20180820	6959
5.20181130	2958
5.20181218	8964
5.20190420	3407
5.20190524	52987
5.20220120	715
5.20220220	778
5.20220313	639
5.20220320	1382
5.20220420	1637
5.20220527	1377
5.20220620	8062
