version	total
1.20141117	4823
1.20190531	2396
