version	total
0.100003	5309
0.100005	2120
0.100006	1533
