version	total
0.000061	7497
0.000115	5097
0.000116	3882
0.000117	16690
0.000144	1471
0.000145	46415
