version	total
0.000061	10654
0.000115	6487
0.000116	5269
0.000117	19655
0.000144	2835
0.000145	172857
0.000163	16860
