version	total
0.094002	1417
0.094003	823
