version	total
0.002005	4223
0.002006	4114
0.002009	1629
