version	total
1.967013	30659
1.967015	137716
