version	total
0.001011	31031
0.001013	183906
