version	total
0.000061	8302
0.000115	5519
0.000116	4304
0.000117	17623
0.000144	1885
0.000145	120892
