version	total
1.003008	3189
1.004000	3028
