version	total
5.20180120	5918
5.20180626	4849
5.20180820	8331
5.20181130	4316
5.20181218	10620
5.20190420	4784
5.20190524	80784
5.20220120	2042
5.20220220	2110
5.20220313	1961
5.20220320	2716
5.20220420	2967
5.20220527	2706
5.20220620	20781
