version	total
1.967013	24625
1.967015	103027
