version	total
1.967013	27161
1.967015	120031
