version	total
0.000061	8177
0.000115	5467
0.000116	4253
0.000117	17509
0.000144	1838
0.000145	116011
