version	total
0.001011	31529
0.001013	188324
