version	total
1.967013	24494
1.967015	101560
