version	total
0.004010	3949
0.004011	3649
