version	total
1.999813	4594
1.999816	4776
1.999829	1986
1.999830	1890
1.999831	1814
1.999832	1804
1.999833	1806
1.999835	1804
1.999836	1740
1.999837	1739
1.999838	1233
1.999839	1018
1.999841	880
1.999842	873
2.000000	833
2.001000	797
2.001001	779
2.002000	762
2.002001	747
2.003001	548
2.003002	531
2.003003	275
