version	total
0.000061	9753
0.000115	6178
0.000116	4960
0.000117	19031
0.000144	2539
0.000145	155446
0.000163	291
