version	total
0.004010	3986
0.004011	3687
