version	total
2.000024	5710
2.000028	817
2.000029	965
