version	total
0.204001	1924
0.204003	1906
0.206003	2416
0.207001	1674
0.207002	1647
0.207003	210
