version	total
0.002005	3547
0.002006	3404
0.002009	962
