version	total
2.120921	7620
2.150010	32405
