version	total
1.000005	23944
1.002002	8101
1.004002	7141
1.004003	4490
1.004004	127166
1.012004	2109
1.012005	1700
1.014000	1669
1.016002	1565
1.016006	1823
