version	total
1.94	149872
1.99	2006
2.000000	1809
2.001000	1424
2.002000	2404
2.002001	1216
