version	total
1.100602	6851
1.100603	1232
