version	total
1.999813	2556
1.999816	2560
