version	total
2.000001	33026
2.000006	24837
2.000008	146719
2.002004	28158
