version	total
1.20141117	3084
1.20190531	733
