version	total
2.000002	5460
2.001000	34833
2.003004	161506
2.005004	23926
