version	total
1.100602	5498
1.100603	160
