version	total
0.042	41842
1.000000	20450
1.002001	309026
