version	total
2.000024	6475
2.000028	1341
2.000029	2312
