version	total
4.161950	6454
4.201720	5561
