version	total
1.20141117	4422
1.20190531	2035
