version	total
0.042	41882
1.000000	20464
1.002001	313125
