version	total
0.002005	3140
0.002006	2944
0.002009	564
