version	total
1.94	147699
1.99	1920
2.000000	1724
2.001000	1340
2.002000	2314
2.002001	1108
