version	total
0.002005	3562
0.002006	3422
0.002009	975
