version	total
0.001011	30949
0.001013	183112
