version	total
0.042	41635
1.000000	20401
1.002001	296521
