version	total
0.001011	33406
0.001013	203538
