version	total
0.100052	6438
0.100054	938
0.100055	272
