version	total
0.042	41195
1.000000	20255
1.002001	212656
