version	total
1.000019	6753
1.000033	15243
1.000036	89695
1.000037	18100
1.000038	18689
