version	total
1.100602	6166
1.100603	615
