version	total
1.000005	18865
1.002002	6847
1.004002	5876
1.004003	3229
1.004004	96936
1.012004	889
1.012005	484
1.014000	448
1.016002	364
1.016006	495
