version	total
1.999813	4369
1.999816	4532
1.999829	1773
1.999830	1679
1.999831	1603
1.999832	1593
1.999833	1594
1.999835	1592
1.999836	1528
1.999837	1528
1.999838	1021
1.999839	806
1.999841	668
1.999842	661
2.000000	611
2.001000	575
2.001001	557
2.002000	539
2.002001	525
2.003001	433
2.003002	416
2.003003	153
