version	total
1.000005	16906
1.002002	6202
1.004002	5250
1.004003	2599
1.004004	66302
