version	total
0.17024	20413
0.17027	60672
