version	total
1.967013	21954
1.967015	63537
