version	total
2.000001	27196
2.000006	22043
2.000008	118256
2.002004	14470
