version	total
2.000001	29175
2.000006	23001
2.000008	130690
2.002004	17930
