version	total
2.000002	3240
2.001000	24173
2.003004	71321
