version	total
0.094002	2058
0.094003	1462
