version	total
0.100003	4172
0.100005	1066
0.100006	477
