version	total
0.100052	4935
0.100054	61
