version	total
2.000002	5773
2.001000	36302
2.003004	167500
2.005004	27634
