version	total
0.002005	2898
0.002006	2549
0.002009	315
