version	total
1.967013	25099
1.967015	106166
