version	total
0.008	2375
0.006007	5465
0.008002	2262
0.008004	2138
0.008005	1757
0.008006	1736
0.008007	1319
0.008008	946
0.008009	546
