version	total
2.120921	8686
2.150010	76862
