version	total
1.000005	24607
1.002002	8260
1.004002	7299
1.004003	4650
1.004004	130108
1.012004	2263
1.012005	1854
1.014000	1823
1.016002	1716
1.016006	2003
