version	total
0.103004	8240
0.103005	1131
0.103006	421
