version	total
1.94	154797
1.99	2218
2.000000	2009
2.001000	1618
2.002000	2648
2.002001	1449
2.003000	290
