version	total
1.006900	26438
1.007002	126627
1.007003	52420
