version	total
0.008	1829
0.006007	4882
0.008002	1715
0.008004	1592
0.008005	1227
0.008006	1208
0.008007	787
0.008008	409
