version	total
0.001011	24318
0.001013	78836
