version	total
0.002005	4710
0.002006	4631
0.002009	2105
