version	total
1.999813	2579
1.999816	2592
1.999829	16
