version	total
1.999813	2499
1.999816	2481
