version	total
2.005001	18129
2.006003	144610
2.006006	22302
