version	total
0.001011	28700
0.001013	165319
