version	total
1.999813	3694
1.999816	3821
1.999829	1116
1.999830	1021
1.999831	948
1.999832	935
1.999833	937
1.999835	933
1.999836	870
1.999837	870
1.999838	365
1.999839	146
