version	total
1.20141117	4310
1.20190531	1923
