version	total
0.001011	33482
0.001013	203821
