version	total
1.20141117	3875
1.20190531	1503
