version	total
2.005001	15854
2.006003	99433
2.006006	11322
