version	total
4.161950	3963
4.201720	236
