version	total
0.17024	29132
0.17027	133962
0.17029	3216
