version	total
0.042	52123
1.000000	21695
1.002001	451358
1.002002	228552
