version	total
1.100602	6026
1.100603	515
