version	total
4.161950	6343
4.201720	4978
