version	total
0.094002	751
0.094003	153
