version	total
0.103004	8238
0.103005	1130
0.103006	419
