version	total
2.120921	9409
2.150010	84940
