version	total
2.000002	5814
2.001000	36509
2.003004	168238
2.005004	28059
