version	total
0.094002	1415
0.094003	821
