version	total
0.100052	6758
0.100054	1144
0.100055	498
