version	total
2.000024	5833
2.000028	900
2.000029	1096
