version	total
2.000024	5462
2.000028	697
2.000029	786
