version	total
0.204001	1768
0.204003	1750
0.206003	2164
0.207001	1439
0.207002	1410
