version	total
0.004010	3201
0.004011	2820
