version	total
0.103004	9464
0.103005	2087
0.103006	1400
