version	total
1.999813	3690
1.999816	3817
1.999829	1112
1.999830	1017
1.999831	944
1.999832	931
1.999833	933
1.999835	929
1.999836	866
1.999837	866
1.999838	361
1.999839	142
