version	total
1.967013	21787
1.967015	60648
