version	total
2.005001	17361
2.006003	137497
2.006006	18237
