version	total
1.003008	5148
1.004000	5366
1.004003	1655
