version	total
1.302052	7147
1.302075	10513
1.302140	3963
1.302141	3268
1.302156	4186
1.302164	6042
1.302188	910
1.302189	720
1.302190	1983
