version	total
2.000024	5812
2.000028	887
2.000029	1076
