version	total
0.042	45570
1.000000	21124
1.002001	400251
1.002002	184471
