version	total
0.000061	5445
0.000115	3720
0.000116	2501
0.000117	13387
