version	total
0.204001	1399
0.204003	1381
0.206003	1743
0.207001	1048
0.207002	1023
