version	total
2.000024	6669
2.000028	1495
2.000029	2672
