version	total
0.001011	33461
0.001013	203742
