version	total
0.204001	1412
0.204003	1394
0.206003	1759
0.207001	1061
0.207002	1036
