version	total
1.006900	23195
1.007002	111827
1.007003	30299
