version	total
1.000005	25333
1.002002	8419
1.004002	7454
1.004003	4810
1.004004	133083
1.012004	2418
1.012005	2008
1.014000	1979
1.016002	1868
1.016006	2182
