version	total
0.100052	7300
0.100054	1564
0.100055	928
