version	total
0.004010	5300
0.004011	5085
