version	total
4.161950	3690
4.201720	49
