version	total
1.006900	28468
1.007002	134504
1.007003	70181
