version	total
1.000005	24726
1.002002	8286
1.004002	7325
1.004003	4676
1.004004	130662
1.012004	2289
1.012005	1880
1.014000	1849
1.016002	1742
1.016006	2036
