version	total
0.001011	29485
0.001013	172487
