version	total
1.100602	6970
1.100603	1346
