version	total
1.302052	8159
1.302075	11944
1.302140	4625
1.302141	3927
1.302156	4862
1.302164	7514
1.302188	1586
1.302189	1359
1.302190	3653
