version	total
1.302052	7255
1.302075	10643
1.302140	4025
1.302141	3330
1.302156	4253
1.302164	6216
1.302188	970
1.302189	779
1.302190	2138
