version	total
0.100003	5125
0.100005	1957
0.100006	1370
