version	total
2.120921	9378
2.150010	84412
