version	total
0.17024	25271
0.17027	115206
0.17029	1982
