version	total
0.204001	1119
0.204003	1104
0.206003	1285
0.207001	770
0.207002	744
