version	total
0.17024	22991
0.17027	99318
0.17029	1397
