version	total
0.000061	6769
0.000115	4685
0.000116	3472
0.000117	15762
0.000144	1076
0.000145	21391
