version	total
1.100602	7152
1.100603	1509
