version	total
1.006900	17777
1.007002	61683
