version	total
0.002005	4013
0.002006	3900
0.002009	1421
