version	total
0.004010	2853
0.004011	2391
