version	total
1.302052	7355
1.302075	10811
1.302140	4091
1.302141	3397
1.302156	4324
1.302164	6358
1.302188	1035
1.302189	843
1.302190	2294
