version	total
0.094002	1258
0.094003	666
