version	total
2.000024	5817
2.000028	891
2.000029	1083
