version	total
1.000005	16528
1.002002	5957
1.004002	5007
1.004003	2356
1.004004	60998
