version	total
0.100003	3841
0.100005	772
0.100006	180
