version	total
2.000001	29781
2.000006	23462
2.000008	132834
2.002004	18866
