version	total
0.042	46026
1.000000	21183
1.002001	410618
1.002002	189585
