version	total
0.008	3127
0.006007	5742
0.008002	2784
0.008004	2631
0.008005	1995
0.008006	1973
0.008007	1557
0.008008	1183
0.008009	791
