version	total
0.004010	4932
0.004011	4687
