version	total
1.003008	5636
1.004000	5866
1.004003	2109
