version	total
0.000061	9618
0.000115	6121
0.000116	4903
0.000117	18905
0.000144	2486
0.000145	153834
0.000163	235
