version	total
1.100602	6946
1.100603	1323
