version	total
2.000024	4471
2.000028	142
