version	total
0.103004	7550
0.103005	753
