version	total
2.000002	5067
2.001000	33202
2.003004	152933
2.005004	18191
