version	total
0.17024	22996
0.17027	99332
0.17029	1399
