version	total
0.001011	27032
0.001013	149351
