version	total
1.100602	6583
1.100603	973
