version	total
1.006900	19045
1.007002	72783
