version	total
1.999813	4699
1.999816	4900
1.999829	2078
1.999830	1983
1.999831	1905
1.999832	1895
1.999833	1898
1.999835	1894
1.999836	1831
1.999837	1832
1.999838	1324
1.999839	1109
1.999841	970
1.999842	964
2.000000	952
2.001000	916
2.001001	898
2.002000	877
2.002001	865
2.003001	601
2.003002	584
2.003003	329
2.003004	36
