version	total
1.967013	29637
1.967015	133105
