version	total
1.006900	18592
1.007002	69159
