version	total
0.094002	881
0.094003	284
