version	total
2.000001	22503
2.000006	19291
2.000008	51621
