version	total
0.000061	5431
0.000115	3706
0.000116	2487
0.000117	13359
