version	total
2.005001	17116
2.006003	135519
2.006006	17585
