version	total
5.20180120	5797
5.20180626	4741
5.20180820	8222
5.20181130	4208
5.20181218	10478
5.20190420	4675
5.20190524	80146
5.20220120	1937
5.20220220	2006
5.20220313	1856
5.20220320	2612
5.20220420	2863
5.20220527	2602
5.20220620	19442
