version	total
0.100003	4851
0.100005	1706
0.100006	1121
