version	total
1.94	137166
1.99	1422
2.000000	1229
2.001000	864
2.002000	1779
2.002001	474
