version	total
0.204001	2046
0.204003	2025
0.206003	2698
0.207001	1936
0.207002	1908
0.207003	474
