version	total
2.120921	8522
2.150010	75087
