version	total
1.967013	29916
1.967015	134319
