version	total
2.000024	6865
2.000028	1641
2.000029	3023
