version	total
1.000005	22772
1.002002	7821
1.004002	6858
1.004003	4209
1.004004	120941
1.012004	1829
1.012005	1421
1.014000	1392
1.016002	1291
1.016006	1511
