version	total
0.001011	32868
0.001013	199676
