version	total
2.120921	9811
2.150010	90894
