version	total
0.204001	185
0.204003	166
0.206003	181
