version	total
1.20141117	3577
1.20190531	1216
