version	total
1.003008	3915
1.004000	4025
1.004003	515
