version	total
0.100003	3823
0.100005	756
0.100006	164
