version	total
0.100003	4889
0.100005	1741
0.100006	1156
