version	total
0.100003	4483
0.100005	1354
0.100006	766
