version	total
0.000061	10112
0.000115	6331
0.000116	5112
0.000117	19342
0.000144	2690
0.000145	168718
0.000163	445
