version	total
2.120921	8503
2.150010	74448
