version	total
0.042	56411
1.000000	21963
1.002001	462576
1.002002	240547
