version	total
0.001011	26509
0.001013	127697
