version	total
5.20180120	4540
5.20180626	3568
5.20180820	7049
5.20181130	3047
5.20181218	9080
5.20190420	3496
5.20190524	54615
5.20220120	802
5.20220220	866
5.20220313	725
5.20220320	1470
5.20220420	1723
5.20220527	1463
5.20220620	9317
