version	total
1.100602	6400
1.100603	816
