version	total
0.000061	9863
0.000115	6223
0.000116	5005
0.000117	19135
0.000144	2583
0.000145	156703
0.000163	337
