version	total
0.042	68528
1.000000	22600
1.002001	492261
1.002002	289595
