version	total
1.20141117	2819
1.20190531	470
