version	total
5.20180120	3300
5.20180626	2415
5.20180820	5901
5.20181130	1963
5.20181218	7486
5.20190420	2341
5.20190524	38390
