version	total
1.000019	5236
1.000033	13602
1.000036	78088
1.000037	15750
