version	total
0.17024	28166
0.17027	129960
0.17029	2908
