version	total
1.20141117	2367
1.20190531	144
