version	total
1.006900	29541
1.007002	137671
1.007003	78989
