version	total
0.000061	10189
0.000115	6363
0.000116	5144
0.000117	19393
0.000144	2720
0.000145	169146
0.000163	912
