version	total
0.100052	6232
0.100054	843
0.100055	172
