version	total
0.008	388
0.006007	3041
0.008002	249
0.008004	39
