version	total
1.006900	25819
1.007002	124600
1.007003	49345
