version	total
1.000005	16537
1.002002	5963
1.004002	5013
1.004003	2362
1.004004	61135
