version	total
0.000061	7366
0.000115	5042
0.000116	3829
0.000117	16556
0.000144	1415
0.000145	43759
