version	total
0.001011	30606
0.001013	180717
