version	total
1.100602	6966
1.100603	1342
