version	total
1.003008	4658
1.004000	4854
1.004003	1186
