version	total
1.94	116429
1.99	785
2.000000	650
2.001000	320
2.002000	1071
