version	total
1.000005	18989
1.002002	6882
1.004002	5910
1.004003	3262
1.004004	97994
1.012004	922
1.012005	517
1.014000	480
1.016002	397
1.016006	531
