version	total
1.999813	2340
1.999816	2293
