version	total
1.003008	5196
1.004000	5417
1.004003	1703
