version	total
0.094002	1480
0.094003	885
