version	total
0.004010	4164
0.004011	3889
