version	total
2.120921	8395
2.150010	64847
