version	total
1.006900	25825
1.007002	124620
1.007003	49384
