version	total
0.103004	7489
0.103005	715
