version	total
2.005001	16732
2.006003	130979
2.006006	16198
