version	total
1.302052	7054
1.302075	10394
1.302140	3902
1.302141	3206
1.302156	4124
1.302164	5826
1.302188	851
1.302189	661
1.302190	1854
