version	total
0.094002	2022
0.094003	1423
