version	total
0.000061	6059
0.000115	4210
0.000116	2995
0.000117	14510
0.000144	170
