version	total
4.161950	6353
4.201720	5029
