version	total
5.20180120	5185
5.20180626	4153
5.20180820	7632
5.20181130	3623
5.20181218	9772
5.20190420	4081
5.20190524	76525
5.20220120	1363
5.20220220	1429
5.20220313	1283
5.20220320	2033
5.20220420	2286
5.20220527	2023
5.20220620	14169
