version	total
0.001011	29474
0.001013	172342
