version	total
4.161950	7087
4.201720	8564
