version	total
1.006900	26025
1.007002	125213
1.007003	50332
