version	total
0.002005	2531
0.002006	2096
