version	total
1.967013	22457
1.967015	70307
