version	total
2.000002	4210
2.001000	29082
2.003004	131672
2.005004	12305
