version	total
0.004010	4888
0.004011	4642
