version	total
0.103004	9710
0.103005	2284
0.103006	1597
