version	total
4.161950	4768
4.201720	896
