version	total
0.204001	1010
0.204003	993
0.206003	1161
0.207001	660
0.207002	635
