version	total
5.20180120	4641
5.20180626	3664
5.20180820	7145
5.20181130	3144
5.20181218	9191
5.20190420	3592
5.20190524	70301
5.20220120	899
5.20220220	962
5.20220313	820
5.20220320	1566
5.20220420	1818
5.20220527	1560
5.20220620	10808
