version	total
2.000002	5444
2.001000	34760
2.003004	161176
2.005004	23707
