version	total
0.204001	1367
0.204003	1349
0.206003	1661
0.207001	1015
0.207002	990
