version	total
1.000005	16876
1.002002	6183
1.004002	5231
1.004003	2580
1.004004	65952
