version	total
2.000001	21888
2.000006	18773
2.000008	44805
