version	total
2.000001	22771
2.000006	19559
2.000008	55528
