version	total
0.001011	33059
0.001013	201117
