version	total
1.003008	5569
1.004000	5801
1.004003	2053
