version	total
2.000002	4340
2.001000	29750
2.003004	135449
2.005004	13213
