version	total
2.005001	16064
2.006003	118911
2.006006	12930
