version	total
1.302052	9087
1.302075	13688
1.302140	5374
1.302141	4670
1.302156	5613
1.302164	8931
1.302188	2328
1.302189	2092
1.302190	5774
