version	total
5.20180120	3705
5.20180626	2804
5.20180820	6285
5.20181130	2335
5.20181218	8033
5.20190420	2727
5.20190524	43245
