version	total
1.000005	16187
1.002002	5728
1.004002	4779
1.004003	2127
1.004004	55548
