version	total
0.008	2133
0.006007	5200
0.008002	2020
0.008004	1896
0.008005	1524
0.008006	1504
0.008007	1087
0.008008	713
0.008009	311
