version	total
4.161950	5022
4.201720	1199
