version	total
0.042	69020
1.000000	22645
1.002001	493918
1.002002	292515
