version	total
1.999813	4552
1.999816	4734
1.999829	1947
1.999830	1851
1.999831	1775
1.999832	1765
1.999833	1766
1.999835	1764
1.999836	1701
1.999837	1700
1.999838	1193
1.999839	979
1.999841	841
1.999842	834
2.000000	792
2.001000	756
2.001001	738
2.002000	721
2.002001	706
2.003001	528
2.003002	511
2.003003	252
