version	total
1.100602	5662
1.100603	258
