version	total
2.000024	7045
2.000028	1792
2.000029	3539
