version	total
0.002005	3181
0.002006	2994
0.002009	603
