version	total
2.120921	9779
2.150010	90360
