version	total
1.000019	5363
1.000033	13737
1.000036	79402
1.000037	16560
1.000038	533
