version	total
4.161950	7130
4.201720	8834
