version	total
2.000001	22589
2.000006	19406
2.000008	53405
