version	total
2.000002	4171
2.001000	28835
2.003004	128451
2.005004	11908
