version	total
2.000002	3358
2.001000	24492
2.003004	74830
