version	total
0.100052	6832
0.100054	1203
0.100055	557
