version	total
1.006900	25569
1.007002	123977
1.007003	48395
