version	total
1.100602	6154
1.100603	609
