version	total
2.000002	3010
2.001000	23553
2.003004	64731
