version	total
0.002005	2480
0.002006	2046
