version	total
0.001011	30644
0.001013	181009
