version	total
1.100602	6418
1.100603	832
