version	total
1.999813	3379
1.999816	3472
1.999829	802
1.999830	707
1.999831	634
1.999832	620
1.999833	624
1.999835	620
1.999836	555
1.999837	556
1.999838	41
