version	total
0.17024	24917
0.17027	112874
0.17029	1894
