version	total
0.001011	32533
0.001013	197173
