version	total
0.004010	2800
0.004011	2332
