version	total
2.000001	26084
2.000006	21551
2.000008	102825
2.002004	12071
