version	total
0.100052	6335
0.100054	898
0.100055	228
