version	total
0.001011	34535
0.001013	209605
