version	total
5.20180120	6275
5.20180626	5156
5.20180820	8638
5.20181130	4623
5.20181218	10981
5.20190420	5093
5.20190524	82874
5.20220120	2337
5.20220220	2405
5.20220313	2254
5.20220320	3013
5.20220420	3263
5.20220527	2998
5.20220620	23567
