version	total
0.17024	24098
0.17027	107088
0.17029	1691
