version	total
1.967013	24449
1.967015	101155
