version	total
0.004010	4496
0.004011	4242
