version	total
5.20180120	3647
5.20180626	2747
5.20180820	6229
5.20181130	2286
5.20181218	7950
5.20190420	2670
5.20190524	42189
