version	total
2.005001	18347
2.006003	147529
2.006006	24395
