version	total
0.002005	2331
0.002006	1891
