version	total
1.94	159915
1.99	2497
2.000000	2261
2.001000	1851
2.002000	2938
2.002001	1732
2.003000	657
