version	total
0.103004	9881
0.103005	2410
0.103006	1766
