version	total
0.094002	1727
0.094003	1128
