version	total
1.006900	28720
1.007002	135291
1.007003	72454
