version	total
0.001011	33163
0.001013	201920
