version	total
5.20180120	5114
5.20180626	4087
5.20180820	7569
5.20181130	3560
5.20181218	9693
5.20190420	4018
5.20190524	76157
5.20220120	1303
5.20220220	1368
5.20220313	1224
5.20220320	1974
5.20220420	2226
5.20220527	1961
5.20220620	13783
