version	total
0.042	40814
1.000000	20147
1.002001	176943
