version	total
2.120921	8918
2.150010	79476
