version	total
1.100602	6302
1.100603	721
