version	total
0.094002	1588
0.094003	993
