version	total
1.000005	17296
1.002002	6400
1.004002	5427
1.004003	2780
1.004004	72822
1.012004	375
