version	total
0.000061	7604
0.000115	5159
0.000116	3947
0.000117	16816
0.000144	1542
0.000145	52620
