version	total
1.000005	20336
1.002002	7173
1.004002	6209
1.004003	3560
1.004004	107102
1.012004	1206
1.012005	800
1.014000	766
1.016002	675
1.016006	831
