version	total
0.100052	7113
0.100054	1413
0.100055	776
