version	total
1.999813	3828
1.999816	3964
1.999829	1240
1.999830	1146
1.999831	1072
1.999832	1060
1.999833	1062
1.999835	1058
1.999836	995
1.999837	995
1.999838	489
1.999839	271
1.999841	136
1.999842	125
2.000000	66
2.001000	26
