version	total
1.967013	29200
1.967015	130724
