version	total
0.008	209
0.006007	2773
0.008002	36
