version	total
2.005001	17014
2.006003	134299
2.006006	17235
