version	total
0.008	2006
0.006007	5067
0.008002	1893
0.008004	1769
0.008005	1399
0.008006	1379
0.008007	961
0.008008	588
0.008009	182
