version	total
0.103004	9506
0.103005	2123
0.103006	1436
