version	total
0.103004	7606
0.103005	783
0.103006	59
