version	total
5.20180120	4460
5.20180626	3496
5.20180820	6976
5.20181130	2975
5.20181218	8985
5.20190420	3424
5.20190524	53136
5.20220120	731
5.20220220	794
5.20220313	655
5.20220320	1398
5.20220420	1653
5.20220527	1393
5.20220620	8424
