version	total
0.204001	660
0.204003	643
0.206003	747
0.207001	305
0.207002	280
