version	total
0.094002	758
0.094003	160
