version	total
1.000005	17000
1.002002	6261
1.004002	5298
1.004003	2649
1.004004	67754
1.012004	127
