version	total
1.999813	3651
1.999816	3777
1.999829	1073
1.999830	978
1.999831	905
1.999832	892
1.999833	894
1.999835	890
1.999836	827
1.999837	827
1.999838	322
1.999839	102
