version	total
1.94	152347
1.99	2123
2.000000	1920
2.001000	1531
2.002000	2542
2.002001	1350
2.003000	166
