version	total
0.008	2065
0.006007	5129
0.008002	1952
0.008004	1828
0.008005	1457
0.008006	1437
0.008007	1019
0.008008	646
0.008009	241
