version	total
1.999813	2661
1.999816	2677
1.999829	94
