version	total
5.20180120	5510
5.20180626	4460
5.20180820	7939
5.20181130	3928
5.20181218	10146
5.20190420	4393
5.20190524	78207
5.20220120	1656
5.20220220	1724
5.20220313	1575
5.20220320	2329
5.20220420	2581
5.20220527	2321
5.20220620	16454
