version	total
0.000061	8208
0.000115	5489
0.000116	4275
0.000117	17549
0.000144	1855
0.000145	117929
