version	total
1.20141117	3978
1.20190531	1606
