version	total
0.094002	912
0.094003	315
