version	total
1.967013	21540
1.967015	57148
