version	total
2.000002	4859
2.001000	32491
2.003004	149982
2.005004	16961
