version	total
1.006900	25614
1.007002	124076
1.007003	48544
