version	total
1.20141117	2467
1.20190531	194
