version	total
4.161950	6718
4.201720	6765
