version	total
1.967013	24728
1.967015	103770
