version	total
1.20141117	2755
1.20190531	404
