version	total
2.120921	8801
2.150010	78106
