version	total
1.967013	31443
1.967015	141362
