version	total
1.302052	8730
1.302075	13052
1.302140	5106
1.302141	4407
1.302156	5347
1.302164	8443
1.302188	2069
1.302189	1838
1.302190	4885
