version	total
0.001011	33423
0.001013	203608
