version	total
1.20141117	4453
1.20190531	2062
