version	total
2.000024	7532
2.000028	2139
2.000029	4791
