version	total
2.000002	4650
2.001000	31452
2.003004	144851
2.005004	15466
