version	total
1.006900	29397
1.007002	137306
1.007003	78111
