version	total
0.17024	25393
0.17027	116046
0.17029	2023
