version	total
0.000061	7415
0.000115	5062
0.000116	3848
0.000117	16605
0.000144	1433
0.000145	44661
