version	total
1.967013	30841
1.967015	138504
