version	total
1.006900	22221
1.007002	106462
1.007003	22762
