version	total
0.103004	9121
0.103005	1796
0.103006	1102
