version	total
0.004010	2947
0.004011	2502
