version	total
0.094002	2012
0.094003	1413
