version	total
0.100003	3829
0.100005	760
0.100006	168
