version	total
1.20141117	2377
1.20190531	148
