version	total
1.967013	21567
1.967015	57536
