version	total
0.103004	9254
0.103005	1920
0.103006	1231
