version	total
2.005001	13656
2.006003	55038
