version	total
0.100052	7686
0.100054	1910
0.100055	1280
