version	total
0.100052	7749
0.100054	1959
0.100055	1330
