version	total
2.005001	17792
2.006003	140605
2.006006	19673
