version	total
0.000061	10343
0.000115	6403
0.000116	5185
0.000117	19492
0.000144	2759
0.000145	169918
0.000163	2708
