version	total
2.005001	15875
2.006003	102369
2.006006	11447
