version	total
1.100602	7206
1.100603	1557
