version	total
1.000005	17043
1.002002	6295
1.004002	5326
1.004003	2678
1.004004	68567
1.012004	184
