version	total
0.008	2224
0.006007	5303
0.008002	2113
0.008004	1988
0.008005	1614
0.008006	1593
0.008007	1176
0.008008	803
0.008009	402
