version	total
1.999813	3757
1.999816	3889
1.999829	1171
1.999830	1076
1.999831	1003
1.999832	990
1.999833	992
1.999835	988
1.999836	925
1.999837	925
1.999838	419
1.999839	200
1.999841	66
1.999842	54
