version	total
0.008	1855
0.006007	4912
0.008002	1742
0.008004	1618
0.008005	1252
0.008006	1234
0.008007	814
0.008008	440
0.008009	21
