version	total
2.000024	6120
2.000028	1069
2.000029	1587
