version	total
1.302052	5468
1.302075	8812
1.302140	2875
1.302141	2181
1.302156	3077
1.302164	3106
