version	total
0.001011	24422
0.001013	80674
