version	total
0.204001	1006
0.204003	989
0.206003	1155
0.207001	656
0.207002	631
