version	total
2.005001	16957
2.006003	133724
2.006006	17026
