version	total
0.042	68717
1.000000	22616
1.002001	492839
1.002002	290573
