version	total
2.000024	6480
2.000028	1345
2.000029	2324
