version	total
1.967013	24249
1.967015	99632
