version	total
4.161950	4996
4.201720	1099
