version	total
0.042	59702
1.000000	22047
1.002001	466323
1.002002	244969
