version	total
1.302052	8552
1.302075	12662
1.302140	4955
1.302141	4257
1.302156	5195
1.302164	8176
1.302188	1916
1.302189	1688
1.302190	4396
