version	total
0.100052	5925
0.100054	638
