version	total
0.100052	7086
0.100054	1387
0.100055	750
