version	total
0.042	44670
1.000000	21001
1.002001	381273
1.002002	175682
