version	total
0.008	1606
0.006007	4634
0.008002	1489
0.008004	1365
0.008005	1005
0.008006	985
0.008007	564
0.008008	148
