version	total
2.005001	16552
2.006003	127464
2.006006	15324
