version	total
0.204001	1623
0.204003	1605
0.206003	2006
0.207001	1287
0.207002	1260
