version	total
0.17024	28499
0.17027	131314
0.17029	3014
