version	total
1.006900	23598
1.007002	113922
1.007003	33218
