version	total
2.000001	31289
2.000006	24145
2.000008	139991
2.002004	23594
