version	total
0.001011	32215
0.001013	194438
