version	total
1.000005	22043
1.002002	7604
1.004002	6643
1.004003	3992
1.004004	117689
1.012004	1613
1.012005	1206
1.014000	1174
1.016002	1075
1.016006	1270
