version	total
1.20141117	2611
1.20190531	251
