version	total
1.006900	24718
1.007002	120325
1.007003	41929
