version	total
2.000024	7164
2.000028	1885
2.000029	3831
