version	total
2.000001	24323
2.000006	20559
2.000008	69989
2.002004	4158
