version	total
0.004010	4707
0.004011	4457
