version	total
1.94	128261
1.99	1157
2.000000	988
2.001000	633
2.002000	1511
2.002001	75
