version	total
0.002005	2704
0.002006	2328
0.002009	94
