version	total
0.042	65328
1.000000	22324
1.002001	481428
1.002002	268555
