version	total
2.120921	8967
2.150010	79979
