version	total
2.000024	6109
2.000028	1062
2.000029	1569
