version	total
0.000061	5566
0.000115	3823
0.000116	2605
0.000117	13605
