version	total
0.17024	28474
0.17027	131197
0.17029	3006
