version	total
2.005001	13360
2.006003	51671
