version	total
0.042	41584
1.000000	20381
1.002001	292875
