version	total
0.001011	34024
0.001013	206795
