version	total
1.999813	3779
1.999816	3913
1.999829	1194
1.999830	1100
1.999831	1027
1.999832	1014
1.999833	1016
1.999835	1012
1.999836	949
1.999837	949
1.999838	443
1.999839	225
1.999841	91
1.999842	79
