version	total
1.94	154102
1.99	2180
2.000000	1974
2.001000	1584
2.002000	2606
2.002001	1403
2.003000	237
