version	total
1.000019	5736
1.000033	14130
1.000036	82469
1.000037	17099
1.000038	4033
