version	total
0.004010	4059
0.004011	3774
