version	total
4.161950	3639
4.201720	7
