version	total
1.20141117	3442
1.20190531	1090
