version	total
0.001011	31281
0.001013	185971
