version	total
5.20180120	5330
5.20180626	4294
5.20180820	7773
5.20181130	3761
5.20181218	9946
5.20190420	4224
5.20190524	77381
5.20220120	1492
5.20220220	1560
5.20220313	1412
5.20220320	2164
5.20220420	2416
5.20220527	2154
5.20220620	15353
