version	total
1.000019	4921
1.000033	13260
1.000036	57225
1.000037	11767
