version	total
1.006900	23121
1.007002	111460
1.007003	29796
