version	total
0.001011	34751
0.001013	211010
