version	total
1.20141117	5122
1.20190531	2586
