version	total
2.000002	3503
2.001000	24942
2.003004	78967
2.005004	548
