version	total
1.302052	5701
1.302075	9053
1.302140	3070
1.302141	2374
1.302156	3271
1.302164	3574
