version	total
1.000019	5581
1.000033	13953
1.000036	81335
1.000037	16906
1.000038	2519
