version	total
2.005001	16715
2.006003	130466
2.006006	16092
