version	total
2.000002	5731
2.001000	35947
2.003004	166093
2.005004	26910
