version	total
1.100602	5412
1.100603	97
