version	total
2.000002	4655
2.001000	31470
2.003004	144977
2.005004	15506
