version	total
2.000024	5523
2.000028	744
2.000029	858
