version	total
0.103004	9712
0.103005	2286
0.103006	1599
