version	total
0.001011	32314
0.001013	195594
