version	total
4.161950	7355
4.201720	9796
