version	total
0.004010	5018
0.004011	4778
