version	total
0.204001	1778
0.204003	1760
0.206003	2178
0.207001	1450
0.207002	1422
