version	total
1.20141117	2554
1.20190531	236
