version	total
0.000061	9981
0.000115	6276
0.000116	5057
0.000117	19234
0.000144	2634
0.000145	157695
0.000163	390
