version	total
1.94	153994
1.99	2174
2.000000	1968
2.001000	1578
2.002000	2599
2.002001	1397
2.003000	228
