version	total
0.008	2177
0.006007	5250
0.008002	2065
0.008004	1940
0.008005	1568
0.008006	1547
0.008007	1130
0.008008	757
0.008009	356
