version	total
1.967013	21625
1.967015	58238
