version	total
0.094002	752
0.094003	154
