version	total
0.100003	4485
0.100005	1356
0.100006	768
