version	total
1.000005	25201
1.002002	8408
1.004002	7444
1.004003	4800
1.004004	132450
1.012004	2406
1.012005	1996
1.014000	1967
1.016002	1856
1.016006	2164
