version	total
0.103004	8760
0.103005	1513
0.103006	811
