version	total
1.003008	2902
1.004000	2606
