version	total
1.006900	29320
1.007002	137171
1.007003	77753
