version	total
2.005001	16601
2.006003	128689
2.006006	15547
