version	total
0.002005	3896
0.002006	3781
0.002009	1307
