version	total
0.103004	10061
0.103005	2522
0.103006	1903
