version	total
0.042	51624
1.000000	21654
1.002001	447906
1.002002	225183
