version	total
1.003008	3241
1.004000	3114
