version	total
0.042	63698
1.000000	22203
1.002001	475098
1.002002	258489
