version	total
1.100602	5419
1.100603	105
