version	total
0.094002	1911
0.094003	1310
