version	total
2.120921	8876
2.150010	79064
