version	total
0.001011	32775
0.001013	198793
