version	total
0.000061	8878
0.000115	5808
0.000116	4593
0.000117	18319
0.000144	2176
0.000145	141637
