version	total
1.003008	4281
1.004000	4458
1.004003	845
