version	total
2.005001	14104
2.006003	62041
