version	total
0.042	41023
1.000000	20200
1.002001	193351
