version	total
1.302052	7459
1.302075	10970
1.302140	4154
1.302141	3458
1.302156	4387
1.302164	6537
1.302188	1097
1.302189	902
1.302190	2450
