version	total
1.999813	2538
1.999816	2541
