version	total
0.17024	27964
0.17027	129140
0.17029	2844
