version	total
0.17024	28676
0.17027	132079
0.17029	3069
