version	total
0.001011	24134
0.001013	75674
