version	total
0.001011	33314
0.001013	202865
