version	total
1.967013	21933
1.967015	63125
