version	total
0.17024	20322
0.17027	59321
