version	total
1.999813	4706
1.999816	4908
1.999829	2085
1.999830	1990
1.999831	1912
1.999832	1902
1.999833	1905
1.999835	1901
1.999836	1838
1.999837	1839
1.999838	1331
1.999839	1116
1.999841	977
1.999842	971
2.000000	961
2.001000	925
2.001001	907
2.002000	886
2.002001	874
2.003001	606
2.003002	589
2.003003	334
2.003004	41
2.004001	9
