version	total
5.20180120	3491
5.20180626	2602
5.20180820	6086
5.20181130	2145
5.20181218	7758
5.20190420	2525
5.20190524	40337
