version	total
1.100602	6495
1.100603	890
