version	total
0.103004	7752
0.103005	874
0.103006	144
