version	total
0.204001	832
0.204003	815
0.206003	954
0.207001	481
0.207002	455
