version	total
0.100052	7208
0.100054	1497
0.100055	861
