version	total
2.000001	29271
2.000006	23083
2.000008	131121
2.002004	18097
