version	total
4.161950	7605
4.201720	10929
