version	total
0.17024	20275
0.17027	58676
