version	total
2.000024	4448
2.000028	116
