version	total
1.003008	5313
1.004000	5535
1.004003	1813
