version	total
1.967013	28369
1.967015	126125
