version	total
1.000005	18946
1.002002	6873
1.004002	5901
1.004003	3254
1.004004	97499
1.012004	914
1.012005	509
1.014000	472
1.016002	388
1.016006	523
