version	total
2.000024	6708
2.000028	1529
2.000029	2764
