version	total
0.103004	8667
0.103005	1434
0.103006	731
