version	total
1.006900	18535
1.007002	68673
