version	total
0.002005	4008
0.002006	3894
0.002009	1416
