version	total
1.20141117	2624
1.20190531	265
