version	total
0.103004	9357
0.103005	1997
0.103006	1311
