version	total
2.000001	28198
2.000006	22499
2.000008	125176
2.002004	16309
