version	total
0.17024	25306
0.17027	115489
0.17029	1996
