version	total
0.001011	23568
0.001013	67491
