version	total
0.17024	29718
0.17027	136205
0.17029	3381
0.17030	47
