version	total
2.000024	5773
2.000028	860
2.000029	1034
