version	total
0.004010	3895
0.004011	3589
