version	total
2.000002	4592
2.001000	31087
2.003004	143194
2.005004	15053
