version	total
5.20180120	6048
5.20180626	4960
5.20180820	8440
5.20181130	4426
5.20181218	10752
5.20190420	4896
5.20190524	81547
5.20220120	2146
5.20220220	2215
5.20220313	2065
5.20220320	2820
5.20220420	3071
5.20220527	2810
5.20220620	22101
