version	total
0.002005	3402
0.002006	3236
0.002009	821
