version	total
1.000019	3812
1.000033	11792
1.000036	40392
