version	total
0.004010	5098
0.004011	4862
