version	total
2.000024	7406
2.000028	2053
2.000029	4469
