version	total
0.001011	26569
0.001013	128713
