version	total
0.100052	6017
0.100054	709
0.100055	26
