version	total
2.120921	9586
2.150010	87641
