version	total
1.999813	3277
1.999816	3365
1.999829	705
1.999830	610
1.999831	537
1.999832	523
1.999833	527
1.999835	523
1.999836	458
1.999837	459
