version	total
1.94	146230
1.99	1858
2.000000	1664
2.001000	1280
2.002000	2253
2.002001	1031
