version	total
5.20180120	5712
5.20180626	4658
5.20180820	8138
5.20181130	4126
5.20181218	10387
5.20190420	4592
5.20190524	79553
5.20220120	1854
5.20220220	1923
5.20220313	1773
5.20220320	2530
5.20220420	2780
5.20220527	2520
5.20220620	18343
