version	total
0.002005	3224
0.002006	3039
0.002009	646
