version	total
0.17024	25807
0.17027	118660
0.17029	2130
