version	total
1.999813	3404
1.999816	3502
1.999829	827
1.999830	732
1.999831	659
1.999832	645
1.999833	649
1.999835	645
1.999836	580
1.999837	581
1.999838	69
