version	total
0.103004	8911
0.103005	1635
0.103006	938
