version	total
2.120921	7450
2.150010	29954
