version	total
0.000061	10184
0.000115	6362
0.000116	5143
0.000117	19390
0.000144	2719
0.000145	169142
0.000163	857
