version	total
1.000019	4909
1.000033	13246
1.000036	57118
1.000037	11541
