version	total
1.302052	8507
1.302075	12581
1.302140	4914
1.302141	4216
1.302156	5154
1.302164	8101
1.302188	1875
1.302189	1647
1.302190	4302
