version	total
0.000061	9603
0.000115	6116
0.000116	4898
0.000117	18892
0.000144	2481
0.000145	153700
0.000163	230
