version	total
1.003008	5739
1.004000	5977
1.004003	2193
