version	total
1.302052	9133
1.302075	13774
1.302140	5402
1.302141	4698
1.302156	5642
1.302164	8983
1.302188	2354
1.302189	2118
1.302190	5842
