version	total
1.967013	27614
1.967015	122478
