version	total
2.005001	18842
2.006003	152294
2.006006	27629
