version	total
1.000005	22731
1.002002	7808
1.004002	6847
1.004003	4198
1.004004	120726
1.012004	1818
1.012005	1410
1.014000	1381
1.016002	1278
1.016006	1495
