version	total
0.008	1321
0.006007	4285
0.008002	1194
0.008004	1073
0.008005	733
0.008006	712
0.008007	285
