version	total
2.005001	17383
2.006003	137603
2.006006	18288
