version	total
0.004010	3701
0.004011	3379
