version	total
1.100602	6556
1.100603	948
