version	total
2.000001	23907
2.000006	20350
2.000008	66274
2.002004	2479
