version	total
5.20180120	5718
5.20180626	4664
5.20180820	8144
5.20181130	4132
5.20181218	10396
5.20190420	4598
5.20190524	79587
5.20220120	1859
5.20220220	1929
5.20220313	1779
5.20220320	2536
5.20220420	2786
5.20220527	2526
5.20220620	18408
