version	total
1.94	152815
1.99	2149
2.000000	1944
2.001000	1554
2.002000	2573
2.002001	1374
2.003000	200
