version	total
0.002005	4739
0.002006	4662
0.002009	2131
