version	total
1.302052	8820
1.302075	13213
1.302140	5180
1.302141	4482
1.302156	5423
1.302164	8578
1.302188	2140
1.302189	1909
1.302190	5096
