version	total
1.000005	17006
1.002002	6269
1.004002	5305
1.004003	2656
1.004004	67899
1.012004	140
