version	total
0.100052	8112
0.100054	2227
0.100055	1612
