version	total
1.006900	25436
1.007002	123603
1.007003	47805
