version	total
4.161950	4496
4.201720	648
