version	total
1.999813	4432
1.999816	4601
1.999829	1832
1.999830	1738
1.999831	1662
1.999832	1652
1.999833	1653
1.999835	1651
1.999836	1587
1.999837	1587
1.999838	1080
1.999839	865
1.999841	727
1.999842	720
2.000000	673
2.001000	637
2.001001	619
2.002000	601
2.002001	587
2.003001	464
2.003002	447
2.003003	187
