version	total
0.042	47256
1.000000	21316
1.002001	423349
1.002002	196885
