version	total
0.001011	26747
0.001013	140437
