version	total
0.008	385
0.006007	3037
0.008002	246
0.008004	35
