version	total
0.204001	356
0.204003	338
0.206003	396
