version	total
1.000019	5677
1.000033	14063
1.000036	82026
1.000037	17043
1.000038	3440
