version	total
1.20141117	2369
1.20190531	145
