version	total
2.000001	27328
2.000006	22104
2.000008	119071
2.002004	14670
