version	total
4.161950	5953
4.201720	3778
