version	total
2.005001	13497
2.006003	53305
