version	total
1.999813	2075
1.999816	2001
