version	total
1.302052	5343
1.302075	8694
1.302140	2772
1.302141	2078
1.302156	2970
1.302164	2954
