version	total
0.008	198
0.006007	2753
0.008002	21
