version	total
4.161950	6410
4.201720	5308
