version	total
1.100602	6939
1.100603	1317
