version	total
2.120921	9962
2.150010	92452
