version	total
2.000002	5699
2.001000	35836
2.003004	165604
2.005004	26595
