version	total
0.001011	33037
0.001013	200956
