version	total
0.204001	2005
0.204003	1985
0.206003	2600
0.207001	1846
0.207002	1819
0.207003	384
