version	total
1.000019	6856
1.000033	15335
1.000036	90400
1.000037	18177
1.000038	20458
