version	total
1.006900	23924
1.007002	116111
1.007003	35341
