version	total
0.001011	32710
0.001013	198353
