version	total
2.000001	27136
2.000006	22022
2.000008	117903
2.002004	14395
