version	total
1.006900	24901
1.007002	121014
1.007003	43240
