version	total
1.967013	29118
1.967015	130415
