version	total
5.20180120	6156
5.20180626	5057
5.20180820	8538
5.20181130	4522
5.20181218	10870
5.20190420	4993
5.20190524	82340
5.20220120	2241
5.20220220	2309
5.20220313	2160
5.20220320	2917
5.20220420	3166
5.20220527	2903
5.20220620	22895
