version	total
1.94	138681
1.99	1475
2.000000	1284
2.001000	916
2.002000	1838
2.002001	544
