version	total
0.001011	30599
0.001013	180664
