version	total
5.20180120	4564
5.20180626	3592
5.20180820	7073
5.20181130	3070
5.20181218	9105
5.20190420	3520
5.20190524	58376
5.20220120	824
5.20220220	887
5.20220313	746
5.20220320	1491
5.20220420	1744
5.20220527	1485
5.20220620	9581
