version	total
5.20180120	5405
5.20180626	4363
5.20180820	7842
5.20181130	3831
5.20181218	10033
5.20190420	4294
5.20190524	77626
5.20220120	1561
5.20220220	1629
5.20220313	1481
5.20220320	2233
5.20220420	2486
5.20220527	2223
5.20220620	15770
