version	total
0.008	1907
0.006007	4966
0.008002	1793
0.008004	1669
0.008005	1301
0.008006	1282
0.008007	863
0.008008	490
0.008009	75
