version	total
1.20141117	4119
1.20190531	1739
