version	total
1.967013	22232
1.967015	67591
