version	total
2.000002	5544
2.001000	35208
2.003004	163124
2.005004	25208
