version	total
1.20141117	4150
1.20190531	1770
