version	total
0.042	50848
1.000000	21597
1.002001	444481
1.002002	212999
