version	total
0.100003	4863
0.100005	1718
0.100006	1133
