version	total
1.967013	28838
1.967015	128744
