version	total
1.100602	6230
1.100603	667
