version	total
2.000002	4909
2.001000	32656
2.003004	150521
2.005004	17203
