version	total
0.094002	1055
0.094003	461
