version	total
2.120921	7301
2.150010	28231
