version	total
0.000061	8913
0.000115	5816
0.000116	4601
0.000117	18335
0.000144	2184
0.000145	141917
