version	total
0.103004	9785
0.103005	2340
0.103006	1686
