version	total
1.94	119501
1.99	862
2.000000	718
2.001000	383
2.002000	1169
