version	total
2.120921	7478
2.150010	30319
