version	total
1.000019	6390
1.000033	14877
1.000036	87430
1.000037	17788
1.000038	13809
