version	total
2.000024	5387
2.000028	657
2.000029	731
