version	total
1.967013	27753
1.967015	123046
