version	total
0.001011	24306
0.001013	78706
