version	total
1.000019	4150
1.000033	12249
1.000036	45005
