version	total
2.120921	9161
2.150010	82125
