version	total
1.000005	24571
1.002002	8251
1.004002	7289
1.004003	4640
1.004004	129927
1.012004	2254
1.012005	1844
1.014000	1813
1.016002	1707
1.016006	1994
