version	total
0.100003	4147
0.100005	1042
0.100006	453
