version	total
2.000001	32164
2.000006	24502
2.000008	143747
2.002004	26337
