version	total
1.000019	5607
1.000033	13985
1.000036	81527
1.000037	16943
1.000038	2752
