version	total
1.302052	8905
1.302075	13378
1.302140	5237
1.302141	4535
1.302156	5478
1.302164	8692
1.302188	2194
1.302189	1961
1.302190	5292
