version	total
1.999813	3863
1.999816	4000
1.999829	1273
1.999830	1180
1.999831	1105
1.999832	1094
1.999833	1095
1.999835	1092
1.999836	1029
1.999837	1028
1.999838	523
1.999839	304
1.999841	169
1.999842	159
2.000000	100
2.001000	61
2.001001	43
2.002000	26
