version	total
0.17024	20216
0.17027	57995
