version	total
1.006900	27659
1.007002	131514
1.007003	63777
