version	total
2.120921	9190
2.150010	82307
