version	total
1.999813	2125
1.999816	2053
