version	total
0.001011	28478
0.001013	164132
