version	total
1.000019	5967
1.000033	14405
1.000036	84132
1.000037	17352
1.000038	6628
