version	total
4.161950	4808
4.201720	940
