version	total
0.002005	2667
0.002006	2289
0.002009	43
