version	total
0.17024	26303
0.17027	120753
0.17029	2303
