version	total
0.008	1079
0.006007	3960
0.008002	952
0.008004	826
0.008005	507
0.008006	468
