version	total
2.000002	5725
2.001000	35931
2.003004	166047
2.005004	26886
