version	total
1.999813	3884
1.999816	4022
1.999829	1293
1.999830	1201
1.999831	1126
1.999832	1115
1.999833	1116
1.999835	1113
1.999836	1050
1.999837	1049
1.999838	544
1.999839	325
1.999841	189
1.999842	180
2.000000	121
2.001000	82
2.001001	64
2.002000	48
2.002001	33
