version	total
1.003008	3947
1.004000	4057
1.004003	544
