version	total
2.000001	30123
2.000006	23640
2.000008	134463
2.002004	19659
