version	total
0.204001	2050
0.204003	2029
0.206003	2708
0.207001	1946
0.207002	1918
0.207003	484
