version	total
1.20141117	5016
1.20190531	2522
