version	total
1.003008	4880
1.004000	5088
1.004003	1395
