version	total
0.042	63689
1.000000	22201
1.002001	475048
1.002002	258412
