version	total
0.001011	27013
0.001013	149071
