version	total
1.967013	25761
1.967015	110339
