version	total
0.17024	20480
0.17027	61765
