version	total
0.100003	4145
0.100005	1041
0.100006	452
