version	total
1.999813	3801
1.999816	3936
1.999829	1213
1.999830	1119
1.999831	1046
1.999832	1033
1.999833	1035
1.999835	1031
1.999836	968
1.999837	968
1.999838	462
1.999839	244
1.999841	110
1.999842	98
2.000000	38
