version	total
2.000002	5289
2.001000	34070
2.003004	157982
2.005004	21412
