version	total
1.94	156426
1.99	2306
2.000000	2087
2.001000	1691
2.002000	2737
2.002001	1535
2.003000	398
