version	total
1.94	154527
1.99	2204
2.000000	1997
2.001000	1606
2.002000	2632
2.002001	1434
2.003000	272
