version	total
2.000002	3440
2.001000	24758
2.003004	76999
