version	total
1.302052	7196
1.302075	10571
1.302140	3991
1.302141	3296
1.302156	4216
1.302164	6119
1.302188	936
1.302189	746
1.302190	2048
