version	total
5.20180120	5012
5.20180626	3990
5.20180820	7472
5.20181130	3468
5.20181218	9580
5.20190420	3919
5.20190524	75431
5.20220120	1209
5.20220220	1274
5.20220313	1128
5.20220320	1879
5.20220420	2129
5.20220527	1867
5.20220620	13089
