version	total
1.302052	5739
1.302075	9101
1.302140	3104
1.302141	2408
1.302156	3305
1.302164	3660
