version	total
2.000002	5084
2.001000	33272
2.003004	153312
2.005004	18406
