version	total
1.006900	23602
1.007002	113941
1.007003	33260
