version	total
4.161950	4770
4.201720	898
