version	total
1.003008	5054
1.004000	5268
1.004003	1564
