version	total
0.002005	4760
0.002006	4687
0.002009	2153
