version	total
0.100003	5274
0.100005	2087
0.100006	1500
