version	total
0.004010	5084
0.004011	4848
