version	total
0.042	68662
1.000000	22611
1.002001	492623
1.002002	290234
