version	total
2.000002	4800
2.001000	32205
2.003004	148809
2.005004	16616
