version	total
1.000005	16617
1.002002	6012
1.004002	5059
1.004003	2408
1.004004	62309
