version	total
0.100052	6636
0.100054	1055
0.100055	400
