version	total
0.103004	7772
0.103005	889
0.103006	157
