version	total
0.001011	33254
0.001013	202459
