version	total
2.000024	6476
2.000028	1342
2.000029	2313
