version	total
1.94	142970
1.99	1649
2.000000	1458
2.001000	1080
2.002000	2031
2.002001	774
