version	total
1.000019	6115
1.000033	14571
1.000036	85333
1.000037	17511
1.000038	8339
