version	total
4.161950	6150
4.201720	4385
