version	total
1.100602	6746
1.100603	1135
