version	total
0.008	220
0.006007	2829
0.008002	53
