version	total
1.302052	7157
1.302075	10521
1.302140	3968
1.302141	3273
1.302156	4192
1.302164	6049
1.302188	913
1.302189	723
1.302190	1992
