version	total
1.20141117	4994
1.20190531	2516
