version	total
0.042	61756
1.000000	22116
1.002001	470429
1.002002	251372
