version	total
0.204001	1573
0.204003	1555
0.206003	1952
0.207001	1235
0.207002	1208
