version	total
0.001011	23582
0.001013	67739
