version	total
2.120921	7514
2.150010	30960
