version	total
1.000005	22201
1.002002	7659
1.004002	6697
1.004003	4047
1.004004	118245
1.012004	1668
1.012005	1261
1.014000	1229
1.016002	1130
1.016006	1328
