version	total
0.094002	1240
0.094003	648
