version	total
1.302052	8743
1.302075	13077
1.302140	5118
1.302141	4419
1.302156	5359
1.302164	8461
1.302188	2081
1.302189	1850
1.302190	4916
