version	total
1.967013	30287
1.967015	136180
