version	total
0.204001	2022
0.204003	2001
0.206003	2638
0.207001	1881
0.207002	1854
0.207003	419
