version	total
0.002005	3487
0.002006	3328
0.002009	903
