version	total
0.002005	3294
0.002006	3111
0.002009	716
