version	total
1.003008	3094
1.004000	2869
