version	total
0.042	67034
1.000000	22464
1.002001	487368
1.002002	280949
