version	total
2.000002	5307
2.001000	34168
2.003004	158334
2.005004	21708
