version	total
2.000024	6851
2.000028	1631
2.000029	3004
