version	total
0.204001	1496
0.204003	1479
0.206003	1867
0.207001	1154
0.207002	1127
