version	total
1.000005	20608
1.002002	7254
1.004002	6293
1.004003	3644
1.004004	109146
1.012004	1274
1.012005	868
1.014000	833
1.016002	741
1.016006	902
