version	total
0.17024	29050
0.17027	133689
0.17029	3190
