version	total
1.967013	30165
1.967015	135540
