version	total
1.000019	5202
1.000033	13568
1.000036	77800
1.000037	15447
