version	total
0.042	68349
1.000000	22574
1.002001	491704
1.002002	288806
