version	total
2.120921	9643
2.150010	88324
