version	total
1.000019	4995
1.000033	13348
1.000036	58235
1.000037	12607
