version	total
1.000019	4262
1.000033	12403
1.000036	46352
