version	total
1.999813	3953
1.999816	4093
1.999829	1361
1.999830	1269
1.999831	1194
1.999832	1183
1.999833	1184
1.999835	1181
1.999836	1118
1.999837	1117
1.999838	612
1.999839	395
1.999841	258
1.999842	250
2.000000	192
2.001000	153
2.001001	135
2.002000	119
2.002001	105
2.003001	64
2.003002	43
