version	total
0.17024	24797
0.17027	112044
0.17029	1860
