version	total
0.17024	28039
0.17027	129405
0.17029	2865
