version	total
0.002005	3263
0.002006	3078
0.002009	685
