version	total
1.000005	21220
1.002002	7394
1.004002	6435
1.004003	3785
1.004004	113201
1.012004	1415
1.012005	1009
1.014000	975
1.016002	875
1.016006	1050
