version	total
2.005001	14690
2.006003	69057
2.006006	1261
