version	total
1.999813	3951
1.999816	4091
1.999829	1359
1.999830	1267
1.999831	1192
1.999832	1181
1.999833	1182
1.999835	1179
1.999836	1116
1.999837	1115
1.999838	610
1.999839	392
1.999841	255
1.999842	247
2.000000	189
2.001000	150
2.001001	132
2.002000	116
2.002001	102
2.003001	61
2.003002	40
