version	total
2.005001	17032
2.006003	134454
2.006006	17295
