version	total
0.001011	27612
0.001013	156643
