version	total
0.100052	7046
0.100054	1356
0.100055	718
