version	total
1.999813	3603
1.999816	3720
1.999829	1023
1.999830	928
1.999831	855
1.999832	841
1.999833	845
1.999835	841
1.999836	776
1.999837	777
1.999838	272
1.999839	49
