version	total
0.204001	310
0.204003	291
0.206003	340
