version	total
1.000005	24050
1.002002	8131
1.004002	7168
1.004003	4517
1.004004	127649
1.012004	2135
1.012005	1726
1.014000	1695
1.016002	1593
1.016006	1855
