version	total
0.100052	5328
0.100054	300
