version	total
1.999813	4106
1.999816	4256
1.999829	1513
1.999830	1420
1.999831	1344
1.999832	1334
1.999833	1335
1.999835	1332
1.999836	1269
1.999837	1268
1.999838	762
1.999839	547
1.999841	409
1.999842	402
2.000000	347
2.001000	311
2.001001	293
2.002000	277
2.002001	263
2.003001	214
2.003002	196
