version	total
0.000061	9816
0.000115	6200
0.000116	4982
0.000117	19075
0.000144	2561
0.000145	156304
0.000163	314
