version	total
1.94	124598
1.99	1034
2.000000	878
2.001000	532
2.002000	1366
