version	total
1.302052	6863
1.302075	10204
1.302140	3794
1.302141	3099
1.302156	4014
1.302164	5612
1.302188	745
1.302189	556
1.302190	1624
