version	total
1.20141117	4767
1.20190531	2353
