version	total
2.000002	4865
2.001000	32513
2.003004	150064
2.005004	16987
