version	total
1.006900	27771
1.007002	131833
1.007003	64608
