version	total
0.094002	1858
0.094003	1258
