version	total
2.000002	2897
2.001000	23269
2.003004	62025
