version	total
1.20141117	2715
1.20190531	353
