version	total
1.999813	4664
1.999816	4856
1.999829	2053
1.999830	1955
1.999831	1878
1.999832	1868
1.999833	1870
1.999835	1868
1.999836	1804
1.999837	1804
1.999838	1297
1.999839	1082
1.999841	944
1.999842	937
2.000000	916
2.001000	880
2.001001	862
2.002000	844
2.002001	830
2.003001	583
2.003002	566
2.003003	310
