version	total
1.000005	16798
1.002002	6137
1.004002	5184
1.004003	2533
1.004004	64996
