version	total
2.000024	4484
2.000028	154
