version	total
1.006900	24974
1.007002	121398
1.007003	43974
