version	total
2.005001	13492
2.006003	53243
