version	total
0.100003	4955
0.100005	1804
0.100006	1219
