version	total
0.002005	3608
0.002006	3475
0.002009	1025
