version	total
1.000005	19619
1.002002	7018
1.004002	6051
1.004003	3402
1.004004	102386
1.012004	1057
1.012005	651
1.014000	617
1.016002	528
1.016006	671
