version	total
0.103004	7736
0.103005	870
0.103006	140
