version	total
0.042	48700
1.000000	21474
1.002001	435090
1.002002	205759
