version	total
1.94	152754
1.99	2147
2.000000	1942
2.001000	1552
2.002000	2569
2.002001	1370
2.003000	195
