version	total
1.003008	4666
1.004000	4861
1.004003	1188
