version	total
4.161950	6953
4.201720	7961
