version	total
1.003008	4154
1.004000	4331
1.004003	733
