version	total
0.004010	2659
0.004011	2190
