version	total
1.003008	4688
1.004000	4884
1.004003	1211
