version	total
2.000001	32726
2.000006	24731
2.000008	145669
2.002004	27528
