version	total
1.003008	5727
1.004000	5963
1.004003	2181
