version	total
1.20141117	4217
1.20190531	1836
