version	total
0.17024	28190
0.17027	130072
0.17029	2920
