version	total
1.999813	3441
1.999816	3544
1.999829	862
1.999830	767
1.999831	694
1.999832	680
1.999833	684
1.999835	680
1.999836	615
1.999837	616
1.999838	104
