version	total
0.100003	4111
0.100005	1008
0.100006	418
