version	total
1.000005	18885
1.002002	6853
1.004002	5882
1.004003	3235
1.004004	97026
1.012004	896
1.012005	490
1.014000	454
1.016002	370
1.016006	502
