version	total
0.002005	2592
0.002006	2156
