version	total
0.000061	7515
0.000115	5107
0.000116	3894
0.000117	16709
0.000144	1481
0.000145	47390
