version	total
0.103004	8291
0.103005	1168
0.103006	457
