version	total
0.001011	32301
0.001013	195507
