version	total
0.204001	974
0.204003	957
0.206003	1116
0.207001	622
0.207002	597
