version	total
2.000001	33672
2.000006	25026
2.000008	148856
2.002004	29435
