version	total
2.000024	6652
2.000028	1481
2.000029	2648
