version	total
1.94	115232
1.99	731
2.000000	601
2.001000	281
2.002000	975
