version	total
1.302052	7525
1.302075	11062
1.302140	4197
1.302141	3501
1.302156	4432
1.302164	6630
1.302188	1139
1.302189	944
1.302190	2561
