version	total
1.003008	5070
1.004000	5284
1.004003	1579
