version	total
1.20141117	3658
1.20190531	1290
