version	total
1.006900	18899
1.007002	71919
