version	total
1.000019	6301
1.000033	14779
1.000036	86825
1.000037	17696
1.000038	12127
