version	total
0.004010	4392
0.004011	4132
