version	total
1.94	128730
1.99	1168
2.000000	996
2.001000	639
2.002000	1524
2.002001	88
