version	total
0.004010	3808
0.004011	3496
