version	total
0.008	2570
0.006007	5677
0.008002	2458
0.008004	2333
0.008005	1942
0.008006	1919
0.008007	1504
0.008008	1131
0.008009	736
