version	total
0.000061	6781
0.000115	4694
0.000116	3480
0.000117	15779
0.000144	1083
0.000145	21564
