version	total
5.20180120	5262
5.20180626	4228
5.20180820	7707
5.20181130	3699
5.20181218	9868
5.20190420	4157
5.20190524	77018
5.20220120	1433
5.20220220	1501
5.20220313	1354
5.20220320	2105
5.20220420	2358
5.20220527	2095
5.20220620	14856
