version	total
1.000019	6358
1.000033	14842
1.000036	87142
1.000037	17756
1.000038	13041
