version	total
0.17024	29452
0.17027	135096
0.17029	3323
