version	total
1.100602	7296
1.100603	1628
