version	total
1.000019	5349
1.000033	13719
1.000036	79244
1.000037	16523
1.000038	385
