version	total
0.004010	4977
0.004011	4736
