version	total
2.000002	4287
2.001000	29472
2.003004	133814
2.005004	12872
