version	total
1.20141117	3873
1.20190531	1501
