version	total
1.003008	5361
1.004000	5581
1.004003	1855
