version	total
0.042	54202
1.000000	21840
1.002001	458876
1.002002	236593
