version	total
1.967013	28810
1.967015	128556
