version	total
0.100003	4404
0.100005	1277
0.100006	689
