version	total
4.161950	4947
4.201720	1054
