version	total
0.100003	3727
0.100005	670
0.100006	78
