version	total
1.20141117	4522
1.20190531	2133
