version	total
1.20141117	3387
1.20190531	1035
