version	total
0.17024	25595
0.17027	117132
0.17029	2075
