version	total
1.967013	28155
1.967015	124976
