version	total
0.008	2487
0.006007	5591
0.008002	2375
0.008004	2250
0.008005	1865
0.008006	1843
0.008007	1426
0.008008	1054
0.008009	658
