version	total
0.100003	3200
0.100005	187
