version	total
1.100602	6032
1.100603	519
