version	total
0.000061	6065
0.000115	4215
0.000116	3000
0.000117	14523
0.000144	182
