version	total
2.000001	25695
2.000006	21369
2.000008	89617
2.002004	10911
