version	total
2.120921	9988
2.150010	92630
