version	total
0.100052	6290
0.100054	881
0.100055	211
