version	total
1.967013	22083
1.967015	65404
