version	total
1.000019	5962
1.000033	14398
1.000036	84099
1.000037	17347
1.000038	6581
