version	total
1.967013	26754
1.967015	117531
