version	total
1.302052	8980
1.302075	13510
1.302140	5296
1.302141	4592
1.302156	5537
1.302164	8804
1.302188	2254
1.302189	2019
1.302190	5546
