version	total
0.042	40286
1.000000	20021
1.002001	167861
