version	total
1.302052	9031
1.302075	13605
1.302140	5337
1.302141	4631
1.302156	5575
1.302164	8873
1.302188	2293
1.302189	2057
1.302190	5690
