version	total
2.005001	17138
2.006003	135797
2.006006	17672
