version	total
0.17024	26417
0.17027	121196
0.17029	2341
