version	total
0.094002	2015
0.094003	1416
