version	total
2.000024	6857
2.000028	1635
2.000029	3011
