version	total
0.002005	3861
0.002006	3745
0.002009	1272
