version	total
1.967013	27722
1.967015	122929
