version	total
2.000002	4301
2.001000	29547
2.003004	134222
2.005004	12960
