version	total
4.161950	4501
4.201720	652
