version	total
1.94	151365
1.99	2071
2.000000	1871
2.001000	1484
2.002000	2478
2.002001	1291
2.003000	98
