version	total
1.000005	22484
1.002002	7738
1.004002	6777
1.004003	4127
1.004004	119501
1.012004	1748
1.012005	1341
1.014000	1309
1.016002	1208
1.016006	1415
