version	total
0.204001	1953
0.204003	1935
0.206003	2473
0.207001	1729
0.207002	1702
0.207003	267
