version	total
5.20180120	3579
5.20180626	2687
5.20180820	6167
5.20181130	2226
5.20181218	7861
5.20190420	2608
5.20190524	41338
