version	total
0.008	2497
0.006007	5601
0.008002	2385
0.008004	2260
0.008005	1875
0.008006	1853
0.008007	1436
0.008008	1064
0.008009	668
