version	total
0.002005	3543
0.002006	3399
0.002009	958
