version	total
0.094002	1217
0.094003	625
