version	total
2.000001	32921
2.000006	24807
2.000008	146359
2.002004	27933
