version	total
0.17024	22434
0.17027	95214
0.17029	1221
