version	total
2.000024	6384
2.000028	1273
2.000029	2122
