version	total
0.002005	3927
0.002006	3812
0.002009	1336
