version	total
0.103004	9137
0.103005	1808
0.103006	1114
