version	total
0.042	44437
1.000000	20964
1.002001	377526
1.002002	173381
