version	total
0.204001	1954
0.204003	1936
0.206003	2475
0.207001	1731
0.207002	1704
0.207003	269
