version	total
1.000019	6870
1.000033	15347
1.000036	90464
1.000037	18189
1.000038	20654
