version	total
0.004010	4478
0.004011	4224
