version	total
0.042	48241
1.000000	21431
1.002001	431641
1.002002	203285
