version	total
0.000061	5381
0.000115	3663
0.000116	2443
0.000117	13270
