version	total
1.006900	23223
1.007002	111976
1.007003	30577
