version	total
2.000002	4192
2.001000	28956
2.003004	130240
2.005004	12041
