version	total
0.103004	9984
0.103005	2472
0.103006	1846
