version	total
0.103004	7673
0.103005	831
0.103006	106
