version	total
0.17024	20586
0.17027	63630
