version	total
1.967013	22225
1.967015	67492
