version	total
0.17024	23323
0.17027	102054
0.17029	1498
