version	total
0.100052	7071
0.100054	1374
0.100055	738
