version	total
1.000019	6760
1.000033	15251
1.000036	89762
1.000037	18108
1.000038	18911
