version	total
2.005001	15592
2.006003	92327
2.006006	10232
