version	total
0.17024	20646
0.17027	64648
