version	total
1.302052	8644
1.302075	12832
1.302140	5033
1.302141	4334
1.302156	5274
1.302164	8314
1.302188	1996
1.302189	1765
1.302190	4626
