version	total
1.000019	5791
1.000033	14195
1.000036	83099
1.000037	17170
1.000038	4977
