version	total
1.006900	23733
1.007002	114956
1.007003	34099
