version	total
0.004010	4415
0.004011	4158
