version	total
4.161950	4691
4.201720	825
