version	total
1.967013	22344
1.967015	68696
