version	total
1.94	138192
1.99	1461
2.000000	1270
2.001000	902
2.002000	1823
2.002001	523
