version	total
1.999813	3850
1.999816	3987
1.999829	1261
1.999830	1167
1.999831	1093
1.999832	1081
1.999833	1083
1.999835	1079
1.999836	1016
1.999837	1016
1.999838	510
1.999839	292
1.999841	157
1.999842	146
2.000000	87
2.001000	49
2.001001	31
2.002000	6
