version	total
0.042	44624
1.000000	20997
1.002001	380833
1.002002	175208
