version	total
2.000001	28577
2.000006	22693
2.000008	127204
2.002004	16884
