version	total
0.100052	7487
0.100054	1739
0.100055	1107
