version	total
5.20180120	4627
5.20180626	3650
5.20180820	7131
5.20181130	3130
5.20181218	9175
5.20190420	3578
5.20190524	68199
5.20220120	885
5.20220220	948
5.20220313	806
5.20220320	1552
5.20220420	1804
5.20220527	1546
5.20220620	10546
