version	total
0.094002	1977
0.094003	1376
