version	total
0.008	220
0.006007	2834
0.008002	56
