version	total
2.120921	9516
2.150010	86455
