version	total
2.000024	5770
2.000028	858
2.000029	1032
