version	total
5.20180120	5211
5.20180626	4179
5.20180820	7658
5.20181130	3649
5.20181218	9802
5.20190420	4107
5.20190524	76661
5.20220120	1383
5.20220220	1450
5.20220313	1303
5.20220320	2053
5.20220420	2306
5.20220527	2043
5.20220620	14300
