version	total
0.000061	10378
0.000115	6407
0.000116	5189
0.000117	19507
0.000144	2762
0.000145	170561
0.000163	3068
