version	total
1.999813	4696
1.999816	4897
1.999829	2076
1.999830	1981
1.999831	1903
1.999832	1893
1.999833	1896
1.999835	1892
1.999836	1829
1.999837	1830
1.999838	1322
1.999839	1107
1.999841	968
1.999842	962
2.000000	950
2.001000	914
2.001001	896
2.002000	875
2.002001	863
2.003001	600
2.003002	583
2.003003	328
2.003004	35
