version	total
0.17024	26222
0.17027	120452
0.17029	2268
