version	total
2.005001	16762
2.006003	131347
2.006006	16318
