version	total
0.004010	4784
0.004011	4535
