version	total
0.042	40184
1.000000	19985
1.002001	165593
