version	total
1.000005	25077
1.002002	8376
1.004002	7412
1.004003	4767
1.004004	131899
1.012004	2375
1.012005	1965
1.014000	1935
1.016002	1825
1.016006	2128
