version	total
1.94	145630
1.99	1825
2.000000	1630
2.001000	1247
2.002000	2218
2.002001	991
