version	total
1.000005	16397
1.002002	5879
1.004002	4928
1.004003	2277
1.004004	58693
