version	total
0.17024	21169
0.17027	70997
0.17029	185
