version	total
2.000001	22424
2.000006	19238
2.000008	50493
