version	total
0.204001	2093
0.204003	2071
0.206003	2818
0.207001	2045
0.207002	2017
0.207003	588
