version	total
2.000024	6844
2.000028	1626
2.000029	2994
