version	total
1.999813	3600
1.999816	3717
1.999829	1021
1.999830	926
1.999831	853
1.999832	839
1.999833	843
1.999835	839
1.999836	774
1.999837	775
1.999838	270
1.999839	47
