version	total
0.001011	30567
0.001013	180434
