version	total
1.20141117	3796
1.20190531	1421
