version	total
0.17024	24184
0.17027	107657
0.17029	1704
