version	total
0.103004	7580
0.103005	771
0.103006	48
