version	total
1.302052	5285
1.302075	8639
1.302140	2718
1.302141	2024
1.302156	2915
1.302164	2879
