version	total
0.204001	164
0.204003	145
0.206003	158
