version	total
5.20180120	5357
5.20180626	4318
5.20180820	7797
5.20181130	3786
5.20181218	9981
5.20190420	4249
5.20190524	77476
5.20220120	1516
5.20220220	1584
5.20220313	1437
5.20220320	2188
5.20220420	2441
5.20220527	2178
5.20220620	15517
