version	total
2.120921	8486
2.150010	74174
