version	total
4.161950	7071
4.201720	8499
