version	total
0.17024	20204
0.17027	57789
