version	total
2.000024	5697
2.000028	811
2.000029	956
