version	total
0.001011	23901
0.001013	71504
