version	total
0.001011	23991
0.001013	73261
