version	total
1.000005	18759
1.002002	6815
1.004002	5844
1.004003	3195
1.004004	96413
1.012004	856
1.012005	450
1.014000	417
1.016002	335
1.016006	461
