version	total
1.302052	5466
1.302075	8809
1.302140	2873
1.302141	2179
1.302156	3075
1.302164	3104
