version	total
1.100602	6258
1.100603	692
