version	total
0.103004	9202
0.103005	1872
0.103006	1181
