version	total
0.17024	26336
0.17027	120881
0.17029	2311
