version	total
0.002005	4158
0.002006	4048
0.002009	1564
