version	total
0.100003	3680
0.100005	628
0.100006	34
