version	total
0.001011	24586
0.001013	84097
