version	total
2.000002	4397
2.001000	30069
2.003004	137018
2.005004	13598
