version	total
1.302052	8813
1.302075	13197
1.302140	5174
1.302141	4476
1.302156	5417
1.302164	8565
1.302188	2133
1.302189	1902
1.302190	5082
