version	total
1.967013	25041
1.967015	105703
