version	total
0.17024	26179
0.17027	120303
0.17029	2247
