version	total
0.008	1879
0.006007	4936
0.008002	1765
0.008004	1642
0.008005	1275
0.008006	1257
0.008007	837
0.008008	463
0.008009	47
