version	total
0.000061	6805
0.000115	4705
0.000116	3490
0.000117	15804
0.000144	1092
0.000145	21912
