version	total
4.161950	3648
4.201720	20
