version	total
2.120921	9397
2.150010	84701
