version	total
1.94	96250
1.99	426
2.000000	305
2.001000	41
2.002000	104
