version	total
5.20180120	3781
5.20180626	2878
5.20180820	6358
5.20181130	2387
5.20181218	8135
5.20190420	2800
5.20190524	44107
