version	total
1.000005	23879
1.002002	8085
1.004002	7125
1.004003	4475
1.004004	126925
1.012004	2093
1.012005	1685
1.014000	1654
1.016002	1550
1.016006	1806
