version	total
1.967013	23837
1.967015	96750
