version	total
5.20180120	3551
5.20180626	2659
5.20180820	6140
5.20181130	2199
5.20181218	7826
5.20190420	2580
5.20190524	40912
