version	total
2.120921	7570
2.150010	31880
