version	total
0.002005	2347
0.002006	1907
