version	total
0.000061	8441
0.000115	5595
0.000116	4380
0.000117	17827
0.000144	1961
0.000145	124685
