version	total
1.100602	7009
1.100603	1381
