version	total
0.000061	8170
0.000115	5463
0.000116	4248
0.000117	17501
0.000144	1834
0.000145	115419
