version	total
2.000001	22881
2.000006	19681
2.000008	57033
