version	total
0.002005	3186
0.002006	2999
0.002009	608
