version	total
2.000002	3360
2.001000	24498
2.003004	74908
