version	total
0.100003	4930
0.100005	1779
0.100006	1194
