version	total
0.002005	4430
0.002006	4329
0.002009	1834
