version	total
0.042	52547
1.000000	21720
1.002001	454162
1.002002	231361
