version	total
2.120921	8446
2.150010	71496
