version	total
0.042	40599
1.000000	20095
1.002001	173557
