version	total
2.005001	17693
2.006003	139728
2.006006	19175
