version	total
1.302052	6961
1.302075	10289
1.302140	3839
1.302141	3144
1.302156	4061
1.302164	5710
1.302188	790
1.302189	600
1.302190	1735
