version	total
1.20141117	2761
1.20190531	410
