version	total
0.004010	4880
0.004011	4634
