version	total
2.000024	4405
2.000028	45
