version	total
0.001011	31672
0.001013	190106
