version	total
0.100052	5150
0.100054	202
