version	total
1.94	134864
1.99	1350
2.000000	1162
2.001000	796
2.002000	1713
2.002001	391
