version	total
2.000001	24416
2.000006	20593
2.000008	70567
2.002004	4605
