version	total
0.008	321
0.006007	2969
0.008002	169
