version	total
1.967013	22766
1.967015	75684
