version	total
0.17024	20526
0.17027	62560
