version	total
1.000005	19059
1.002002	6903
1.004002	5931
1.004003	3283
1.004004	98864
1.012004	942
1.012005	537
1.014000	503
1.016002	417
1.016006	554
