version	total
0.008	2115
0.006007	5177
0.008002	2002
0.008004	1878
0.008005	1507
0.008006	1487
0.008007	1070
0.008008	696
0.008009	293
