version	total
2.000024	7101
2.000028	1837
2.000029	3680
