version	total
0.000061	8150
0.000115	5455
0.000116	4240
0.000117	17469
0.000144	1826
0.000145	112682
