version	total
0.000061	6328
0.000115	4406
0.000116	3195
0.000117	14999
0.000144	556
0.000145	6178
