version	total
2.000002	3551
2.001000	25225
2.003004	80461
2.005004	1118
