version	total
1.000019	3895
1.000033	11917
1.000036	41314
