version	total
2.120921	9894
2.150010	91876
