version	total
0.103004	9011
0.103005	1699
0.103006	1004
