version	total
0.17024	20227
0.17027	58192
