version	total
0.100052	7605
0.100054	1839
0.100055	1209
