version	total
0.002005	3743
0.002006	3621
0.002009	1160
