version	total
0.001011	23499
0.001013	66600
