version	total
2.120921	9736
2.150010	89783
