version	total
0.000061	9836
0.000115	6211
0.000116	4993
0.000117	19102
0.000144	2571
0.000145	156482
0.000163	325
