version	total
1.999813	4138
1.999816	4291
1.999829	1544
1.999830	1451
1.999831	1375
1.999832	1365
1.999833	1366
1.999835	1363
1.999836	1300
1.999837	1299
1.999838	793
1.999839	578
1.999841	440
1.999842	433
2.000000	381
2.001000	344
2.001001	326
2.002000	309
2.002001	295
2.003001	243
2.003002	226
