version	total
0.100052	7812
0.100054	2010
0.100055	1384
