version	total
2.000001	28548
2.000006	22675
2.000008	126995
2.002004	16838
