version	total
1.94	120154
1.99	899
2.000000	755
2.001000	419
2.002000	1213
