version	total
5.20180120	4869
5.20180626	3863
5.20180820	7342
5.20181130	3343
5.20181218	9426
5.20190420	3790
5.20190524	74326
5.20220120	1087
5.20220220	1152
5.20220313	1006
5.20220320	1754
5.20220420	2005
5.20220527	1746
5.20220620	12413
