version	total
0.204001	177
0.204003	158
0.206003	173
