version	total
2.000001	28446
2.000006	22618
2.000008	126364
2.002004	16607
