version	total
0.103004	7727
0.103005	862
0.103006	132
