version	total
0.002005	3268
0.002006	3084
0.002009	690
