version	total
0.002005	3302
0.002006	3119
0.002009	724
