version	total
1.006900	23058
1.007002	111111
1.007003	29435
