version	total
2.000002	2997
2.001000	23526
2.003004	64437
