version	total
1.999813	2404
1.999816	2385
