version	total
1.100602	6336
1.100603	751
