version	total
0.000061	7880
0.000115	5307
0.000116	4093
0.000117	17099
0.000144	1685
0.000145	65580
