version	total
1.100602	6464
1.100603	871
