version	total
1.000005	24818
1.002002	8310
1.004002	7347
1.004003	4699
1.004004	131094
1.012004	2312
1.012005	1903
1.014000	1872
1.016002	1765
1.016006	2064
