version	total
0.094002	1259
0.094003	667
