version	total
1.302052	5828
1.302075	9206
1.302140	3187
1.302141	2489
1.302156	3389
1.302164	3813
