version	total
2.000002	5693
2.001000	35811
2.003004	165499
2.005004	26547
