version	total
1.94	129787
1.99	1201
2.000000	1023
2.001000	668
2.002000	1555
2.002001	167
