version	total
1.94	162531
1.99	2602
2.000000	2348
2.001000	1929
2.002000	3050
2.002001	1841
2.003000	823
