version	total
0.004010	5007
0.004011	4767
