version	total
1.006900	19247
1.007002	74407
1.007003	341
