version	total
2.000002	4389
2.001000	30030
2.003004	136844
2.005004	13537
