version	total
0.103004	8693
0.103005	1460
0.103006	757
