version	total
0.001011	27409
0.001013	155138
