version	total
2.005001	16722
2.006003	130714
2.006006	16141
