version	total
1.94	140343
1.99	1538
2.000000	1344
2.001000	969
2.002000	1906
2.002001	624
