version	total
0.100003	4317
0.100005	1194
0.100006	605
