version	total
0.002005	2415
0.002006	1976
