version	total
1.20141117	4515
1.20190531	2126
