version	total
0.001011	29329
0.001013	171016
