version	total
2.000001	22574
2.000006	19379
2.000008	52994
