version	total
0.002005	4336
0.002006	4231
0.002009	1742
