version	total
1.006900	30106
1.007002	139531
1.007003	84333
