version	total
0.008	1182
0.006007	4096
0.008002	1055
0.008004	931
0.008005	605
0.008006	583
0.008007	151
