version	total
2.000024	7643
2.000028	2221
2.000029	5084
