version	total
0.004010	4300
0.004011	4036
