version	total
0.001011	28073
0.001013	160717
