version	total
0.17024	26567
0.17027	121971
0.17029	2398
