version	total
1.006900	23412
1.007002	112849
1.007003	31586
