version	total
0.001011	26085
0.001013	123688
