version	total
0.008	917
0.006007	3764
0.008002	790
0.008004	664
0.008005	354
0.008006	309
