version	total
2.000001	29296
2.000006	23112
2.000008	131184
2.002004	18134
