version	total
0.008	973
0.006007	3837
0.008002	846
0.008004	720
0.008005	405
0.008006	363
