version	total
0.100003	3548
0.100005	506
