version	total
0.000061	6080
0.000115	4226
0.000116	3011
0.000117	14550
0.000144	207
