version	total
2.120921	9576
2.150010	87466
