version	total
1.20141117	2386
1.20190531	152
