version	total
0.042	49508
1.000000	21532
1.002001	439911
1.002002	209144
