version	total
1.003008	4186
1.004000	4366
1.004003	764
