version	total
0.042	59987
1.000000	22055
1.002001	466834
1.002002	245683
