version	total
0.103004	9031
0.103005	1715
0.103006	1020
