version	total
4.161950	5119
4.201720	1546
