version	total
0.042	50958
1.000000	21603
1.002001	444877
1.002002	213600
