version	total
1.94	118286
1.99	831
2.000000	691
2.001000	359
2.002000	1133
