version	total
1.000005	20569
1.002002	7245
1.004002	6283
1.004003	3633
1.004004	108665
1.012004	1265
1.012005	859
1.014000	824
1.016002	732
1.016006	891
