version	total
1.20141117	4685
1.20190531	2285
