version	total
1.000005	22168
1.002002	7646
1.004002	6685
1.004003	4034
1.004004	118108
1.012004	1655
1.012005	1248
1.014000	1216
1.016002	1117
1.016006	1314
