version	total
0.000061	10332
0.000115	6401
0.000116	5183
0.000117	19482
0.000144	2759
0.000145	169793
0.000163	2504
