version	total
0.103004	8733
0.103005	1492
0.103006	790
