version	total
1.967013	28974
1.967015	129635
