version	total
4.161950	5045
4.201720	1277
