version	total
1.20141117	2574
1.20190531	238
