version	total
0.002005	3871
0.002006	3755
0.002009	1282
