version	total
0.042	46241
1.000000	21206
1.002001	414151
1.002002	190925
