version	total
0.094002	1394
0.094003	800
