version	total
0.042	54738
1.000000	21882
1.002001	459842
1.002002	237720
