version	total
0.001011	34035
0.001013	206872
