version	total
2.000002	4977
2.001000	32901
2.003004	151428
2.005004	17551
