version	total
1.006900	24877
1.007002	120913
1.007003	43074
