version	total
0.042	52882
1.000000	21750
1.002001	455924
1.002002	233416
