version	total
0.000061	7933
0.000115	5335
0.000116	4122
0.000117	17175
0.000144	1712
0.000145	67659
