version	total
0.103004	7346
0.103005	628
