version	total
0.002005	3225
0.002006	3040
0.002009	647
