version	total
0.002005	4052
0.002006	3940
0.002009	1460
