version	total
0.042	52225
1.000000	21704
1.002001	452610
1.002002	229390
