version	total
0.042	45350
1.000000	21087
1.002001	389801
1.002002	180845
