version	total
0.004010	4445
0.004011	4191
