version	total
0.004010	4256
0.004011	3992
