version	total
5.20180120	3316
5.20180626	2433
5.20180820	5917
5.20181130	1979
5.20181218	7510
5.20190420	2357
5.20190524	38559
