version	total
0.001011	34641
0.001013	210287
