version	total
2.000001	33274
2.000006	24910
2.000008	147603
2.002004	28611
