version	total
1.100602	6734
1.100603	1123
