version	total
4.161950	4595
4.201720	742
