version	total
1.967013	22421
1.967015	69718
