version	total
1.20141117	4298
1.20190531	1914
