version	total
0.000061	7378
0.000115	5046
0.000116	3833
0.000117	16565
0.000144	1419
0.000145	44089
