version	total
1.999813	2269
1.999816	2203
