version	total
0.002005	2196
0.002006	1757
