version	total
1.000005	24075
1.002002	8133
1.004002	7172
1.004003	4521
1.004004	127717
1.012004	2139
1.012005	1730
1.014000	1699
1.016002	1595
1.016006	1857
