version	total
1.20141117	2899
1.20190531	548
