version	total
2.005001	17211
2.006003	136712
2.006006	17927
