version	total
2.120921	7444
2.150010	29828
