version	total
1.20141117	4906
1.20190531	2462
