version	total
0.001011	25173
0.001013	97761
