version	total
1.94	128355
1.99	1160
2.000000	990
2.001000	634
2.002000	1515
2.002001	78
