version	total
2.120921	9237
2.150010	82741
