version	total
1.302052	7198
1.302075	10573
1.302140	3993
1.302141	3298
1.302156	4218
1.302164	6126
1.302188	938
1.302189	748
1.302190	2052
