version	total
1.000005	16221
1.002002	5751
1.004002	4799
1.004003	2147
1.004004	55898
