version	total
0.204001	168
0.204003	149
0.206003	162
