version	total
2.000001	31310
2.000006	24148
2.000008	140080
2.002004	23671
