version	total
2.000001	29369
2.000006	23159
2.000008	131388
2.002004	18233
