version	total
2.000002	3035
2.001000	23622
2.003004	65186
