version	total
2.000001	30583
2.000006	23885
2.000008	136687
2.002004	21216
