version	total
2.120921	10020
2.150010	92943
