version	total
2.000001	32051
2.000006	24455
2.000008	143294
2.002004	26045
