version	total
1.000019	5732
1.000033	14124
1.000036	82428
1.000037	17095
1.000038	3972
