version	total
5.20180120	3453
5.20180626	2564
5.20180820	6049
5.20181130	2109
5.20181218	7706
5.20190420	2490
5.20190524	39944
