version	total
0.204001	2145
0.204003	2124
0.206003	3074
0.207001	2250
0.207002	2222
0.207003	794
