version	total
1.000005	20603
1.002002	7252
1.004002	6291
1.004003	3642
1.004004	109128
1.012004	1272
1.012005	866
1.014000	831
1.016002	739
1.016006	900
