version	total
2.000001	22009
2.000006	18879
2.000008	45967
