version	total
0.000061	8976
0.000115	5839
0.000116	4624
0.000117	18388
0.000144	2206
0.000145	143413
