version	total
5.20180120	5616
5.20180626	4563
5.20180820	8043
5.20181130	4030
5.20181218	10271
5.20190420	4497
5.20190524	78905
5.20220120	1757
5.20220220	1826
5.20220313	1676
5.20220320	2433
5.20220420	2683
5.20220527	2423
5.20220620	17301
