version	total
4.161950	7160
4.201720	8938
