version	total
2.005001	16977
2.006003	133980
2.006006	17115
