version	total
1.000005	23229
1.002002	7930
1.004002	6969
1.004003	4320
1.004004	123445
1.012004	1941
1.012005	1533
1.014000	1503
1.016002	1399
1.016006	1634
