version	total
0.103004	7817
0.103005	923
0.103006	190
