version	total
1.100602	7024
1.100603	1395
