version	total
0.008	1413
0.006007	4404
0.008002	1286
0.008004	1166
0.008005	819
0.008006	800
0.008007	377
