version	total
1.302052	7372
1.302075	10834
1.302140	4102
1.302141	3407
1.302156	4335
1.302164	6385
1.302188	1046
1.302189	854
1.302190	2318
