version	total
1.006900	27628
1.007002	131445
1.007003	63570
