version	total
0.002005	2329
0.002006	1889
