version	total
2.000024	7255
2.000028	1951
2.000029	4089
