version	total
1.94	153818
1.99	2168
2.000000	1962
2.001000	1572
2.002000	2590
2.002001	1391
2.003000	222
