version	total
1.006900	19457
1.007002	76128
1.007003	1386
