version	total
0.204001	1714
0.204003	1696
0.206003	2102
0.207001	1378
0.207002	1350
