version	total
0.001011	34627
0.001013	210187
