version	total
1.000005	22108
1.002002	7630
1.004002	6669
1.004003	4018
1.004004	117905
1.012004	1639
1.012005	1232
1.014000	1200
1.016002	1101
1.016006	1298
