version	total
0.100003	4419
0.100005	1291
0.100006	703
