version	total
1.000019	6517
1.000033	15014
1.000036	88198
1.000037	17898
1.000038	15630
