version	total
0.042	53709
1.000000	21802
1.002001	457844
1.002002	235386
