version	total
0.100003	4618
0.100005	1481
0.100006	895
