version	total
1.100602	6713
1.100603	1104
