version	total
1.006900	26899
1.007002	128454
1.007003	56648
