version	total
1.302052	6982
1.302075	10312
1.302140	3853
1.302141	3158
1.302156	4075
1.302164	5742
1.302188	804
1.302189	614
1.302190	1763
