version	total
0.002005	2407
0.002006	1968
