version	total
2.000002	5488
2.001000	34930
2.003004	161877
2.005004	24184
