version	total
0.204001	1418
0.204003	1400
0.206003	1767
0.207001	1067
0.207002	1042
