version	total
1.003008	3987
1.004000	4119
1.004003	581
