version	total
0.17024	26262
0.17027	120590
0.17029	2285
