version	total
1.000019	4437
1.000033	12642
1.000036	49030
1.000037	868
