version	total
1.967013	21822
1.967015	61104
