version	total
0.204001	1125
0.204003	1110
0.206003	1292
0.207001	776
0.207002	750
