version	total
2.000001	26341
2.000006	21673
2.000008	110595
2.002004	12821
