version	total
0.042	66910
1.000000	22453
1.002001	486945
1.002002	280081
