version	total
1.000019	5134
1.000033	13499
1.000036	76083
1.000037	14523
