version	total
0.100052	7981
0.100054	2149
0.100055	1527
