version	total
2.005001	19023
2.006003	154559
2.006006	28940
