version	total
0.103004	8823
0.103005	1559
0.103006	858
