version	total
1.302052	9159
1.302075	13847
1.302140	5423
1.302141	4719
1.302156	5663
1.302164	9017
1.302188	2374
1.302189	2138
1.302190	5909
