version	total
2.005001	16068
2.006003	119098
2.006006	12951
