version	total
2.000024	5920
2.000028	945
2.000029	1165
