version	total
0.002005	4594
0.002006	4506
0.002009	1991
