version	total
2.000001	22779
2.000006	19567
2.000008	55562
