version	total
5.20180120	5722
5.20180626	4668
5.20180820	8148
5.20181130	4136
5.20181218	10400
5.20190420	4602
5.20190524	79654
5.20220120	1863
5.20220220	1933
5.20220313	1783
5.20220320	2540
5.20220420	2790
5.20220527	2530
5.20220620	18450
