version	total
1.000019	6396
1.000033	14883
1.000036	87451
1.000037	17794
1.000038	13871
