version	total
5.20180120	5164
5.20180626	4134
5.20180820	7613
5.20181130	3604
5.20181218	9750
5.20190420	4062
5.20190524	76399
5.20220120	1344
5.20220220	1409
5.20220313	1264
5.20220320	2014
5.20220420	2267
5.20220527	2003
5.20220620	14042
