version	total
0.004010	4098
0.004011	3815
