version	total
1.999813	2215
1.999816	2147
