version	total
0.204001	1421
0.204003	1403
0.206003	1771
0.207001	1071
0.207002	1046
