version	total
2.005001	17388
2.006003	137629
2.006006	18308
