version	total
0.004010	4890
0.004011	4644
