version	total
1.20141117	4475
1.20190531	2086
