version	total
1.302052	7383
1.302075	10845
1.302140	4108
1.302141	3413
1.302156	4340
1.302164	6395
1.302188	1050
1.302189	858
1.302190	2322
