version	total
2.000002	5360
2.001000	34412
2.003004	159255
2.005004	22507
