version	total
2.120921	9504
2.150010	86302
