version	total
1.302052	7104
1.302075	10444
1.302140	3935
1.302141	3240
1.302156	4157
1.302164	5968
1.302188	883
1.302189	693
1.302190	1921
