version	total
0.100052	7384
0.100054	1639
0.100055	1004
