version	total
2.005001	14216
2.006003	63383
