version	total
2.000002	4539
2.001000	30802
2.003004	141305
2.005004	14544
