version	total
2.005001	18854
2.006003	152456
2.006006	27719
