version	total
0.094002	1369
0.094003	775
