version	total
2.000001	31740
2.000006	24331
2.000008	142142
2.002004	24974
