version	total
0.103004	9976
0.103005	2464
0.103006	1835
