version	total
0.17024	26381
0.17027	121072
0.17029	2332
