version	total
2.005001	16707
2.006003	130419
2.006006	16075
