version	total
0.000061	8604
0.000115	5687
0.000116	4472
0.000117	18045
0.000144	2053
0.000145	130776
