version	total
1.94	132896
1.99	1295
2.000000	1112
2.001000	749
2.002000	1654
2.002001	318
