version	total
1.302052	7841
1.302075	11462
1.302140	4393
1.302141	3695
1.302156	4627
1.302164	7066
1.302188	1362
1.302189	1135
1.302190	3055
