version	total
0.100003	3008
0.100005	12
