version	total
2.120921	9035
2.150010	80637
