version	total
2.005001	13324
2.006003	51178
