version	total
0.000061	7701
0.000115	5210
0.000116	3998
0.000117	16888
0.000144	1584
0.000145	53146
