version	total
0.001011	24171
0.001013	76276
