version	total
0.094002	1964
0.094003	1363
