version	total
0.204001	2131
0.204003	2110
0.206003	2983
0.207001	2179
0.207002	2152
0.207003	722
