version	total
0.001011	24247
0.001013	77947
