version	total
0.002005	3504
0.002006	3352
0.002009	920
