version	total
0.094002	777
0.094003	179
