version	total
1.003008	4324
1.004000	4502
1.004003	882
