version	total
2.000002	3414
2.001000	24688
2.003004	76286
