version	total
1.94	127220
1.99	1121
2.000000	955
2.001000	602
2.002000	1471
