version	total
2.000024	7238
2.000028	1938
2.000029	4040
