version	total
4.161950	5704
4.201720	2717
