version	total
0.008	1234
0.006007	4169
0.008002	1107
0.008004	983
0.008005	654
0.008006	632
0.008007	201
