version	total
2.000002	3335
2.001000	24439
2.003004	74467
