version	total
1.003008	4305
1.004000	4483
1.004003	866
