version	total
0.042	48621
1.000000	21463
1.002001	434392
1.002002	205280
