version	total
4.161950	6736
4.201720	6826
