version	total
1.003008	5689
1.004000	5922
1.004003	2154
