version	total
1.003008	4012
1.004000	4155
1.004003	605
