version	total
0.103004	8313
0.103005	1178
0.103006	467
