version	total
0.042	46333
1.000000	21213
1.002001	414733
1.002002	191409
