version	total
2.000002	5187
2.001000	33714
2.003004	155621
2.005004	19847
