version	total
0.001011	23376
0.001013	65165
