version	total
0.000061	6173
0.000115	4294
0.000116	3081
0.000117	14735
0.000144	323
0.000145	924
