version	total
1.000005	20678
1.002002	7272
1.004002	6309
1.004003	3660
1.004004	109574
1.012004	1290
1.012005	884
1.014000	849
1.016002	757
1.016006	920
