version	total
1.94	162161
1.99	2586
2.000000	2333
2.001000	1915
2.002000	3035
2.002001	1827
2.003000	792
