version	total
1.94	150834
1.99	2049
2.000000	1849
2.001000	1462
2.002000	2453
2.002001	1268
2.003000	62
