version	total
0.002005	3711
0.002006	3588
0.002009	1128
