version	total
1.999813	3766
1.999816	3900
1.999829	1181
1.999830	1087
1.999831	1014
1.999832	1001
1.999833	1003
1.999835	999
1.999836	936
1.999837	936
1.999838	430
1.999839	211
1.999841	77
1.999842	65
