version	total
0.17024	25790
0.17027	118512
0.17029	2124
