version	total
2.120921	10148
2.150010	94210
