version	total
2.005001	18018
2.006003	143016
2.006006	21286
