version	total
0.002005	4466
0.002006	4368
0.002009	1870
