version	total
0.001011	27698
0.001013	157423
