version	total
1.000019	3875
1.000033	11883
1.000036	41062
