version	total
0.008	1768
0.006007	4816
0.008002	1653
0.008004	1530
0.008005	1166
0.008006	1148
0.008007	726
0.008008	333
