version	total
2.000024	6925
2.000028	1690
2.000029	3189
