version	total
1.006900	18907
1.007002	71931
