version	total
1.20141117	4501
1.20190531	2112
