version	total
1.967013	27439
1.967015	121620
