version	total
0.17024	29901
0.17027	136908
0.17029	3416
0.17030	100
