version	total
2.120921	8682
2.150010	76847
