version	total
1.000005	18834
1.002002	6840
1.004002	5868
1.004003	3221
1.004004	96715
1.012004	879
1.012005	474
1.014000	440
1.016002	358
1.016006	486
