version	total
1.94	131986
1.99	1275
2.000000	1093
2.001000	731
2.002000	1634
2.002001	292
