version	total
0.001011	28814
0.001013	166569
