version	total
0.17024	20193
0.17027	57705
