version	total
0.103004	8863
0.103005	1599
0.103006	900
