version	total
1.000005	22653
1.002002	7786
1.004002	6824
1.004003	4175
1.004004	120246
1.012004	1796
1.012005	1388
1.014000	1357
1.016002	1256
1.016006	1469
