version	total
1.000019	6714
1.000033	15209
1.000036	89539
1.000037	18067
1.000038	18382
