version	total
0.042	54997
1.000000	21897
1.002001	460314
1.002002	238263
