version	total
0.204001	2065
0.204003	2043
0.206003	2746
0.207001	1978
0.207002	1950
0.207003	516
