version	total
0.042	40797
1.000000	20142
1.002001	176659
