version	total
1.20141117	3645
1.20190531	1277
