version	total
2.000001	22913
2.000006	19714
2.000008	57287
