version	total
2.120921	8533
2.150010	75232
