version	total
1.999813	2618
1.999816	2632
1.999829	55
