version	total
0.001011	29116
0.001013	169617
