version	total
2.000001	29752
2.000006	23440
2.000008	132723
2.002004	18794
