version	total
1.003008	4713
1.004000	4911
1.004003	1234
