version	total
4.161950	6980
4.201720	8095
