version	total
1.000019	6233
1.000033	14708
1.000036	86298
1.000037	17629
1.000038	10722
