version	total
1.000019	5657
1.000033	14041
1.000036	81845
1.000037	17017
1.000038	3194
