version	total
2.000001	30324
2.000006	23741
2.000008	135406
2.002004	20253
