version	total
0.042	68029
1.000000	22546
1.002001	490842
1.002002	287246
