version	total
1.967013	29004
1.967015	129875
