version	total
0.204001	1761
0.204003	1743
0.206003	2152
0.207001	1428
0.207002	1400
