version	total
2.000001	30618
2.000006	23894
2.000008	136843
2.002004	21314
