version	total
1.999813	4225
1.999816	4381
1.999829	1632
1.999830	1539
1.999831	1463
1.999832	1453
1.999833	1454
1.999835	1451
1.999836	1388
1.999837	1387
1.999838	881
1.999839	666
1.999841	528
1.999842	521
2.000000	471
2.001000	434
2.001001	416
2.002000	399
2.002001	386
2.003001	328
2.003002	311
2.003003	45
