version	total
5.20180120	5590
5.20180626	4538
5.20180820	8018
5.20181130	4006
5.20181218	10241
5.20190420	4472
5.20190524	78753
5.20220120	1732
5.20220220	1801
5.20220313	1652
5.20220320	2409
5.20220420	2659
5.20220527	2399
5.20220620	17085
