version	total
0.008	2442
0.006007	5538
0.008002	2330
0.008004	2205
0.008005	1822
0.008006	1800
0.008007	1384
0.008008	1011
0.008009	616
