version	total
0.008	1909
0.006007	4968
0.008002	1795
0.008004	1671
0.008005	1303
0.008006	1284
0.008007	865
0.008008	492
0.008009	77
