version	total
2.000001	28636
2.000006	22719
2.000008	127540
2.002004	17014
