version	total
5.20180120	5095
5.20180626	4070
5.20180820	7551
5.20181130	3543
5.20181218	9667
5.20190420	4001
5.20190524	76054
5.20220120	1286
5.20220220	1351
5.20220313	1207
5.20220320	1957
5.20220420	2209
5.20220527	1944
5.20220620	13679
