version	total
1.302052	6836
1.302075	10157
1.302140	3777
1.302141	3082
1.302156	3997
1.302164	5578
1.302188	728
1.302189	540
1.302190	1581
