version	total
0.17024	28004
0.17027	129266
0.17029	2851
