version	total
2.005001	13455
2.006003	52749
