version	total
0.008	1793
0.006007	4843
0.008002	1679
0.008004	1555
0.008005	1191
0.008006	1172
0.008007	751
0.008008	360
