version	total
4.161950	7617
4.201720	10975
