version	total
1.000005	20913
1.002002	7319
1.004002	6358
1.004003	3708
1.004004	111345
1.012004	1339
1.012005	931
1.014000	898
1.016002	802
1.016006	969
