version	total
0.001011	28850
0.001013	166806
