version	total
2.120921	7412
2.150010	29345
