version	total
1.302052	7919
1.302075	11586
1.302140	4452
1.302141	3754
1.302156	4688
1.302164	7197
1.302188	1415
1.302189	1188
1.302190	3192
