version	total
0.042	57187
1.000000	21992
1.002001	463664
1.002002	241542
