version	total
0.094002	1675
0.094003	1078
