version	total
1.302052	9017
1.302075	13583
1.302140	5327
1.302141	4622
1.302156	5566
1.302164	8860
1.302188	2283
1.302189	2048
1.302190	5644
