version	total
2.005001	18329
2.006003	147399
2.006006	24245
