version	total
1.999813	3709
1.999816	3837
1.999829	1131
1.999830	1036
1.999831	963
1.999832	950
1.999833	952
1.999835	948
1.999836	885
1.999837	885
1.999838	380
1.999839	161
1.999841	27
