version	total
0.204001	354
0.204003	336
0.206003	394
