version	total
0.204001	1894
0.204003	1876
0.206003	2355
0.207001	1615
0.207002	1588
0.207003	151
