version	total
1.003008	4524
1.004000	4721
1.004003	1062
