version	total
0.094002	810
0.094003	211
