version	total
5.20180120	6238
5.20180626	5124
5.20180820	8606
5.20181130	4593
5.20181218	10946
5.20190420	5061
5.20190524	82674
5.20220120	2307
5.20220220	2375
5.20220313	2224
5.20220320	2983
5.20220420	3233
5.20220527	2968
5.20220620	23322
