version	total
1.000019	5812
1.000033	14219
1.000036	83250
1.000037	17192
1.000038	5227
