version	total
1.999813	3545
1.999816	3659
1.999829	967
1.999830	872
1.999831	799
1.999832	785
1.999833	789
1.999835	785
1.999836	720
1.999837	721
1.999838	215
