version	total
0.17024	20635
0.17027	64349
