version	total
2.000001	29951
2.000006	23533
2.000008	133629
2.002004	19187
