version	total
5.20180120	3469
5.20180626	2581
5.20180820	6064
5.20181130	2124
5.20181218	7728
5.20190420	2505
5.20190524	40103
