version	total
1.100602	5939
1.100603	437
