version	total
1.302052	7406
1.302075	10887
1.302140	4125
1.302141	3429
1.302156	4356
1.302164	6438
1.302188	1069
1.302189	874
1.302190	2368
