version	total
0.100052	7407
0.100054	1662
0.100055	1027
