version	total
0.17024	29534
0.17027	135402
0.17029	3346
