version	total
1.100602	5884
1.100603	400
