version	total
1.999813	2511
1.999816	2494
