version	total
0.094002	1554
0.094003	960
