version	total
2.000024	7368
2.000028	2029
2.000029	4340
