version	total
1.000005	25694
1.002002	8484
1.004002	7524
1.004003	4880
1.004004	134689
1.012004	2483
1.012005	2072
1.014000	2042
1.016002	1928
1.016006	2254
