version	total
0.001011	33515
0.001013	203951
