version	total
0.094002	692
0.094003	95
