version	total
0.042	46212
1.000000	21204
1.002001	413994
1.002002	190762
