version	total
0.100052	7875
0.100054	2066
0.100055	1440
