version	total
2.120921	8434
2.150010	70859
