version	total
1.006900	23309
1.007002	112332
1.007003	30932
