version	total
0.001011	33865
0.001013	205858
