version	total
0.100003	3980
0.100005	888
0.100006	299
