version	total
0.100052	7870
0.100054	2062
0.100055	1436
