version	total
2.000001	28994
2.000006	22910
2.000008	129630
2.002004	17640
