version	total
1.967013	25059
1.967015	105855
