version	total
0.001011	29178
0.001013	170160
