version	total
1.20141117	2697
1.20190531	333
