version	total
0.002005	2192
0.002006	1753
