version	total
2.000001	33229
2.000006	24896
2.000008	147444
2.002004	28540
