version	total
0.103004	8815
0.103005	1551
0.103006	850
