version	total
4.161950	7039
4.201720	8307
