version	total
2.120921	7558
2.150010	31716
