version	total
0.001011	31862
0.001013	191848
