version	total
1.302052	5574
1.302075	8915
1.302140	2964
1.302141	2269
1.302156	3165
1.302164	3285
