version	total
2.005001	13549
2.006003	53978
