version	total
0.100003	4620
0.100005	1483
0.100006	897
