version	total
1.302052	7617
1.302075	11184
1.302140	4256
1.302141	3560
1.302156	4493
1.302164	6743
1.302188	1204
1.302189	1006
1.302190	2698
