version	total
0.002005	2421
0.002006	1982
