version	total
0.17024	23604
0.17027	103867
0.17029	1564
