version	total
2.000001	25728
2.000006	21388
2.000008	89939
2.002004	10966
