version	total
1.302052	8610
1.302075	12772
1.302140	5005
1.302141	4307
1.302156	5246
1.302164	8270
1.302188	1969
1.302189	1738
1.302190	4549
