version	total
1.967013	28675
1.967015	127813
