version	total
0.103004	7873
0.103005	959
0.103006	223
