version	total
0.103004	8304
0.103005	1174
0.103006	463
