version	total
5.20180120	5926
5.20180626	4857
5.20180820	8340
5.20181130	4324
5.20181218	10631
5.20190420	4792
5.20190524	80848
5.20220120	2050
5.20220220	2118
5.20220313	1969
5.20220320	2724
5.20220420	2975
5.20220527	2714
5.20220620	20891
