version	total
1.20141117	4075
1.20190531	1697
