version	total
2.000001	27393
2.000006	22134
2.000008	119441
2.002004	14746
