version	total
1.999813	4077
1.999816	4224
1.999829	1484
1.999830	1391
1.999831	1315
1.999832	1305
1.999833	1306
1.999835	1303
1.999836	1240
1.999837	1239
1.999838	733
1.999839	518
1.999841	380
1.999842	373
2.000000	315
2.001000	280
2.001001	262
2.002000	246
2.002001	232
2.003001	186
2.003002	168
