version	total
0.042	68403
1.000000	22582
1.002001	491865
1.002002	289054
