version	total
0.100052	7185
0.100054	1479
0.100055	843
