version	total
2.000001	25979
2.000006	21492
2.000008	97967
2.002004	11625
