version	total
1.003008	4578
1.004000	4773
1.004003	1108
