version	total
1.000005	21190
1.002002	7386
1.004002	6427
1.004003	3777
1.004004	113033
1.012004	1407
1.012005	1000
1.014000	966
1.016002	867
1.016006	1041
