version	total
5.20180120	5533
5.20180626	4483
5.20180820	7962
5.20181130	3951
5.20181218	10172
5.20190420	4416
5.20190524	78372
5.20220120	1679
5.20220220	1747
5.20220313	1598
5.20220320	2352
5.20220420	2604
5.20220527	2344
5.20220620	16623
