version	total
1.003008	3485
1.004000	3450
1.004003	112
