version	total
0.17024	25864
0.17027	119056
0.17029	2153
