version	total
0.094002	640
0.094003	43
