version	total
1.94	155612
1.99	2258
2.000000	2049
2.001000	1655
2.002000	2695
2.002001	1490
2.003000	338
