version	total
2.000024	7647
2.000028	2223
2.000029	5090
