version	total
0.001011	24428
0.001013	80701
