version	total
0.000061	10045
0.000115	6302
0.000116	5082
0.000117	19296
0.000144	2660
0.000145	166280
0.000163	416
