version	total
0.100052	6749
0.100054	1136
0.100055	489
