version	total
1.20141117	2669
1.20190531	310
