version	total
0.204001	468
0.204003	450
0.206003	521
0.207001	101
0.207002	77
