version	total
0.042	40809
1.000000	20145
1.002001	176806
