version	total
0.204001	201
0.204003	182
0.206003	202
