version	total
0.008	1238
0.006007	4174
0.008002	1111
0.008004	987
0.008005	657
0.008006	635
0.008007	204
