version	total
0.001011	31055
0.001013	184079
