version	total
1.999813	2077
1.999816	2003
