version	total
2.000002	3307
2.001000	24369
2.003004	73119
