version	total
0.17024	24903
0.17027	112764
0.17029	1891
