version	total
0.004010	5149
0.004011	4921
