version	total
0.204001	1897
0.204003	1879
0.206003	2362
0.207001	1621
0.207002	1594
0.207003	157
