version	total
1.000005	18315
1.002002	6723
1.004002	5751
1.004003	3103
1.004004	92927
1.012004	766
1.012005	361
1.014000	328
1.016002	245
1.016006	350
