version	total
0.100003	3796
0.100005	731
0.100006	140
