version	total
1.000019	6429
1.000033	14929
1.000036	87675
1.000037	17823
1.000038	14370
