version	total
1.100602	7025
1.100603	1396
