version	total
0.17024	25006
0.17027	113745
0.17029	1917
