version	total
2.005001	14361
2.006003	65263
