version	total
1.006900	19982
1.007002	81557
1.007003	4932
