version	total
0.100052	7416
0.100054	1670
0.100055	1035
