version	total
4.161950	5004
4.201720	1109
