version	total
0.002005	4640
0.002006	4555
0.002009	2037
