version	total
0.100052	6689
0.100054	1090
0.100055	439
