version	total
5.20180120	5330
5.20180626	4294
5.20180820	7773
5.20181130	3763
5.20181218	9948
5.20190420	4224
5.20190524	77390
5.20220120	1494
5.20220220	1562
5.20220313	1414
5.20220320	2166
5.20220420	2418
5.20220527	2156
5.20220620	15378
