version	total
1.999813	3936
1.999816	4075
1.999829	1345
1.999830	1253
1.999831	1178
1.999832	1167
1.999833	1168
1.999835	1165
1.999836	1102
1.999837	1101
1.999838	596
1.999839	378
1.999841	242
1.999842	233
2.000000	174
2.001000	135
2.001001	117
2.002000	101
2.002001	87
2.003001	47
2.003002	26
