version	total
0.103004	8999
0.103005	1688
0.103006	993
