version	total
0.100003	5056
0.100005	1893
0.100006	1307
