version	total
1.94	144030
1.99	1736
2.000000	1543
2.001000	1162
2.002000	2122
2.002001	880
