version	total
1.999813	4180
1.999816	4335
1.999829	1587
1.999830	1494
1.999831	1418
1.999832	1408
1.999833	1409
1.999835	1406
1.999836	1343
1.999837	1342
1.999838	836
1.999839	621
1.999841	483
1.999842	476
2.000000	422
2.001000	387
2.001001	369
2.002000	352
2.002001	338
2.003001	283
2.003002	266
