version	total
1.006900	27311
1.007002	130254
1.007003	60801
