version	total
0.001011	30082
0.001013	177582
