version	total
0.042	68902
1.000000	22634
1.002001	493565
1.002002	291870
