version	total
5.20180120	3445
5.20180626	2556
5.20180820	6041
5.20181130	2101
5.20181218	7695
5.20190420	2482
5.20190524	39847
