version	total
0.008	1485
0.006007	4490
0.008002	1358
0.008004	1239
0.008005	888
0.008006	869
0.008007	448
