version	total
2.000002	5539
2.001000	35180
2.003004	162979
2.005004	25120
