version	total
2.000002	2923
2.001000	23344
2.003004	62628
