version	total
0.000061	7198
0.000115	4958
0.000116	3744
0.000117	16400
0.000144	1340
0.000145	35451
