version	total
4.161950	6338
4.201720	4952
