version	total
1.967013	29436
1.967015	132126
