version	total
1.302052	5653
1.302075	9001
1.302140	3033
1.302141	2337
1.302156	3233
1.302164	3471
