version	total
1.006900	30118
1.007002	139561
1.007003	84367
