version	total
1.302052	8248
1.302075	12055
1.302140	4692
1.302141	3994
1.302156	4930
1.302164	7664
1.302188	1653
1.302189	1426
1.302190	3777
