version	total
0.100052	7753
0.100054	1963
0.100055	1334
