version	total
2.000001	32119
2.000006	24481
2.000008	143571
2.002004	26240
