version	total
0.204001	1710
0.204003	1692
0.206003	2098
0.207001	1374
0.207002	1346
