version	total
5.20180120	3571
5.20180626	2679
5.20180820	6159
5.20181130	2218
5.20181218	7850
5.20190420	2600
5.20190524	41252
