version	total
0.008	1258
0.006007	4195
0.008002	1131
0.008004	1007
0.008005	677
0.008006	655
0.008007	226
