version	total
1.302052	8679
1.302075	12924
1.302140	5064
1.302141	4365
1.302156	5305
1.302164	8362
1.302188	2026
1.302189	1795
1.302190	4708
