version	total
0.17024	25506
0.17027	116767
0.17029	2054
