version	total
5.20180120	4009
5.20180626	3095
5.20180820	6573
5.20181130	2580
5.20181218	8427
5.20190420	3021
5.20190524	46832
5.20220120	332
5.20220220	395
5.20220313	263
5.20220320	616
