version	total
4.161950	6655
4.201720	6475
