version	total
1.94	122127
1.99	949
2.000000	801
2.001000	464
2.002000	1273
