version	total
2.120921	9720
2.150010	89591
