version	total
0.000061	10123
0.000115	6337
0.000116	5118
0.000117	19352
0.000144	2696
0.000145	168853
0.000163	452
