version	total
0.002005	2540
0.002006	2105
