version	total
1.006900	18623
1.007002	69451
