version	total
1.000005	22967
1.002002	7861
1.004002	6901
1.004003	4252
1.004004	121887
1.012004	1871
1.012005	1463
1.014000	1434
1.016002	1330
1.016006	1556
