version	total
2.005001	16353
2.006003	124297
2.006006	14435
