version	total
1.003008	3358
1.004000	3275
