version	total
0.002005	3674
0.002006	3548
0.002009	1090
