version	total
0.204001	2000
0.204003	1980
0.206003	2581
0.207001	1831
0.207002	1804
0.207003	368
