version	total
1.003008	5638
1.004000	5868
1.004003	2111
