version	total
2.000002	5390
2.001000	34555
2.003004	160250
2.005004	23037
