version	total
0.001011	24149
0.001013	75944
