version	total
0.001011	28200
0.001013	161716
