version	total
1.003008	4063
1.004000	4200
1.004003	648
