version	total
1.000019	3990
1.000033	12040
1.000036	42361
