version	total
2.000002	4346
2.001000	29799
2.003004	135616
2.005004	13243
