version	total
1.006900	27668
1.007002	131548
1.007003	63913
