version	total
4.161950	5012
4.201720	1157
