version	total
0.17024	26397
0.17027	121112
0.17029	2336
