version	total
0.000061	5705
0.000115	3949
0.000116	2732
0.000117	13854
