version	total
0.008	281
0.006007	2924
0.008002	127
