version	total
1.006900	23394
1.007002	112741
1.007003	31457
