version	total
0.008	2244
0.006007	5325
0.008002	2133
0.008004	2008
0.008005	1633
0.008006	1612
0.008007	1195
0.008008	822
0.008009	420
