version	total
1.999813	3108
1.999816	3179
1.999829	540
1.999830	445
1.999831	372
1.999832	358
1.999833	362
1.999835	358
1.999836	293
1.999837	292
