version	total
1.006900	26508
1.007002	126930
1.007003	52997
