version	total
1.302052	5910
1.302075	9259
1.302140	3236
1.302141	2538
1.302156	3438
1.302164	4277
1.302188	13
