version	total
1.94	157021
1.99	2327
2.000000	2109
2.001000	1712
2.002000	2762
2.002001	1558
2.003000	429
