version	total
0.002005	3177
0.002006	2990
0.002009	599
