version	total
1.94	162917
1.99	2621
2.000000	2363
2.001000	1940
2.002000	3071
2.002001	1863
2.003000	847
