version	total
2.005001	17964
2.006003	142459
2.006006	20840
