version	total
4.161950	6441
4.201720	5495
