version	total
5.20180120	5367
5.20180626	4328
5.20180820	7807
5.20181130	3796
5.20181218	9993
5.20190420	4259
5.20190524	77519
5.20220120	1526
5.20220220	1594
5.20220313	1447
5.20220320	2198
5.20220420	2451
5.20220527	2188
5.20220620	15597
