version	total
0.008	2377
0.006007	5467
0.008002	2264
0.008004	2140
0.008005	1759
0.008006	1738
0.008007	1321
0.008008	948
0.008009	548
