version	total
0.100052	7821
0.100054	2019
0.100055	1392
