version	total
1.000005	22318
1.002002	7692
1.004002	6732
1.004003	4082
1.004004	118766
1.012004	1703
1.012005	1296
1.014000	1264
1.016002	1163
1.016006	1366
