version	total
0.100052	5828
0.100054	560
