version	total
0.204001	1446
0.204003	1428
0.206003	1799
0.207001	1097
0.207002	1072
