version	total
2.000001	29953
2.000006	23535
2.000008	133639
2.002004	19195
