version	total
1.006900	22914
1.007002	110366
1.007003	28240
