version	total
0.008	2454
0.006007	5553
0.008002	2343
0.008004	2217
0.008005	1833
0.008006	1811
0.008007	1395
0.008008	1022
0.008009	627
