version	total
0.204001	1635
0.204003	1617
0.206003	2018
0.207001	1299
0.207002	1272
