version	total
1.967013	28045
1.967015	124353
