version	total
0.042	41675
1.000000	20409
1.002001	299185
