version	total
0.100003	5248
0.100005	2068
0.100006	1481
