version	total
2.000002	4771
2.001000	32087
2.003004	148099
2.005004	16402
