version	total
0.042	64241
1.000000	22239
1.002001	477060
1.002002	261631
