version	total
0.100052	6987
0.100054	1309
0.100055	670
