version	total
0.008	977
0.006007	3844
0.008002	850
0.008004	724
0.008005	409
0.008006	367
