version	total
0.001011	23787
0.001013	69664
