version	total
0.008	444
0.006007	3098
0.008002	306
0.008004	122
