version	total
4.161950	6138
4.201720	4360
