version	total
0.000061	7575
0.000115	5143
0.000116	3931
0.000117	16786
0.000144	1524
0.000145	51323
