version	total
1.967013	26335
1.967015	114583
