version	total
4.161950	6976
4.201720	8078
