version	total
1.000019	6352
1.000033	14835
1.000036	87102
1.000037	17749
1.000038	12922
