version	total
0.042	41203
1.000000	20258
1.002001	216096
