version	total
0.000061	5763
0.000115	3999
0.000116	2783
0.000117	13964
