version	total
1.100602	6430
1.100603	844
