version	total
1.006900	29693
1.007002	138059
1.007003	80114
