version	total
0.000061	5828
0.000115	4058
0.000116	2842
0.000117	14103
