version	total
0.002005	4577
0.002006	4487
0.002009	1975
