version	total
0.008	2313
0.006007	5400
0.008002	2201
0.008004	2076
0.008005	1699
0.008006	1678
0.008007	1261
0.008008	889
0.008009	488
