version	total
0.103004	8354
0.103005	1202
0.103006	491
