version	total
4.161950	6068
4.201720	4165
