version	total
1.000005	20314
1.002002	7169
1.004002	6205
1.004003	3556
1.004004	106974
1.012004	1202
1.012005	796
1.014000	762
1.016002	671
1.016006	827
