version	total
0.002005	4456
0.002006	4357
0.002009	1860
