version	total
5.20180120	3337
5.20180626	2454
5.20180820	5938
5.20181130	2000
5.20181218	7536
5.20190420	2380
5.20190524	38764
