version	total
0.204001	135
0.204003	116
0.206003	124
