version	total
2.000001	33037
2.000006	24843
2.000008	146774
2.002004	28189
