version	total
1.967013	27686
1.967015	122781
