version	total
4.161950	4581
4.201720	725
