version	total
0.100052	7432
0.100054	1686
0.100055	1052
