version	total
2.000001	22436
2.000006	19247
2.000008	50762
