version	total
2.120921	8374
2.150010	63511
