version	total
0.100052	7888
0.100054	2077
0.100055	1451
