version	total
1.967013	22435
1.967015	69983
