version	total
1.003008	4767
1.004000	4970
1.004003	1283
