version	total
1.999813	2249
1.999816	2181
