version	total
2.000024	5676
2.000028	793
2.000029	929
