version	total
2.000002	5015
2.001000	33007
2.003004	152049
2.005004	17779
