version	total
2.120921	9838
2.150010	91314
