version	total
1.000005	18783
1.002002	6825
1.004002	5854
1.004003	3206
1.004004	96578
1.012004	866
1.012005	460
1.014000	427
1.016002	345
1.016006	472
