version	total
1.000019	6323
1.000033	14802
1.000036	86931
1.000037	17717
1.000038	12379
