version	total
1.94	158885
1.99	2421
2.000000	2195
2.001000	1793
2.002000	2865
2.002001	1655
2.003000	544
