version	total
2.005001	18949
2.006003	153548
2.006006	28386
