version	total
1.20141117	2737
1.20190531	375
