version	total
0.100003	5090
0.100005	1923
0.100006	1337
