version	total
0.100003	3630
0.100005	581
