version	total
4.161950	5766
4.201720	2919
