version	total
0.004010	4022
0.004011	3726
