version	total
0.204001	260
0.204003	241
0.206003	287
