version	total
0.002005	3502
0.002006	3350
0.002009	918
