version	total
2.000002	4040
2.001000	28163
2.003004	108473
2.005004	10396
