version	total
0.002005	3686
0.002006	3561
0.002009	1103
