version	total
1.20141117	4441
1.20190531	2053
