version	total
0.001011	29733
0.001013	174402
