version	total
0.004010	4498
0.004011	4244
