version	total
0.17024	25837
0.17027	118901
0.17029	2143
