version	total
1.003008	2986
1.004000	2714
