version	total
1.999813	4557
1.999816	4738
1.999829	1951
1.999830	1855
1.999831	1779
1.999832	1769
1.999833	1771
1.999835	1769
1.999836	1705
1.999837	1704
1.999838	1198
1.999839	983
1.999841	845
1.999842	838
2.000000	796
2.001000	760
2.001001	742
2.002000	725
2.002001	710
2.003001	530
2.003002	513
2.003003	255
