version	total
5.20180120	4201
5.20180626	3268
5.20180820	6748
5.20181130	2747
5.20181218	8674
5.20190420	3196
5.20190524	49275
5.20220120	501
5.20220220	568
5.20220313	429
5.20220320	1170
5.20220420	1402
5.20220527	1163
5.20220620	542
