version	total
2.000002	4804
2.001000	32265
2.003004	148885
2.005004	16635
