version	total
0.004010	4647
0.004011	4397
