version	total
0.100052	7885
0.100054	2075
0.100055	1449
