version	total
0.17024	23758
0.17027	104774
0.17029	1598
