version	total
1.20141117	3857
1.20190531	1486
