version	total
2.000024	7231
2.000028	1934
2.000029	4025
