version	total
1.000019	4195
1.000033	12318
1.000036	45641
