version	total
0.042	69417
1.000000	22659
1.002001	495201
1.002002	294748
