version	total
0.094002	1999
0.094003	1400
