version	total
0.042	53339
1.000000	21779
1.002001	456957
1.002002	234465
