version	total
0.204001	1990
0.204003	1970
0.206003	2560
0.207001	1809
0.207002	1782
0.207003	346
