version	total
2.000001	28281
2.000006	22539
2.000008	125701
2.002004	16428
