version	total
0.001011	29590
0.001013	173328
