version	total
1.000005	16689
1.002002	6058
1.004002	5106
1.004003	2455
1.004004	63291
