version	total
1.20141117	2747
1.20190531	393
