version	total
0.042	63512
1.000000	22181
1.002001	474147
1.002002	256987
