version	total
1.000005	21226
1.002002	7397
1.004002	6437
1.004003	3787
1.004004	113291
1.012004	1417
1.012005	1011
1.014000	977
1.016002	877
1.016006	1052
