version	total
1.302052	7296
1.302075	10703
1.302140	4050
1.302141	3355
1.302156	4281
1.302164	6268
1.302188	996
1.302189	804
1.302190	2193
