version	total
1.302052	5353
1.302075	8702
1.302140	2780
1.302141	2086
1.302156	2978
1.302164	2966
