version	total
5.20180120	6362
5.20180626	5227
5.20180820	8708
5.20181130	4690
5.20181218	11060
5.20190420	5161
5.20190524	83395
5.20220120	2396
5.20220220	2463
5.20220313	2312
5.20220320	3074
5.20220420	3321
5.20220527	3057
5.20220620	24183
