version	total
2.000024	7485
2.000028	2104
2.000029	4669
