version	total
1.100602	7240
1.100603	1581
