version	total
1.20141117	3879
1.20190531	1507
