version	total
1.100602	6241
1.100603	676
