version	total
1.006900	28908
1.007002	135924
1.007003	74054
