version	total
1.999813	3212
1.999816	3289
1.999829	644
1.999830	549
1.999831	476
1.999832	462
1.999833	466
1.999835	462
1.999836	397
1.999837	396
