version	total
0.17024	20191
0.17027	57697
