version	total
1.100602	7140
1.100603	1499
