version	total
2.000024	5764
2.000028	854
2.000029	1027
