version	total
5.20180120	5085
5.20180626	4060
5.20180820	7541
5.20181130	3531
5.20181218	9654
5.20190420	3991
5.20190524	76010
5.20220120	1274
5.20220220	1339
5.20220313	1195
5.20220320	1945
5.20220420	2197
5.20220527	1932
5.20220620	13624
