version	total
0.17024	25052
0.17027	113972
0.17029	1924
