version	total
1.967013	28473
1.967015	126604
