version	total
1.006900	25504
1.007002	123810
1.007003	48081
