version	total
0.002005	2736
0.002006	2363
0.002009	130
