version	total
2.000002	4975
2.001000	32895
2.003004	151396
2.005004	17539
