version	total
0.001011	28423
0.001013	163808
