version	total
1.003008	4818
1.004000	5023
1.004003	1333
