version	total
5.20180120	4839
5.20180626	3837
5.20180820	7317
5.20181130	3318
5.20181218	9392
5.20190420	3764
5.20190524	74109
5.20220120	1064
5.20220220	1129
5.20220313	983
5.20220320	1731
5.20220420	1982
5.20220527	1723
5.20220620	12265
