version	total
5.20180120	3562
5.20180626	2670
5.20180820	6150
5.20181130	2209
5.20181218	7839
5.20190420	2590
5.20190524	41067
