version	total
0.042	51667
1.000000	21656
1.002001	448055
1.002002	225388
