version	total
1.003008	5024
1.004000	5236
1.004003	1533
