version	total
0.17024	23404
0.17027	102550
0.17029	1515
