version	total
0.100052	6910
0.100054	1256
0.100055	614
