version	total
0.094002	1993
0.094003	1394
