version	total
0.103004	9340
0.103005	1985
0.103006	1299
