version	total
1.967013	30011
1.967015	134831
