version	total
0.001011	31048
0.001013	183992
