version	total
0.094002	939
0.094003	341
