version	total
0.100003	4755
0.100005	1614
0.100006	1028
