version	total
2.000024	5470
2.000028	704
2.000029	795
