version	total
2.000001	31300
2.000006	24146
2.000008	140039
2.002004	23636
