version	total
1.000005	23108
1.002002	7900
1.004002	6939
1.004003	4290
1.004004	122658
1.012004	1911
1.012005	1503
1.014000	1473
1.016002	1369
1.016006	1599
