version	total
2.000001	33248
2.000006	24899
2.000008	147504
2.002004	28566
