version	total
0.004010	3955
0.004011	3655
