version	total
0.004010	4532
0.004011	4278
