version	total
1.302052	7241
1.302075	10623
1.302140	4017
1.302141	3322
1.302156	4244
1.302164	6199
1.302188	962
1.302189	771
1.302190	2120
