version	total
0.008	2483
0.006007	5587
0.008002	2371
0.008004	2246
0.008005	1861
0.008006	1839
0.008007	1422
0.008008	1050
0.008009	654
