version	total
1.999813	3731
1.999816	3861
1.999829	1145
1.999830	1050
1.999831	977
1.999832	964
1.999833	966
1.999835	962
1.999836	899
1.999837	899
1.999838	393
1.999839	174
1.999841	40
1.999842	25
