version	total
0.17024	23893
0.17027	105708
0.17029	1631
