version	total
1.006900	28569
1.007002	134835
1.007003	71189
