version	total
0.002005	4067
0.002006	3956
0.002009	1473
