version	total
1.999813	3216
1.999816	3293
1.999829	648
1.999830	553
1.999831	480
1.999832	466
1.999833	470
1.999835	466
1.999836	401
1.999837	400
