version	total
1.999813	3349
1.999816	3440
1.999829	774
1.999830	679
1.999831	606
1.999832	592
1.999833	596
1.999835	592
1.999836	527
1.999837	528
