version	total
0.004010	5333
0.004011	5125
