version	total
0.17024	22545
0.17027	95984
0.17029	1291
