version	total
4.161950	6725
4.201720	6796
