version	total
2.000002	4923
2.001000	32694
2.003004	150655
2.005004	17266
