version	total
5.20180120	4470
5.20180626	3504
5.20180820	6984
5.20181130	2983
5.20181218	8994
5.20190420	3432
5.20190524	53166
5.20220120	738
5.20220220	802
5.20220313	662
5.20220320	1405
5.20220420	1660
5.20220527	1400
5.20220620	8536
