version	total
0.094002	1854
0.094003	1254
