version	total
1.006900	22010
1.007002	104817
1.007003	20811
