version	total
0.042	55443
1.000000	21921
1.002001	461156
1.002002	239098
