version	total
0.042	67955
1.000000	22542
1.002001	490673
1.002002	286888
