version	total
2.000024	7067
2.000028	1810
2.000029	3587
