version	total
5.20180120	5486
5.20180626	4440
5.20180820	7918
5.20181130	3907
5.20181218	10125
5.20190420	4372
5.20190524	78060
5.20220120	1636
5.20220220	1705
5.20220313	1557
5.20220320	2309
5.20220420	2562
5.20220527	2301
5.20220620	16307
