version	total
0.100052	7202
0.100054	1493
0.100055	857
