version	total
0.042	41710
1.000000	20416
1.002001	301520
