version	total
1.006900	25833
1.007002	124643
1.007003	49426
