version	total
2.000002	3322
2.001000	24405
2.003004	73690
