version	total
5.20180120	3415
5.20180626	2529
5.20180820	6014
5.20181130	2075
5.20181218	7653
5.20190420	2456
5.20190524	39540
