version	total
1.000019	6425
1.000033	14925
1.000036	87643
1.000037	17819
1.000038	14313
