version	total
1.999813	4342
1.999816	4504
1.999829	1746
1.999830	1652
1.999831	1576
1.999832	1566
1.999833	1567
1.999835	1565
1.999836	1501
1.999837	1501
1.999838	993
1.999839	778
1.999841	640
1.999842	633
2.000000	582
2.001000	546
2.001001	528
2.002000	511
2.002001	497
2.003001	415
2.003002	398
2.003003	135
