version	total
0.002005	2590
0.002006	2154
