version	total
2.000001	28167
2.000006	22490
2.000008	125067
2.002004	16261
