version	total
1.000005	16094
1.002002	5668
1.004002	4719
1.004003	2069
1.004004	54545
