version	total
2.005001	16736
2.006003	131017
2.006006	16213
