version	total
0.001011	30265
0.001013	178773
