version	total
4.161950	4468
4.201720	624
