version	total
1.100602	6878
1.100603	1258
