version	total
4.161950	5143
4.201720	1648
