version	total
2.000002	2921
2.001000	23340
2.003004	62540
