version	total
4.161950	5651
4.201720	2565
