version	total
1.100602	7081
1.100603	1448
