version	total
1.000005	24354
1.002002	8204
1.004002	7242
1.004003	4591
1.004004	128985
1.012004	2207
1.012005	1797
1.014000	1767
1.016002	1661
1.016006	1937
