version	total
1.20141117	3383
1.20190531	1031
