version	total
0.204001	644
0.204003	627
0.206003	727
0.207001	287
0.207002	262
