version	total
1.000005	22221
1.002002	7665
1.004002	6703
1.004003	4053
1.004004	118306
1.012004	1674
1.012005	1267
1.014000	1235
1.016002	1136
1.016006	1335
