version	total
1.967013	22897
1.967015	77358
