version	total
1.000005	25470
1.002002	8439
1.004002	7477
1.004003	4833
1.004004	133776
1.012004	2439
1.012005	2029
1.014000	1999
1.016002	1885
1.016006	2203
