version	total
0.042	69713
1.000000	22670
1.002001	496128
1.002002	296208
