version	total
0.204001	1974
0.204003	1955
0.206003	2522
0.207001	1775
0.207002	1748
0.207003	312
