version	total
1.94	125550
1.99	1064
2.000000	906
2.001000	558
2.002000	1403
