version	total
0.000061	7023
0.000115	4857
0.000116	3643
0.000117	16145
0.000144	1243
0.000145	32007
