version	total
1.003008	3233
1.004000	3104
