version	total
0.001011	29195
0.001013	170273
