version	total
1.003008	5501
1.004000	5727
1.004003	1985
