version	total
0.002005	4089
0.002006	3978
0.002009	1495
