version	total
2.120921	8417
2.150010	65375
