version	total
0.103004	9361
0.103005	1999
0.103006	1313
