version	total
0.000061	6995
0.000115	4837
0.000116	3622
0.000117	16109
0.000144	1221
0.000145	30166
