version	total
2.000001	22611
2.000006	19426
2.000008	53869
