version	total
0.042	57986
1.000000	22014
1.002001	464542
1.002002	242523
