version	total
2.120921	10114
2.150010	93902
