version	total
1.302052	5544
1.302075	8882
1.302140	2941
1.302141	2247
1.302156	3144
1.302164	3229
