version	total
4.161950	4556
4.201720	694
