version	total
0.17024	23095
0.17027	100061
0.17029	1433
