version	total
0.008	1306
0.006007	4269
0.008002	1179
0.008004	1058
0.008005	719
0.008006	698
0.008007	271
