version	total
1.006900	25703
1.007002	124292
1.007003	48880
