version	total
1.003008	4432
1.004000	4611
1.004003	976
