version	total
0.004010	3844
0.004011	3534
