version	total
1.003008	3409
1.004000	3354
1.004003	27
