version	total
1.006900	21747
1.007002	103345
1.007003	19117
