version	total
0.042	54273
1.000000	21846
1.002001	459013
1.002002	236716
