version	total
0.004010	5188
0.004011	4963
