version	total
1.100602	6785
1.100603	1170
