version	total
1.94	118749
1.99	840
2.000000	700
2.001000	368
2.002000	1144
