version	total
2.005001	16288
2.006003	123129
2.006006	14143
