version	total
1.003008	4642
1.004000	4838
1.004003	1170
