version	total
0.002005	2564
0.002006	2130
