version	total
1.006900	22467
1.007002	107801
1.007003	24759
