version	total
5.20180120	6126
5.20180626	5030
5.20180820	8511
5.20181130	4495
5.20181218	10836
5.20190420	4965
5.20190524	82164
5.20220120	2213
5.20220220	2282
5.20220313	2133
5.20220320	2890
5.20220420	3139
5.20220527	2876
5.20220620	22701
