version	total
5.20180120	4524
5.20180626	3554
5.20180820	7034
5.20181130	3033
5.20181218	9065
5.20190420	3482
5.20190524	53962
5.20220120	788
5.20220220	852
5.20220313	711
5.20220320	1456
5.20220420	1709
5.20220527	1449
5.20220620	9198
