version	total
0.002005	4042
0.002006	3930
0.002009	1450
