version	total
0.204001	1435
0.204003	1417
0.206003	1785
0.207001	1085
0.207002	1060
