version	total
5.20180120	4843
5.20180626	3841
5.20180820	7321
5.20181130	3322
5.20181218	9396
5.20190420	3768
5.20190524	74149
5.20220120	1068
5.20220220	1133
5.20220313	987
5.20220320	1735
5.20220420	1986
5.20220527	1727
5.20220620	12293
