version	total
0.094002	1151
0.094003	558
