version	total
1.006900	18717
1.007002	70237
