version	total
2.005001	16697
2.006003	130283
2.006006	16015
