version	total
5.20180120	5291
5.20180626	4256
5.20180820	7735
5.20181130	3727
5.20181218	9898
5.20190420	4185
5.20190524	77192
5.20220120	1456
5.20220220	1524
5.20220313	1377
5.20220320	2128
5.20220420	2381
5.20220527	2118
5.20220620	15080
