version	total
2.120921	9241
2.150010	82763
