version	total
1.000019	6265
1.000033	14741
1.000036	86506
1.000037	17660
1.000038	11345
