version	total
1.302052	8596
1.302075	12738
1.302140	4993
1.302141	4295
1.302156	5234
1.302164	8243
1.302188	1955
1.302189	1726
1.302190	4507
