version	total
2.005001	18229
2.006003	145902
2.006006	23328
