version	total
0.204001	1609
0.204003	1591
0.206003	1991
0.207001	1272
0.207002	1245
