version	total
0.100052	7565
0.100054	1805
0.100055	1174
