version	total
1.94	121705
1.99	941
2.000000	793
2.001000	456
2.002000	1265
