version	total
0.17024	20749
0.17027	65902
