version	total
1.000005	25415
1.002002	8427
1.004002	7464
1.004003	4820
1.004004	133519
1.012004	2427
1.012005	2017
1.014000	1987
1.016002	1875
1.016006	2191
