version	total
1.302052	8083
1.302075	11853
1.302140	4569
1.302141	3871
1.302156	4807
1.302164	7423
1.302188	1532
1.302189	1304
1.302190	3539
