version	total
0.008	1726
0.006007	4773
0.008002	1610
0.008004	1487
0.008005	1124
0.008006	1105
0.008007	683
0.008008	278
