version	total
0.008	1750
0.006007	4798
0.008002	1635
0.008004	1512
0.008005	1148
0.008006	1129
0.008007	706
0.008008	304
