version	total
1.999813	3842
1.999816	3978
1.999829	1253
1.999830	1159
1.999831	1085
1.999832	1073
1.999833	1075
1.999835	1071
1.999836	1008
1.999837	1008
1.999838	502
1.999839	284
1.999841	149
1.999842	138
2.000000	78
2.001000	40
2.001001	22
