version	total
1.967013	26390
1.967015	115036
