version	total
1.100602	7038
1.100603	1407
