version	total
0.000061	6272
0.000115	4364
0.000116	3153
0.000117	14910
0.000144	466
0.000145	4807
