version	total
0.001011	23880
0.001013	71036
