version	total
1.000005	21532
1.002002	7466
1.004002	6507
1.004003	3856
1.004004	115065
1.012004	1480
1.012005	1074
1.014000	1040
1.016002	940
1.016006	1124
