version	total
1.003008	5237
1.004000	5457
1.004003	1743
