version	total
0.204001	134
0.204003	115
0.206003	123
