version	total
1.000005	20303
1.002002	7167
1.004002	6202
1.004003	3554
1.004004	106899
1.012004	1200
1.012005	794
1.014000	760
1.016002	669
1.016006	823
