version	total
2.005001	17605
2.006003	138769
2.006006	18786
