version	total
1.100602	6701
1.100603	1092
