version	total
0.17024	22680
0.17027	96919
0.17029	1324
