version	total
1.94	146952
1.99	1890
2.000000	1694
2.001000	1312
2.002000	2285
2.002001	1068
