version	total
0.008	2212
0.006007	5290
0.008002	2101
0.008004	1976
0.008005	1602
0.008006	1581
0.008007	1164
0.008008	791
0.008009	390
