version	total
0.100052	6820
0.100054	1190
0.100055	544
