version	total
1.967013	26429
1.967015	115379
