version	total
2.120921	10142
2.150010	94109
