version	total
1.94	156084
1.99	2290
2.000000	2074
2.001000	1678
2.002000	2722
2.002001	1519
2.003000	376
