version	total
2.000001	23306
2.000006	20078
2.000008	61579
2.002004	774
