version	total
0.001011	28160
0.001013	161385
