version	total
1.302052	8855
1.302075	13264
1.302140	5202
1.302141	4501
1.302156	5442
1.302164	8623
1.302188	2159
1.302189	1928
1.302190	5167
