version	total
0.100052	7034
0.100054	1344
0.100055	706
