version	total
1.20141117	5049
1.20190531	2544
