version	total
1.000005	16898
1.002002	6195
1.004002	5243
1.004003	2592
1.004004	66206
