version	total
2.120921	7421
2.150010	29529
