version	total
1.967013	22483
1.967015	70701
