version	total
1.000019	5379
1.000033	13757
1.000036	79569
1.000037	16592
1.000038	679
