version	total
1.302052	8973
1.302075	13496
1.302140	5290
1.302141	4586
1.302156	5530
1.302164	8791
1.302188	2248
1.302189	2013
1.302190	5516
