version	total
0.004010	4778
0.004011	4529
