version	total
1.999813	2369
1.999816	2334
