version	total
0.204001	1787
0.204003	1769
0.206003	2193
0.207001	1462
0.207002	1434
