version	total
2.005001	13660
2.006003	55104
