version	total
0.000061	6235
0.000115	4339
0.000116	3127
0.000117	14845
0.000144	417
0.000145	4194
