version	total
0.17024	23618
0.17027	103948
0.17029	1567
