version	total
1.003008	4158
1.004000	4336
1.004003	737
