version	total
2.005001	13968
2.006003	60360
