version	total
2.000002	3027
2.001000	23602
2.003004	65019
