version	total
1.000005	16162
1.002002	5713
1.004002	4762
1.004003	2111
1.004004	55303
