version	total
0.004010	3250
0.004011	2873
