version	total
1.94	119683
1.99	874
2.000000	730
2.001000	395
2.002000	1183
