version	total
0.008	1992
0.006007	5056
0.008002	1879
0.008004	1755
0.008005	1386
0.008006	1366
0.008007	948
0.008008	575
0.008009	169
