version	total
2.000024	7247
2.000028	1945
2.000029	4060
