version	total
1.100602	5998
1.100603	492
