version	total
0.001011	30826
0.001013	182155
