version	total
1.006900	22737
1.007002	109301
1.007003	27054
