version	total
2.120921	9399
2.150010	84717
