version	total
0.103004	8751
0.103005	1505
0.103006	803
