version	total
0.17024	28090
0.17027	129598
0.17029	2881
