version	total
1.000005	16975
1.002002	6241
1.004002	5282
1.004003	2632
1.004004	67306
1.012004	99
