version	total
0.001011	27290
0.001013	153908
