version	total
1.94	145845
1.99	1836
2.000000	1642
2.001000	1259
2.002000	2230
2.002001	1006
