version	total
0.002005	3556
0.002006	3415
0.002009	971
