version	total
2.005001	17251
2.006003	136900
2.006006	18011
