version	total
0.094002	1194
0.094003	602
