version	total
1.94	162506
1.99	2600
2.000000	2346
2.001000	1927
2.002000	3048
2.002001	1840
2.003000	820
