version	total
5.20180120	3389
5.20180626	2505
5.20180820	5988
5.20181130	2051
5.20181218	7618
5.20190420	2432
5.20190524	39315
