version	total
0.042	66090
1.000000	22391
1.002001	484191
1.002002	273650
