version	total
1.000019	5787
1.000033	14190
1.000036	83056
1.000037	17163
1.000038	4897
