version	total
0.002005	4445
0.002006	4345
0.002009	1849
