version	total
0.001011	30944
0.001013	183043
