version	total
2.120921	9650
2.150010	88477
