version	total
1.20141117	2673
1.20190531	310
