version	total
1.003008	5001
1.004000	5212
1.004003	1511
