version	total
1.000005	23969
1.002002	8111
1.004002	7151
1.004003	4500
1.004004	127314
1.012004	2119
1.012005	1710
1.014000	1679
1.016002	1575
1.016006	1833
