version	total
2.000001	32634
2.000006	24701
2.000008	145442
2.002004	27391
