version	total
0.094002	1745
0.094003	1146
