version	total
1.94	148329
1.99	1946
2.000000	1749
2.001000	1364
2.002000	2340
2.002001	1142
