version	total
0.008	1851
0.006007	4908
0.008002	1738
0.008004	1614
0.008005	1248
0.008006	1230
0.008007	810
0.008008	436
0.008009	15
