version	total
0.004010	4576
0.004011	4323
