version	total
1.302052	8389
1.302075	12316
1.302140	4810
1.302141	4112
1.302156	5050
1.302164	7890
1.302188	1769
1.302189	1543
1.302190	4025
