version	total
0.100052	7107
0.100054	1407
0.100055	770
