version	total
0.042	50676
1.000000	21589
1.002001	444124
1.002002	212490
