version	total
0.008	1510
0.006007	4517
0.008002	1387
0.008004	1266
0.008005	911
0.008006	892
0.008007	471
0.008008	40
