version	total
0.042	46010
1.000000	21181
1.002001	410400
1.002002	189488
