version	total
2.120921	9488
2.150010	86003
