version	total
2.000001	32248
2.000006	24545
2.000008	144091
2.002004	26543
