version	total
1.302052	5646
1.302075	8995
1.302140	3028
1.302141	2332
1.302156	3228
1.302164	3461
