version	total
0.000061	6763
0.000115	4683
0.000116	3470
0.000117	15755
0.000144	1074
0.000145	21318
