version	total
0.100003	3538
0.100005	495
