version	total
2.000024	6791
2.000028	1587
2.000029	2893
