version	total
0.000061	6034
0.000115	4191
0.000116	2976
0.000117	14440
0.000144	106
