version	total
4.161950	6571
4.201720	6107
