version	total
1.94	124554
1.99	1032
2.000000	876
2.001000	530
2.002000	1364
