version	total
0.094002	2068
0.094003	1472
