version	total
1.302052	8877
1.302075	13304
1.302140	5216
1.302141	4515
1.302156	5457
1.302164	8654
1.302188	2176
1.302189	1941
1.302190	5221
