version	total
1.999813	4111
1.999816	4261
1.999829	1518
1.999830	1425
1.999831	1349
1.999832	1339
1.999833	1340
1.999835	1337
1.999836	1274
1.999837	1273
1.999838	767
1.999839	552
1.999841	414
1.999842	407
2.000000	355
2.001000	319
2.001001	301
2.002000	284
2.002001	270
2.003001	218
2.003002	200
