version	total
0.100003	3626
0.100005	577
