version	total
4.161950	5758
4.201720	2889
