version	total
2.005001	17572
2.006003	138570
2.006006	18729
