version	total
1.100602	6358
1.100603	773
