version	total
2.000024	6965
2.000028	1722
2.000029	3306
