version	total
0.002005	2468
0.002006	2034
