version	total
1.967013	29186
1.967015	130677
