version	total
0.001011	32488
0.001013	196874
