version	total
0.002005	3648
0.002006	3518
0.002009	1064
