version	total
2.000002	4433
2.001000	30332
2.003004	138296
2.005004	13893
