version	total
5.20180120	6134
5.20180626	5037
5.20180820	8518
5.20181130	4501
5.20181218	10844
5.20190420	4972
5.20190524	82202
5.20220120	2221
5.20220220	2289
5.20220313	2140
5.20220320	2897
5.20220420	3146
5.20220527	2883
5.20220620	22735
