version	total
1.967013	30600
1.967015	137503
