version	total
1.999813	4299
1.999816	4459
1.999829	1704
1.999830	1610
1.999831	1534
1.999832	1524
1.999833	1525
1.999835	1523
1.999836	1459
1.999837	1459
1.999838	953
1.999839	738
1.999841	600
1.999842	593
2.000000	542
2.001000	506
2.001001	488
2.002000	471
2.002001	457
2.003001	391
2.003002	374
2.003003	111
