version	total
0.042	59220
1.000000	22036
1.002001	465796
1.002002	244226
