version	total
1.94	143833
1.99	1721
2.000000	1528
2.001000	1148
2.002000	2106
2.002001	859
