version	total
0.100052	7657
0.100054	1885
0.100055	1255
