version	total
0.008	1365
0.006007	4344
0.008002	1238
0.008004	1117
0.008005	775
0.008006	756
0.008007	330
