version	total
0.094002	1958
0.094003	1357
