version	total
1.006900	27375
1.007002	130484
1.007003	61535
