version	total
2.005001	16641
2.006003	129442
2.006006	15736
