version	total
0.100052	7620
0.100054	1852
0.100055	1222
