version	total
1.003008	4359
1.004000	4538
1.004003	909
