version	total
2.000001	28304
2.000006	22557
2.000008	125828
2.002004	16469
