version	total
2.000001	33639
2.000006	25013
2.000008	148755
2.002004	29364
