version	total
1.20141117	3488
1.20190531	1136
