version	total
0.094002	1956
0.094003	1355
