version	total
0.000061	5393
0.000115	3674
0.000116	2455
0.000117	13287
