version	total
5.20180120	5328
5.20180626	4292
5.20180820	7771
5.20181130	3760
5.20181218	9945
5.20190420	4222
5.20190524	77375
5.20220120	1490
5.20220220	1558
5.20220313	1410
5.20220320	2162
5.20220420	2414
5.20220527	2152
5.20220620	15345
