version	total
1.006900	29102
1.007002	136625
1.007003	76058
