version	total
2.000002	4618
2.001000	31251
2.003004	144080
2.005004	15273
