version	total
1.000005	24144
1.002002	8151
1.004002	7190
1.004003	4538
1.004004	127991
1.012004	2156
1.012005	1747
1.014000	1716
1.016002	1612
1.016006	1875
