version	total
0.103004	8066
0.103005	1037
0.103006	293
