version	total
1.000005	21200
1.002002	7388
1.004002	6429
1.004003	3779
1.004004	113077
1.012004	1409
1.012005	1002
1.014000	969
1.016002	869
1.016006	1044
