version	total
2.120921	7683
2.150010	33454
