version	total
0.103004	8503
0.103005	1314
0.103006	609
