version	total
2.000024	6386
2.000028	1275
2.000029	2124
