version	total
0.002005	4409
0.002006	4307
0.002009	1813
