version	total
1.000005	16595
1.002002	6004
1.004002	5054
1.004003	2403
1.004004	62049
