version	total
0.004010	4597
0.004011	4345
