version	total
0.100052	6601
0.100054	1025
0.100055	368
