version	total
0.000061	9966
0.000115	6267
0.000116	5049
0.000117	19222
0.000144	2627
0.000145	157624
0.000163	381
