version	total
0.094002	1852
0.094003	1252
