version	total
0.004010	3806
0.004011	3494
