version	total
1.20141117	4827
1.20190531	2401
