version	total
0.204001	2007
0.204003	1987
0.206003	2604
0.207001	1850
0.207002	1823
0.207003	388
