version	total
2.005001	16589
2.006003	128314
2.006006	15466
