version	total
1.000005	25652
1.002002	8477
1.004002	7517
1.004003	4873
1.004004	134482
1.012004	2475
1.012005	2064
1.014000	2034
1.016002	1920
1.016006	2244
