version	total
1.967013	24143
1.967015	99102
