version	total
1.999813	3568
1.999816	3684
1.999829	989
1.999830	894
1.999831	821
1.999832	807
1.999833	811
1.999835	807
1.999836	742
1.999837	743
1.999838	237
