version	total
1.000005	16327
1.002002	5827
1.004002	4875
1.004003	2223
1.004004	57631
