version	total
1.302052	8683
1.302075	12942
1.302140	5068
1.302141	4369
1.302156	5309
1.302164	8374
1.302188	2030
1.302189	1799
1.302190	4729
