version	total
5.20180120	3750
5.20180626	2850
5.20180820	6330
5.20181130	2364
5.20181218	8101
5.20190420	2772
5.20190524	43873
