version	total
2.000024	7522
2.000028	2130
2.000029	4766
