version	total
1.003008	4868
1.004000	5076
1.004003	1383
