version	total
0.100052	7231
0.100054	1510
0.100055	874
