version	total
0.100003	4952
0.100005	1801
0.100006	1216
