version	total
1.003008	5581
1.004000	5812
1.004003	2062
