version	total
0.103004	9994
0.103005	2478
0.103006	1853
