version	total
2.000002	5131
2.001000	33485
2.003004	154380
2.005004	19037
