version	total
0.004010	4649
0.004011	4399
