version	total
0.008	939
0.006007	3794
0.008002	812
0.008004	686
0.008005	373
0.008006	329
