version	total
0.008	1737
0.006007	4785
0.008002	1621
0.008004	1498
0.008005	1135
0.008006	1116
0.008007	694
0.008008	290
