version	total
0.103004	8747
0.103005	1501
0.103006	799
