version	total
0.004010	2867
0.004011	2408
