version	total
0.094002	1915
0.094003	1314
