version	total
0.204001	1552
0.204003	1534
0.206003	1928
0.207001	1213
0.207002	1186
