version	total
2.120921	9711
2.150010	89447
