version	total
1.000019	3909
1.000033	11935
1.000036	41462
