version	total
0.204001	2118
0.204003	2096
0.206003	2899
0.207001	2113
0.207002	2087
0.207003	656
