version	total
1.000019	6251
1.000033	14729
1.000036	86431
1.000037	17648
1.000038	11091
