version	total
1.000019	5071
1.000033	13430
1.000036	68756
1.000037	13648
