version	total
1.967013	25248
1.967015	106964
