version	total
5.20180120	6051
5.20180626	4963
5.20180820	8443
5.20181130	4429
5.20181218	10755
5.20190420	4899
5.20190524	81565
5.20220120	2148
5.20220220	2217
5.20220313	2067
5.20220320	2822
5.20220420	3073
5.20220527	2812
5.20220620	22139
