version	total
2.000001	31418
2.000006	24187
2.000008	140950
2.002004	24045
