version	total
0.094002	1447
0.094003	852
