version	total
1.967013	30932
1.967015	138972
