version	total
0.002005	4192
0.002006	4083
0.002009	1599
