version	total
0.103004	9323
0.103005	1974
0.103006	1287
