version	total
5.20180120	4973
5.20180626	3956
5.20180820	7437
5.20181130	3434
5.20181218	9542
5.20190420	3885
5.20190524	75181
5.20220120	1174
5.20220220	1239
5.20220313	1093
5.20220320	1843
5.20220420	2093
5.20220527	1833
5.20220620	12883
