version	total
1.003008	5495
1.004000	5720
1.004003	1978
