version	total
0.008	949
0.006007	3806
0.008002	822
0.008004	696
0.008005	382
0.008006	338
