version	total
0.042	69907
1.000000	22683
1.002001	496738
1.002002	297242
