version	total
1.967013	28580
1.967015	127217
