version	total
2.000024	5729
2.000028	829
2.000029	983
