version	total
4.161950	5875
4.201720	3347
