version	total
1.999813	3133
1.999816	3204
1.999829	565
1.999830	470
1.999831	397
1.999832	383
1.999833	387
1.999835	383
1.999836	318
1.999837	317
