version	total
1.20141117	4357
1.20190531	1970
