version	total
0.000061	7975
0.000115	5362
0.000116	4148
0.000117	17238
0.000144	1740
0.000145	71407
