version	total
0.204001	1397
0.204003	1379
0.206003	1741
0.207001	1046
0.207002	1021
