version	total
1.100602	6552
1.100603	944
