version	total
0.204001	1818
0.204003	1800
0.206003	2235
0.207001	1500
0.207002	1472
0.207003	35
