version	total
1.000005	19983
1.002002	7099
1.004002	6132
1.004003	3485
1.004004	104845
1.012004	1132
1.012005	725
1.014000	693
1.016002	601
1.016006	751
