version	total
2.005001	13442
2.006003	52531
