version	total
0.000061	5374
0.000115	3657
0.000116	2437
0.000117	13257
