version	total
1.000019	5698
1.000033	14087
1.000036	82191
1.000037	17067
1.000038	3685
