version	total
1.967013	28336
1.967015	125890
