version	total
1.967013	26815
1.967015	117830
