version	total
1.302052	5500
1.302075	8838
1.302140	2901
1.302141	2207
1.302156	3103
1.302164	3144
