version	total
0.094002	1913
0.094003	1312
