version	total
0.000061	5758
0.000115	3994
0.000116	2778
0.000117	13945
