version	total
0.002005	4211
0.002006	4102
0.002009	1617
