version	total
5.20180120	4617
5.20180626	3640
5.20180820	7121
5.20181130	3120
5.20181218	9164
5.20190420	3568
5.20190524	65695
5.20220120	875
5.20220220	938
5.20220313	796
5.20220320	1542
5.20220420	1794
5.20220527	1536
5.20220620	10361
