version	total
2.000002	3443
2.001000	24784
2.003004	77205
2.005004	71
