version	total
1.999813	3615
1.999816	3737
1.999829	1037
1.999830	942
1.999831	869
1.999832	855
1.999833	859
1.999835	855
1.999836	790
1.999837	791
1.999838	285
1.999839	65
