version	total
1.999813	4642
1.999816	4828
1.999829	2032
1.999830	1934
1.999831	1857
1.999832	1847
1.999833	1849
1.999835	1847
1.999836	1783
1.999837	1783
1.999838	1276
1.999839	1061
1.999841	923
1.999842	916
2.000000	889
2.001000	853
2.001001	835
2.002000	818
2.002001	804
2.003001	574
2.003002	557
2.003003	301
