version	total
1.999813	3549
1.999816	3663
1.999829	971
1.999830	876
1.999831	803
1.999832	789
1.999833	793
1.999835	789
1.999836	724
1.999837	725
1.999838	219
