version	total
2.000024	7383
2.000028	2040
2.000029	4392
