version	total
0.042	71614
1.000000	22717
1.002001	498246
1.002002	299607
