version	total
1.006900	28605
1.007002	134959
1.007003	71561
