version	total
0.002005	3751
0.002006	3629
0.002009	1168
