version	total
0.100003	4115
0.100005	1012
0.100006	423
