version	total
0.103004	7853
0.103005	947
0.103006	213
