version	total
1.999813	3116
1.999816	3187
1.999829	548
1.999830	453
1.999831	380
1.999832	366
1.999833	370
1.999835	366
1.999836	301
1.999837	300
