version	total
1.999813	2255
1.999816	2188
