version	total
2.000001	30651
2.000006	23909
2.000008	137076
2.002004	21430
