version	total
1.000005	18739
1.002002	6806
1.004002	5835
1.004003	3186
1.004004	96139
1.012004	847
1.012005	441
1.014000	408
1.016002	326
1.016006	452
