version	total
0.001011	31464
0.001013	187728
