version	total
1.003008	4776
1.004000	4981
1.004003	1293
