version	total
0.004010	4132
0.004011	3851
