version	total
1.20141117	4286
1.20190531	1902
