version	total
1.003008	3019
1.004000	2760
