version	total
0.103004	9428
0.103005	2057
0.103006	1369
