version	total
0.000061	8128
0.000115	5445
0.000116	4230
0.000117	17436
0.000144	1815
0.000145	111102
