version	total
5.20180120	4437
5.20180626	3477
5.20180820	6957
5.20181130	2956
5.20181218	8962
5.20190420	3405
5.20190524	52956
5.20220120	713
5.20220220	776
5.20220313	637
5.20220320	1380
5.20220420	1635
5.20220527	1375
5.20220620	7994
