version	total
0.008	2369
0.006007	5458
0.008002	2256
0.008004	2132
0.008005	1752
0.008006	1731
0.008007	1314
0.008008	941
0.008009	541
