version	total
0.000061	5447
0.000115	3722
0.000116	2503
0.000117	13390
