version	total
0.008	191
0.006007	2741
0.008002	10
