version	total
2.000001	30376
2.000006	23763
2.000008	135611
2.002004	20417
