version	total
4.161950	6974
4.201720	8071
