version	total
2.000024	5483
2.000028	713
2.000029	815
