version	total
2.120921	7328
2.150010	28508
