version	total
0.001011	24294
0.001013	78544
