version	total
0.002005	4267
0.002006	4159
0.002009	1674
