version	total
0.042	40848
1.000000	20157
1.002001	177630
