version	total
1.20141117	4645
1.20190531	2248
