version	total
2.000024	6783
2.000028	1581
2.000029	2879
