version	total
1.000019	5221
1.000033	13586
1.000036	77973
1.000037	15633
