version	total
1.000005	25412
1.002002	8424
1.004002	7459
1.004003	4815
1.004004	133495
1.012004	2422
1.012005	2012
1.014000	1981
1.016002	1872
1.016006	2188
