version	total
0.001011	33684
0.001013	204800
