version	total
0.103004	8482
0.103005	1296
0.103006	591
