version	total
2.005001	17721
2.006003	139951
2.006006	19300
