version	total
0.100003	3952
0.100005	862
0.100006	273
