version	total
1.100602	5924
1.100603	424
