version	total
0.002005	2568
0.002006	2134
