version	total
5.20180120	5830
5.20180626	4768
5.20180820	8250
5.20181130	4236
5.20181218	10512
5.20190420	4703
5.20190524	80294
5.20220120	1962
5.20220220	2031
5.20220313	1881
5.20220320	2638
5.20220420	2889
5.20220527	2628
5.20220620	19722
