version	total
2.005001	14351
2.006003	64998
