version	total
1.967013	21670
1.967015	58787
