version	total
2.000024	6565
2.000028	1406
2.000029	2493
