version	total
1.000019	6888
1.000033	15359
1.000036	90523
1.000037	18198
1.000038	20823
