version	total
0.100003	4006
0.100005	913
0.100006	323
