version	total
0.001011	32357
0.001013	195889
