version	total
2.000002	4734
2.001000	31865
2.003004	146859
2.005004	16099
