version	total
0.001011	24059
0.001013	74613
