version	total
1.003008	3397
1.004000	3338
