version	total
2.120921	8425
2.150010	68905
