version	total
0.103004	9198
0.103005	1868
0.103006	1177
