version	total
0.004010	5248
0.004011	5030
