version	total
0.000061	6039
0.000115	4195
0.000116	2980
0.000117	14453
0.000144	119
