version	total
0.042	47192
1.000000	21306
1.002001	422661
1.002002	196494
