version	total
4.161950	5488
4.201720	1901
