version	total
0.204001	153
0.204003	134
0.206003	143
