version	total
0.001011	24438
0.001013	80883
