version	total
0.100052	6217
0.100054	833
0.100055	162
