version	total
0.17024	26014
0.17027	119675
0.17029	2191
