version	total
0.103004	10034
0.103005	2503
0.103006	1882
