version	total
0.100052	6432
0.100054	935
0.100055	269
