version	total
2.000001	22324
2.000006	19153
2.000008	49109
