version	total
2.005001	18390
2.006003	148028
2.006006	24714
