version	total
1.006900	22717
1.007002	109143
1.007003	26895
