version	total
2.005001	17001
2.006003	134207
2.006006	17195
