version	total
0.001011	33935
0.001013	206249
