version	total
1.006900	28155
1.007002	133564
1.007003	67826
