version	total
1.20141117	4936
1.20190531	2484
