version	total
0.204001	2141
0.204003	2120
0.206003	3043
0.207001	2224
0.207002	2196
0.207003	767
