version	total
0.100003	5400
0.100005	2183
0.100006	1598
