version	total
2.005001	15878
2.006003	104093
2.006006	11574
