version	total
0.100003	4018
0.100005	924
0.100006	334
