version	total
1.000019	4093
1.000033	12166
1.000036	43871
