version	total
0.042	40947
1.000000	20189
1.002001	184638
