version	total
2.120921	7718
2.150010	34080
