version	total
1.006900	18332
1.007002	66544
