version	total
1.302052	6770
1.302075	10106
1.302140	3747
1.302141	3052
1.302156	3966
1.302164	5514
1.302188	701
1.302189	514
1.302190	1527
