version	total
1.20141117	3582
1.20190531	1221
