version	total
2.005001	14112
2.006003	62117
