version	total
1.999813	3400
1.999816	3498
1.999829	823
1.999830	728
1.999831	655
1.999832	641
1.999833	645
1.999835	641
1.999836	576
1.999837	577
1.999838	64
