version	total
1.000005	24397
1.002002	8209
1.004002	7247
1.004003	4596
1.004004	129134
1.012004	2212
1.012005	1802
1.014000	1772
1.016002	1666
1.016006	1944
