version	total
1.000005	20425
1.002002	7192
1.004002	6229
1.004003	3580
1.004004	107619
1.012004	1227
1.012005	821
1.014000	787
1.016002	697
1.016006	852
