version	total
0.17024	27970
0.17027	129157
0.17029	2846
