version	total
2.000002	5757
2.001000	36236
2.003004	167205
2.005004	27462
