version	total
0.001011	26889
0.001013	144520
