version	total
0.000061	10242
0.000115	6379
0.000116	5160
0.000117	19432
0.000144	2736
0.000145	169380
0.000163	1353
