version	total
1.302052	8075
1.302075	11844
1.302140	4563
1.302141	3865
1.302156	4801
1.302164	7413
1.302188	1525
1.302189	1298
1.302190	3528
