version	total
0.103004	8740
0.103005	1496
0.103006	794
