version	total
1.999813	2447
1.999816	2429
