version	total
0.008	2185
0.006007	5256
0.008002	2073
0.008004	1948
0.008005	1576
0.008006	1555
0.008007	1138
0.008008	765
0.008009	364
