version	total
1.967013	28287
1.967015	125606
