version	total
1.006900	30136
1.007002	139622
1.007003	84525
