version	total
0.000061	5746
0.000115	3982
0.000116	2765
0.000117	13928
