version	total
0.000061	10192
0.000115	6363
0.000116	5144
0.000117	19395
0.000144	2720
0.000145	169165
0.000163	963
