version	total
4.161950	4670
4.201720	810
