version	total
2.005001	18942
2.006003	153410
2.006006	28306
