version	total
2.005001	18279
2.006003	147025
2.006006	23925
