version	total
1.003008	5044
1.004000	5257
1.004003	1554
