version	total
1.20141117	4055
1.20190531	1675
