version	total
1.967013	27894
1.967015	123643
