version	total
0.100052	6000
0.100054	691
