version	total
1.302052	8468
1.302075	12496
1.302140	4880
1.302141	4182
1.302156	5120
1.302164	8040
1.302188	1838
1.302189	1612
1.302190	4210
