version	total
2.000002	4387
2.001000	30011
2.003004	136741
2.005004	13523
