version	total
2.120921	8977
2.150010	80063
