version	total
5.20180120	4992
5.20180626	3973
5.20180820	7455
5.20181130	3451
5.20181218	9561
5.20190420	3902
5.20190524	75327
5.20220120	1193
5.20220220	1258
5.20220313	1112
5.20220320	1863
5.20220420	2113
5.20220527	1849
5.20220620	12970
