version	total
4.161950	7513
4.201720	10449
