version	total
0.100003	4968
0.100005	1815
0.100006	1230
