version	total
1.302052	5784
1.302075	9155
1.302140	3145
1.302141	2449
1.302156	3348
1.302164	3750
