version	total
2.120921	7542
2.150010	31479
