version	total
1.003008	4178
1.004000	4356
1.004003	756
