version	total
0.001011	32284
0.001013	195362
