version	total
1.000005	21946
1.002002	7574
1.004002	6613
1.004003	3962
1.004004	117347
1.012004	1583
1.012005	1177
1.014000	1144
1.016002	1045
1.016006	1238
