version	total
0.094002	1927
0.094003	1326
