version	total
0.004010	4016
0.004011	3720
