version	total
2.000002	3115
2.001000	23825
2.003004	67075
