version	total
2.000002	5227
2.001000	33870
2.003004	156700
2.005004	20562
