version	total
1.100602	7063
1.100603	1431
