version	total
0.042	64851
1.000000	22292
1.002001	479145
1.002002	265160
