version	total
0.000061	8162
0.000115	5459
0.000116	4244
0.000117	17491
0.000144	1830
0.000145	114691
