version	total
1.94	120119
1.99	897
2.000000	753
2.001000	417
2.002000	1211
