version	total
0.204001	2023
0.204003	2002
0.206003	2639
0.207001	1883
0.207002	1856
0.207003	421
