version	total
0.100003	4125
0.100005	1022
0.100006	433
