version	total
1.000005	16825
1.002002	6154
1.004002	5201
1.004003	2550
1.004004	65272
