version	total
1.003008	4025
1.004000	4168
1.004003	616
