version	total
2.005001	18259
2.006003	146779
2.006006	23676
