version	total
1.20141117	3426
1.20190531	1074
