version	total
0.004010	3745
0.004011	3430
