version	total
0.094002	1377
0.094003	783
