version	total
2.005001	17260
2.006003	136986
2.006006	18037
