version	total
1.967013	24235
1.967015	99543
