version	total
1.000019	4881
1.000033	13219
1.000036	56843
1.000037	10963
