version	total
0.094002	1161
0.094003	568
