version	total
1.003008	2968
1.004000	2688
