version	total
1.20141117	3608
1.20190531	1245
