version	total
1.100602	6985
1.100603	1358
