version	total
0.001011	30541
0.001013	180217
