version	total
1.302052	5778
1.302075	9147
1.302140	3140
1.302141	2444
1.302156	3341
1.302164	3738
