version	total
5.20180120	3922
5.20180626	3016
5.20180820	6493
5.20181130	2510
5.20181218	8302
5.20190420	2939
5.20190524	45977
5.20220120	262
5.20220220	217
