version	total
0.17024	23870
0.17027	105456
0.17029	1622
