version	total
1.000019	5970
1.000033	14407
1.000036	84148
1.000037	17355
1.000038	6654
