version	total
2.120921	7391
2.150010	29154
