version	total
1.000005	19358
1.002002	6963
1.004002	5993
1.004003	3345
1.004004	100726
1.012004	1002
1.012005	596
1.014000	562
1.016002	475
1.016006	613
