version	total
0.001011	32238
0.001013	195022
