version	total
0.002005	3451
0.002006	3288
0.002009	868
