version	total
1.302052	5356
1.302075	8705
1.302140	2782
1.302141	2088
1.302156	2980
1.302164	2969
