version	total
4.161950	5326
4.201720	1806
