version	total
1.000005	18685
1.002002	6795
1.004002	5824
1.004003	3175
1.004004	95483
1.012004	837
1.012005	431
1.014000	397
1.016002	315
1.016006	437
