version	total
2.005001	13750
2.006003	56414
