version	total
2.005001	17664
2.006003	139399
2.006006	19031
