version	total
2.000002	2985
2.001000	23486
2.003004	64020
