version	total
0.042	70064
1.000000	22694
1.002001	497179
1.002002	297979
