version	total
0.100003	4188
0.100005	1081
0.100006	492
