version	total
0.100003	5062
0.100005	1900
0.100006	1314
