version	total
2.000001	21977
2.000006	18840
2.000008	45617
