version	total
2.000024	7319
2.000028	1990
2.000029	4235
