version	total
1.999813	2314
1.999816	2264
