version	total
1.302052	8745
1.302075	13081
1.302140	5120
1.302141	4421
1.302156	5361
1.302164	8466
1.302188	2083
1.302189	1852
1.302190	4924
