version	total
1.999813	4629
1.999816	4815
1.999829	2020
1.999830	1923
1.999831	1846
1.999832	1836
1.999833	1838
1.999835	1836
1.999836	1772
1.999837	1772
1.999838	1265
1.999839	1050
1.999841	912
1.999842	905
2.000000	872
2.001000	836
2.001001	818
2.002000	802
2.002001	788
2.003001	570
2.003002	553
2.003003	297
