version	total
2.120921	9069
2.150010	81223
