version	total
4.161950	4742
4.201720	869
