version	total
0.204001	2024
0.204003	2003
0.206003	2641
0.207001	1885
0.207002	1858
0.207003	423
