version	total
0.008	1887
0.006007	4945
0.008002	1773
0.008004	1650
0.008005	1283
0.008006	1265
0.008007	845
0.008008	471
0.008009	55
