version	total
0.17024	20796
0.17027	66678
