version	total
2.000001	26293
2.000006	21648
2.000008	110167
2.002004	12741
