version	total
0.002005	4201
0.002006	4092
0.002009	1607
