version	total
2.005001	18821
2.006003	152104
2.006006	27537
