version	total
0.001011	26219
0.001013	124991
