version	total
4.161950	4710
4.201720	838
