version	total
1.006900	26637
1.007002	127437
1.007003	54207
