version	total
1.006900	29070
1.007002	136456
1.007003	75635
