version	total
0.103004	6609
0.103005	169
