version	total
5.20180120	3672
5.20180626	2774
5.20180820	6255
5.20181130	2312
5.20181218	7989
5.20190420	2697
5.20190524	42750
