version	total
1.000019	5335
1.000033	13705
1.000036	79079
1.000037	16490
1.000038	255
