version	total
0.204001	2038
0.204003	2017
0.206003	2674
0.207001	1916
0.207002	1889
0.207003	454
