version	total
5.20180120	5799
5.20180626	4743
5.20180820	8224
5.20181130	4210
5.20181218	10480
5.20190420	4677
5.20190524	80167
5.20220120	1938
5.20220220	2007
5.20220313	1858
5.20220320	2614
5.20220420	2865
5.20220527	2604
5.20220620	19469
