version	total
0.004010	5405
0.004011	5211
