version	total
0.002005	3356
0.002006	3185
0.002009	776
