version	total
1.003008	5448
1.004000	5671
1.004003	1935
