version	total
2.000024	5667
2.000028	789
2.000029	922
