version	total
4.161950	6843
4.201720	7397
