version	total
0.17024	27241
0.17027	125158
0.17029	2611
