version	total
1.003008	5622
1.004000	5851
1.004003	2096
