version	total
1.003008	3115
1.004000	2899
