version	total
0.17024	27289
0.17027	125333
0.17029	2621
