version	total
1.302052	7870
1.302075	11509
1.302140	4413
1.302141	3715
1.302156	4647
1.302164	7113
1.302188	1382
1.302189	1155
1.302190	3107
