version	total
0.008	1762
0.006007	4810
0.008002	1647
0.008004	1524
0.008005	1160
0.008006	1142
0.008007	720
0.008008	325
