version	total
0.000061	6048
0.000115	4202
0.000116	2987
0.000117	14471
0.000144	127
