version	total
0.17024	26863
0.17027	123273
0.17029	2496
