version	total
1.000019	6820
1.000033	15301
1.000036	90158
1.000037	18147
1.000038	19818
