version	total
1.967013	28635
1.967015	127554
