version	total
0.001011	31638
0.001013	189640
