version	total
1.006900	27005
1.007002	128908
1.007003	57610
