version	total
0.042	41976
1.000000	20488
1.002001	316794
1.002002	5145
