version	total
1.967013	29419
1.967015	132077
