version	total
1.967013	27832
1.967015	123368
