version	total
2.000001	26654
2.000006	21787
2.000008	114739
2.002004	13624
