version	total
1.000019	3836
1.000033	11826
1.000036	40654
