version	total
0.002005	3962
0.002006	3848
0.002009	1370
