version	total
5.20180120	4664
5.20180626	3683
5.20180820	7164
5.20181130	3163
5.20181218	9214
5.20190420	3611
5.20190524	70516
5.20220120	913
5.20220220	976
5.20220313	834
5.20220320	1580
5.20220420	1832
5.20220527	1575
5.20220620	10979
