version	total
0.001011	23631
0.001013	68139
