version	total
1.20141117	4756
1.20190531	2343
