version	total
0.000061	5609
0.000115	3863
0.000116	2646
0.000117	13683
