version	total
0.008	1071
0.006007	3951
0.008002	944
0.008004	818
0.008005	499
0.008006	459
