version	total
1.967013	26314
1.967015	114424
