version	total
1.20141117	2681
1.20190531	318
