version	total
0.042	63636
1.000000	22193
1.002001	474762
1.002002	257936
