version	total
0.17024	26007
0.17027	119624
0.17029	2186
