version	total
2.000002	5644
2.001000	35648
2.003004	164963
2.005004	26275
