version	total
5.20180120	3417
5.20180626	2531
5.20180820	6016
5.20181130	2077
5.20181218	7656
5.20190420	2458
5.20190524	39592
