version	total
2.005001	18381
2.006003	147945
2.006006	24648
