version	total
1.000005	21501
1.002002	7462
1.004002	6503
1.004003	3852
1.004004	114853
1.012004	1476
1.012005	1070
1.014000	1036
1.016002	936
1.016006	1119
