version	total
2.000024	6314
2.000028	1219
2.000029	1992
