version	total
1.94	145704
1.99	1828
2.000000	1634
2.001000	1251
2.002000	2222
2.002001	997
