version	total
1.302052	9174
1.302075	13882
1.302140	5434
1.302141	4730
1.302156	5674
1.302164	9032
1.302188	2383
1.302189	2148
1.302190	5938
