version	total
0.000061	9525
0.000115	6074
0.000116	4858
0.000117	18820
0.000144	2440
0.000145	152302
0.000163	188
