version	total
1.94	161743
1.99	2563
2.000000	2312
2.001000	1895
2.002000	3012
2.002001	1804
2.003000	768
