version	total
1.003008	4878
1.004000	5086
1.004003	1393
