version	total
2.120921	9141
2.150010	81956
