version	total
0.094002	1526
0.094003	932
