version	total
2.000002	3436
2.001000	24748
2.003004	76850
