version	total
0.17024	20505
0.17027	62162
