version	total
1.000005	21460
1.002002	7452
1.004002	6493
1.004003	3842
1.004004	114597
1.012004	1466
1.012005	1060
1.014000	1026
1.016002	926
1.016006	1107
