version	total
1.000005	25253
1.002002	8416
1.004002	7453
1.004003	4809
1.004004	132720
1.012004	2417
1.012005	2007
1.014000	1978
1.016002	1865
1.016006	2175
