version	total
2.120921	9135
2.150010	81923
