version	total
1.967013	22043
1.967015	64845
