version	total
2.120921	7503
2.150010	30703
