version	total
0.008	1942
0.006007	5001
0.008002	1828
0.008004	1704
0.008005	1336
0.008006	1317
0.008007	898
0.008008	525
0.008009	113
