version	total
0.004010	3013
0.004011	2594
