version	total
1.000005	19480
1.002002	6989
1.004002	6022
1.004003	3373
1.004004	101563
1.012004	1029
1.012005	623
1.014000	589
1.016002	500
1.016006	642
