version	total
1.967013	22299
1.967015	68004
