version	total
0.042	69197
1.000000	22657
1.002001	494554
1.002002	293703
