version	total
0.000061	8336
0.000115	5534
0.000116	4319
0.000117	17678
0.000144	1901
0.000145	122130
