version	total
1.20141117	2332
1.20190531	123
