version	total
0.002005	3204
0.002006	3017
0.002009	626
