version	total
0.042	40745
1.000000	20131
1.002001	175996
