version	total
0.002005	4251
0.002006	4143
0.002009	1658
