version	total
2.000002	3248
2.001000	24217
2.003004	71641
