version	total
1.003008	3041
1.004000	2791
