version	total
1.967013	24517
1.967015	101771
