version	total
1.003008	5545
1.004000	5773
1.004003	2027
