version	total
0.042	63090
1.000000	22160
1.002001	473042
1.002002	255050
