version	total
1.100602	6479
1.100603	875
