version	total
2.000002	3294
2.001000	24337
2.003004	72821
