version	total
0.001011	34325
0.001013	208572
