version	total
4.161950	6175
4.201720	4461
