version	total
0.000061	7765
0.000115	5248
0.000116	4034
0.000117	16966
0.000144	1628
0.000145	59325
