version	total
2.005001	15652
2.006003	94113
2.006006	10464
