version	total
0.000061	7708
0.000115	5214
0.000116	4002
0.000117	16895
0.000144	1590
0.000145	53289
