version	total
1.302052	7052
1.302075	10390
1.302140	3900
1.302141	3204
1.302156	4121
1.302164	5819
1.302188	849
1.302189	659
1.302190	1849
