version	total
4.161950	6559
4.201720	6038
