version	total
1.003008	2995
1.004000	2725
