version	total
0.103004	8637
0.103005	1414
0.103006	709
