version	total
2.005001	14233
2.006003	63520
