version	total
2.000001	22956
2.000006	19747
2.000008	57712
