version	total
4.161950	5709
4.201720	2737
