version	total
0.204001	862
0.204003	845
0.206003	993
0.207001	511
0.207002	485
