version	total
0.042	64451
1.000000	22261
1.002001	477836
1.002002	262907
