version	total
2.000024	7540
2.000028	2143
2.000029	4812
