version	total
1.967013	27795
1.967015	123215
