version	total
0.008	1091
0.006007	3976
0.008002	964
0.008004	839
0.008005	519
0.008006	496
0.008007	54
