version	total
0.100052	6296
0.100054	884
0.100055	214
