version	total
0.100003	4763
0.100005	1622
0.100006	1036
