version	total
2.000001	33323
2.000006	24924
2.000008	147759
2.002004	28737
