version	total
2.000002	5672
2.001000	35729
2.003004	165207
2.005004	26415
