version	total
2.000001	33020
2.000006	24836
2.000008	146708
2.002004	28152
