version	total
0.204001	878
0.204003	861
0.206003	1013
0.207001	527
0.207002	501
