version	total
2.000002	5746
2.001000	36123
2.003004	166799
2.005004	27271
