version	total
0.100052	7289
0.100054	1553
0.100055	917
