version	total
0.204001	1765
0.204003	1747
0.206003	2160
0.207001	1435
0.207002	1406
