version	total
5.20180120	3547
5.20180626	2655
5.20180820	6136
5.20181130	2195
5.20181218	7822
5.20190420	2576
5.20190524	40863
