version	total
1.20141117	4127
1.20190531	1747
