version	total
2.005001	15988
2.006003	115384
2.006006	12457
