version	total
2.000002	3197
2.001000	24009
2.003004	69807
