version	total
2.000002	4235
2.001000	29234
2.003004	132814
2.005004	12602
