version	total
0.001011	26245
0.001013	125157
