version	total
1.006900	22381
1.007002	107267
1.007003	23942
