version	total
1.000019	4019
1.000033	12069
1.000036	42626
