version	total
0.042	68090
1.000000	22551
1.002001	491002
1.002002	287565
