version	total
1.100602	7077
1.100603	1444
