version	total
1.000005	21774
1.002002	7523
1.004002	6561
1.004003	3911
1.004004	116562
1.012004	1531
1.012005	1126
1.014000	1092
1.016002	994
1.016006	1182
