version	total
1.20141117	4028
1.20190531	1654
