version	total
0.103004	9194
0.103005	1864
0.103006	1173
