version	total
0.002005	4083
0.002006	3972
0.002009	1489
