version	total
1.20141117	5021
1.20190531	2524
