version	total
1.000019	6415
1.000033	14908
1.000036	87561
1.000037	17807
1.000038	14129
