version	total
0.008	1932
0.006007	4991
0.008002	1818
0.008004	1694
0.008005	1326
0.008006	1307
0.008007	888
0.008008	515
0.008009	103
