version	total
0.103004	8396
0.103005	1230
0.103006	522
