version	total
2.005001	17878
2.006003	141530
2.006006	20231
