version	total
1.100602	5967
1.100603	464
