version	total
1.000019	3865
1.000033	11867
1.000036	40978
