version	total
0.008	215
0.006007	2803
0.008002	45
