version	total
5.20180120	5425
5.20180626	4383
5.20180820	7862
5.20181130	3851
5.20181218	10056
5.20190420	4314
5.20190524	77704
5.20220120	1581
5.20220220	1649
5.20220313	1501
5.20220320	2253
5.20220420	2506
5.20220527	2243
5.20220620	15899
