version	total
1.006900	19402
1.007002	75671
1.007003	1021
