version	total
0.100003	4947
0.100005	1796
0.100006	1211
