version	total
2.120921	7299
2.150010	28212
