version	total
1.999813	4081
1.999816	4229
1.999829	1488
1.999830	1395
1.999831	1319
1.999832	1309
1.999833	1310
1.999835	1307
1.999836	1244
1.999837	1243
1.999838	737
1.999839	522
1.999841	384
1.999842	377
2.000000	320
2.001000	284
2.001001	266
2.002000	250
2.002001	236
2.003001	190
2.003002	172
