version	total
0.008	2228
0.006007	5307
0.008002	2117
0.008004	1992
0.008005	1618
0.008006	1597
0.008007	1180
0.008008	807
0.008009	406
