version	total
0.204001	1052
0.204003	1036
0.206003	1209
0.207001	702
0.207002	677
