version	total
2.000024	6365
2.000028	1257
2.000029	2085
