version	total
0.001011	32979
0.001013	200517
