version	total
2.000002	5499
2.001000	35001
2.003004	162203
2.005004	24486
