version	total
0.204001	920
0.204003	904
0.206003	1057
0.207001	570
0.207002	543
