version	total
5.20180120	6217
5.20180626	5108
5.20180820	8590
5.20181130	4574
5.20181218	10926
5.20190420	5045
5.20190524	82588
5.20220120	2290
5.20220220	2358
5.20220313	2207
5.20220320	2966
5.20220420	3215
5.20220527	2951
5.20220620	23205
