version	total
0.002005	2472
0.002006	2038
