version	total
0.001011	24243
0.001013	77924
