version	total
1.302052	8285
1.302075	12112
1.302140	4723
1.302141	4025
1.302156	4961
1.302164	7733
1.302188	1682
1.302189	1456
1.302190	3826
