version	total
0.100052	7933
0.100054	2116
0.100055	1494
