version	total
0.042	46741
1.000000	21255
1.002001	417936
1.002002	193842
