version	total
1.967013	22222
1.967015	67483
