version	total
1.94	143633
1.99	1707
2.000000	1514
2.001000	1134
2.002000	2092
2.002001	843
