version	total
2.000024	7655
2.000028	2227
2.000029	5110
