version	total
1.000019	6120
1.000033	14578
1.000036	85356
1.000037	17516
1.000038	8381
