version	total
1.000005	21369
1.002002	7426
1.004002	6467
1.004003	3816
1.004004	114116
1.012004	1446
1.012005	1040
1.014000	1006
1.016002	906
1.016006	1086
