version	total
4.161950	7434
4.201720	10178
