version	total
0.008	2337
0.006007	5424
0.008002	2225
0.008004	2100
0.008005	1722
0.008006	1701
0.008007	1284
0.008008	912
0.008009	511
