version	total
1.967013	24965
1.967015	105229
