version	total
1.006900	18781
1.007002	70683
