version	total
1.000019	5375
1.000033	13752
1.000036	79525
1.000037	16587
1.000038	635
