version	total
1.999813	2322
1.999816	2273
