version	total
2.000002	5072
2.001000	33217
2.003004	152981
2.005004	18223
