version	total
1.003008	5387
1.004000	5607
1.004003	1880
