version	total
2.005001	17764
2.006003	140273
2.006006	19482
