version	total
1.302052	9002
1.302075	13548
1.302140	5314
1.302141	4609
1.302156	5553
1.302164	8838
1.302188	2271
1.302189	2036
1.302190	5602
