version	total
1.20141117	2959
1.20190531	607
