version	total
0.094002	666
0.094003	70
