version	total
0.100003	3624
0.100005	575
