version	total
1.967013	29879
1.967015	134140
