version	total
1.000019	5569
1.000033	13940
1.000036	81195
1.000037	16894
1.000038	2381
