version	total
2.005001	18266
2.006003	146841
2.006006	23727
