version	total
0.002005	4498
0.002006	4402
0.002009	1899
