version	total
2.005001	17503
2.006003	138113
2.006006	18547
