version	total
2.000002	5121
2.001000	33424
2.003004	154073
2.005004	18851
