version	total
2.000024	6075
2.000028	1038
2.000029	1497
