version	total
2.000001	26175
2.000006	21593
2.000008	104903
2.002004	12249
