version	total
2.005001	16084
2.006003	119337
2.006006	13119
