version	total
1.006900	27541
1.007002	131184
1.007003	62912
