version	total
2.005001	16569
2.006003	128126
2.006006	15393
