version	total
2.000002	4338
2.001000	29743
2.003004	135364
2.005004	13186
