version	total
0.094002	966
0.094003	369
