version	total
1.003008	3943
1.004000	4053
1.004003	540
