version	total
1.20141117	3612
1.20190531	1249
