version	total
0.008	1756
0.006007	4804
0.008002	1641
0.008004	1518
0.008005	1154
0.008006	1135
0.008007	712
0.008008	313
