version	total
1.999813	2306
1.999816	2254
