version	total
1.967013	24528
1.967015	101841
