version	total
1.999813	4363
1.999816	4526
1.999829	1767
1.999830	1673
1.999831	1597
1.999832	1587
1.999833	1588
1.999835	1586
1.999836	1522
1.999837	1522
1.999838	1014
1.999839	799
1.999841	661
1.999842	654
2.000000	604
2.001000	568
2.001001	550
2.002000	532
2.002001	518
2.003001	428
2.003002	411
2.003003	148
