version	total
1.967013	27626
1.967015	122505
