version	total
0.000061	5733
0.000115	3971
0.000116	2754
0.000117	13899
