version	total
2.000001	27151
2.000006	22029
2.000008	117986
2.002004	14419
