version	total
0.001011	28745
0.001013	165951
