version	total
1.000019	4254
1.000033	12394
1.000036	46253
