version	total
1.000005	25484
1.002002	8444
1.004002	7482
1.004003	4838
1.004004	133822
1.012004	2443
1.012005	2033
1.014000	2004
1.016002	1890
1.016006	2208
