version	total
0.008	1473
0.006007	4478
0.008002	1346
0.008004	1227
0.008005	876
0.008006	857
0.008007	434
