version	total
4.161950	5630
4.201720	2517
