version	total
0.100003	3713
0.100005	656
0.100006	63
