version	total
2.000002	4061
2.001000	28296
2.003004	109706
2.005004	10549
