version	total
5.20180120	5620
5.20180626	4567
5.20180820	8047
5.20181130	4035
5.20181218	10277
5.20190420	4501
5.20190524	78926
5.20220120	1763
5.20220220	1832
5.20220313	1682
5.20220320	2439
5.20220420	2689
5.20220527	2429
5.20220620	17336
