version	total
0.004010	3162
0.004011	2751
