version	total
0.002005	2794
0.002006	2422
0.002009	192
