version	total
2.120921	9615
2.150010	87904
