version	total
1.003008	4556
1.004000	4751
1.004003	1087
