version	total
2.120921	9118
2.150010	81743
