version	total
0.002005	4633
0.002006	4548
0.002009	2031
