version	total
0.008	2446
0.006007	5543
0.008002	2335
0.008004	2209
0.008005	1826
0.008006	1804
0.008007	1388
0.008008	1015
0.008009	620
