version	total
2.000002	4476
2.001000	30504
2.003004	139268
2.005004	14156
