version	total
1.302052	7057
1.302075	10397
1.302140	3904
1.302141	3208
1.302156	4126
1.302164	5829
1.302188	853
1.302189	663
1.302190	1858
