version	total
0.17024	22659
0.17027	96735
0.17029	1316
