version	total
1.94	140897
1.99	1555
2.000000	1360
2.001000	983
2.002000	1925
2.002001	650
