version	total
0.17024	24259
0.17027	108106
0.17029	1720
