version	total
2.000024	5497
2.000028	722
2.000029	832
