version	total
0.100003	4908
0.100005	1758
0.100006	1173
