version	total
2.000001	26712
2.000006	21814
2.000008	115169
2.002004	13741
