version	total
0.17024	26647
0.17027	122192
0.17029	2417
