version	total
0.004010	5349
0.004011	5143
