version	total
1.000019	5853
1.000033	14275
1.000036	83539
1.000037	17238
1.000038	5630
