version	total
0.002005	4504
0.002006	4408
0.002009	1905
