version	total
1.967013	28741
1.967015	128091
