version	total
1.006900	19297
1.007002	74800
1.007003	504
