version	total
0.042	51966
1.000000	21683
1.002001	449277
1.002002	227198
