version	total
1.000005	20044
1.002002	7111
1.004002	6145
1.004003	3498
1.004004	105231
1.012004	1145
1.012005	739
1.014000	706
1.016002	613
1.016006	764
