version	total
1.100602	7287
1.100603	1621
