version	total
2.005001	18262
2.006003	146795
2.006006	23688
