version	total
1.006900	28638
1.007002	135060
1.007003	71806
