version	total
1.999813	2085
1.999816	2011
