version	total
0.042	40639
1.000000	20106
1.002001	174358
