version	total
0.004010	5044
0.004011	4804
