version	total
0.000061	6453
0.000115	4488
0.000116	3274
0.000117	15173
0.000144	696
0.000145	8355
