version	total
1.94	159706
1.99	2485
2.000000	2249
2.001000	1841
2.002000	2924
2.002001	1719
2.003000	641
