version	total
0.008	630
0.006007	3351
0.008002	497
0.008004	359
0.008005	85
0.008006	30
