version	total
1.000005	16346
1.002002	5843
1.004002	4891
1.004003	2239
1.004004	57902
