version	total
2.005001	15995
2.006003	115670
2.006006	12565
