version	total
0.100052	7103
0.100054	1403
0.100055	766
