version	total
0.100003	4835
0.100005	1690
0.100006	1105
