version	total
2.120921	7436
2.150010	29723
