version	total
1.006900	21880
1.007002	103849
1.007003	19827
