version	total
1.003008	3230
1.004000	3099
