version	total
0.042	53585
1.000000	21795
1.002001	457570
1.002002	235129
