version	total
1.94	153798
1.99	2166
2.000000	1960
2.001000	1570
2.002000	2588
2.002001	1389
2.003000	220
