version	total
0.17024	24872
0.17027	112561
0.17029	1882
