version	total
1.20141117	3710
1.20190531	1337
