version	total
0.000061	8045
0.000115	5399
0.000116	4185
0.000117	17329
0.000144	1776
0.000145	84539
