version	total
0.204001	1442
0.204003	1424
0.206003	1793
0.207001	1093
0.207002	1068
