version	total
1.000005	21670
1.002002	7508
1.004002	6549
1.004003	3899
1.004004	116162
1.012004	1519
1.012005	1114
1.014000	1080
1.016002	980
1.016006	1167
