version	total
0.004010	4624
0.004011	4374
