version	total
1.000019	5373
1.000033	13748
1.000036	79513
1.000037	16585
1.000038	622
