version	total
2.005001	16252
2.006003	122421
2.006006	14004
