version	total
2.000002	4543
2.001000	30834
2.003004	141458
2.005004	14584
