version	total
1.20141117	2469
1.20190531	197
