version	total
0.094002	1532
0.094003	938
