version	total
0.042	41494
1.000000	20348
1.002001	280393
