version	total
0.100052	5053
0.100054	130
