version	total
0.001011	31952
0.001013	192434
