version	total
2.120921	7590
2.150010	32120
