version	total
2.000001	26518
2.000006	21740
2.000008	113592
2.002004	13269
