version	total
1.006900	25197
1.007002	122768
1.007003	46446
