version	total
0.000061	8471
0.000115	5615
0.000116	4400
0.000117	17872
0.000144	1982
0.000145	125377
