version	total
1.100602	7119
1.100603	1483
