version	total
1.003008	5012
1.004000	5223
1.004003	1522
