version	total
1.967013	22215
1.967015	67391
