version	total
2.000002	5233
2.001000	33881
2.003004	156768
2.005004	20601
