version	total
0.008	1610
0.006007	4638
0.008002	1493
0.008004	1369
0.008005	1009
0.008006	989
0.008007	568
0.008008	153
