version	total
1.999813	2524
1.999816	2507
