version	total
1.20141117	4316
1.20190531	1929
