version	total
0.008	1913
0.006007	4972
0.008002	1799
0.008004	1675
0.008005	1307
0.008006	1288
0.008007	869
0.008008	496
0.008009	81
