version	total
0.100003	4608
0.100005	1471
0.100006	885
