version	total
2.005001	18697
2.006003	151054
2.006006	26898
