version	total
0.094002	1917
0.094003	1316
