version	total
1.006900	22631
1.007002	108718
1.007003	26288
