version	total
1.302052	5898
1.302075	9247
1.302140	3226
1.302141	2528
1.302156	3428
1.302164	4137
