version	total
1.94	130143
1.99	1209
2.000000	1033
2.001000	676
2.002000	1567
2.002001	200
