version	total
0.100003	4505
0.100005	1376
0.100006	788
