version	total
0.002005	2734
0.002006	2361
0.002009	128
