version	total
1.003008	3046
1.004000	2798
