version	total
0.042	40189
1.000000	19987
1.002001	165772
