version	total
1.000005	20008
1.002002	7105
1.004002	6138
1.004003	3491
1.004004	105010
1.012004	1138
1.012005	732
1.014000	699
1.016002	607
1.016006	758
