version	total
1.100602	6035
1.100603	521
