version	total
0.094002	1227
0.094003	635
