version	total
0.042	49404
1.000000	21524
1.002001	439326
1.002002	208626
