version	total
2.120921	8561
2.150010	75510
