version	total
0.001011	27592
0.001013	156439
