version	total
1.100602	5626
1.100603	240
