version	total
1.302052	6853
1.302075	10190
1.302140	3787
1.302141	3092
1.302156	4007
1.302164	5597
1.302188	737
1.302189	549
1.302190	1609
