version	total
0.204001	1607
0.204003	1589
0.206003	1991
0.207001	1270
0.207002	1243
