version	total
1.20141117	3683
1.20190531	1314
