version	total
0.000061	9284
0.000115	5988
0.000116	4773
0.000117	18665
0.000144	2355
0.000145	149316
0.000163	101
