version	total
0.204001	901
0.204003	885
0.206003	1038
0.207001	550
0.207002	524
