version	total
1.302052	5521
1.302075	8858
1.302140	2921
1.302141	2227
1.302156	3124
1.302164	3178
