version	total
2.000001	23006
2.000006	19783
2.000008	58242
