version	total
0.008	1351
0.006007	4326
0.008002	1224
0.008004	1103
0.008005	762
0.008006	742
0.008007	315
