version	total
1.000019	6408
1.000033	14901
1.000036	87521
1.000037	17801
1.000038	14015
