version	total
0.008	1113
0.006007	4003
0.008002	986
0.008004	861
0.008005	540
0.008006	518
0.008007	78
