version	total
2.000001	29025
2.000006	22938
2.000008	129879
2.002004	17713
