version	total
0.100003	3662
0.100005	609
