version	total
1.006900	23155
1.007002	111599
1.007003	29966
