version	total
0.008	226
0.006007	2866
0.008002	66
