version	total
0.002005	4829
0.002006	4764
0.002009	2212
