version	total
0.000061	8902
0.000115	5814
0.000116	4599
0.000117	18332
0.000144	2182
0.000145	141861
