version	total
1.967013	30771
1.967015	138241
