version	total
0.17024	21011
0.17027	68951
0.17029	20
