version	total
1.302052	5619
1.302075	8968
1.302140	3006
1.302141	2310
1.302156	3206
1.302164	3412
