version	total
0.204001	1963
0.204003	1944
0.206003	2496
0.207001	1749
0.207002	1722
0.207003	286
