version	total
1.000005	24751
1.002002	8296
1.004002	7333
1.004003	4685
1.004004	130823
1.012004	2298
1.012005	1889
1.014000	1858
1.016002	1751
1.016006	2048
