version	total
2.000024	6684
2.000028	1509
2.000029	2700
