version	total
2.120921	8297
2.150010	52616
