version	total
0.001011	23485
0.001013	66443
