version	total
5.20180120	5819
5.20180626	4758
5.20180820	8240
5.20181130	4226
5.20181218	10501
5.20190420	4693
5.20190524	80234
5.20220120	1952
5.20220220	2021
5.20220313	1872
5.20220320	2628
5.20220420	2879
5.20220527	2618
5.20220620	19614
