version	total
2.000001	29005
2.000006	22916
2.000008	129712
2.002004	17669
