version	total
2.000002	3374
2.001000	24530
2.003004	75198
