version	total
1.006900	26699
1.007002	127672
1.007003	54778
