version	total
1.967013	27620
1.967015	122492
