version	total
1.003008	4950
1.004000	5161
1.004003	1460
