version	total
5.20180120	5068
5.20180626	4043
5.20180820	7525
5.20181130	3517
5.20181218	9640
5.20190420	3974
5.20190524	75921
5.20220120	1258
5.20220220	1323
5.20220313	1178
5.20220320	1928
5.20220420	2179
5.20220527	1918
5.20220620	13519
