version	total
1.302052	8726
1.302075	13040
1.302140	5102
1.302141	4403
1.302156	5343
1.302164	8438
1.302188	2065
1.302189	1834
1.302190	4870
