version	total
2.000001	25875
2.000006	21426
2.000008	91083
2.002004	11197
