version	total
0.008	1496
0.006007	4505
0.008002	1373
0.008004	1252
0.008005	898
0.008006	879
0.008007	458
0.008008	24
