version	total
0.000061	9094
0.000115	5897
0.000116	4682
0.000117	18501
0.000144	2265
0.000145	146703
