version	total
2.000024	6461
2.000028	1330
2.000029	2276
