version	total
0.17024	26796
0.17027	122901
0.17029	2475
