version	total
5.20180120	4914
5.20180626	3905
5.20180820	7385
5.20181130	3383
5.20181218	9474
5.20190420	3834
5.20190524	74715
5.20220120	1125
5.20220220	1190
5.20220313	1044
5.20220320	1792
5.20220420	2044
5.20220527	1784
5.20220620	12639
