version	total
0.204001	182
0.204003	163
0.206003	178
