version	total
0.001011	27761
0.001013	158051
