version	total
2.005001	17217
2.006003	136730
2.006006	17934
