version	total
0.002005	3823
0.002006	3704
0.002009	1235
