version	total
1.003008	2970
1.004000	2690
