version	total
2.120921	9423
2.150010	85117
