version	total
0.204001	1978
0.204003	1959
0.206003	2530
0.207001	1783
0.207002	1756
0.207003	320
