version	total
1.000005	16332
1.002002	5832
1.004002	4880
1.004003	2228
1.004004	57681
