version	total
0.000061	6962
0.000115	4815
0.000116	3600
0.000117	16060
0.000144	1199
0.000145	28221
