version	total
0.103004	6457
0.103005	63
