version	total
0.100052	6699
0.100054	1098
0.100055	447
