version	total
0.103004	6425
0.103005	35
