version	total
4.161950	3821
4.201720	128
