version	total
1.000005	23724
1.002002	8060
1.004002	7099
1.004003	4449
1.004004	125789
1.012004	2067
1.012005	1659
1.014000	1628
1.016002	1525
1.016006	1775
