version	total
1.302052	8665
1.302075	12891
1.302140	5050
1.302141	4351
1.302156	5291
1.302164	8340
1.302188	2012
1.302189	1781
1.302190	4671
