version	total
2.120921	7978
2.150010	40159
