version	total
0.001011	30781
0.001013	181838
