version	total
0.100052	6715
0.100054	1114
0.100055	465
