version	total
5.20180120	3846
5.20180626	2944
5.20180820	6423
5.20181130	2446
5.20181218	8209
5.20190420	2866
5.20190524	45203
