version	total
0.103004	7891
0.103005	969
0.103006	231
