version	total
2.005001	18907
2.006003	152983
2.006006	28083
