version	total
0.103004	8887
0.103005	1619
0.103006	922
