version	total
1.302052	8230
1.302075	12026
1.302140	4678
1.302141	3980
1.302156	4915
1.302164	7623
1.302188	1639
1.302189	1412
1.302190	3748
