version	total
0.100052	7285
0.100054	1549
0.100055	913
