version	total
1.006900	17771
1.007002	61610
