version	total
2.005001	13350
2.006003	51528
