version	total
2.120921	8547
2.150010	75402
