version	total
2.005001	16002
2.006003	116052
2.006006	12644
