version	total
0.100003	5086
0.100005	1919
0.100006	1333
