version	total
0.103004	9893
0.103005	2417
0.103006	1779
