version	total
0.004010	5307
0.004011	5094
