version	total
5.20180120	5516
5.20180626	4466
5.20180820	7945
5.20181130	3934
5.20181218	10154
5.20190420	4399
5.20190524	78262
5.20220120	1662
5.20220220	1730
5.20220313	1581
5.20220320	2335
5.20220420	2587
5.20220527	2327
5.20220620	16499
