version	total
1.000005	16145
1.002002	5700
1.004002	4750
1.004003	2099
1.004004	55078
