version	total
1.967013	22205
1.967015	67281
