version	total
0.004010	3084
0.004011	2668
