version	total
0.001011	26623
0.001013	130819
