version	total
1.967013	27468
1.967015	121818
