version	total
2.000001	28792
2.000006	22795
2.000008	128291
2.002004	17258
