version	total
1.100602	6412
1.100603	827
