version	total
0.100052	7938
0.100054	2119
0.100055	1497
