version	total
0.042	46071
1.000000	21190
1.002001	410924
1.002002	189843
