version	total
2.000001	32645
2.000006	24703
2.000008	145474
2.002004	27416
