version	total
0.094002	1761
0.094003	1163
