version	total
0.100003	4240
0.100005	1125
0.100006	535
