version	total
1.20141117	4406
1.20190531	2019
