version	total
4.161950	7347
4.201720	9748
