version	total
0.100003	4161
0.100005	1056
0.100006	467
