version	total
1.20141117	3306
1.20190531	960
