version	total
0.100003	5194
0.100005	2022
0.100006	1435
