version	total
0.001011	29648
0.001013	173727
