version	total
1.000005	25165
1.002002	8397
1.004002	7433
1.004003	4789
1.004004	132307
1.012004	2396
1.012005	1986
1.014000	1957
1.016002	1846
1.016006	2154
