version	total
2.005001	14265
2.006003	63817
