version	total
0.000061	6435
0.000115	4477
0.000116	3263
0.000117	15152
0.000144	679
0.000145	8119
