version	total
0.17024	20213
0.17027	57963
