version	total
0.204001	885
0.204003	868
0.206003	1022
0.207001	534
0.207002	508
