version	total
2.000001	22388
2.000006	19205
2.000008	49902
