version	total
0.17024	23310
0.17027	101912
0.17029	1494
