version	total
0.103004	9508
0.103005	2125
0.103006	1439
