version	total
1.006900	28776
1.007002	135488
1.007003	72958
