version	total
0.103004	7540
0.103005	743
