version	total
2.120921	9767
2.150010	90225
