version	total
1.967013	26698
1.967015	117090
