version	total
1.003008	5108
1.004000	5323
1.004003	1615
