version	total
2.120921	9494
2.150010	86103
