version	total
0.100003	4433
0.100005	1305
0.100006	717
