version	total
1.000005	24421
1.002002	8215
1.004002	7253
1.004003	4603
1.004004	129226
1.012004	2218
1.012005	1808
1.014000	1778
1.016002	1672
1.016006	1951
