version	total
1.20141117	2851
1.20190531	501
