version	total
2.005001	17896
2.006003	141676
2.006006	20354
