version	total
1.20141117	4402
1.20190531	2015
