version	total
1.003008	4255
1.004000	4433
1.004003	825
