version	total
0.103004	9441
0.103005	2065
0.103006	1377
