version	total
1.003008	4620
1.004000	4815
1.004003	1148
