version	total
5.20180120	5890
5.20180626	4824
5.20180820	8306
5.20181130	4291
5.20181218	10579
5.20190420	4759
5.20190524	80638
5.20220120	2016
5.20220220	2085
5.20220313	1935
5.20220320	2691
5.20220420	2943
5.20220527	2682
5.20220620	20516
