version	total
0.001011	29915
0.001013	176322
