version	total
1.000019	6075
1.000033	14521
1.000036	84998
1.000037	17464
1.000038	7711
