version	total
5.20180120	5500
5.20180626	4452
5.20180820	7930
5.20181130	3919
5.20181218	10136
5.20190420	4384
5.20190524	78147
5.20220120	1647
5.20220220	1715
5.20220313	1567
5.20220320	2320
5.20220420	2573
5.20220527	2312
5.20220620	16398
