version	total
0.100052	6220
0.100054	836
0.100055	165
