version	total
5.20180120	5674
5.20180626	4620
5.20180820	8100
5.20181130	4088
5.20181218	10342
5.20190420	4554
5.20190524	79312
5.20220120	1815
5.20220220	1885
5.20220313	1735
5.20220320	2492
5.20220420	2742
5.20220527	2482
5.20220620	17925
