version	total
0.204001	2057
0.204003	2036
0.206003	2727
0.207001	1963
0.207002	1935
0.207003	501
