version	total
2.000024	7605
2.000028	2193
2.000029	4993
