version	total
1.967013	30829
1.967015	138485
