version	total
2.000024	6903
2.000028	1672
2.000029	3120
