version	total
1.999813	2334
1.999816	2287
