version	total
0.008	1407
0.006007	4397
0.008002	1280
0.008004	1160
0.008005	814
0.008006	795
0.008007	372
