version	total
0.000061	7279
0.000115	4994
0.000116	3781
0.000117	16470
0.000144	1370
0.000145	40180
