version	total
2.005001	13639
2.006003	54897
