version	total
0.100003	4873
0.100005	1728
0.100006	1143
