version	total
1.006900	25768
1.007002	124454
1.007003	49133
