version	total
0.17024	25660
0.17027	117569
0.17029	2093
