version	total
0.001011	26603
0.001013	130067
