version	total
0.008	2566
0.006007	5675
0.008002	2454
0.008004	2329
0.008005	1938
0.008006	1915
0.008007	1500
0.008008	1127
0.008009	732
