version	total
1.20141117	2532
1.20190531	232
