version	total
2.005001	15004
2.006003	75877
2.006006	3886
