version	total
1.999813	3632
1.999816	3756
1.999829	1054
1.999830	959
1.999831	886
1.999832	872
1.999833	876
1.999835	872
1.999836	807
1.999837	808
1.999838	302
1.999839	82
