version	total
1.967013	31187
1.967015	140194
