version	total
0.000061	9675
0.000115	6146
0.000116	4928
0.000117	18964
0.000144	2509
0.000145	154470
0.000163	258
