version	total
2.000024	7400
2.000028	2050
2.000029	4443
