version	total
0.001011	32681
0.001013	198167
