version	total
0.004010	4681
0.004011	4431
