version	total
1.94	127574
1.99	1129
2.000000	963
2.001000	610
2.002000	1480
2.002001	35
