version	total
1.94	117388
1.99	813
2.000000	673
2.001000	341
2.002000	1104
