version	total
1.100602	5685
1.100603	265
