version	total
1.967013	26730
1.967015	117313
