version	total
1.000005	23955
1.002002	8107
1.004002	7147
1.004003	4496
1.004004	127226
1.012004	2115
1.012005	1706
1.014000	1675
1.016002	1571
1.016006	1829
