version	total
0.000061	5782
0.000115	4015
0.000116	2799
0.000117	14002
