version	total
1.006900	23073
1.007002	111191
1.007003	29517
