version	total
0.042	66662
1.000000	22438
1.002001	486165
1.002002	278361
