version	total
1.302052	5565
1.302075	8899
1.302140	2955
1.302141	2260
1.302156	3156
1.302164	3259
