version	total
2.000024	7697
2.000028	2245
2.000029	5170
