version	total
1.302052	8511
1.302075	12586
1.302140	4918
1.302141	4220
1.302156	5158
1.302164	8106
1.302188	1879
1.302189	1651
1.302190	4307
