version	total
0.17024	24076
0.17027	106902
0.17029	1685
