version	total
1.94	121456
1.99	934
2.000000	787
2.001000	449
2.002000	1259
