version	total
1.006900	29881
1.007002	138748
1.007003	81935
