version	total
1.006900	22129
1.007002	105824
1.007003	21966
