version	total
2.120921	7458
2.150010	30060
