version	total
0.004010	4480
0.004011	4226
