version	total
0.17024	28123
0.17027	129746
0.17029	2890
