version	total
1.003008	5120
1.004000	5339
1.004003	1629
