version	total
0.002005	2385
0.002006	1945
