version	total
1.000005	16899
1.002002	6197
1.004002	5245
1.004003	2594
1.004004	66230
