version	total
0.204001	2037
0.204003	2016
0.206003	2672
0.207001	1914
0.207002	1887
0.207003	452
