version	total
2.005001	18990
2.006003	154212
2.006006	28744
