version	total
0.17024	20886
0.17027	67871
