version	total
0.204001	1197
0.204003	1181
0.206003	1377
0.207001	847
0.207002	822
