version	total
1.302052	5831
1.302075	9208
1.302140	3189
1.302141	2491
1.302156	3391
1.302164	3816
