version	total
2.000002	2961
2.001000	23420
2.003004	63383
