version	total
0.042	45302
1.000000	21077
1.002001	388877
1.002002	180060
