version	total
2.005001	17513
2.006003	138153
2.006006	18572
