version	total
0.204001	853
0.204003	836
0.206003	982
0.207001	502
0.207002	476
