version	total
0.004010	4035
0.004011	3742
