version	total
0.004010	3028
0.004011	2612
