version	total
1.967013	25916
1.967015	111499
