version	total
1.003008	5050
1.004000	5264
1.004003	1561
