version	total
1.967013	21642
1.967015	58421
