version	total
0.204001	160
0.204003	141
0.206003	154
