version	total
5.20180120	5349
5.20180626	4310
5.20180820	7789
5.20181130	3778
5.20181218	9971
5.20190420	4241
5.20190524	77447
5.20220120	1508
5.20220220	1576
5.20220313	1429
5.20220320	2180
5.20220420	2433
5.20220527	2170
5.20220620	15480
