version	total
2.000002	3255
2.001000	24237
2.003004	71790
