version	total
1.003008	5028
1.004000	5240
1.004003	1537
