version	total
1.20141117	4223
1.20190531	1842
