version	total
2.000001	30701
2.000006	23941
2.000008	137445
2.002004	21661
