version	total
0.100052	7711
0.100054	1931
0.100055	1302
