version	total
0.204001	1450
0.204003	1432
0.206003	1809
0.207001	1101
0.207002	1076
