version	total
0.100052	7709
0.100054	1929
0.100055	1299
