version	total
0.008	2002
0.006007	5067
0.008002	1889
0.008004	1765
0.008005	1395
0.008006	1375
0.008007	957
0.008008	584
0.008009	178
