version	total
1.100602	7108
1.100603	1474
