version	total
1.006900	29885
1.007002	138763
1.007003	81967
