version	total
1.20141117	3823
1.20190531	1454
