version	total
0.000061	9723
0.000115	6166
0.000116	4948
0.000117	19005
0.000144	2529
0.000145	155058
0.000163	280
