version	total
1.000019	5424
1.000033	13808
1.000036	79995
1.000037	16639
1.000038	1085
