version	total
1.94	127797
1.99	1143
2.000000	974
2.001000	619
2.002000	1495
2.002001	54
