version	total
1.94	152598
1.99	2135
2.000000	1932
2.001000	1543
2.002000	2557
2.002001	1362
2.003000	185
