version	total
1.20141117	4006
1.20190531	1634
