version	total
1.000019	3796
1.000033	11762
1.000036	40214
