version	total
2.000024	6676
2.000028	1501
2.000029	2686
