version	total
1.003008	5265
1.004000	5485
1.004003	1766
