version	total
1.94	150523
1.99	2033
2.000000	1835
2.001000	1450
2.002000	2434
2.002001	1250
2.003000	44
