version	total
0.001011	24215
0.001013	76955
