version	total
2.005001	15949
2.006003	109221
2.006006	12086
