version	total
0.042	45769
1.000000	21155
1.002001	406537
1.002002	187914
