version	total
0.204001	362
0.204003	344
0.206003	402
