version	total
1.003008	3176
1.004000	2976
