version	total
0.094002	690
0.094003	93
