version	total
1.967013	27500
1.967015	121997
