version	total
1.302052	5717
1.302075	9071
1.302140	3083
1.302141	2387
1.302156	3284
1.302164	3614
