version	total
1.000019	6191
1.000033	14661
1.000036	85945
1.000037	17588
1.000038	9884
