version	total
5.20180120	3329
5.20180626	2446
5.20180820	5930
5.20181130	1992
5.20181218	7527
5.20190420	2372
5.20190524	38690
