version	total
4.161950	5723
4.201720	2785
