version	total
0.100003	3776
0.100005	712
0.100006	121
