version	total
1.20141117	3342
1.20190531	992
