version	total
0.004010	5358
0.004011	5153
