version	total
1.999813	4186
1.999816	4341
1.999829	1593
1.999830	1500
1.999831	1424
1.999832	1414
1.999833	1415
1.999835	1412
1.999836	1349
1.999837	1348
1.999838	842
1.999839	627
1.999841	489
1.999842	482
2.000000	430
2.001000	393
2.001001	375
2.002000	358
2.002001	344
2.003001	289
2.003002	272
