version	total
0.103004	8903
0.103005	1631
0.103006	934
