version	total
1.000019	4895
1.000033	13229
1.000036	56928
1.000037	11131
