version	total
0.001011	34312
0.001013	208489
