version	total
0.094002	680
0.094003	84
