version	total
2.120921	9419
2.150010	85052
