version	total
0.100003	4717
0.100005	1575
0.100006	989
