version	total
0.004010	5225
0.004011	5006
