version	total
4.161950	5616
4.201720	2442
