version	total
1.94	117666
1.99	817
2.000000	677
2.001000	345
2.002000	1109
