version	total
0.204001	2029
0.204003	2008
0.206003	2653
0.207001	1897
0.207002	1870
0.207003	435
