version	total
1.302052	9284
1.302075	15649
1.302140	5499
1.302141	4799
1.302156	5741
1.302164	9164
1.302188	2443
1.302189	2207
1.302190	6213
