version	total
2.000001	26735
2.000006	21823
2.000008	115293
2.002004	13778
