version	total
4.161950	6080
4.201720	4211
