version	total
0.001011	30724
0.001013	181634
