version	total
1.000019	6476
1.000033	14974
1.000036	87945
1.000037	17864
1.000038	15009
