version	total
4.161950	6389
4.201720	5190
