version	total
0.094002	1046
0.094003	452
