version	total
0.000061	7987
0.000115	5370
0.000116	4156
0.000117	17258
0.000144	1748
0.000145	79092
