version	total
5.20180120	3959
5.20180626	3050
5.20180820	6528
5.20181130	2539
5.20181218	8359
5.20190420	2975
5.20190524	46311
5.20220120	291
5.20220220	353
5.20220313	218
5.20220320	6
