version	total
2.005001	18714
2.006003	151276
2.006006	27026
