version	total
2.000024	5883
2.000028	927
2.000029	1137
