version	total
1.302052	7597
1.302075	11161
1.302140	4243
1.302141	3547
1.302156	4478
1.302164	6720
1.302188	1189
1.302189	993
1.302190	2667
