version	total
2.005001	14035
2.006003	61296
