version	total
0.000061	9810
0.000115	6198
0.000116	4980
0.000117	19072
0.000144	2559
0.000145	156181
0.000163	312
