version	total
0.17024	27589
0.17027	127161
0.17029	2731
