version	total
0.008	1582
0.006007	4607
0.008002	1465
0.008004	1341
0.008005	982
0.008006	962
0.008007	541
0.008008	122
