version	total
2.000001	31167
2.000006	24111
2.000008	139617
2.002004	23231
