version	total
0.042	40228
1.000000	20000
1.002001	166749
