version	total
1.999813	3750
1.999816	3882
1.999829	1164
1.999830	1069
1.999831	996
1.999832	983
1.999833	985
1.999835	981
1.999836	918
1.999837	918
1.999838	412
1.999839	193
1.999841	59
1.999842	46
