version	total
0.008	677
0.006007	3423
0.008002	545
0.008004	409
0.008005	128
0.008006	76
