version	total
0.000061	5678
0.000115	3922
0.000116	2704
0.000117	13802
