version	total
1.999813	3496
1.999816	3602
1.999829	915
1.999830	820
1.999831	747
1.999832	733
1.999833	737
1.999835	733
1.999836	668
1.999837	669
1.999838	166
