version	total
2.000002	5326
2.001000	34242
2.003004	158602
2.005004	21897
