version	total
4.161950	7010
4.201720	8213
