version	total
0.100003	4387
0.100005	1260
0.100006	672
