version	total
1.94	162356
1.99	2592
2.000000	2339
2.001000	1921
2.002000	3040
2.002001	1832
2.003000	800
