version	total
1.967013	27857
1.967015	123461
