version	total
0.008	2197
0.006007	5269
0.008002	2085
0.008004	1960
0.008005	1588
0.008006	1567
0.008007	1150
0.008008	777
0.008009	376
