version	total
0.004010	3050
0.004011	2632
