version	total
1.302052	8509
1.302075	12584
1.302140	4916
1.302141	4218
1.302156	5156
1.302164	8104
1.302188	1877
1.302189	1649
1.302190	4305
