version	total
0.100003	4406
0.100005	1279
0.100006	691
