version	total
2.005001	18212
2.006003	145623
2.006006	23062
