version	total
0.004010	3810
0.004011	3498
