version	total
2.005001	17866
2.006003	141305
2.006006	20112
