version	total
0.100003	3628
0.100005	579
