version	total
0.004010	3846
0.004011	3536
