version	total
2.000002	4418
2.001000	30237
2.003004	137856
2.005004	13760
