version	total
2.120921	7291
2.150010	28140
