version	total
0.004010	5180
0.004011	4955
