version	total
0.17024	29096
0.17027	133817
0.17029	3205
