version	total
0.094002	2027
0.094003	1428
