version	total
5.20180120	5570
5.20180626	4518
5.20180820	7998
5.20181130	3987
5.20181218	10217
5.20190420	4452
5.20190524	78602
5.20220120	1714
5.20220220	1783
5.20220313	1633
5.20220320	2388
5.20220420	2639
5.20220527	2380
5.20220620	16852
