version	total
0.094002	1318
0.094003	726
