version	total
0.17024	24274
0.17027	108191
0.17029	1723
