version	total
0.004010	2786
0.004011	2318
