version	total
1.999813	4355
1.999816	4518
1.999829	1759
1.999830	1665
1.999831	1589
1.999832	1579
1.999833	1580
1.999835	1578
1.999836	1514
1.999837	1514
1.999838	1006
1.999839	791
1.999841	653
1.999842	646
2.000000	596
2.001000	560
2.001001	542
2.002000	524
2.002001	510
2.003001	423
2.003002	406
2.003003	143
