version	total
2.120921	9964
2.150010	92475
