version	total
0.042	49856
1.000000	21548
1.002001	441240
1.002002	210185
