version	total
5.20180120	5253
5.20180626	4219
5.20180820	7698
5.20181130	3690
5.20181218	9857
5.20190420	4147
5.20190524	76927
5.20220120	1424
5.20220220	1492
5.20220313	1345
5.20220320	2096
5.20220420	2349
5.20220527	2086
5.20220620	14679
