version	total
0.094002	670
0.094003	74
