version	total
0.17024	20581
0.17027	63512
