version	total
2.000024	5662
2.000028	785
2.000029	918
