version	total
0.008	2335
0.006007	5422
0.008002	2223
0.008004	2098
0.008005	1720
0.008006	1699
0.008007	1282
0.008008	910
0.008009	509
