version	total
2.120921	9369
2.150010	84345
