version	total
1.000019	6524
1.000033	15020
1.000036	88246
1.000037	17903
1.000038	15769
