version	total
0.17024	29220
0.17027	134207
0.17029	3247
