version	total
0.002005	2339
0.002006	1899
