version	total
2.005001	17690
2.006003	139693
2.006006	19163
