version	total
0.004010	3771
0.004011	3457
