version	total
2.000002	5814
2.001000	36498
2.003004	168200
2.005004	28028
