version	total
2.000024	5408
2.000028	671
2.000029	752
