version	total
0.100052	7324
0.100054	1585
0.100055	949
