version	total
0.100003	4986
0.100005	1833
0.100006	1247
