version	total
2.005001	13650
2.006003	54972
