version	total
1.000005	22568
1.002002	7764
1.004002	6803
1.004003	4153
1.004004	119924
1.012004	1774
1.012005	1367
1.014000	1335
1.016002	1234
1.016006	1446
