version	total
2.000002	3037
2.001000	23632
2.003004	65210
