version	total
0.094002	1428
0.094003	833
