version	total
1.94	147724
1.99	1922
2.000000	1726
2.001000	1342
2.002000	2316
2.002001	1111
