version	total
1.20141117	2961
1.20190531	611
