version	total
0.17024	28176
0.17027	130007
0.17029	2912
