version	total
0.001011	26605
0.001013	130650
