version	total
0.042	72025
1.000000	22730
1.002001	498918
1.002002	300794
