version	total
0.001011	24263
0.001013	78086
