version	total
1.000019	4097
1.000033	12170
1.000036	43888
