version	total
1.94	152008
1.99	2105
2.000000	1902
2.001000	1514
2.002000	2520
2.002001	1331
2.003000	144
