version	total
0.100003	3822
0.100005	755
0.100006	163
