version	total
1.967013	30923
1.967015	138927
