version	total
1.000019	6894
1.000033	15361
1.000036	90558
1.000037	18200
1.000038	20884
