version	total
0.094002	1185
0.094003	592
