version	total
1.967013	28327
1.967015	125855
