version	total
0.008	1045
0.006007	3919
0.008002	918
0.008004	792
0.008005	475
0.008006	434
