version	total
2.000001	27238
2.000006	22060
2.000008	118488
2.002004	14528
