version	total
0.103004	9015
0.103005	1703
0.103006	1008
