version	total
2.120921	7661
2.150010	32833
