version	total
0.204001	2121
0.204003	2099
0.206003	2922
0.207001	2133
0.207002	2107
0.207003	677
