version	total
1.100602	5374
1.100603	68
