version	total
0.100052	6683
0.100054	1084
0.100055	433
