version	total
1.006900	17836
1.007002	62150
