version	total
1.302052	5512
1.302075	8850
1.302140	2913
1.302141	2219
1.302156	3115
1.302164	3161
