version	total
1.94	115761
1.99	763
2.000000	632
2.001000	304
2.002000	1041
