version	total
0.000061	8993
0.000115	5851
0.000116	4636
0.000117	18408
0.000144	2218
0.000145	144337
