version	total
1.000005	18341
1.002002	6731
1.004002	5759
1.004003	3111
1.004004	93131
1.012004	775
1.012005	369
1.014000	336
1.016002	254
1.016006	366
