version	total
2.000001	29538
2.000006	23287
2.000008	131936
2.002004	18515
