version	total
1.003008	4190
1.004000	4370
1.004003	768
