version	total
2.000001	28901
2.000006	22851
2.000008	128970
2.002004	17461
