version	total
1.967013	28466
1.967015	126585
