version	total
0.042	48906
1.000000	21497
1.002001	437270
1.002002	207052
