version	total
1.006900	26911
1.007002	128484
1.007003	56734
