version	total
0.204001	1115
0.204003	1100
0.206003	1280
0.207001	766
0.207002	740
