version	total
1.006900	25621
1.007002	124084
1.007003	48566
