version	total
2.000024	6725
2.000028	1542
2.000029	2802
