version	total
2.120921	9020
2.150010	80397
