version	total
1.94	157509
1.99	2358
2.000000	2134
2.001000	1735
2.002000	2797
2.002001	1590
2.003000	460
