version	total
5.20180120	4496
5.20180626	3527
5.20180820	7007
5.20181130	3006
5.20181218	9029
5.20190420	3455
5.20190524	53519
5.20220120	760
5.20220220	825
5.20220313	684
5.20220320	1427
5.20220420	1682
5.20220527	1422
5.20220620	8869
