version	total
2.005001	17984
2.006003	142647
2.006006	20987
