version	total
1.100602	6362
1.100603	778
