version	total
0.100052	6674
0.100054	1077
0.100055	426
