version	total
2.000002	5058
2.001000	33169
2.003004	152799
2.005004	18119
