version	total
0.100003	3530
0.100005	487
