version	total
0.008	2195
0.006007	5267
0.008002	2083
0.008004	1958
0.008005	1586
0.008006	1565
0.008007	1148
0.008008	775
0.008009	374
