version	total
0.204001	203
0.204003	184
0.206003	204
