version	total
1.000019	6011
1.000033	14446
1.000036	84446
1.000037	17395
1.000038	7035
