version	total
0.100052	5782
0.100054	526
