version	total
0.001011	29156
0.001013	169963
