version	total
0.000061	8144
0.000115	5452
0.000116	4237
0.000117	17462
0.000144	1823
0.000145	112106
