version	total
2.000002	5703
2.001000	35865
2.003004	165756
2.005004	26721
