version	total
1.006900	19529
1.007002	76749
1.007003	1830
