version	total
0.002005	3908
0.002006	3793
0.002009	1318
