version	total
2.000001	26672
2.000006	21794
2.000008	114827
2.002004	13646
