version	total
1.006900	21507
1.007002	101613
1.007003	17825
