version	total
1.100602	6717
1.100603	1108
