version	total
1.100602	6043
1.100603	528
