version	total
0.100052	7994
0.100054	2162
0.100055	1540
