version	total
1.003008	5239
1.004000	5458
1.004003	1744
