version	total
2.000001	22895
2.000006	19697
2.000008	57096
