version	total
2.005001	15684
2.006003	94696
2.006006	10611
