version	total
1.003008	4213
1.004000	4391
1.004003	786
