version	total
1.000019	6330
1.000033	14809
1.000036	86969
1.000037	17723
1.000038	12477
