version	total
1.006900	19073
1.007002	72937
