version	total
0.042	54931
1.000000	21893
1.002001	460183
1.002002	238121
