version	total
1.006900	26575
1.007002	127185
1.007003	53624
