version	total
2.005001	18907
2.006003	152944
2.006006	28064
