version	total
0.17024	28530
0.17027	131503
0.17029	3024
