version	total
2.000002	5046
2.001000	33137
2.003004	152600
2.005004	18033
