version	total
0.103004	9163
0.103005	1834
0.103006	1141
