version	total
1.302052	7740
1.302075	11350
1.302140	4333
1.302141	3636
1.302156	4570
1.302164	6925
1.302188	1289
1.302189	1081
1.302190	2938
