version	total
2.000002	5769
2.001000	36291
2.003004	167470
2.005004	27623
