version	total
1.000005	19751
1.002002	7046
1.004002	6078
1.004003	3430
1.004004	103262
1.012004	1081
1.012005	675
1.014000	641
1.016002	552
1.016006	697
