version	total
1.000019	4670
1.000033	12948
1.000036	52630
1.000037	4321
