version	total
1.000005	23817
1.002002	8073
1.004002	7111
1.004003	4461
1.004004	126673
1.012004	2078
1.012005	1670
1.014000	1640
1.016002	1538
1.016006	1793
