version	total
0.103004	9629
0.103005	2220
0.103006	1537
