version	total
1.003008	5178
1.004000	5399
1.004003	1685
