version	total
1.967013	26415
1.967015	115211
