version	total
1.302052	5426
1.302075	8774
1.302140	2837
1.302141	2144
1.302156	3038
1.302164	3056
