version	total
4.161950	4747
4.201720	874
