version	total
2.120921	8668
2.150010	76656
