version	total
0.17024	26833
0.17027	123109
0.17029	2485
