version	total
0.000061	10282
0.000115	6391
0.000116	5172
0.000117	19453
0.000144	2748
0.000145	169570
0.000163	1878
