version	total
0.100003	3316
0.100005	291
