version	total
0.100003	3761
0.100005	698
0.100006	107
