version	total
2.000001	28621
2.000006	22710
2.000008	127477
2.002004	16983
