version	total
2.005001	17751
2.006003	140159
2.006006	19423
