version	total
0.001011	31081
0.001013	184326
