version	total
4.161950	3700
4.201720	53
