version	total
1.94	142693
1.99	1632
2.000000	1438
2.001000	1062
2.002000	2011
2.002001	749
