version	total
1.999813	2532
1.999816	2533
