version	total
0.004010	3897
0.004011	3593
