version	total
1.006900	27128
1.007002	129357
1.007003	58654
