version	total
1.94	162470
1.99	2596
2.000000	2343
2.001000	1925
2.002000	3045
2.002001	1836
2.003000	817
