version	total
2.005001	14089
2.006003	61905
