version	total
1.967013	23827
1.967015	96646
