version	total
1.000019	5400
1.000033	13777
1.000036	79769
1.000037	16614
1.000038	838
