version	total
1.999813	3176
1.999816	3250
1.999829	608
1.999830	513
1.999831	440
1.999832	426
1.999833	430
1.999835	426
1.999836	361
1.999837	360
