version	total
0.17024	21089
0.17027	69889
0.17029	113
