version	total
2.000001	22677
2.000006	19490
2.000008	54760
