version	total
0.004010	4793
0.004011	4544
