version	total
1.000019	5793
1.000033	14197
1.000036	83127
1.000037	17172
1.000038	5025
