version	total
2.120921	7524
2.150010	31155
