version	total
2.005001	15706
2.006003	95042
2.006006	10679
