version	total
5.20180120	3335
5.20180626	2452
5.20180820	5936
5.20181130	1998
5.20181218	7533
5.20190420	2378
5.20190524	38744
