version	total
1.003008	2926
1.004000	2638
