version	total
2.120921	8328
2.150010	53574
