version	total
2.000002	4770
2.001000	32074
2.003004	148004
2.005004	16384
