version	total
0.002005	2798
0.002006	2426
0.002009	196
