version	total
2.120921	8535
2.150010	75274
