version	total
0.100052	8055
0.100054	2192
0.100055	1576
