version	total
1.967013	25171
1.967015	106508
