version	total
0.002005	4277
0.002006	4169
0.002009	1684
