version	total
0.001011	26917
0.001013	147753
