version	total
1.003008	5003
1.004000	5214
1.004003	1513
