version	total
1.94	141100
1.99	1560
2.000000	1364
2.001000	987
2.002000	1928
2.002001	653
