version	total
0.004010	4312
0.004011	4048
