version	total
0.204001	1100
0.204003	1085
0.206003	1263
0.207001	750
0.207002	725
