version	total
1.94	144651
1.99	1774
2.000000	1580
2.001000	1199
2.002000	2163
2.002001	932
