version	total
0.042	47749
1.000000	21370
1.002001	427427
1.002002	200016
