version	total
1.003008	4180
1.004000	4358
1.004003	758
