version	total
1.003008	4622
1.004000	4818
1.004003	1151
