version	total
1.20141117	4158
1.20190531	1778
