version	total
2.000024	7529
2.000028	2136
2.000029	4784
