version	total
2.000001	23375
2.000006	20127
2.000008	62068
2.002004	1013
