version	total
2.000001	31437
2.000006	24190
2.000008	141003
2.002004	24076
