version	total
2.000002	5662
2.001000	35700
2.003004	165107
2.005004	26367
