version	total
1.999813	4178
1.999816	4333
1.999829	1585
1.999830	1492
1.999831	1416
1.999832	1406
1.999833	1407
1.999835	1404
1.999836	1341
1.999837	1340
1.999838	834
1.999839	619
1.999841	481
1.999842	474
2.000000	420
2.001000	385
2.001001	367
2.002000	350
2.002001	336
2.003001	281
2.003002	264
