version	total
2.005001	16782
2.006003	131735
2.006006	16400
