version	total
1.000019	6828
1.000033	15308
1.000036	90248
1.000037	18153
1.000038	20003
