version	total
0.004010	4254
0.004011	3990
