version	total
1.20141117	4304
1.20190531	1918
