version	total
0.004010	5082
0.004011	4846
