version	total
4.161950	6924
4.201720	7845
