version	total
1.006900	22386
1.007002	107313
1.007003	23987
