version	total
0.000061	7059
0.000115	4880
0.000116	3665
0.000117	16202
0.000144	1265
0.000145	32773
