version	total
5.20180120	5250
5.20180626	4217
5.20180820	7696
5.20181130	3687
5.20181218	9855
5.20190420	4145
5.20190524	76918
5.20220120	1422
5.20220220	1490
5.20220313	1343
5.20220320	2094
5.20220420	2347
5.20220527	2084
5.20220620	14652
