version	total
0.002005	3759
0.002006	3638
0.002009	1176
