version	total
1.000019	6227
1.000033	14703
1.000036	86282
1.000037	17624
1.000038	10655
