version	total
2.000002	5746
2.001000	36081
2.003004	166658
2.005004	27192
