version	total
0.000061	7786
0.000115	5258
0.000116	4044
0.000117	16993
0.000144	1638
0.000145	60797
