version	total
1.100602	5972
1.100603	467
