version	total
5.20180120	6375
5.20180626	5236
5.20180820	8718
5.20181130	4700
5.20181218	11071
5.20190420	5172
5.20190524	83465
5.20220120	2405
5.20220220	2472
5.20220313	2320
5.20220320	3083
5.20220420	3330
5.20220527	3066
5.20220620	24266
