version	total
0.002005	4198
0.002006	4089
0.002009	1605
