version	total
0.004010	4985
0.004011	4744
