version	total
0.008	2079
0.006007	5144
0.008002	1966
0.008004	1842
0.008005	1471
0.008006	1451
0.008007	1033
0.008008	660
0.008009	255
