version	total
0.008	3608
0.006007	5765
0.008002	3045
0.008004	2900
0.008005	2016
0.008006	1994
0.008007	1579
0.008008	1204
0.008009	812
