version	total
1.003008	4243
1.004000	4422
1.004003	815
