version	total
0.103004	9762
0.103005	2323
0.103006	1668
