version	total
1.94	133090
1.99	1299
2.000000	1116
2.001000	753
2.002000	1659
2.002001	323
