version	total
2.005001	13897
2.006003	59289
