version	total
1.000019	5720
1.000033	14114
1.000036	82354
1.000037	17085
1.000038	3890
