version	total
1.000005	22664
1.002002	7792
1.004002	6828
1.004003	4179
1.004004	120350
1.012004	1800
1.012005	1392
1.014000	1361
1.016002	1262
1.016006	1476
