version	total
2.005001	16443
2.006003	125788
2.006006	14799
