version	total
0.002005	3739
0.002006	3617
0.002009	1156
