version	total
0.100003	5355
0.100005	2150
0.100006	1565
