version	total
2.000002	4843
2.001000	32408
2.003004	149679
2.005004	16853
