version	total
1.94	134265
1.99	1336
2.000000	1148
2.001000	782
2.002000	1698
2.002001	374
