version	total
1.967013	27906
1.967015	123679
