version	total
1.000005	19267
1.002002	6946
1.004002	5976
1.004003	3328
1.004004	100142
1.012004	985
1.012005	579
1.014000	545
1.016002	458
1.016006	595
