version	total
0.204001	998
0.204003	981
0.206003	1142
0.207001	646
0.207002	621
