version	total
2.000001	22859
2.000006	19658
2.000008	56920
