version	total
1.999813	4614
1.999816	4799
1.999829	2005
1.999830	1908
1.999831	1831
1.999832	1821
1.999833	1823
1.999835	1821
1.999836	1757
1.999837	1757
1.999838	1250
1.999839	1035
1.999841	897
1.999842	890
2.000000	856
2.001000	820
2.001001	802
2.002000	785
2.002001	771
2.003001	560
2.003002	543
2.003003	287
