version	total
1.000005	17314
1.002002	6406
1.004002	5433
1.004003	2785
1.004004	72979
1.012004	382
