version	total
2.000002	5406
2.001000	34609
2.003004	160513
2.005004	23258
