version	total
1.000019	6378
1.000033	14867
1.000036	87337
1.000037	17777
1.000038	13576
