version	total
2.000001	22411
2.000006	19222
2.000008	50277
