version	total
1.000019	6632
1.000033	15125
1.000036	89080
1.000037	17999
1.000038	17414
