version	total
0.094002	1584
0.094003	989
