version	total
1.000019	6806
1.000033	15293
1.000036	90076
1.000037	18143
1.000038	19611
