version	total
2.000002	4680
2.001000	31583
2.003004	145525
2.005004	15675
