version	total
0.004010	3871
0.004011	3563
