version	total
5.20180120	4945
5.20180626	3929
5.20180820	7409
5.20181130	3408
5.20181218	9504
5.20190420	3859
5.20190524	74911
5.20220120	1147
5.20220220	1212
5.20220313	1066
5.20220320	1815
5.20220420	2066
5.20220527	1806
5.20220620	12739
