version	total
0.100003	4624
0.100005	1487
0.100006	901
