version	total
1.100602	5536
1.100603	191
