version	total
0.100003	3613
0.100005	565
