version	total
0.042	40622
1.000000	20101
1.002001	174101
