version	total
1.000005	24554
1.002002	8247
1.004002	7285
1.004003	4636
1.004004	129815
1.012004	2250
1.012005	1840
1.014000	1809
1.016002	1703
1.016006	1990
