version	total
0.204001	348
0.204003	330
0.206003	388
