version	total
2.005001	16541
2.006003	127217
2.006006	15264
