version	total
1.967013	24607
1.967015	102809
