version	total
1.20141117	4076
1.20190531	1698
