version	total
0.103004	8058
0.103005	1032
0.103006	288
