version	total
0.002005	3362
0.002006	3191
0.002009	782
