version	total
0.001011	30453
0.001013	179783
