version	total
0.204001	188
0.204003	169
0.206003	185
