version	total
2.005001	16465
2.006003	126194
2.006006	14930
