version	total
2.000001	29257
2.000006	23071
2.000008	131060
2.002004	18058
