version	total
0.002005	4332
0.002006	4227
0.002009	1738
