version	total
0.100052	7158
0.100054	1456
0.100055	820
