version	total
1.967013	27353
1.967015	121122
