version	total
0.100052	6107
0.100054	765
0.100055	88
