version	total
0.004010	5244
0.004011	5026
