version	total
1.20141117	3320
1.20190531	972
