version	total
0.002005	4644
0.002006	4560
0.002009	2042
