version	total
2.000002	3273
2.001000	24292
2.003004	72328
