version	total
2.000001	29133
2.000006	22981
2.000008	130339
2.002004	17854
