version	total
0.008	243
0.006007	2886
0.008002	84
