version	total
1.20141117	4162
1.20190531	1782
