version	total
1.999813	4055
1.999816	4198
1.999829	1462
1.999830	1369
1.999831	1293
1.999832	1283
1.999833	1284
1.999835	1281
1.999836	1218
1.999837	1217
1.999838	712
1.999839	496
1.999841	359
1.999842	351
2.000000	294
2.001000	256
2.001001	238
2.002000	222
2.002001	208
2.003001	164
2.003002	145
