version	total
1.967013	22113
1.967015	65763
