version	total
1.20141117	4776
1.20190531	2357
