version	total
1.302052	5939
1.302075	9286
1.302140	3257
1.302141	2559
1.302156	3459
1.302164	4317
1.302188	126
