version	total
0.100003	5031
0.100005	1873
0.100006	1287
