version	total
0.100003	4086
0.100005	986
0.100006	396
