version	total
1.000005	22268
1.002002	7676
1.004002	6715
1.004003	4065
1.004004	118510
1.012004	1686
1.012005	1279
1.014000	1247
1.016002	1147
1.016006	1348
