version	total
0.103004	7458
0.103005	688
