version	total
0.042	41369
1.000000	20300
1.002001	233841
