version	total
0.094002	848
0.094003	249
