version	total
1.94	140812
1.99	1554
2.000000	1359
2.001000	982
2.002000	1924
2.002001	649
