version	total
1.100602	6252
1.100603	686
