version	total
4.161950	5682
4.201720	2656
