version	total
1.999813	2503
1.999816	2485
