version	total
1.20141117	2580
1.20190531	239
