version	total
1.100602	6880
1.100603	1260
