version	total
0.204001	1783
0.204003	1765
0.206003	2187
0.207001	1457
0.207002	1429
