version	total
4.161950	4394
4.201720	580
