version	total
0.008	1689
0.006007	4733
0.008002	1572
0.008004	1449
0.008005	1087
0.008006	1068
0.008007	646
0.008008	240
