version	total
0.100052	6554
0.100054	990
0.100055	332
