version	total
0.204001	248
0.204003	229
0.206003	275
