version	total
2.000024	6411
2.000028	1294
2.000029	2171
