version	total
0.042	41214
1.000000	20263
1.002001	217445
