version	total
1.999813	4741
1.999816	4947
1.999829	2116
1.999830	2021
1.999831	1943
1.999832	1933
1.999833	1936
1.999835	1932
1.999836	1869
1.999837	1870
1.999838	1362
1.999839	1147
1.999841	1008
1.999842	1002
2.000000	1000
2.001000	964
2.001001	946
2.002000	925
2.002001	913
2.003001	629
2.003002	611
2.003003	356
2.003004	63
2.004001	48
