version	total
1.006900	18494
1.007002	68353
