version	total
0.100003	3031
0.100005	34
