version	total
1.967013	24553
1.967015	102134
