version	total
2.000002	4838
2.001000	32400
2.003004	149626
2.005004	16832
