version	total
0.042	40876
1.000000	20165
1.002001	178772
