version	total
1.999813	2336
1.999816	2289
