version	total
1.003008	5233
1.004000	5452
1.004003	1738
