version	total
1.003008	5198
1.004000	5419
1.004003	1705
