version	total
1.94	142201
1.99	1605
2.000000	1410
2.001000	1034
2.002000	1980
2.002001	711
