version	total
1.20141117	4525
1.20190531	2136
