version	total
4.161950	6955
4.201720	7966
