version	total
1.006900	29175
1.007002	136821
1.007003	76638
