version	total
0.100003	3098
0.100005	97
