version	total
5.20180120	4704
5.20180626	3718
5.20180820	7199
5.20181130	3200
5.20181218	9256
5.20190420	3646
5.20190524	73003
5.20220120	948
5.20220220	1013
5.20220313	870
5.20220320	1616
5.20220420	1869
5.20220527	1610
5.20220620	11410
