version	total
0.17024	29321
0.17027	134592
0.17029	3276
