version	total
1.967013	21644
1.967015	58457
