version	total
0.17024	20358
0.17027	60006
