version	total
1.100602	6648
1.100603	1037
