version	total
5.20180120	4752
5.20180626	3761
5.20180820	7242
5.20181130	3242
5.20181218	9304
5.20190420	3690
5.20190524	73507
5.20220120	989
5.20220220	1056
5.20220313	911
5.20220320	1657
5.20220420	1910
5.20220527	1651
5.20220620	11771
