version	total
0.000061	9360
0.000115	6018
0.000116	4803
0.000117	18708
0.000144	2385
0.000145	149879
0.000163	130
