version	total
0.103004	9159
0.103005	1830
0.103006	1137
