version	total
1.000019	6613
1.000033	15107
1.000036	88925
1.000037	17980
1.000038	17155
