version	total
5.20180120	6173
5.20180626	5071
5.20180820	8554
5.20181130	4536
5.20181218	10887
5.20190420	5008
5.20190524	82421
5.20220120	2254
5.20220220	2322
5.20220313	2173
5.20220320	2930
5.20220420	3179
5.20220527	2916
5.20220620	23006
