version	total
1.003008	5563
1.004000	5795
1.004003	2047
