version	total
2.120921	10011
2.150010	92801
