version	total
2.000024	6453
2.000028	1323
2.000029	2245
