version	total
0.204001	101
0.204003	84
0.206003	87
