version	total
1.302052	9033
1.302075	13608
1.302140	5339
1.302141	4633
1.302156	5577
1.302164	8877
1.302188	2295
1.302189	2059
1.302190	5695
