version	total
1.999813	4448
1.999816	4618
1.999829	1846
1.999830	1752
1.999831	1676
1.999832	1666
1.999833	1667
1.999835	1665
1.999836	1601
1.999837	1601
1.999838	1094
1.999839	879
1.999841	741
1.999842	734
2.000000	688
2.001000	652
2.001001	634
2.002000	616
2.002001	602
2.003001	473
2.003002	456
2.003003	196
