version	total
0.100052	7008
0.100054	1323
0.100055	685
