version	total
2.000024	6907
2.000028	1674
2.000029	3123
