version	total
0.042	56952
1.000000	21982
1.002001	463311
1.002002	241224
