version	total
1.000019	5030
1.000033	13384
1.000036	60055
1.000037	12923
