version	total
0.000061	5599
0.000115	3853
0.000116	2635
0.000117	13668
