version	total
0.103004	8691
0.103005	1458
0.103006	755
