version	total
2.000001	30842
2.000006	24002
2.000008	138264
2.002004	22220
