version	total
0.004010	3800
0.004011	3487
