version	total
1.006900	18767
1.007002	70556
