version	total
2.120921	9359
2.150010	84174
