version	total
1.000005	24525
1.002002	8240
1.004002	7279
1.004003	4628
1.004004	129740
1.012004	2244
1.012005	1834
1.014000	1803
1.016002	1696
1.016006	1982
