version	total
1.94	149788
1.99	2002
2.000000	1805
2.001000	1420
2.002000	2400
2.002001	1211
