version	total
0.17024	22955
0.17027	99222
0.17029	1387
