version	total
1.000019	5084
1.000033	13445
1.000036	70077
1.000037	13845
