version	total
0.094002	1254
0.094003	662
