version	total
0.100052	8039
0.100054	2179
0.100055	1563
