version	total
1.967013	25838
1.967015	110850
