version	total
0.042	66592
1.000000	22432
1.002001	485903
1.002002	277822
