version	total
5.20180120	5457
5.20180626	4413
5.20180820	7892
5.20181130	3880
5.20181218	10091
5.20190420	4345
5.20190524	77861
5.20220120	1609
5.20220220	1678
5.20220313	1530
5.20220320	2282
5.20220420	2535
5.20220527	2274
5.20220620	16100
