version	total
0.000061	9588
0.000115	6106
0.000116	4888
0.000117	18879
0.000144	2471
0.000145	153094
0.000163	220
