version	total
0.204001	443
0.204003	425
0.206003	494
0.207001	75
0.207002	51
