version	total
1.003008	5422
1.004000	5645
1.004003	1912
