version	total
1.302052	5453
1.302075	8797
1.302140	2860
1.302141	2167
1.302156	3062
1.302164	3086
