version	total
0.204001	2051
0.204003	2030
0.206003	2713
0.207001	1949
0.207002	1921
0.207003	487
