version	total
2.000001	25854
2.000006	21420
2.000008	90798
2.002004	11159
