version	total
0.001011	31926
0.001013	192287
