version	total
0.103004	7871
0.103005	957
0.103006	221
