version	total
0.204001	179
0.204003	160
0.206003	175
