version	total
2.000002	5795
2.001000	36412
2.003004	167948
2.005004	27912
