version	total
2.000001	29634
2.000006	23368
2.000008	132226
2.002004	18640
