version	total
0.000061	10448
0.000115	6428
0.000116	5210
0.000117	19545
0.000144	2782
0.000145	171940
0.000163	5343
