version	total
0.103004	9861
0.103005	2394
0.103006	1749
