version	total
1.967013	26375
1.967015	114845
