version	total
1.000019	3887
1.000033	11904
1.000036	41213
