version	total
0.000061	8312
0.000115	5523
0.000116	4308
0.000117	17636
0.000144	1889
0.000145	121364
