version	total
1.003008	5553
1.004000	5784
1.004003	2037
