version	total
2.000002	4090
2.001000	28419
2.003004	116130
2.005004	10902
