version	total
4.161950	4612
4.201720	757
