version	total
1.999813	3772
1.999816	3906
1.999829	1187
1.999830	1093
1.999831	1020
1.999832	1007
1.999833	1009
1.999835	1005
1.999836	942
1.999837	942
1.999838	436
1.999839	217
1.999841	83
1.999842	71
