version	total
2.005001	17004
2.006003	134262
2.006006	17208
