version	total
0.000061	5488
0.000115	3756
0.000116	2537
0.000117	13453
