version	total
1.100602	5792
1.100603	322
