version	total
1.999813	2684
1.999816	2701
1.999829	118
