version	total
0.042	51063
1.000000	21613
1.002001	445432
1.002002	214386
