version	total
1.100602	5555
1.100603	204
