version	total
1.20141117	4627
1.20190531	2232
