version	total
1.967013	26156
1.967015	113343
