version	total
1.302052	5430
1.302075	8779
1.302140	2841
1.302141	2148
1.302156	3042
1.302164	3060
