version	total
5.20180120	5836
5.20180626	4773
5.20180820	8255
5.20181130	4241
5.20181218	10518
5.20190420	4708
5.20190524	80308
5.20220120	1966
5.20220220	2035
5.20220313	1885
5.20220320	2641
5.20220420	2893
5.20220527	2632
5.20220620	19762
