version	total
0.204001	1648
0.204003	1630
0.206003	2033
0.207001	1312
0.207002	1284
