version	total
0.204001	1838
0.204003	1820
0.206003	2258
0.207001	1523
0.207002	1495
0.207003	58
