version	total
1.999813	4324
1.999816	4486
1.999829	1728
1.999830	1634
1.999831	1558
1.999832	1548
1.999833	1549
1.999835	1547
1.999836	1483
1.999837	1483
1.999838	975
1.999839	760
1.999841	622
1.999842	615
2.000000	564
2.001000	528
2.001001	510
2.002000	493
2.002001	479
2.003001	405
2.003002	388
2.003003	125
