version	total
2.000002	5386
2.001000	34548
2.003004	160217
2.005004	23007
