version	total
1.967013	25879
1.967015	111195
