version	total
1.006900	18838
1.007002	71503
