version	total
5.20180120	3477
5.20180626	2588
5.20180820	6070
5.20181130	2131
5.20181218	7736
5.20190420	2511
5.20190524	40165
