version	total
1.000019	6690
1.000033	15187
1.000036	89438
1.000037	18048
1.000038	18174
