version	total
5.20180120	3600
5.20180626	2707
5.20180820	6187
5.20181130	2245
5.20181218	7888
5.20190420	2630
5.20190524	41606
