version	total
2.000024	6293
2.000028	1206
2.000029	1962
