version	total
0.204001	1071
0.204003	1055
0.206003	1230
0.207001	721
0.207002	696
