version	total
0.042	49288
1.000000	21518
1.002001	438694
1.002002	208195
