version	total
1.000019	4978
1.000033	13328
1.000036	57861
1.000037	12416
