version	total
0.17024	29803
0.17027	136582
0.17029	3401
0.17030	75
