version	total
1.999813	2225
1.999816	2157
