version	total
1.94	124522
1.99	1030
2.000000	874
2.001000	528
2.002000	1362
