version	total
1.20141117	3744
1.20190531	1371
