version	total
0.002005	3772
0.002006	3652
0.002009	1190
