version	total
1.003008	4876
1.004000	5084
1.004003	1391
