version	total
0.103004	8857
0.103005	1593
0.103006	894
