version	total
1.999813	3572
1.999816	3688
1.999829	993
1.999830	898
1.999831	825
1.999832	811
1.999833	815
1.999835	811
1.999836	746
1.999837	747
1.999838	241
