version	total
2.000002	5052
2.001000	33155
2.003004	152685
2.005004	18076
