version	total
0.100052	5156
0.100054	204
