version	total
2.005001	17756
2.006003	140187
2.006006	19436
