version	total
1.94	121229
1.99	931
2.000000	785
2.001000	447
2.002000	1251
