version	total
0.17024	21178
0.17027	71150
0.17029	198
