version	total
2.000001	28345
2.000006	22573
2.000008	125975
2.002004	16507
