version	total
2.000024	7023
2.000028	1775
2.000029	3479
