version	total
2.000002	4590
2.001000	31077
2.003004	143005
2.005004	15025
