version	total
5.20180120	3535
5.20180626	2644
5.20180820	6126
5.20181130	2185
5.20181218	7812
5.20190420	2566
5.20190524	40788
