version	total
1.000005	16484
1.002002	5930
1.004002	4980
1.004003	2328
1.004004	60271
