version	total
0.100052	7672
0.100054	1900
0.100055	1270
