version	total
0.100003	3778
0.100005	714
0.100006	123
