version	total
0.008	296
0.006007	2940
0.008002	143
