version	total
2.000024	5515
2.000028	736
2.000029	848
