version	total
1.999813	3961
1.999816	4101
1.999829	1369
1.999830	1276
1.999831	1201
1.999832	1190
1.999833	1191
1.999835	1188
1.999836	1125
1.999837	1124
1.999838	619
1.999839	402
1.999841	265
1.999842	257
2.000000	200
2.001000	161
2.001001	143
2.002000	126
2.002001	112
2.003001	71
2.003002	50
