version	total
0.008	2436
0.006007	5532
0.008002	2324
0.008004	2198
0.008005	1816
0.008006	1794
0.008007	1378
0.008008	1005
0.008009	610
