version	total
0.094002	1306
0.094003	714
