version	total
0.004010	3036
0.004011	2620
