version	total
1.967013	24825
1.967015	104224
