version	total
1.20141117	4024
1.20190531	1650
