version	total
1.000019	5331
1.000033	13700
1.000036	78976
1.000037	16483
1.000038	167
