version	total
1.20141117	4603
1.20190531	2212
