version	total
4.161950	4883
4.201720	1001
