version	total
0.100003	3771
0.100005	707
0.100006	116
