version	total
2.000001	31977
2.000006	24434
2.000008	143040
2.002004	25793
