version	total
2.000001	29930
2.000006	23521
2.000008	133514
2.002004	19150
