version	total
1.006900	26450
1.007002	126669
1.007003	52488
