version	total
1.94	126664
1.99	1101
2.000000	937
2.001000	586
2.002000	1446
