version	total
0.042	51401
1.000000	21637
1.002001	446942
1.002002	223591
