version	total
1.000019	5214
1.000033	13580
1.000036	77887
1.000037	15547
