version	total
1.003008	3164
1.004000	2964
