version	total
0.002005	2455
0.002006	2020
