version	total
0.001011	26105
0.001013	123955
