version	total
2.000001	26746
2.000006	21828
2.000008	115348
2.002004	13798
