version	total
2.000024	6837
2.000028	1620
2.000029	2980
