version	total
1.000019	5501
1.000033	13870
1.000036	80458
1.000037	16739
1.000038	1463
