version	total
0.002005	3426
0.002006	3261
0.002009	844
