version	total
1.100602	6254
1.100603	688
