version	total
1.20141117	4339
1.20190531	1952
