version	total
0.000061	7935
0.000115	5337
0.000116	4124
0.000117	17179
0.000144	1714
0.000145	67728
