version	total
0.042	45558
1.000000	21122
1.002001	400047
1.002002	184186
