version	total
2.000024	5955
2.000028	961
2.000029	1220
