version	total
0.001011	28366
0.001013	163292
