version	total
0.204001	1961
0.204003	1942
0.206003	2492
0.207001	1745
0.207002	1718
0.207003	282
