version	total
1.999813	3955
1.999816	4095
1.999829	1363
1.999830	1271
1.999831	1196
1.999832	1185
1.999833	1186
1.999835	1183
1.999836	1120
1.999837	1119
1.999838	614
1.999839	397
1.999841	260
1.999842	252
2.000000	193
2.001000	155
2.001001	137
2.002000	121
2.002001	107
2.003001	66
2.003002	45
