version	total
1.20141117	4927
1.20190531	2478
