version	total
1.999813	3254
1.999816	3338
1.999829	684
1.999830	589
1.999831	516
1.999832	502
1.999833	506
1.999835	502
1.999836	437
1.999837	436
