version	total
1.94	123214
1.99	990
2.000000	838
2.001000	495
2.002000	1320
