version	total
1.003008	5247
1.004000	5467
1.004003	1753
