version	total
5.20180120	3928
5.20180626	3022
5.20180820	6500
5.20181130	2517
5.20181218	8313
5.20190420	2945
5.20190524	46072
5.20220120	268
5.20220220	277
