version	total
1.006900	18442
1.007002	67780
