version	total
0.17024	26414
0.17027	121165
0.17029	2340
