version	total
0.204001	238
0.204003	219
0.206003	262
