version	total
0.100052	7317
0.100054	1579
0.100055	942
