version	total
1.999813	2558
1.999816	2562
