version	total
4.161950	7134
4.201720	8856
