version	total
1.006900	19768
1.007002	79240
1.007003	3483
