version	total
1.000005	19239
1.002002	6940
1.004002	5970
1.004003	3322
1.004004	99993
1.012004	979
1.012005	573
1.014000	539
1.016002	452
1.016006	589
