version	total
1.000005	23953
1.002002	8105
1.004002	7145
1.004003	4494
1.004004	127206
1.012004	2113
1.012005	1704
1.014000	1673
1.016002	1569
1.016006	1827
