version	total
1.003008	3577
1.004000	3559
1.004003	200
