version	total
2.000002	4702
2.001000	31703
2.003004	146220
2.005004	15870
