version	total
1.000019	6728
1.000033	15221
1.000036	89599
1.000037	18079
1.000038	18471
