version	total
1.000005	16439
1.002002	5907
1.004002	4956
1.004003	2305
1.004004	59442
