version	total
0.001011	26302
0.001013	125735
