version	total
0.204001	1849
0.204003	1831
0.206003	2272
0.207001	1537
0.207002	1509
0.207003	72
