version	total
0.042	41391
1.000000	20309
1.002001	250124
