version	total
1.20141117	3643
1.20190531	1275
