version	total
0.100003	5212
0.100005	2035
0.100006	1448
