version	total
1.302052	8777
1.302075	13126
1.302140	5144
1.302141	4446
1.302156	5386
1.302164	8518
1.302188	2105
1.302189	1874
1.302190	5001
