version	total
2.000001	21990
2.000006	18856
2.000008	45720
