version	total
2.000001	22893
2.000006	19695
2.000008	57085
