version	total
0.103004	8971
0.103005	1674
0.103006	979
