version	total
2.120921	7622
2.150010	32413
