version	total
1.000019	6500
1.000033	14999
1.000036	88076
1.000037	17884
1.000038	15367
