version	total
2.000024	7018
2.000028	1771
2.000029	3458
