version	total
0.103004	8746
0.103005	1500
0.103006	798
