version	total
0.001011	33887
0.001013	205966
