version	total
0.17024	21054
0.17027	69527
0.17029	83
