version	total
0.17024	20515
0.17027	62352
