version	total
0.002005	3943
0.002006	3828
0.002009	1352
