version	total
0.004010	4171
0.004011	3896
