version	total
0.004010	4001
0.004011	3703
