version	total
0.100052	6814
0.100054	1184
0.100055	538
