version	total
1.967013	28400
1.967015	126239
