version	total
0.17024	20292
0.17027	58927
