version	total
0.17024	28983
0.17027	133489
0.17029	3174
