version	total
0.204001	2006
0.204003	1986
0.206003	2602
0.207001	1848
0.207002	1821
0.207003	386
