version	total
1.94	154638
1.99	2208
2.000000	2001
2.001000	1610
2.002000	2639
2.002001	1438
2.003000	279
