version	total
0.17024	25433
0.17027	116318
0.17029	2030
