version	total
0.204001	1581
0.204003	1563
0.206003	1961
0.207001	1243
0.207002	1216
