version	total
1.100602	5487
1.100603	151
