version	total
0.100052	5102
0.100054	172
