version	total
0.100003	4802
0.100005	1660
0.100006	1074
