version	total
1.999813	4322
1.999816	4484
1.999829	1726
1.999830	1632
1.999831	1556
1.999832	1546
1.999833	1547
1.999835	1545
1.999836	1481
1.999837	1481
1.999838	973
1.999839	758
1.999841	620
1.999842	613
2.000000	562
2.001000	526
2.001001	508
2.002000	491
2.002001	477
2.003001	404
2.003002	387
2.003003	124
