version	total
2.120921	9480
2.150010	85924
