version	total
0.100003	4332
0.100005	1209
0.100006	621
