version	total
5.20180120	3735
5.20180626	2835
5.20180820	6315
5.20181130	2357
5.20181218	8081
5.20190420	2757
5.20190524	43701
