version	total
2.120921	8754
2.150010	77536
