version	total
1.003008	5287
1.004000	5506
1.004003	1786
