version	total
1.100602	5611
1.100603	233
