version	total
2.000024	7596
2.000028	2186
2.000029	4977
