version	total
2.000024	7524
2.000028	2132
2.000029	4776
