version	total
0.204001	2115
0.204003	2093
0.206003	2890
0.207001	2106
0.207002	2080
0.207003	649
