version	total
0.002005	2449
0.002006	2011
