version	total
0.100003	4610
0.100005	1473
0.100006	887
