version	total
0.004010	3706
0.004011	3386
