version	total
0.004010	4721
0.004011	4471
