version	total
2.000001	31335
2.000006	24162
2.000008	140643
2.002004	23755
