version	total
1.302052	8440
1.302075	12438
1.302140	4855
1.302141	4157
1.302156	5095
1.302164	7993
1.302188	1813
1.302189	1587
1.302190	4156
