version	total
0.103004	8221
0.103005	1117
0.103006	406
