version	total
2.120921	9239
2.150010	82750
