version	total
5.20180120	6325
5.20180626	5195
5.20180820	8678
5.20181130	4660
5.20181218	11025
5.20190420	5131
5.20190524	83212
5.20220120	2369
5.20220220	2436
5.20220313	2285
5.20220320	3046
5.20220420	3294
5.20220527	3030
5.20220620	23936
