version	total
1.000019	6417
1.000033	14912
1.000036	87574
1.000037	17809
1.000038	14151
