version	total
0.094002	1279
0.094003	688
