version	total
0.100052	6540
0.100054	977
0.100055	317
