version	total
2.000002	5680
2.001000	35758
2.003004	165327
2.005004	26464
