version	total
0.002005	3836
0.002006	3719
0.002009	1250
