version	total
0.042	54950
1.000000	21895
1.002001	460210
1.002002	238152
