version	total
4.161950	7098
4.201720	8646
