version	total
1.000019	5759
1.000033	14161
1.000036	82824
1.000037	17137
1.000038	4576
