version	total
2.120921	9561
2.150010	87212
