version	total
1.967013	21885
1.967015	62302
