version	total
0.000061	9784
0.000115	6187
0.000116	4969
0.000117	19054
0.000144	2549
0.000145	155933
0.000163	301
