version	total
1.100602	6204
1.100603	646
