version	total
0.100003	4194
0.100005	1087
0.100006	498
