version	total
0.000061	9512
0.000115	6068
0.000116	4853
0.000117	18798
0.000144	2435
0.000145	151899
0.000163	183
