version	total
1.302052	8704
1.302075	12983
1.302140	5083
1.302141	4384
1.302156	5324
1.302164	8399
1.302188	2045
1.302189	1814
1.302190	4802
