version	total
1.967013	21575
1.967015	57636
