version	total
0.000061	7803
0.000115	5270
0.000116	4057
0.000117	17021
0.000144	1650
0.000145	62378
