version	total
2.000001	26811
2.000006	21849
2.000008	115637
2.002004	13852
