version	total
1.003008	3503
1.004000	3467
1.004003	126
