version	total
2.005001	13943
2.006003	59885
