version	total
4.161950	6787
4.201720	7010
