version	total
1.003008	5192
1.004000	5413
1.004003	1699
