version	total
0.094002	1432
0.094003	837
