version	total
1.000019	5371
1.000033	13746
1.000036	79504
1.000037	16583
1.000038	611
