version	total
1.000005	20022
1.002002	7109
1.004002	6142
1.004003	3495
1.004004	105100
1.012004	1142
1.012005	736
1.014000	703
1.016002	611
1.016006	762
