version	total
2.000024	6194
2.000028	1124
2.000029	1746
