version	total
0.008	2289
0.006007	5372
0.008002	2177
0.008004	2052
0.008005	1675
0.008006	1654
0.008007	1237
0.008008	864
0.008009	464
