version	total
0.008	1739
0.006007	4787
0.008002	1623
0.008004	1500
0.008005	1137
0.008006	1118
0.008007	696
0.008008	292
