version	total
0.17024	21248
0.17027	72055
0.17029	248
