version	total
0.103004	9598
0.103005	2194
0.103006	1510
