version	total
0.000061	8372
0.000115	5555
0.000116	4340
0.000117	17735
0.000144	1922
0.000145	123003
