version	total
1.006900	28366
1.007002	134192
1.007003	69444
