version	total
1.003008	4981
1.004000	5192
1.004003	1491
