version	total
1.100602	6237
1.100603	672
