version	total
0.100003	4701
0.100005	1561
0.100006	975
