version	total
2.000002	4152
2.001000	28746
2.003004	127777
2.005004	11768
