version	total
0.042	46428
1.000000	21223
1.002001	415617
1.002002	191977
