version	total
0.004010	5242
0.004011	5024
