version	total
2.120921	7520
2.150010	31063
