version	total
1.100602	5719
1.100603	281
