version	total
1.100602	5492
1.100603	155
