version	total
0.100003	3923
0.100005	841
0.100006	251
