version	total
2.000024	7069
2.000028	1812
2.000029	3598
