version	total
2.000002	4285
2.001000	29448
2.003004	133706
2.005004	12853
