version	total
1.20141117	3541
1.20190531	1181
