version	total
2.000024	5953
2.000028	959
2.000029	1211
