version	total
1.006900	30303
1.007002	140072
1.007003	85690
