version	total
1.003008	5130
1.004000	5349
1.004003	1639
