version	total
2.005001	17703
2.006003	139813
2.006006	19236
