version	total
2.120921	7165
2.150010	26914
