version	total
1.000005	19760
1.002002	7050
1.004002	6082
1.004003	3434
1.004004	103335
1.012004	1085
1.012005	679
1.014000	645
1.016002	556
1.016006	702
