version	total
0.000061	8453
0.000115	5603
0.000116	4388
0.000117	17841
0.000144	1970
0.000145	124865
