version	total
1.20141117	3395
1.20190531	1043
