version	total
1.999813	2201
1.999816	2132
