version	total
1.967013	21762
1.967015	60212
