version	total
0.042	47093
1.000000	21294
1.002001	421760
1.002002	195879
