version	total
2.005001	17274
2.006003	137087
2.006006	18072
