version	total
4.161950	6824
4.201720	7272
