version	total
2.120921	9934
2.150010	92271
