version	total
1.000019	4999
1.000033	13352
1.000036	58270
1.000037	12639
