version	total
1.000005	21633
1.002002	7492
1.004002	6533
1.004003	3883
1.004004	115881
1.012004	1506
1.012005	1101
1.014000	1067
1.016002	967
1.016006	1154
