version	total
4.161950	7089
4.201720	8603
