version	total
1.94	154162
1.99	2186
2.000000	1979
2.001000	1588
2.002000	2613
2.002001	1416
2.003000	245
