version	total
1.302052	8254
1.302075	12063
1.302140	4698
1.302141	4000
1.302156	4936
1.302164	7677
1.302188	1659
1.302189	1432
1.302190	3788
