version	total
1.006900	24370
1.007002	118610
1.007003	39169
