version	total
0.002005	4442
0.002006	4341
0.002009	1846
