version	total
5.20180120	4706
5.20180626	3720
5.20180820	7201
5.20181130	3202
5.20181218	9259
5.20190420	3648
5.20190524	73026
5.20220120	949
5.20220220	1014
5.20220313	872
5.20220320	1618
5.20220420	1871
5.20220527	1612
5.20220620	11442
