version	total
0.042	47198
1.000000	21308
1.002001	422780
1.002002	196601
