version	total
2.120921	7594
2.150010	32187
