version	total
1.999813	3248
1.999816	3331
1.999829	678
1.999830	583
1.999831	510
1.999832	496
1.999833	500
1.999835	496
1.999836	431
1.999837	430
