version	total
1.20141117	2667
1.20190531	308
