version	total
0.17024	27051
0.17027	124147
0.17029	2549
