version	total
1.100602	6980
1.100603	1354
