version	total
2.000001	22805
2.000006	19599
2.000008	55920
