version	total
1.006900	28495
1.007002	134603
1.007003	70429
