version	total
0.008	1152
0.006007	4058
0.008002	1025
0.008004	901
0.008005	576
0.008006	554
0.008007	116
