version	total
1.000005	20875
1.002002	7314
1.004002	6351
1.004003	3702
1.004004	111182
1.012004	1331
1.012005	924
1.014000	890
1.016002	798
1.016006	963
