version	total
0.000061	7476
0.000115	5086
0.000116	3871
0.000117	16661
0.000144	1456
0.000145	45600
