version	total
1.100602	6791
1.100603	1176
