version	total
0.204001	1903
0.204003	1885
0.206003	2373
0.207001	1633
0.207002	1606
0.207003	169
