version	total
4.161950	5668
4.201720	2634
