version	total
0.094002	960
0.094003	363
