version	total
0.204001	2108
0.204003	2086
0.206003	2863
0.207001	2085
0.207002	2057
0.207003	628
