version	total
0.001011	29971
0.001013	176920
