version	total
1.000019	4941
1.000033	13277
1.000036	57305
1.000037	11976
