version	total
1.000019	3911
1.000033	11937
1.000036	41475
