version	total
5.20180120	3871
5.20180626	2969
5.20180820	6447
5.20181130	2472
5.20181218	8244
5.20190420	2893
5.20190524	45625
5.20220120	77
