version	total
0.001011	29710
0.001013	174167
