version	total
1.003008	4385
1.004000	4563
1.004003	933
