version	total
1.003008	5762
1.004000	5996
1.004003	2208
