version	total
0.008	1049
0.006007	3923
0.008002	922
0.008004	796
0.008005	479
0.008006	438
