version	total
0.004010	4782
0.004011	4533
