version	total
2.000002	3337
2.001000	24443
2.003004	74478
