version	total
0.004010	5009
0.004011	4769
