version	total
2.000001	26792
2.000006	21844
2.000008	115544
2.002004	13836
