version	total
1.000005	23255
1.002002	7941
1.004002	6980
1.004003	4331
1.004004	123619
1.012004	1952
1.012005	1544
1.014000	1514
1.016002	1410
1.016006	1648
