version	total
0.004010	4851
0.004011	4604
