version	total
0.002005	4362
0.002006	4258
0.002009	1769
