version	total
0.000061	6958
0.000115	4811
0.000116	3596
0.000117	16053
0.000144	1195
0.000145	27846
