version	total
2.000002	2995
2.001000	23516
2.003004	64290
