version	total
1.94	162660
1.99	2606
2.000000	2352
2.001000	1933
2.002000	3054
2.002001	1844
2.003000	827
