version	total
2.000001	32903
2.000006	24803
2.000008	146328
2.002004	27926
