version	total
0.100052	6606
0.100054	1028
0.100055	371
