version	total
0.004010	4197
0.004011	3927
