version	total
2.120921	9304
2.150010	83507
