version	total
1.003008	4139
1.004000	4318
1.004003	724
