version	total
2.120921	8323
2.150010	53333
