version	total
1.003008	4814
1.004000	5019
1.004003	1329
