version	total
0.000061	10249
0.000115	6381
0.000116	5162
0.000117	19437
0.000144	2738
0.000145	169420
0.000163	1449
