version	total
1.94	123520
1.99	999
2.000000	846
2.001000	503
2.002000	1329
