version	total
2.005001	17934
2.006003	142115
2.006006	20590
