version	total
0.103004	7590
0.103005	773
0.103006	50
