version	total
1.000005	24583
1.002002	8253
1.004002	7291
1.004003	4642
1.004004	129983
1.012004	2256
1.012005	1846
1.014000	1816
1.016002	1709
1.016006	1996
