version	total
1.94	120096
1.99	895
2.000000	751
2.001000	415
2.002000	1209
