version	total
1.94	146939
1.99	1888
2.000000	1692
2.001000	1310
2.002000	2285
2.002001	1068
