version	total
0.002005	3990
0.002006	3876
0.002009	1398
