version	total
1.003008	4443
1.004000	4631
1.004003	989
