version	total
0.002005	2580
0.002006	2144
