version	total
1.000005	22480
1.002002	7737
1.004002	6775
1.004003	4125
1.004004	119470
1.012004	1746
1.012005	1339
1.014000	1307
1.016002	1207
1.016006	1414
