version	total
0.042	68538
1.000000	22603
1.002001	492302
1.002002	289643
