version	total
0.002005	3478
0.002006	3319
0.002009	895
