version	total
0.000061	9275
0.000115	5982
0.000116	4767
0.000117	18653
0.000144	2349
0.000145	149164
0.000163	94
