version	total
1.999813	4481
1.999816	4653
1.999829	1877
1.999830	1782
1.999831	1705
1.999832	1696
1.999833	1697
1.999835	1695
1.999836	1631
1.999837	1631
1.999838	1124
1.999839	909
1.999841	771
1.999842	764
2.000000	720
2.001000	684
2.001001	666
2.002000	648
2.002001	634
2.003001	489
2.003002	472
2.003003	212
