version	total
0.008	1710
0.006007	4757
0.008002	1594
0.008004	1471
0.008005	1108
0.008006	1088
0.008007	667
0.008008	262
