version	total
2.120921	7564
2.150010	31804
