version	total
0.17024	26875
0.17027	123314
0.17029	2500
