version	total
1.999813	3228
1.999816	3308
1.999829	660
1.999830	565
1.999831	492
1.999832	478
1.999833	482
1.999835	478
1.999836	413
1.999837	412
