version	total
0.042	45614
1.000000	21133
1.002001	400647
1.002002	185202
