version	total
1.20141117	3825
1.20190531	1456
