version	total
0.042	41478
1.000000	20340
1.002001	278113
