version	total
1.000019	6513
1.000033	15008
1.000036	88141
1.000037	17893
1.000038	15487
