version	total
2.005001	16182
2.006003	121383
2.006006	13757
