version	total
1.20141117	4439
1.20190531	2051
