version	total
0.042	41052
1.000000	20209
1.002001	195440
