version	total
0.004010	3777
0.004011	3463
