version	total
2.005001	16458
2.006003	126099
2.006006	14903
