version	total
0.17024	28745
0.17027	132369
0.17029	3095
