version	total
1.006900	21469
1.007002	101204
1.007003	17452
