version	total
0.100003	3672
0.100005	619
0.100006	16
