version	total
1.94	143971
1.99	1732
2.000000	1539
2.001000	1158
2.002000	2118
2.002001	875
