version	total
1.006900	22439
1.007002	107605
1.007003	24413
