version	total
0.001011	23447
0.001013	65901
