version	total
1.000019	6064
1.000033	14507
1.000036	84911
1.000037	17452
1.000038	7577
