version	total
0.002005	2551
0.002006	2116
