version	total
1.006900	22051
1.007002	105127
1.007003	21225
