version	total
1.302052	7583
1.302075	11145
1.302140	4234
1.302141	3538
1.302156	4469
1.302164	6704
1.302188	1181
1.302189	985
1.302190	2651
