version	total
1.006900	25477
1.007002	123742
1.007003	47989
