version	total
0.004010	4232
0.004011	3964
