version	total
0.000061	9574
0.000115	6098
0.000116	4882
0.000117	18868
0.000144	2465
0.000145	152865
0.000163	214
