version	total
0.094002	1929
0.094003	1328
