version	total
2.000002	4049
2.001000	28252
2.003004	109114
2.005004	10484
