version	total
1.000019	4953
1.000033	13294
1.000036	57416
1.000037	12131
