version	total
1.006900	26071
1.007002	125367
1.007003	50556
