version	total
2.000024	6884
2.000028	1655
2.000029	3063
