version	total
5.20180120	4649
5.20180626	3670
5.20180820	7151
5.20181130	3150
5.20181218	9200
5.20190420	3598
5.20190524	70338
5.20220120	904
5.20220220	967
5.20220313	825
5.20220320	1571
5.20220420	1823
5.20220527	1565
5.20220620	10856
