version	total
2.000001	32484
2.000006	24645
2.000008	145038
2.002004	27130
