version	total
1.006900	24483
1.007002	119033
1.007003	39944
