version	total
1.967013	30799
1.967015	138336
