version	total
0.204001	221
0.204003	202
0.206003	228
