version	total
0.204001	867
0.204003	850
0.206003	1000
0.207001	516
0.207002	490
