version	total
0.008	2095
0.006007	5158
0.008002	1982
0.008004	1858
0.008005	1487
0.008006	1467
0.008007	1049
0.008008	676
0.008009	271
