version	total
1.100602	5485
1.100603	149
