version	total
5.20180120	5931
5.20180626	4861
5.20180820	8344
5.20181130	4329
5.20181218	10635
5.20190420	4796
5.20190524	80861
5.20220120	2054
5.20220220	2122
5.20220313	1973
5.20220320	2729
5.20220420	2980
5.20220527	2719
5.20220620	20923
