version	total
5.20180120	3731
5.20180626	2831
5.20180820	6311
5.20181130	2354
5.20181218	8072
5.20190420	2753
5.20190524	43603
