version	total
0.042	47470
1.000000	21343
1.002001	425098
1.002002	198225
