version	total
1.000019	4508
1.000033	12739
1.000036	50091
1.000037	1774
