version	total
0.008	2329
0.006007	5416
0.008002	2217
0.008004	2092
0.008005	1714
0.008006	1693
0.008007	1276
0.008008	904
0.008009	503
