version	total
0.100003	4921
0.100005	1771
0.100006	1186
