version	total
0.000061	5784
0.000115	4017
0.000116	2801
0.000117	14009
