version	total
1.000019	6313
1.000033	14794
1.000036	86872
1.000037	17710
1.000038	12253
