version	total
1.967013	26190
1.967015	113688
