version	total
0.002005	2190
0.002006	1751
