version	total
2.000002	2884
2.001000	23238
2.003004	61727
