version	total
1.006900	18022
1.007002	63603
