version	total
0.100052	7152
0.100054	1450
0.100055	814
