version	total
0.103004	9139
0.103005	1810
0.103006	1116
