version	total
0.103004	8727
0.103005	1486
0.103006	784
