version	total
5.20180120	5636
5.20180626	4583
5.20180820	8063
5.20181130	4051
5.20181218	10298
5.20190420	4517
5.20190524	79054
5.20220120	1778
5.20220220	1848
5.20220313	1698
5.20220320	2455
5.20220420	2705
5.20220527	2445
5.20220620	17522
