version	total
1.94	126124
1.99	1084
2.000000	923
2.001000	574
2.002000	1427
