version	total
1.000019	5017
1.000033	13370
1.000036	59871
1.000037	12866
