version	total
4.161950	4459
4.201720	619
