version	total
0.001011	23812
0.001013	70067
