version	total
2.000001	32130
2.000006	24487
2.000008	143609
2.002004	26264
