version	total
0.001011	23495
0.001013	66521
