version	total
0.008	4710
0.006007	5815
0.008002	3653
0.008004	3524
0.008005	2057
0.008006	2035
0.008007	1621
0.008008	1245
0.008009	858
