version	total
0.204001	1839
0.204003	1821
0.206003	2260
0.207001	1525
0.207002	1497
0.207003	60
