version	total
0.103004	9388
0.103005	2021
0.103006	1333
