version	total
2.000002	4945
2.001000	32770
2.003004	150923
2.005004	17372
