version	total
1.006900	24017
1.007002	116628
1.007003	36103
