version	total
1.999813	2627
1.999816	2643
1.999829	64
