version	total
0.204001	229
0.204003	210
0.206003	250
