version	total
5.20180120	6334
5.20180626	5203
5.20180820	8686
5.20181130	4668
5.20181218	11036
5.20190420	5139
5.20190524	83270
5.20220120	2377
5.20220220	2444
5.20220313	2293
5.20220320	3054
5.20220420	3302
5.20220527	3038
5.20220620	24022
