version	total
2.120921	8531
2.150010	75215
