version	total
0.094002	1898
0.094003	1297
