version	total
1.000019	6131
1.000033	14593
1.000036	85480
1.000037	17527
1.000038	8682
