version	total
1.000005	16443
1.002002	5909
1.004002	4958
1.004003	2307
1.004004	59467
