version	total
5.20180120	5256
5.20180626	4222
5.20180820	7701
5.20181130	3693
5.20181218	9862
5.20190420	4150
5.20190524	76976
5.20220120	1427
5.20220220	1495
5.20220313	1348
5.20220320	2099
5.20220420	2352
5.20220527	2089
5.20220620	14788
