version	total
0.001011	30921
0.001013	182932
