version	total
2.120921	7252
2.150010	27740
