version	total
0.001011	28819
0.001013	166608
