version	total
2.120921	8940
2.150010	79723
