version	total
0.000061	8356
0.000115	5547
0.000116	4332
0.000117	17711
0.000144	1914
0.000145	122691
