version	total
0.000061	9323
0.000115	6007
0.000116	4792
0.000117	18692
0.000144	2374
0.000145	149642
0.000163	119
