version	total
0.008	1105
0.006007	3991
0.008002	978
0.008004	853
0.008005	533
0.008006	510
0.008007	70
