version	total
1.967013	27031
1.967015	119099
