version	total
1.967013	30324
1.967015	136319
