version	total
0.17024	28298
0.17027	130486
0.17029	2951
