version	total
0.008	1672
0.006007	4710
0.008002	1555
0.008004	1432
0.008005	1070
0.008006	1051
0.008007	629
0.008008	217
