version	total
0.103004	7563
0.103005	763
0.103006	25
