version	total
4.161950	6630
4.201720	6366
