version	total
5.20180120	6120
5.20180626	5024
5.20180820	8505
5.20181130	4489
5.20181218	10829
5.20190420	4959
5.20190524	82123
5.20220120	2207
5.20220220	2276
5.20220313	2127
5.20220320	2884
5.20220420	3133
5.20220527	2870
5.20220620	22630
