version	total
0.042	41541
1.000000	20363
1.002001	287969
