version	total
0.000061	8817
0.000115	5779
0.000116	4564
0.000117	18238
0.000144	2147
0.000145	137601
