version	total
0.17024	29157
0.17027	134019
0.17029	3225
