version	total
2.000024	7393
2.000028	2046
2.000029	4431
