version	total
5.20180120	3767
5.20180626	2867
5.20180820	6346
5.20181130	2377
5.20181218	8121
5.20190420	2790
5.20190524	44035
