version	total
0.001011	23997
0.001013	73349
