version	total
1.000005	19258
1.002002	6944
1.004002	5974
1.004003	3326
1.004004	100079
1.012004	983
1.012005	577
1.014000	543
1.016002	456
1.016006	593
