version	total
2.120921	8589
2.150010	75792
