version	total
1.967013	21896
1.967015	62624
