version	total
5.20180120	5779
5.20180626	4723
5.20180820	8203
5.20181130	4190
5.20181218	10460
5.20190420	4657
5.20190524	80023
5.20220120	1918
5.20220220	1987
5.20220313	1838
5.20220320	2594
5.20220420	2845
5.20220527	2584
5.20220620	19181
