version	total
2.120921	9392
2.150010	84582
