version	total
2.005001	13318
2.006003	51105
