version	total
0.000061	6808
0.000115	4707
0.000116	3492
0.000117	15809
0.000144	1094
0.000145	21939
