version	total
1.003008	4065
1.004000	4204
1.004003	651
