version	total
2.000001	21968
2.000006	18829
2.000008	45494
