version	total
1.006900	28896
1.007002	135884
1.007003	73958
