version	total
1.003008	3348
1.004000	3262
