version	total
2.000024	5638
2.000028	779
2.000029	910
