version	total
1.006900	29813
1.007002	138475
1.007003	81185
