version	total
0.008	2331
0.006007	5418
0.008002	2219
0.008004	2094
0.008005	1716
0.008006	1695
0.008007	1278
0.008008	906
0.008009	505
