version	total
0.100052	7573
0.100054	1813
0.100055	1182
