version	total
2.120921	7779
2.150010	35088
