version	total
1.94	128994
1.99	1177
2.000000	1003
2.001000	645
2.002000	1530
2.002001	92
