version	total
2.120921	10045
2.150010	93175
