version	total
1.20141117	4249
1.20190531	1868
