version	total
0.000061	8028
0.000115	5391
0.000116	4177
0.000117	17311
0.000144	1769
0.000145	84130
