version	total
0.204001	1654
0.204003	1636
0.206003	2039
0.207001	1318
0.207002	1290
