version	total
0.004010	4987
0.004011	4746
