version	total
5.20180120	4492
5.20180626	3523
5.20180820	7003
5.20181130	3002
5.20181218	9024
5.20190420	3451
5.20190524	53372
5.20220120	756
5.20220220	821
5.20220313	680
5.20220320	1423
5.20220420	1678
5.20220527	1418
5.20220620	8801
