version	total
0.000061	8049
0.000115	5401
0.000116	4187
0.000117	17336
0.000144	1778
0.000145	84854
