version	total
1.302052	7477
1.302075	10992
1.302140	4163
1.302141	3467
1.302156	4396
1.302164	6560
1.302188	1106
1.302189	911
1.302190	2472
