version	total
1.000005	16772
1.002002	6119
1.004002	5166
1.004003	2515
1.004004	64723
