version	total
0.100003	3964
0.100005	874
0.100006	285
