version	total
0.000061	10001
0.000115	6283
0.000116	5064
0.000117	19249
0.000144	2641
0.000145	157954
0.000163	398
