version	total
0.100003	3960
0.100005	870
0.100006	281
