version	total
0.17024	26139
0.17027	120176
0.17029	2236
