version	total
1.302052	5627
1.302075	8976
1.302140	3014
1.302141	2318
1.302156	3214
1.302164	3427
