version	total
1.000005	16154
1.002002	5706
1.004002	4756
1.004003	2105
1.004004	55183
