version	total
1.000005	19558
1.002002	7006
1.004002	6039
1.004003	3390
1.004004	101998
1.012004	1045
1.012005	639
1.014000	605
1.016002	516
1.016006	658
