version	total
2.000002	4704
2.001000	31715
2.003004	146279
2.005004	15898
