version	total
1.20141117	4175
1.20190531	1794
