version	total
0.094002	1100
0.094003	507
