version	total
0.001011	31666
0.001013	190007
