version	total
2.000024	7331
2.000028	2002
2.000029	4264
