version	total
0.042	42062
1.000000	20514
1.002001	318686
1.002002	13306
