version	total
0.100003	5328
0.100005	2129
0.100006	1543
