version	total
0.042	52950
1.000000	21752
1.002001	456042
1.002002	233523
