version	total
0.004010	3751
0.004011	3436
