version	total
1.302052	5313
1.302075	8665
1.302140	2744
1.302141	2049
1.302156	2941
1.302164	2916
