version	total
1.999813	4196
1.999816	4351
1.999829	1603
1.999830	1510
1.999831	1434
1.999832	1424
1.999833	1425
1.999835	1422
1.999836	1359
1.999837	1358
1.999838	852
1.999839	637
1.999841	499
1.999842	492
2.000000	440
2.001000	404
2.001001	385
2.002000	368
2.002001	354
2.003001	299
2.003002	282
