version	total
0.103004	7784
0.103005	898
0.103006	167
