version	total
0.17024	22561
0.17027	96079
0.17029	1293
