version	total
0.002005	2200
0.002006	1761
