version	total
2.000002	3344
2.001000	24468
2.003004	74557
