version	total
2.005001	18780
2.006003	151814
2.006006	27373
