version	total
0.204001	1403
0.204003	1385
0.206003	1747
0.207001	1052
0.207002	1027
