version	total
2.120921	10057
2.150010	93273
