version	total
1.000005	21423
1.002002	7444
1.004002	6485
1.004003	3834
1.004004	114353
1.012004	1458
1.012005	1052
1.014000	1018
1.016002	918
1.016006	1099
