version	total
1.94	130974
1.99	1237
2.000000	1060
2.001000	702
2.002000	1595
2.002001	244
