version	total
0.008	4053
0.006007	5785
0.008002	3277
0.008004	3141
0.008005	2033
0.008006	2011
0.008007	1596
0.008008	1221
0.008009	829
