version	total
2.000024	7157
2.000028	1879
2.000029	3810
