version	total
4.161950	7263
4.201720	9390
