version	total
1.20141117	2651
1.20190531	291
