version	total
1.000019	6622
1.000033	15117
1.000036	89002
1.000037	17990
1.000038	17301
