version	total
0.001011	27707
0.001013	157545
