version	total
1.302052	8930
1.302075	13423
1.302140	5259
1.302141	4555
1.302156	5498
1.302164	8726
1.302188	2215
1.302189	1982
1.302190	5374
