version	total
0.094002	1070
0.094003	476
