version	total
2.000024	5501
2.000028	724
2.000029	836
