version	total
2.000002	4055
2.001000	28279
2.003004	109384
2.005004	10515
