version	total
2.000001	33123
2.000006	24876
2.000008	147098
2.002004	28351
