version	total
2.005001	17476
2.006003	138004
2.006006	18507
