version	total
1.100602	5558
1.100603	206
