version	total
1.100602	6493
1.100603	888
