version	total
2.000001	30054
2.000006	23603
2.000008	134077
2.002004	19425
