version	total
5.20180120	4674
5.20180626	3691
5.20180820	7172
5.20181130	3171
5.20181218	9227
5.20190420	3619
5.20190524	72570
5.20220120	921
5.20220220	984
5.20220313	843
5.20220320	1589
5.20220420	1841
5.20220527	1583
5.20220620	11109
