version	total
2.005001	13338
2.006003	51337
