version	total
0.042	56776
1.000000	21974
1.002001	463097
1.002002	240994
