version	total
1.006900	26857
1.007002	128292
1.007003	56229
