version	total
2.000002	5499
2.001000	34977
2.003004	162096
2.005004	24395
