version	total
0.000061	9867
0.000115	6225
0.000116	5007
0.000117	19138
0.000144	2585
0.000145	156722
0.000163	339
