version	total
2.000001	22134
2.000006	18988
2.000008	47409
