version	total
0.042	56881
1.000000	21980
1.002001	463234
1.002002	241135
