version	total
0.100003	5311
0.100005	2122
0.100006	1535
