version	total
0.000061	7351
0.000115	5032
0.000116	3819
0.000117	16544
0.000144	1406
0.000145	43536
