version	total
0.100003	4771
0.100005	1630
0.100006	1044
