version	total
1.100602	5564
1.100603	211
