version	total
1.003008	5293
1.004000	5513
1.004003	1793
