version	total
2.120921	8909
2.150010	79356
