version	total
5.20180120	3808
5.20180626	2906
5.20180820	6386
5.20181130	2411
5.20181218	8165
5.20190420	2829
5.20190524	44367
