version	total
0.004010	3719
0.004011	3401
