version	total
1.302052	7858
1.302075	11485
1.302140	4405
1.302141	3707
1.302156	4639
1.302164	7094
1.302188	1374
1.302189	1147
1.302190	3088
