version	total
1.003008	5773
1.004000	6007
1.004003	2217
