version	total
0.100052	6397
0.100054	927
0.100055	261
