version	total
2.120921	9671
2.150010	88870
