version	total
0.100003	4934
0.100005	1783
0.100006	1198
