version	total
0.204001	256
0.204003	237
0.206003	283
