version	total
1.967013	24917
1.967015	104884
