version	total
0.002005	3171
0.002006	2984
0.002009	593
