version	total
1.003008	4830
1.004000	5036
1.004003	1345
