version	total
1.000019	5972
1.000033	14409
1.000036	84153
1.000037	17357
1.000038	6664
