version	total
0.17024	20655
0.17027	64755
