version	total
2.005001	13746
2.006003	56340
