version	total
0.204001	93
0.204003	76
0.206003	77
