version	total
0.002005	4257
0.002006	4149
0.002009	1664
