version	total
1.100602	5568
1.100603	214
