version	total
2.000001	23321
2.000006	20094
2.000008	61690
2.002004	830
