version	total
1.003008	4237
1.004000	4415
1.004003	809
