version	total
1.006900	19800
1.007002	80070
1.007003	3700
