version	total
5.20180120	3723
5.20180626	2823
5.20180820	6303
5.20181130	2351
5.20181218	8061
5.20190420	2745
5.20190524	43540
