version	total
2.000002	5066
2.001000	33197
2.003004	152918
2.005004	18181
