version	total
0.004010	4628
0.004011	4378
