version	total
1.100602	5912
1.100603	416
