version	total
1.94	154045
1.99	2176
2.000000	1970
2.001000	1580
2.002000	2602
2.002001	1399
2.003000	231
