version	total
0.17024	25512
0.17027	116784
0.17029	2056
