version	total
0.204001	2003
0.204003	1983
0.206003	2593
0.207001	1840
0.207002	1813
0.207003	378
