version	total
2.000001	32925
2.000006	24810
2.000008	146379
2.002004	27944
