version	total
1.302052	7848
1.302075	11473
1.302140	4397
1.302141	3699
1.302156	4631
1.302164	7081
1.302188	1366
1.302189	1139
1.302190	3072
