version	total
0.103004	7435
0.103005	674
