version	total
2.000001	28592
2.000006	22698
2.000008	127291
2.002004	16918
