version	total
2.000001	30175
2.000006	23662
2.000008	134651
2.002004	19805
