version	total
5.20180120	5848
5.20180626	4785
5.20180820	8267
5.20181130	4253
5.20181218	10533
5.20190420	4720
5.20190524	80365
5.20220120	1978
5.20220220	2047
5.20220313	1897
5.20220320	2654
5.20220420	2905
5.20220527	2644
5.20220620	19905
