version	total
2.000024	7114
2.000028	1847
2.000029	3712
