version	total
0.042	41085
1.000000	20219
1.002001	198434
