version	total
2.005001	15736
2.006003	95576
2.006006	10808
