version	total
1.000005	22699
1.002002	7802
1.004002	6839
1.004003	4190
1.004004	120547
1.012004	1810
1.012005	1402
1.014000	1373
1.016002	1272
1.016006	1487
