version	total
1.20141117	4537
1.20190531	2148
