version	total
1.003008	5118
1.004000	5339
1.004003	1629
