version	total
1.003008	5735
1.004000	5973
1.004003	2189
