version	total
2.120921	7687
2.150010	33577
