version	total
1.000005	16691
1.002002	6060
1.004002	5108
1.004003	2457
1.004004	63304
