version	total
2.000002	4243
2.001000	29283
2.003004	133033
2.005004	12672
