version	total
2.120921	8347
2.150010	53826
