version	total
1.006900	23035
1.007002	110992
1.007003	29238
