version	total
1.006900	27094
1.007002	129208
1.007003	58335
