version	total
0.094002	2025
0.094003	1426
