version	total
2.000001	32323
2.000006	24582
2.000008	144409
2.002004	26746
