version	total
5.20180120	4737
5.20180626	3748
5.20180820	7229
5.20181130	3230
5.20181218	9290
5.20190420	3676
5.20190524	73423
5.20220120	976
5.20220220	1043
5.20220313	898
5.20220320	1644
5.20220420	1897
5.20220527	1639
5.20220620	11688
