version	total
2.000024	7519
2.000028	2128
2.000029	4751
