version	total
0.094002	1485
0.094003	890
