version	total
0.000061	7634
0.000115	5173
0.000116	3961
0.000117	16847
0.000144	1561
0.000145	52965
