version	total
0.000061	9258
0.000115	5976
0.000116	4761
0.000117	18641
0.000144	2343
0.000145	149003
0.000163	88
