version	total
1.999813	4326
1.999816	4488
1.999829	1730
1.999830	1636
1.999831	1560
1.999832	1550
1.999833	1551
1.999835	1549
1.999836	1485
1.999837	1485
1.999838	977
1.999839	762
1.999841	624
1.999842	617
2.000000	566
2.001000	529
2.001001	511
2.002000	495
2.002001	481
2.003001	406
2.003002	389
2.003003	126
