version	total
1.999813	4673
1.999816	4867
1.999829	2061
1.999830	1964
1.999831	1887
1.999832	1877
1.999833	1879
1.999835	1877
1.999836	1813
1.999837	1813
1.999838	1306
1.999839	1091
1.999841	953
1.999842	946
2.000000	928
2.001000	892
2.001001	874
2.002000	855
2.002001	841
2.003001	589
2.003002	572
2.003003	316
2.003004	23
