version	total
1.000005	18838
1.002002	6841
1.004002	5870
1.004003	3223
1.004004	96763
1.012004	883
1.012005	478
1.014000	442
1.016002	358
1.016006	487
