version	total
1.100602	7069
1.100603	1437
