version	total
1.000019	4171
1.000033	12281
1.000036	45339
