version	total
0.100052	6070
0.100054	739
0.100055	60
