version	total
1.100602	6987
1.100603	1360
