version	total
1.000019	5627
1.000033	14010
1.000036	81679
1.000037	16978
1.000038	2929
