version	total
0.004010	4414
0.004011	4157
