version	total
2.000001	26015
2.000006	21512
2.000008	102259
2.002004	11947
