version	total
0.008	1972
0.006007	5033
0.008002	1859
0.008004	1735
0.008005	1366
0.008006	1346
0.008007	928
0.008008	555
0.008009	147
