version	total
0.002005	3165
0.002006	2977
0.002009	588
