version	total
2.120921	7592
2.150010	32170
