version	total
0.100052	6330
0.100054	894
0.100055	224
