version	total
1.000005	19147
1.002002	6921
1.004002	5951
1.004003	3303
1.004004	99410
1.012004	962
1.012005	556
1.014000	522
1.016002	435
1.016006	572
