version	total
0.17024	24069
0.17027	106882
0.17029	1683
