version	total
2.000002	4051
2.001000	28262
2.003004	109208
2.005004	10505
