version	total
1.999813	2113
1.999816	2041
