version	total
1.000005	19517
1.002002	6995
1.004002	6028
1.004003	3379
1.004004	101794
1.012004	1035
1.012005	629
1.014000	595
1.016002	506
1.016006	648
