version	total
0.004010	5313
0.004011	5101
