version	total
2.000001	32289
2.000006	24566
2.000008	144287
2.002004	26665
