version	total
0.004010	2951
0.004011	2506
