version	total
2.120921	8330
2.150010	53627
