version	total
0.000061	9729
0.000115	6170
0.000116	4953
0.000117	19013
0.000144	2533
0.000145	155150
0.000163	284
