version	total
0.100003	5113
0.100005	1945
0.100006	1358
