version	total
2.000002	3320
2.001000	24400
2.003004	73528
