version	total
1.100602	6748
1.100603	1137
