version	total
0.103004	9151
0.103005	1822
0.103006	1129
