version	total
0.002005	2288
0.002006	1848
