version	total
1.000019	4411
1.000033	12616
1.000036	48810
1.000037	699
