version	total
0.008	2914
0.006007	5737
0.008002	2659
0.008004	2518
0.008005	1988
0.008006	1966
0.008007	1550
0.008008	1175
0.008009	784
