version	total
0.17024	27774
0.17027	127912
0.17029	2778
