version	total
0.17024	28419
0.17027	130999
0.17029	2992
