version	total
1.000019	5565
1.000033	13935
1.000036	81125
1.000037	16862
1.000038	2277
