version	total
1.999813	3854
1.999816	3991
1.999829	1265
1.999830	1171
1.999831	1097
1.999832	1085
1.999833	1087
1.999835	1083
1.999836	1020
1.999837	1020
1.999838	514
1.999839	296
1.999841	161
1.999842	150
2.000000	91
2.001000	53
2.001001	35
2.002000	16
