version	total
1.20141117	4589
1.20190531	2198
