version	total
0.100003	4497
0.100005	1368
0.100006	780
