version	total
0.042	65229
1.000000	22314
1.002001	481045
1.002002	267899
