version	total
5.20180120	6348
5.20180626	5216
5.20180820	8699
5.20181130	4681
5.20181218	11050
5.20190420	5152
5.20190524	83346
5.20220120	2390
5.20220220	2457
5.20220313	2306
5.20220320	3067
5.20220420	3315
5.20220527	3051
5.20220620	24118
