version	total
0.17024	23111
0.17027	100127
0.17029	1439
