version	total
4.161950	7238
4.201720	9233
