version	total
1.100602	5660
1.100603	256
