version	total
0.008	1063
0.006007	3941
0.008002	936
0.008004	810
0.008005	492
0.008006	452
