version	total
2.000002	3105
2.001000	23804
2.003004	66853
