version	total
2.000024	7379
2.000028	2036
2.000029	4361
