version	total
0.002005	3126
0.002006	2929
0.002009	551
