version	total
2.000002	3093
2.001000	23782
2.003004	66489
