version	total
1.000019	6350
1.000033	14832
1.000036	87084
1.000037	17747
1.000038	12870
