version	total
0.002005	3727
0.002006	3604
0.002009	1144
