version	total
0.008	307
0.006007	2952
0.008002	154
