version	total
5.20180120	5240
5.20180626	4208
5.20180820	7687
5.20181130	3678
5.20181218	9841
5.20190420	4136
5.20190524	76836
5.20220120	1412
5.20220220	1479
5.20220313	1332
5.20220320	2082
5.20220420	2335
5.20220527	2073
5.20220620	14496
