version	total
2.005001	17193
2.006003	136365
2.006006	17849
