version	total
0.008	1664
0.006007	4702
0.008002	1547
0.008004	1424
0.008005	1062
0.008006	1043
0.008007	621
0.008008	208
