version	total
2.120921	9929
2.150010	92214
