version	total
0.103004	9445
0.103005	2069
0.103006	1381
