version	total
2.000001	22845
2.000006	19638
2.000008	56592
