version	total
2.000001	31122
2.000006	24099
2.000008	139441
2.002004	23076
