version	total
1.999813	4166
1.999816	4321
1.999829	1573
1.999830	1480
1.999831	1404
1.999832	1394
1.999833	1395
1.999835	1392
1.999836	1329
1.999837	1328
1.999838	822
1.999839	607
1.999841	469
1.999842	462
2.000000	408
2.001000	372
2.001001	354
2.002000	338
2.002001	324
2.003001	272
2.003002	255
