version	total
0.001011	32622
0.001013	197672
