version	total
1.302052	6767
1.302075	10103
1.302140	3745
1.302141	3050
1.302156	3964
1.302164	5511
1.302188	699
1.302189	512
1.302190	1520
