version	total
4.161950	5540
4.201720	2135
