version	total
0.204001	1907
0.204003	1889
0.206003	2382
0.207001	1641
0.207002	1614
0.207003	177
