version	total
1.94	131381
1.99	1255
2.000000	1075
2.001000	715
2.002000	1614
2.002001	268
