version	total
1.003008	3324
1.004000	3226
