version	total
4.161950	7447
4.201720	10206
