version	total
1.302052	7319
1.302075	10754
1.302140	4067
1.302141	3372
1.302156	4298
1.302164	6305
1.302188	1010
1.302189	818
1.302190	2233
