version	total
0.204001	2027
0.204003	2006
0.206003	2647
0.207001	1891
0.207002	1864
0.207003	429
