version	total
1.302052	8421
1.302075	12380
1.302140	4839
1.302141	4141
1.302156	5079
1.302164	7955
1.302188	1798
1.302189	1572
1.302190	4105
