version	total
2.000001	21912
2.000006	18794
2.000008	45087
