version	total
0.002005	3827
0.002006	3708
0.002009	1240
