version	total
1.006900	29657
1.007002	137997
1.007003	79904
