version	total
0.100052	5857
0.100054	583
