version	total
1.000005	21687
1.002002	7514
1.004002	6555
1.004003	3905
1.004004	116253
1.012004	1525
1.012005	1120
1.014000	1086
1.016002	986
1.016006	1173
