version	total
1.302052	9216
1.302075	14001
1.302140	5454
1.302141	4753
1.302156	5696
1.302164	9088
1.302188	2402
1.302189	2165
1.302190	6056
