version	total
2.120921	7240
2.150010	27597
