version	total
0.000061	7409
0.000115	5060
0.000116	3846
0.000117	16599
0.000144	1430
0.000145	44431
