version	total
2.120921	9053
2.150010	81049
