version	total
1.100602	5835
1.100603	360
