version	total
1.000019	4149
1.000033	12248
1.000036	44957
