version	total
1.999813	3832
1.999816	3968
1.999829	1244
1.999830	1150
1.999831	1076
1.999832	1064
1.999833	1066
1.999835	1062
1.999836	999
1.999837	999
1.999838	493
1.999839	275
1.999841	140
1.999842	129
2.000000	70
2.001000	30
2.001001	8
