version	total
1.000005	19435
1.002002	6979
1.004002	6011
1.004003	3362
1.004004	101283
1.012004	1018
1.012005	612
1.014000	578
1.016002	490
1.016006	632
