version	total
0.002005	4060
0.002006	3947
0.002009	1466
