version	total
2.120921	7583
2.150010	32053
