version	total
1.000005	19223
1.002002	6938
1.004002	5968
1.004003	3320
1.004004	99900
1.012004	977
1.012005	571
1.014000	537
1.016002	450
1.016006	587
