version	total
0.001011	24231
0.001013	77485
