version	total
1.000019	4897
1.000033	13231
1.000036	56937
1.000037	11163
