version	total
1.000005	16526
1.002002	5955
1.004002	5005
1.004003	2354
1.004004	60979
