version	total
0.008	2032
0.006007	5093
0.008002	1919
0.008004	1795
0.008005	1425
0.008006	1405
0.008007	987
0.008008	614
0.008009	209
