version	total
1.100602	5435
1.100603	115
