version	total
4.161950	4981
4.201720	1093
