version	total
0.042	41027
1.000000	20202
1.002001	193671
