version	total
0.000061	5460
0.000115	3732
0.000116	2513
0.000117	13408
