version	total
1.000019	6540
1.000033	15031
1.000036	88325
1.000037	17915
1.000038	16002
