version	total
1.94	115312
1.99	743
2.000000	610
2.001000	287
2.002000	991
