version	total
1.967013	22236
1.967015	67624
