version	total
2.000002	5751
2.001000	36147
2.003004	166842
2.005004	27291
