version	total
1.006900	21179
1.007002	99598
1.007003	15658
