version	total
0.103004	8749
0.103005	1503
0.103006	801
