version	total
1.006900	24126
1.007002	117312
1.007003	36966
