version	total
2.005001	18199
2.006003	145472
2.006006	22928
