version	total
0.000061	9017
0.000115	5863
0.000116	4648
0.000117	18433
0.000144	2231
0.000145	145359
