version	total
0.004010	5240
0.004011	5022
