version	total
0.100003	4303
0.100005	1180
0.100006	590
