version	total
5.20180120	5181
5.20180626	4150
5.20180820	7629
5.20181130	3620
5.20181218	9768
5.20190420	4078
5.20190524	76514
5.20220120	1360
5.20220220	1426
5.20220313	1280
5.20220320	2030
5.20220420	2283
5.20220527	2020
5.20220620	14154
