version	total
1.999813	3049
1.999816	3113
1.999829	484
1.999830	389
1.999831	316
1.999832	302
1.999833	306
1.999835	302
1.999836	237
1.999837	234
