version	total
0.100003	3866
0.100005	791
0.100006	199
