version	total
0.004010	4376
0.004011	4116
