version	total
0.001011	34670
0.001013	210497
