version	total
1.999813	3344
1.999816	3435
1.999829	770
1.999830	675
1.999831	602
1.999832	588
1.999833	592
1.999835	588
1.999836	523
1.999837	524
