version	total
2.000002	4933
2.001000	32736
2.003004	150786
2.005004	17308
