version	total
0.100003	3962
0.100005	872
0.100006	283
