version	total
2.000002	5332
2.001000	34262
2.003004	158651
2.005004	21950
