version	total
1.302052	7302
1.302075	10711
1.302140	4055
1.302141	3360
1.302156	4286
1.302164	6274
1.302188	1001
1.302189	809
1.302190	2201
