version	total
1.20141117	2538
1.20190531	232
