version	total
0.100003	3870
0.100005	795
0.100006	203
