version	total
1.302052	5793
1.302075	9166
1.302140	3154
1.302141	2458
1.302156	3358
1.302164	3765
