version	total
2.000024	6052
2.000028	1022
2.000029	1448
