version	total
1.003008	4275
1.004000	4451
1.004003	839
