version	total
1.967013	24893
1.967015	104741
