version	total
2.000002	5157
2.001000	33598
2.003004	154936
2.005004	19375
