version	total
0.001011	30890
0.001013	182655
