version	total
2.120921	7322
2.150010	28447
