version	total
0.008	2341
0.006007	5427
0.008002	2229
0.008004	2104
0.008005	1726
0.008006	1705
0.008007	1288
0.008008	916
0.008009	515
