version	total
1.967013	21594
1.967015	57882
