version	total
1.999813	2352
1.999816	2313
