version	total
0.094002	1805
0.094003	1207
