version	total
4.161950	6104
4.201720	4278
