version	total
0.000061	5654
0.000115	3904
0.000116	2686
0.000117	13761
