version	total
0.008	1899
0.006007	4957
0.008002	1785
0.008004	1661
0.008005	1293
0.008006	1274
0.008007	855
0.008008	481
0.008009	66
