version	total
1.006900	25064
1.007002	122035
1.007003	45030
