version	total
0.103004	8861
0.103005	1597
0.103006	898
