version	total
0.004010	4582
0.004011	4329
