version	total
1.100602	6331
1.100603	747
