version	total
0.001011	29146
0.001013	169904
