version	total
0.094002	808
0.094003	209
