version	total
0.103004	8885
0.103005	1617
0.103006	920
