version	total
2.120921	9278
2.150010	83188
