version	total
1.000005	17024
1.002002	6279
1.004002	5315
1.004003	2667
1.004004	68130
1.012004	157
