version	total
0.004010	4199
0.004011	3929
