version	total
1.006900	17966
1.007002	63156
