version	total
2.000002	4583
2.001000	31041
2.003004	142756
2.005004	14974
