version	total
2.000024	6040
2.000028	1013
2.000029	1408
