version	total
0.17024	26187
0.17027	120326
0.17029	2251
