version	total
5.20180120	6385
5.20180626	5244
5.20180820	8726
5.20181130	4708
5.20181218	11079
5.20190420	5180
5.20190524	83514
5.20220120	2414
5.20220220	2481
5.20220313	2329
5.20220320	3092
5.20220420	3339
5.20220527	3075
5.20220620	24319
