version	total
0.002005	3394
0.002006	3228
0.002009	813
