version	total
0.204001	396
0.204003	378
0.206003	441
0.207001	17
