version	total
1.006900	18101
1.007002	64408
