version	total
0.17024	27340
0.17027	125539
0.17029	2635
