version	total
0.004010	4024
0.004011	3728
