version	total
4.161950	4719
4.201720	844
