version	total
4.161950	5792
4.201720	2967
