version	total
1.999813	4685
1.999816	4883
1.999829	2068
1.999830	1972
1.999831	1894
1.999832	1884
1.999833	1887
1.999835	1883
1.999836	1820
1.999837	1821
1.999838	1313
1.999839	1098
1.999841	959
1.999842	954
2.000000	935
2.001000	901
2.001001	883
2.002000	863
2.002001	851
2.003001	595
2.003002	577
2.003003	322
2.003004	30
