version	total
1.94	160416
1.99	2521
2.000000	2282
2.001000	1870
2.002000	2965
2.002001	1756
2.003000	693
