version	total
2.000001	33079
2.000006	24863
2.000008	146899
2.002004	28268
