version	total
0.100003	3741
0.100005	684
0.100006	93
