version	total
1.006900	18471
1.007002	68129
