version	total
2.120921	7704
2.150010	33815
