version	total
0.001011	28027
0.001013	160354
