version	total
0.17024	25548
0.17027	116949
0.17029	2065
