version	total
0.000061	7486
0.000115	5091
0.000116	3876
0.000117	16671
0.000144	1461
0.000145	46062
