version	total
0.001011	31797
0.001013	191346
