version	total
1.302052	9147
1.302075	13810
1.302140	5414
1.302141	4710
1.302156	5653
1.302164	8997
1.302188	2365
1.302189	2129
1.302190	5873
