version	total
1.94	141607
1.99	1585
2.000000	1391
2.001000	1014
2.002000	1956
2.002001	683
