version	total
0.042	44522
1.000000	20979
1.002001	379698
1.002002	174211
