version	total
1.967013	28769
1.967015	128255
