version	total
1.302052	8070
1.302075	11832
1.302140	4561
1.302141	3863
1.302156	4799
1.302164	7404
1.302188	1523
1.302189	1296
1.302190	3519
