version	total
2.005001	14392
2.006003	65484
