version	total
1.006900	25284
1.007002	123080
1.007003	46954
