version	total
1.94	159424
1.99	2463
2.000000	2228
2.001000	1821
2.002000	2905
2.002001	1699
2.003000	613
