version	total
2.000002	3201
2.001000	24016
2.003004	69885
