version	total
1.006900	27191
1.007002	129651
1.007003	59281
