version	total
1.94	155783
1.99	2268
2.000000	2059
2.001000	1664
2.002000	2705
2.002001	1502
2.003000	353
