version	total
2.000002	3147
2.001000	23909
2.003004	68373
