version	total
2.000001	29913
2.000006	23514
2.000008	133451
2.002004	19110
