version	total
1.006900	19955
1.007002	81205
1.007003	4699
