version	total
0.100052	7691
0.100054	1915
0.100055	1285
