version	total
0.17024	28021
0.17027	129346
0.17029	2858
