version	total
1.999813	4659
1.999816	4851
1.999829	2048
1.999830	1950
1.999831	1873
1.999832	1863
1.999833	1865
1.999835	1863
1.999836	1799
1.999837	1799
1.999838	1292
1.999839	1077
1.999841	939
1.999842	932
2.000000	910
2.001000	874
2.001001	856
2.002000	838
2.002001	824
2.003001	580
2.003002	563
2.003003	307
