version	total
0.094002	1086
0.094003	493
