version	total
2.005001	16096
2.006003	119513
2.006006	13177
