version	total
0.100052	5921
0.100054	631
