version	total
1.967013	25907
1.967015	111415
