version	total
2.000024	7218
2.000028	1924
2.000029	3989
