version	total
1.100602	6307
1.100603	725
