version	total
1.302052	7410
1.302075	10894
1.302140	4127
1.302141	3431
1.302156	4359
1.302164	6445
1.302188	1070
1.302189	875
1.302190	2375
