version	total
2.000002	3478
2.001000	24879
2.003004	78309
2.005004	372
