version	total
0.204001	1046
0.204003	1029
0.206003	1203
0.207001	696
0.207002	671
