version	total
1.967013	22708
1.967015	74020
