version	total
1.999813	4239
1.999816	4395
1.999829	1646
1.999830	1553
1.999831	1477
1.999832	1467
1.999833	1468
1.999835	1465
1.999836	1402
1.999837	1401
1.999838	895
1.999839	680
1.999841	542
1.999842	535
2.000000	485
2.001000	448
2.001001	430
2.002000	413
2.002001	400
2.003001	342
2.003002	325
2.003003	60
