version	total
0.042	40836
1.000000	20153
1.002001	177368
