version	total
0.17024	25674
0.17027	117634
0.17029	2096
