version	total
1.006900	23004
1.007002	110767
1.007003	28928
