version	total
2.005001	14065
2.006003	61624
