version	total
1.967013	27579
1.967015	122356
