version	total
5.20180120	4861
5.20180626	3855
5.20180820	7334
5.20181130	3335
5.20181218	9418
5.20190420	3782
5.20190524	74280
5.20220120	1079
5.20220220	1144
5.20220313	998
5.20220320	1746
5.20220420	1997
5.20220527	1738
5.20220620	12377
