version	total
0.17024	23439
0.17027	102728
0.17029	1521
