version	total
2.120921	7356
2.150010	28797
