version	total
0.008	1853
0.006007	4910
0.008002	1740
0.008004	1616
0.008005	1250
0.008006	1232
0.008007	812
0.008008	438
0.008009	19
