version	total
1.302052	5571
1.302075	8909
1.302140	2961
1.302141	2266
1.302156	3162
1.302164	3272
