version	total
0.004010	2980
0.004011	2548
