version	total
1.100602	5794
1.100603	325
