version	total
1.000005	22007
1.002002	7591
1.004002	6630
1.004003	3979
1.004004	117558
1.012004	1599
1.012005	1193
1.014000	1160
1.016002	1061
1.016006	1256
