version	total
0.008	3273
0.006007	5750
0.008002	2863
0.008004	2714
0.008005	2001
0.008006	1979
0.008007	1564
0.008008	1189
0.008009	797
