version	total
2.120921	8912
2.150010	79386
