version	total
5.20180120	3431
5.20180626	2543
5.20180820	6028
5.20181130	2088
5.20181218	7678
5.20190420	2469
5.20190524	39716
