version	total
0.100052	7603
0.100054	1837
0.100055	1207
