version	total
1.967013	26000
1.967015	112072
