version	total
0.042	41037
1.000000	20205
1.002001	194104
