version	total
0.100003	4645
0.100005	1506
0.100006	920
