version	total
1.100602	5506
1.100603	168
