version	total
0.103004	8455
0.103005	1278
0.103006	572
