version	total
0.002005	2465
0.002006	2031
