version	total
0.100052	6060
0.100054	729
0.100055	49
