version	total
5.20180120	5576
5.20180626	4524
5.20180820	8004
5.20181130	3993
5.20181218	10223
5.20190420	4458
5.20190524	78650
5.20220120	1720
5.20220220	1789
5.20220313	1639
5.20220320	2395
5.20220420	2646
5.20220527	2386
5.20220620	16929
