version	total
2.005001	17863
2.006003	141219
2.006006	20053
