version	total
1.100602	6422
1.100603	836
