version	total
1.20141117	4769
1.20190531	2355
