version	total
2.120921	9798
2.150010	90708
