version	total
1.94	144505
1.99	1766
2.000000	1572
2.001000	1191
2.002000	2152
2.002001	923
