version	total
0.100003	4918
0.100005	1768
0.100006	1183
