version	total
0.103004	7798
0.103005	908
0.103006	176
