version	total
0.008	397
0.006007	3049
0.008002	257
0.008004	49
