version	total
5.20180120	5547
5.20180626	4497
5.20180820	7976
5.20181130	3965
5.20181218	10189
5.20190420	4430
5.20190524	78477
5.20220120	1693
5.20220220	1761
5.20220313	1612
5.20220320	2367
5.20220420	2618
5.20220527	2358
5.20220620	16710
