version	total
2.000002	3420
2.001000	24709
2.003004	76541
