version	total
0.100003	5226
0.100005	2047
0.100006	1460
