version	total
2.000001	27428
2.000006	22157
2.000008	119590
2.002004	14787
