version	total
1.94	122926
1.99	976
2.000000	828
2.001000	488
2.002000	1305
