version	total
0.103004	8206
0.103005	1109
0.103006	397
