version	total
0.008	3936
0.006007	5780
0.008002	3218
0.008004	3081
0.008005	2029
0.008006	2007
0.008007	1592
0.008008	1217
0.008009	825
