version	total
1.100602	5829
1.100603	355
