version	total
0.042	44464
1.000000	20967
1.002001	379249
1.002002	173758
