version	total
2.005001	18976
2.006003	154030
2.006006	28625
