version	total
0.100052	7167
0.100054	1463
0.100055	827
