version	total
1.20141117	4950
1.20190531	2492
