version	total
2.000002	2886
2.001000	23240
2.003004	61748
