version	total
0.204001	2144
0.204003	2123
0.206003	3068
0.207001	2244
0.207002	2216
0.207003	788
