version	total
1.94	130194
1.99	1213
2.000000	1037
2.001000	680
2.002000	1571
2.002001	212
