version	total
0.008	2193
0.006007	5264
0.008002	2081
0.008004	1956
0.008005	1584
0.008006	1563
0.008007	1146
0.008008	773
0.008009	372
