version	total
0.17024	27582
0.17027	127124
0.17029	2727
