version	total
2.000001	28502
2.000006	22657
2.000008	126782
2.002004	16765
