version	total
0.008	2479
0.006007	5584
0.008002	2367
0.008004	2242
0.008005	1858
0.008006	1836
0.008007	1419
0.008008	1047
0.008009	651
