version	total
1.967013	27809
1.967015	123273
