version	total
0.008	1687
0.006007	4731
0.008002	1570
0.008004	1447
0.008005	1085
0.008006	1066
0.008007	644
0.008008	235
