version	total
1.000005	24244
1.002002	8178
1.004002	7217
1.004003	4565
1.004004	128449
1.012004	2182
1.012005	1772
1.014000	1742
1.016002	1636
1.016006	1903
