version	total
0.001011	31124
0.001013	184748
