version	total
0.100003	5317
0.100005	2127
0.100006	1540
