version	total
2.120921	7175
2.150010	26993
