version	total
0.042	56642
1.000000	21970
1.002001	462850
1.002002	240854
