version	total
2.000002	4793
2.001000	32180
2.003004	148652
2.005004	16568
