version	total
0.000061	8482
0.000115	5621
0.000116	4406
0.000117	17894
0.000144	1988
0.000145	125830
