version	total
1.999813	3234
1.999816	3315
1.999829	666
1.999830	571
1.999831	498
1.999832	484
1.999833	488
1.999835	484
1.999836	419
1.999837	418
