version	total
2.000002	5328
2.001000	34251
2.003004	158620
2.005004	21915
