version	total
0.204001	2038
0.204003	2017
0.206003	2676
0.207001	1918
0.207002	1891
0.207003	456
