version	total
1.100602	5490
1.100603	153
