version	total
0.004010	3917
0.004011	3615
