version	total
0.002005	3293
0.002006	3110
0.002009	715
