version	total
0.100052	6205
0.100054	824
0.100055	153
