version	total
0.004010	4062
0.004011	3777
