version	total
0.000061	5376
0.000115	3659
0.000116	2439
0.000117	13260
