version	total
2.005001	15805
2.006003	96358
2.006006	10972
