version	total
4.161950	4957
4.201720	1064
