version	total
4.161950	4810
4.201720	943
