version	total
5.20180120	4119
5.20180626	3196
5.20180820	6677
5.20181130	2676
5.20181218	8573
5.20190420	3125
5.20190524	48418
5.20220120	430
5.20220220	496
5.20220313	359
5.20220320	1098
5.20220420	1328
5.20220527	131
