version	total
1.999813	4464
1.999816	4636
1.999829	1862
1.999830	1768
1.999831	1691
1.999832	1682
1.999833	1682
1.999835	1681
1.999836	1616
1.999837	1617
1.999838	1110
1.999839	894
1.999841	757
1.999842	749
2.000000	704
2.001000	668
2.001001	649
2.002000	632
2.002001	618
2.003001	482
2.003002	465
2.003003	205
