version	total
1.000005	24875
1.002002	8320
1.004002	7357
1.004003	4709
1.004004	131228
1.012004	2321
1.012005	1912
1.014000	1881
1.016002	1774
1.016006	2075
