version	total
2.000002	5293
2.001000	34105
2.003004	158079
2.005004	21483
