version	total
5.20180120	3666
5.20180626	2768
5.20180820	6249
5.20181130	2306
5.20181218	7981
5.20190420	2691
5.20190524	42651
