version	total
1.302052	8522
1.302075	12612
1.302140	4928
1.302141	4230
1.302156	5168
1.302164	8129
1.302188	1889
1.302189	1661
1.302190	4329
