version	total
2.000001	26109
2.000006	21566
2.000008	103063
2.002004	12111
