version	total
2.000002	5368
2.001000	34432
2.003004	159765
2.005004	22605
