version	total
0.000061	9384
0.000115	6024
0.000116	4809
0.000117	18716
0.000144	2391
0.000145	149976
0.000163	136
