version	total
0.204001	1971
0.204003	1952
0.206003	2516
0.207001	1769
0.207002	1742
0.207003	306
