version	total
1.20141117	3558
1.20190531	1199
