version	total
1.000005	18780
1.002002	6823
1.004002	5852
1.004003	3204
1.004004	96560
1.012004	864
1.012005	458
1.014000	425
1.016002	343
1.016006	469
