version	total
1.20141117	2355
1.20190531	138
