version	total
1.100602	5368
1.100603	64
