version	total
0.001011	27316
0.001013	154155
