version	total
0.008	1936
0.006007	4995
0.008002	1822
0.008004	1698
0.008005	1330
0.008006	1311
0.008007	892
0.008008	519
0.008009	107
