version	total
2.000002	4833
2.001000	32389
2.003004	149561
2.005004	16807
