version	total
1.999813	3574
1.999816	3690
1.999829	995
1.999830	900
1.999831	827
1.999832	813
1.999833	817
1.999835	813
1.999836	748
1.999837	749
1.999838	243
