version	total
0.008	2556
0.006007	5663
0.008002	2444
0.008004	2319
0.008005	1929
0.008006	1906
0.008007	1491
0.008008	1118
0.008009	723
