version	total
4.161950	5851
4.201720	3209
