version	total
0.204001	2110
0.204003	2088
0.206003	2871
0.207001	2093
0.207002	2065
0.207003	636
