version	total
0.100003	3566
0.100005	520
