version	total
1.967013	24118
1.967015	98919
