version	total
2.120921	8829
2.150010	78427
