version	total
0.001011	23986
0.001013	73152
