version	total
2.005001	17087
2.006003	135216
2.006006	17494
