version	total
1.302052	7141
1.302075	10509
1.302140	3959
1.302141	3264
1.302156	4182
1.302164	6034
1.302188	906
1.302189	716
1.302190	1975
