version	total
0.100052	6508
0.100054	958
0.100055	293
