version	total
1.000019	5436
1.000033	13820
1.000036	80177
1.000037	16657
1.000038	1185
