version	total
1.000019	6117
1.000033	14574
1.000036	85346
1.000037	17513
1.000038	8354
