version	total
0.17024	25021
0.17027	113846
0.17029	1921
