version	total
0.008	2173
0.006007	5244
0.008002	2061
0.008004	1936
0.008005	1564
0.008006	1543
0.008007	1126
0.008008	753
0.008009	352
