version	total
1.20141117	5126
1.20190531	2592
