version	total
2.120921	9696
2.150010	89202
