version	total
0.000061	9143
0.000115	5922
0.000116	4707
0.000117	18554
0.000144	2290
0.000145	147393
0.000163	33
