version	total
2.000001	25382
2.000006	21207
2.000008	87485
2.002004	10383
