version	total
2.005001	13608
2.006003	54630
