version	total
1.999813	3754
1.999816	3886
1.999829	1168
1.999830	1073
1.999831	1000
1.999832	987
1.999833	989
1.999835	985
1.999836	922
1.999837	922
1.999838	416
1.999839	197
1.999841	63
1.999842	50
