version	total
1.302052	7020
1.302075	10360
1.302140	3882
1.302141	3186
1.302156	4103
1.302164	5781
1.302188	832
1.302189	642
1.302190	1810
