version	total
2.000002	4220
2.001000	29149
2.003004	132168
2.005004	12406
