version	total
0.042	48124
1.000000	21414
1.002001	430522
1.002002	202349
