version	total
2.000002	2969
2.001000	23444
2.003004	63610
