version	total
0.004010	4162
0.004011	3884
