version	total
1.94	120821
1.99	921
2.000000	775
2.001000	437
2.002000	1240
