version	total
2.000001	30389
2.000006	23768
2.000008	135666
2.002004	20451
