version	total
0.008	1220
0.006007	4146
0.008002	1093
0.008004	969
0.008005	641
0.008006	619
0.008007	188
