version	total
0.094002	950
0.094003	352
