version	total
2.000001	30196
2.000006	23678
2.000008	134760
2.002004	19874
