version	total
0.008	1708
0.006007	4754
0.008002	1592
0.008004	1469
0.008005	1106
0.008006	1086
0.008007	665
0.008008	260
