version	total
0.004010	3268
0.004011	2894
