version	total
2.005001	17921
2.006003	141886
2.006006	20483
