version	total
1.100602	6691
1.100603	1082
