version	total
1.006900	28032
1.007002	133181
1.007003	66798
