version	total
2.005001	19035
2.006003	154762
2.006006	29076
