version	total
0.008	298
0.006007	2946
0.008002	145
