version	total
1.000005	22333
1.002002	7698
1.004002	6738
1.004003	4088
1.004004	118851
1.012004	1709
1.012005	1302
1.014000	1270
1.016002	1169
1.016006	1374
