version	total
0.004010	4322
0.004011	4058
