version	total
1.967013	29666
1.967015	133235
