version	total
0.100003	4681
0.100005	1541
0.100006	955
