version	total
2.005001	15782
2.006003	96005
2.006006	10875
