version	total
1.100602	6002
1.100603	496
