version	total
0.17024	20628
0.17027	64275
