version	total
1.967013	22365
1.967015	68868
