version	total
0.17024	27490
0.17027	126582
0.17029	2691
