version	total
1.006900	24470
1.007002	118987
1.007003	39837
