version	total
0.100052	6860
0.100054	1228
0.100055	583
