version	total
0.008	1871
0.006007	4928
0.008002	1757
0.008004	1634
0.008005	1267
0.008006	1249
0.008007	829
0.008008	455
0.008009	37
