version	total
0.001011	31391
0.001013	186981
