version	total
0.004010	4884
0.004011	4638
