version	total
0.100052	8053
0.100054	2190
0.100055	1574
