version	total
0.204001	1028
0.204003	1011
0.206003	1179
0.207001	678
0.207002	653
