version	total
1.999813	2474
1.999816	2458
