version	total
2.000001	29946
2.000006	23530
2.000008	133620
2.002004	19181
