version	total
5.20180120	3746
5.20180626	2846
5.20180820	6326
5.20181130	2362
5.20181218	8096
5.20190420	2768
5.20190524	43815
