version	total
5.20180120	5702
5.20180626	4648
5.20180820	8128
5.20181130	4116
5.20181218	10374
5.20190420	4582
5.20190524	79483
5.20220120	1844
5.20220220	1913
5.20220313	1763
5.20220320	2520
5.20220420	2770
5.20220527	2510
5.20220620	18239
