version	total
5.20180120	6282
5.20180626	5162
5.20180820	8644
5.20181130	4627
5.20181218	10985
5.20190420	5099
5.20190524	82914
5.20220120	2340
5.20220220	2408
5.20220313	2257
5.20220320	3016
5.20220420	3266
5.20220527	3001
5.20220620	23603
