version	total
0.004010	4511
0.004011	4256
