version	total
2.005001	18505
2.006003	149057
2.006006	25570
