version	total
0.17024	22507
0.17027	95689
0.17029	1277
