version	total
0.042	45992
1.000000	21179
1.002001	410201
1.002002	189361
