version	total
1.94	148279
1.99	1944
2.000000	1747
2.001000	1362
2.002000	2338
2.002001	1140
