version	total
1.000005	16745
1.002002	6102
1.004002	5147
1.004003	2499
1.004004	64507
