version	total
0.001011	24315
0.001013	78823
