version	total
0.100052	6685
0.100054	1086
0.100055	435
