version	total
1.302052	5402
1.302075	8754
1.302140	2820
1.302141	2126
1.302156	3020
1.302164	3029
