version	total
0.094002	1743
0.094003	1144
