version	total
1.000005	19458
1.002002	6984
1.004002	6016
1.004003	3367
1.004004	101387
1.012004	1023
1.012005	617
1.014000	583
1.016002	495
1.016006	637
