version	total
1.94	156123
1.99	2292
2.000000	2076
2.001000	1680
2.002000	2725
2.002001	1521
2.003000	381
