version	total
0.17024	24961
0.17027	113275
0.17029	1907
