version	total
0.17024	27097
0.17027	124344
0.17029	2561
