version	total
5.20180120	5238
5.20180626	4206
5.20180820	7685
5.20181130	3676
5.20181218	9838
5.20190420	4134
5.20190524	76830
5.20220120	1410
5.20220220	1477
5.20220313	1330
5.20220320	2080
5.20220420	2333
5.20220527	2071
5.20220620	14487
