version	total
0.100003	3024
0.100005	27
