version	total
0.004010	5059
0.004011	4819
