version	total
0.042	44815
1.000000	21018
1.002001	382494
1.002002	176583
