version	total
1.94	133832
1.99	1319
2.000000	1133
2.001000	768
2.002000	1681
2.002001	354
