version	total
2.000024	6558
2.000028	1400
2.000029	2474
