version	total
2.005001	17842
2.006003	140960
2.006006	19920
