version	total
0.17024	27977
0.17027	129193
0.17029	2847
