version	total
0.100052	6593
0.100054	1018
0.100055	361
