version	total
0.100003	4339
0.100005	1216
0.100006	628
