version	total
0.008	2576
0.006007	5686
0.008002	2464
0.008004	2339
0.008005	1946
0.008006	1923
0.008007	1508
0.008008	1135
0.008009	740
