version	total
0.004010	4242
0.004011	3975
