version	total
1.967013	28227
1.967015	125247
