version	total
1.000005	16269
1.002002	5785
1.004002	4833
1.004003	2181
1.004004	56798
