version	total
0.094002	1477
0.094003	882
