version	total
1.000005	22842
1.002002	7834
1.004002	6874
1.004003	4225
1.004004	121317
1.012004	1845
1.012005	1437
1.014000	1408
1.016002	1304
1.016006	1528
