version	total
1.999813	3604
1.999816	3724
1.999829	1025
1.999830	930
1.999831	857
1.999832	843
1.999833	847
1.999835	843
1.999836	778
1.999837	779
1.999838	274
1.999839	52
