version	total
1.999813	3282
1.999816	3372
1.999829	710
1.999830	615
1.999831	542
1.999832	528
1.999833	532
1.999835	528
1.999836	463
1.999837	464
