version	total
2.000001	30299
2.000006	23734
2.000008	135303
2.002004	20192
