version	total
2.005001	18838
2.006003	152253
2.006006	27611
