version	total
0.001011	31629
0.001013	189555
