version	total
1.003008	5235
1.004000	5454
1.004003	1740
