version	total
1.967013	26711
1.967015	117138
