version	total
1.999813	2871
1.999816	2911
1.999829	307
1.999830	212
1.999831	138
1.999832	124
1.999833	128
1.999835	124
1.999836	56
1.999837	37
