version	total
0.204001	2087
0.204003	2066
0.206003	2805
0.207001	2032
0.207002	2003
0.207003	574
