version	total
1.94	147344
1.99	1908
2.000000	1712
2.001000	1328
2.002000	2300
2.002001	1087
