version	total
2.000024	6818
2.000028	1604
2.000029	2947
