version	total
1.20141117	4183
1.20190531	1802
