version	total
0.001011	33066
0.001013	201193
