version	total
1.302052	5613
1.302075	8962
1.302140	3000
1.302141	2304
1.302156	3200
1.302164	3401
