version	total
0.094002	851
0.094003	252
