version	total
2.000002	5348
2.001000	34345
2.003004	158955
2.005004	22251
