version	total
0.042	50248
1.000000	21560
1.002001	442069
1.002002	210793
