version	total
1.006900	18911
1.007002	71997
