version	total
1.003008	4233
1.004000	4411
1.004003	805
