version	total
1.20141117	3790
1.20190531	1413
