version	total
0.004010	4829
0.004011	4581
