version	total
1.302052	9268
1.302075	15421
1.302140	5489
1.302141	4789
1.302156	5731
1.302164	9150
1.302188	2434
1.302189	2198
1.302190	6167
