version	total
0.103004	9580
0.103005	2180
0.103006	1496
