version	total
1.006900	27068
1.007002	129123
1.007003	58090
