version	total
5.20180120	6284
5.20180626	5164
5.20180820	8646
5.20181130	4629
5.20181218	10987
5.20190420	5101
5.20190524	82930
5.20220120	2342
5.20220220	2410
5.20220313	2259
5.20220320	3019
5.20220420	3268
5.20220527	3004
5.20220620	23622
