version	total
4.161950	3830
4.201720	134
