version	total
1.000019	4984
1.000033	13334
1.000036	57932
1.000037	12490
