version	total
0.042	57783
1.000000	22010
1.002001	464320
1.002002	242263
