version	total
2.005001	18083
2.006003	143928
2.006006	21843
