version	total
1.302052	8349
1.302075	12252
1.302140	4778
1.302141	4080
1.302156	5017
1.302164	7833
1.302188	1737
1.302189	1511
1.302190	3954
