version	total
2.005001	16717
2.006003	130541
2.006006	16110
