version	total
1.003008	3243
1.004000	3116
