version	total
0.042	42553
1.000000	20642
1.002001	327628
1.002002	51901
