version	total
0.100003	3245
0.100005	229
