version	total
2.000002	3723
2.001000	26189
2.003004	87901
2.005004	3818
