version	total
1.000019	5186
1.000033	13553
1.000036	77667
1.000037	15290
