version	total
2.120921	7630
2.150010	32481
