version	total
2.120921	7490
2.150010	30446
