version	total
2.000001	28212
2.000006	22505
2.000008	125248
2.002004	16329
