version	total
0.103004	8812
0.103005	1549
0.103006	848
