version	total
0.094002	1511
0.094003	917
