version	total
0.100003	3937
0.100005	852
0.100006	263
