version	total
0.204001	1554
0.204003	1536
0.206003	1930
0.207001	1215
0.207002	1188
