version	total
0.17024	23685
0.17027	104408
0.17029	1582
