version	total
1.003008	4182
1.004000	4362
1.004003	760
