version	total
2.005001	15602
2.006003	93652
2.006006	10266
