version	total
2.000001	22522
2.000006	19313
2.000008	52031
