version	total
1.94	139499
1.99	1513
2.000000	1319
2.001000	944
2.002000	1878
2.002001	591
