version	total
1.000005	22415
1.002002	7725
1.004002	6764
1.004003	4114
1.004004	119273
1.012004	1735
1.012005	1328
1.014000	1296
1.016002	1195
1.016006	1402
