version	total
0.094002	1153
0.094003	560
