version	total
0.000061	5780
0.000115	4013
0.000116	2797
0.000117	13998
