version	total
0.000061	5652
0.000115	3903
0.000116	2685
0.000117	13760
