version	total
1.20141117	4707
1.20190531	2305
