version	total
0.17024	24574
0.17027	110166
0.17029	1806
