version	total
1.94	157159
1.99	2338
2.000000	2118
2.001000	1720
2.002000	2773
2.002001	1572
2.003000	440
