version	total
0.001011	23685
0.001013	68742
