version	total
1.20141117	4213
1.20190531	1832
