version	total
1.003008	3271
1.004000	3151
