version	total
0.042	47396
1.000000	21334
1.002001	424473
1.002002	197786
