version	total
2.000001	32550
2.000006	24670
2.000008	145181
2.002004	27232
