version	total
2.000002	3185
2.001000	23990
2.003004	69527
