version	total
1.000005	16428
1.002002	5899
1.004002	4948
1.004003	2296
1.004004	59175
