version	total
0.100003	5142
0.100005	1972
0.100006	1385
