version	total
1.999813	4568
1.999816	4749
1.999829	1961
1.999830	1865
1.999831	1789
1.999832	1779
1.999833	1781
1.999835	1779
1.999836	1715
1.999837	1714
1.999838	1208
1.999839	993
1.999841	855
1.999842	848
2.000000	806
2.001000	770
2.001001	752
2.002000	735
2.002001	720
2.003001	535
2.003002	518
2.003003	260
