version	total
2.000001	27281
2.000006	22084
2.000008	118777
2.002004	14604
