version	total
0.001011	29084
0.001013	169282
