version	total
0.17024	29973
0.17027	137215
0.17029	3429
0.17030	121
