version	total
1.999813	2430
1.999816	2412
