version	total
2.000001	28209
2.000006	22501
2.000008	125232
2.002004	16324
