version	total
0.100003	3921
0.100005	839
0.100006	249
