version	total
1.20141117	4167
1.20190531	1786
