version	total
0.204001	517
0.204003	498
0.206003	577
0.207001	153
0.207002	130
