version	total
1.000019	5040
1.000033	13396
1.000036	68343
1.000037	13433
