version	total
0.042	58149
1.000000	22020
1.002001	464761
1.002002	242914
