version	total
0.008	1437
0.006007	4438
0.008002	1310
0.008004	1190
0.008005	841
0.008006	822
0.008007	399
