version	total
4.161950	6900
4.201720	7741
