version	total
1.302052	8109
1.302075	11882
1.302140	4585
1.302141	3887
1.302156	4822
1.302164	7449
1.302188	1548
1.302189	1320
1.302190	3572
