version	total
1.000019	6277
1.000033	14754
1.000036	86620
1.000037	17672
1.000038	11602
