version	total
0.100052	7945
0.100054	2125
0.100055	1503
