version	total
1.000005	18980
1.002002	6880
1.004002	5908
1.004003	3260
1.004004	97804
1.012004	920
1.012005	515
1.014000	478
1.016002	395
1.016006	529
