version	total
1.967013	29674
1.967015	133270
