version	total
0.17024	27719
0.17027	127725
0.17029	2767
