version	total
2.005001	18907
2.006003	153047
2.006006	28116
