version	total
2.120921	8914
2.150010	79412
