version	total
2.000001	28323
2.000006	22566
2.000008	125909
2.002004	16491
