version	total
2.000024	6886
2.000028	1657
2.000029	3067
