version	total
1.003008	5106
1.004000	5320
1.004003	1612
