version	total
1.000005	16686
1.002002	6054
1.004002	5102
1.004003	2451
1.004004	63231
