version	total
0.100052	8044
0.100054	2183
0.100055	1567
