version	total
4.161950	4537
4.201720	677
