version	total
1.94	159862
1.99	2495
2.000000	2258
2.001000	1849
2.002000	2935
2.002001	1731
2.003000	655
