version	total
2.005001	16190
2.006003	121473
2.006006	13775
