version	total
0.094002	1155
0.094003	562
