version	total
2.000002	4964
2.001000	32852
2.003004	151211
2.005004	17482
