version	total
2.000024	7116
2.000028	1849
2.000029	3718
