version	total
2.000024	5481
2.000028	711
2.000029	810
