version	total
0.042	41208
1.000000	20260
1.002001	216881
