version	total
0.001011	33667
0.001013	204759
