version	total
2.005001	16380
2.006003	124719
2.006006	14538
