version	total
2.005001	16162
2.006003	121145
2.006006	13677
