version	total
5.20180120	5474
5.20180626	4428
5.20180820	7906
5.20181130	3895
5.20181218	10112
5.20190420	4360
5.20190524	77969
5.20220120	1624
5.20220220	1693
5.20220313	1545
5.20220320	2297
5.20220420	2550
5.20220527	2289
5.20220620	16197
