version	total
4.161950	5167
4.201720	1717
