version	total
1.302052	8056
1.302075	11808
1.302140	4548
1.302141	3850
1.302156	4786
1.302164	7380
1.302188	1509
1.302189	1283
1.302190	3491
