version	total
1.967013	27860
1.967015	123473
