version	total
1.999813	2210
1.999816	2141
