version	total
0.004010	2910
0.004011	2463
