version	total
1.000005	17115
1.002002	6329
1.004002	5360
1.004003	2712
1.004004	69489
1.012004	234
