version	total
1.999813	3636
1.999816	3761
1.999829	1058
1.999830	963
1.999831	890
1.999832	876
1.999833	880
1.999835	876
1.999836	811
1.999837	812
1.999838	306
1.999839	86
