version	total
1.967013	24797
1.967015	104110
