version	total
1.94	160584
1.99	2533
2.000000	2293
2.001000	1880
2.002000	2978
2.002001	1768
2.003000	707
