version	total
0.002005	4785
0.002006	4718
0.002009	2173
