version	total
0.001011	32905
0.001013	199966
