version	total
0.001011	33096
0.001013	201383
