version	total
1.302052	8105
1.302075	11877
1.302140	4581
1.302141	3883
1.302156	4818
1.302164	7443
1.302188	1544
1.302189	1316
1.302190	3567
