version	total
1.302052	5351
1.302075	8700
1.302140	2778
1.302141	2084
1.302156	2976
1.302164	2963
