version	total
2.000024	7250
2.000028	1947
2.000029	4073
