version	total
0.100052	6954
0.100054	1282
0.100055	642
