version	total
0.002005	3733
0.002006	3610
0.002009	1150
