version	total
4.161950	7406
4.201720	10021
