version	total
1.006900	25762
1.007002	124431
1.007003	49095
