version	total
1.003008	5048
1.004000	5262
1.004003	1559
