version	total
0.001011	31974
0.001013	192529
