version	total
1.006900	28798
1.007002	135580
1.007003	73200
