version	total
1.003008	3383
1.004000	3324
