version	total
1.999813	4059
1.999816	4203
1.999829	1466
1.999830	1373
1.999831	1297
1.999832	1287
1.999833	1288
1.999835	1285
1.999836	1222
1.999837	1221
1.999838	716
1.999839	500
1.999841	363
1.999842	355
2.000000	298
2.001000	260
2.001001	242
2.002000	226
2.002001	212
2.003001	168
2.003002	149
