version	total
2.000024	6348
2.000028	1249
2.000029	2060
