version	total
1.006900	25637
1.007002	124136
1.007003	48642
