version	total
0.042	48969
1.000000	21504
1.002001	437552
1.002002	207307
