version	total
1.006900	27893
1.007002	132794
1.007003	65830
