version	total
4.161950	4418
4.201720	596
