version	total
1.302052	8493
1.302075	12548
1.302140	4902
1.302141	4204
1.302156	5142
1.302164	8083
1.302188	1861
1.302189	1635
1.302190	4276
