version	total
0.008	1863
0.006007	4921
0.008002	1749
0.008004	1626
0.008005	1259
0.008006	1241
0.008007	821
0.008008	447
0.008009	29
