version	total
1.006900	29738
1.007002	138219
1.007003	80541
