version	total
0.094002	1821
0.094003	1222
