version	total
1.302052	5497
1.302075	8836
1.302140	2899
1.302141	2205
1.302156	3101
1.302164	3140
