version	total
1.000019	5767
1.000033	14169
1.000036	82933
1.000037	17145
1.000038	4697
