version	total
0.001011	26611
0.001013	130748
