version	total
0.103004	7394
0.103005	656
