version	total
0.204001	247
0.204003	228
0.206003	274
