version	total
0.100003	5264
0.100005	2081
0.100006	1494
