version	total
0.042	65914
1.000000	22377
1.002001	483653
1.002002	272437
