version	total
2.120921	9706
2.150010	89409
