version	total
0.100052	7029
0.100054	1341
0.100055	703
