version	total
1.967013	29577
1.967015	132798
