version	total
1.967013	27642
1.967015	122600
