version	total
0.000061	9185
0.000115	5944
0.000116	4729
0.000117	18591
0.000144	2311
0.000145	147967
0.000163	55
