version	total
0.004010	2991
0.004011	2564
