version	total
1.003008	4461
1.004000	4647
1.004003	1003
