version	total
1.999813	4600
1.999816	4783
1.999829	1992
1.999830	1895
1.999831	1819
1.999832	1809
1.999833	1811
1.999835	1809
1.999836	1745
1.999837	1745
1.999838	1238
1.999839	1023
1.999841	885
1.999842	878
2.000000	842
2.001000	806
2.001001	788
2.002000	771
2.002001	757
2.003001	553
2.003002	536
2.003003	280
