version	total
0.100052	6103
0.100054	761
0.100055	84
