version	total
2.000024	6930
2.000028	1694
2.000029	3208
