version	total
1.000005	24340
1.002002	8200
1.004002	7238
1.004003	4587
1.004004	128942
1.012004	2203
1.012005	1793
1.014000	1763
1.016002	1657
1.016006	1933
