version	total
2.005001	18574
2.006003	149837
2.006006	26203
