version	total
0.004010	3884
0.004011	3578
