version	total
1.20141117	2316
1.20190531	116
