version	total
0.204001	328
0.204003	310
0.206003	358
