version	total
1.003008	5007
1.004000	5218
1.004003	1517
