version	total
1.003008	4612
1.004000	4806
1.004003	1140
