version	total
0.008	438
0.006007	3091
0.008002	299
0.008004	110
