version	total
1.100602	6845
1.100603	1226
