version	total
0.001011	32565
0.001013	197333
