version	total
0.100052	7589
0.100054	1825
0.100055	1195
