version	total
0.204001	1675
0.204003	1657
0.206003	2059
0.207001	1339
0.207002	1311
