version	total
1.967013	27097
1.967015	119546
