version	total
0.004010	5400
0.004011	5204
