version	total
1.302052	8205
1.302075	12002
1.302140	4664
1.302141	3966
1.302156	4901
1.302164	7586
1.302188	1625
1.302189	1398
1.302190	3719
