version	total
1.999813	2042
1.999816	1968
