version	total
0.002005	2523
0.002006	2088
