version	total
5.20180120	5994
5.20180626	4914
5.20180820	8396
5.20181130	4382
5.20181218	10697
5.20190420	4849
5.20190524	81179
5.20220120	2104
5.20220220	2173
5.20220313	2023
5.20220320	2778
5.20220420	3029
5.20220527	2768
5.20220620	21474
