version	total
0.008	1954
0.006007	5014
0.008002	1840
0.008004	1716
0.008005	1348
0.008006	1329
0.008007	910
0.008008	537
0.008009	127
