version	total
0.204001	1847
0.204003	1829
0.206003	2270
0.207001	1535
0.207002	1507
0.207003	70
