version	total
4.161950	6127
4.201720	4325
