version	total
2.000002	4368
2.001000	29885
2.003004	136081
2.005004	13378
