version	total
0.008	1103
0.006007	3989
0.008002	976
0.008004	851
0.008005	531
0.008006	508
0.008007	68
