version	total
0.094002	1291
0.094003	700
