version	total
0.042	49428
1.000000	21528
1.002001	439495
1.002002	208807
