version	total
2.000002	3209
2.001000	24030
2.003004	70191
