version	total
1.100602	6009
1.100603	501
