version	total
0.042	53177
1.000000	21767
1.002001	456554
1.002002	234013
