version	total
0.000061	5701
0.000115	3945
0.000116	2728
0.000117	13841
