version	total
1.967013	24479
1.967015	101421
