version	total
4.161950	6056
4.201720	4112
