version	total
5.20180120	5221
5.20180626	4189
5.20180820	7668
5.20181130	3659
5.20181218	9815
5.20190420	4117
5.20190524	76713
5.20220120	1393
5.20220220	1460
5.20220313	1313
5.20220320	2063
5.20220420	2316
5.20220527	2053
5.20220620	14344
