version	total
0.000061	5504
0.000115	3769
0.000116	2551
0.000117	13482
