version	total
2.000001	30288
2.000006	23729
2.000008	135221
2.002004	20156
