version	total
4.161950	5958
4.201720	3817
