version	total
1.000005	19017
1.002002	6891
1.004002	5917
1.004003	3269
1.004004	98240
1.012004	928
1.012005	523
1.014000	487
1.016002	405
1.016006	539
