version	total
0.100052	6218
0.100054	834
0.100055	163
