version	total
0.042	55736
1.000000	21938
1.002001	461651
1.002002	239652
