version	total
0.204001	1470
0.204003	1452
0.206003	1835
0.207001	1125
0.207002	1100
