version	total
2.005001	18365
2.006003	147720
2.006006	24510
