version	total
4.161950	6680
4.201720	6574
