version	total
0.204001	1290
0.204003	1274
0.206003	1491
0.207001	940
0.207002	914
