version	total
2.000002	3416
2.001000	24702
2.003004	76419
