version	total
2.000001	21937
2.000006	18814
2.000008	45309
