version	total
1.000005	21539
1.002002	7469
1.004002	6510
1.004003	3859
1.004004	115116
1.012004	1483
1.012005	1077
1.014000	1043
1.016002	943
1.016006	1127
