version	total
0.094002	1869
0.094003	1269
