version	total
1.003008	5579
1.004000	5810
1.004003	2060
