version	total
1.302052	8565
1.302075	12682
1.302140	4967
1.302141	4269
1.302156	5207
1.302164	8196
1.302188	1929
1.302189	1702
1.302190	4428
