version	total
1.20141117	4169
1.20190531	1788
