version	total
1.302052	8556
1.302075	12668
1.302140	4959
1.302141	4261
1.302156	5199
1.302164	8180
1.302188	1920
1.302189	1692
1.302190	4407
