version	total
0.002005	4110
0.002006	3999
0.002009	1516
