version	total
0.004010	2891
0.004011	2440
