version	total
1.006900	21344
1.007002	100453
1.007003	16650
