version	total
1.302052	5504
1.302075	8842
1.302140	2905
1.302141	2211
1.302156	3107
1.302164	3149
