version	total
1.302052	8673
1.302075	12912
1.302140	5058
1.302141	4359
1.302156	5299
1.302164	8351
1.302188	2020
1.302189	1789
1.302190	4695
