version	total
2.000002	4901
2.001000	32629
2.003004	150409
2.005004	17168
