version	total
2.000002	4446
2.001000	30373
2.003004	138553
2.005004	13962
