version	total
2.120921	8666
2.150010	76636
