version	total
0.17024	20811
0.17027	67175
