version	total
5.20180120	5307
5.20180626	4271
5.20180820	7750
5.20181130	3739
5.20181218	9914
5.20190420	4200
5.20190524	77293
5.20220120	1469
5.20220220	1537
5.20220313	1389
5.20220320	2141
5.20220420	2393
5.20220527	2131
5.20220620	15215
