version	total
1.000019	3934
1.000033	11967
1.000036	41686
