version	total
1.302052	8961
1.302075	13474
1.302140	5280
1.302141	4576
1.302156	5520
1.302164	8773
1.302188	2238
1.302189	2003
1.302190	5473
