version	total
0.094002	1191
0.094003	599
