version	total
2.000024	7431
2.000028	2070
2.000029	4553
