version	total
0.000061	8625
0.000115	5698
0.000116	4483
0.000117	18063
0.000144	2064
0.000145	131528
