version	total
2.120921	8440
2.150010	71419
