version	total
0.094002	985
0.094003	388
