version	total
1.967013	23821
1.967015	96629
