version	total
1.967013	24330
1.967015	100599
