version	total
0.008	1785
0.006007	4835
0.008002	1671
0.008004	1547
0.008005	1183
0.008006	1164
0.008007	743
0.008008	351
