version	total
0.008	1089
0.006007	3973
0.008002	962
0.008004	837
0.008005	517
0.008006	494
0.008007	51
