version	total
0.000061	8642
0.000115	5704
0.000116	4489
0.000117	18076
0.000144	2070
0.000145	131991
