version	total
2.000001	31665
2.000006	24295
2.000008	141865
2.002004	24759
