version	total
4.161950	4550
4.201720	687
