version	total
1.000005	25087
1.002002	8378
1.004002	7414
1.004003	4770
1.004004	131945
1.012004	2376
1.012005	1966
1.014000	1937
1.016002	1827
1.016006	2130
