version	total
2.005001	14405
2.006003	65617
2.006006	34
