version	total
1.302052	8234
1.302075	12032
1.302140	4682
1.302141	3984
1.302156	4919
1.302164	7629
1.302188	1643
1.302189	1416
1.302190	3752
