version	total
2.120921	9133
2.150010	81907
