version	total
0.17024	23713
0.17027	104552
0.17029	1589
