version	total
2.120921	8701
2.150010	77037
