version	total
0.008	5234
0.006007	5835
0.008002	3925
0.008004	3776
0.008005	2078
0.008006	2056
0.008007	1641
0.008008	1265
0.008009	878
