version	total
0.008	1600
0.006007	4628
0.008002	1483
0.008004	1359
0.008005	999
0.008006	979
0.008007	558
0.008008	142
