version	total
2.005001	13543
2.006003	53916
