version	total
2.120921	9472
2.150010	85798
