version	total
0.042	45095
1.000000	21050
1.002001	385176
1.002002	178553
