version	total
0.100003	5023
0.100005	1865
0.100006	1279
