version	total
1.100602	6679
1.100603	1070
