version	total
1.94	146971
1.99	1892
2.000000	1696
2.001000	1314
2.002000	2287
2.002001	1071
