version	total
2.005001	17284
2.006003	137133
2.006006	18090
