version	total
1.999813	4152
1.999816	4305
1.999829	1558
1.999830	1465
1.999831	1389
1.999832	1379
1.999833	1380
1.999835	1377
1.999836	1314
1.999837	1313
1.999838	807
1.999839	592
1.999841	454
1.999842	447
2.000000	395
2.001000	358
2.001001	340
2.002000	323
2.002001	309
2.003001	257
2.003002	240
