version	total
2.000024	7798
2.000028	2300
2.000029	5493
