version	total
2.000001	27563
2.000006	22224
2.000008	120536
2.002004	15086
