version	total
2.005001	18225
2.006003	145827
2.006006	23224
