version	total
0.100003	3798
0.100005	733
0.100006	142
