version	total
1.302052	8260
1.302075	12078
1.302140	4704
1.302141	4006
1.302156	4942
1.302164	7688
1.302188	1665
1.302189	1438
1.302190	3802
