version	total
0.17024	26512
0.17027	121639
0.17029	2379
