version	total
0.008	4113
0.006007	5789
0.008002	3309
0.008004	3178
0.008005	2035
0.008006	2013
0.008007	1598
0.008008	1223
0.008009	831
