version	total
0.004010	4515
0.004011	4260
