version	total
0.002005	3513
0.002006	3362
0.002009	929
