version	total
1.94	144477
1.99	1763
2.000000	1568
2.001000	1187
2.002000	2148
2.002001	917
