version	total
2.120921	9740
2.150010	89843
