version	total
2.000002	5765
2.001000	36269
2.003004	167374
2.005004	27559
