version	total
1.967013	26819
1.967015	117861
