version	total
0.100003	3968
0.100005	876
0.100006	287
