version	total
1.20141117	4195
1.20190531	1814
