version	total
1.302052	8031
1.302075	11778
1.302140	4529
1.302141	3831
1.302156	4767
1.302164	7353
1.302188	1490
1.302189	1264
1.302190	3439
