version	total
0.042	40049
1.000000	19951
1.002001	163409
