version	total
0.042	45901
1.000000	21167
1.002001	409476
1.002002	188892
