version	total
0.100003	3065
0.100005	67
