version	total
1.302052	8532
1.302075	12634
1.302140	4938
1.302141	4240
1.302156	5178
1.302164	8143
1.302188	1899
1.302189	1671
1.302190	4348
