version	total
5.20180120	6206
5.20180626	5098
5.20180820	8580
5.20181130	4563
5.20181218	10913
5.20190420	5035
5.20190524	82546
5.20220120	2280
5.20220220	2348
5.20220313	2197
5.20220320	2956
5.20220420	3205
5.20220527	2941
5.20220620	23152
