version	total
1.999813	3193
1.999816	3268
1.999829	625
1.999830	530
1.999831	457
1.999832	443
1.999833	447
1.999835	443
1.999836	378
1.999837	377
