version	total
4.161950	5496
4.201720	1933
