version	total
1.003008	5413
1.004000	5633
1.004003	1903
