version	total
0.042	64966
1.000000	22295
1.002001	479719
1.002002	266144
