version	total
0.008	2403
0.006007	5497
0.008002	2291
0.008004	2166
0.008005	1784
0.008006	1762
0.008007	1346
0.008008	974
0.008009	575
