version	total
2.000001	22351
2.000006	19164
2.000008	49320
