version	total
0.004010	2843
0.004011	2381
