version	total
2.120921	7201
2.150010	27246
