version	total
4.161950	3688
4.201720	49
