version	total
2.005001	18543
2.006003	149491
2.006006	25960
