version	total
2.000002	4100
2.001000	28479
2.003004	120372
2.005004	11227
