version	total
1.003008	4535
1.004000	4729
1.004003	1066
