version	total
1.999813	4639
1.999816	4825
1.999829	2029
1.999830	1931
1.999831	1854
1.999832	1844
1.999833	1846
1.999835	1844
1.999836	1780
1.999837	1780
1.999838	1273
1.999839	1058
1.999841	920
1.999842	913
2.000000	885
2.001000	849
2.001001	831
2.002000	814
2.002001	800
2.003001	573
2.003002	556
2.003003	300
