version	total
0.000061	10433
0.000115	6423
0.000116	5205
0.000117	19540
0.000144	2777
0.000145	171868
0.000163	4965
