version	total
4.161950	6147
4.201720	4374
