version	total
1.967013	25110
1.967015	106222
