version	total
1.000019	6663
1.000033	15160
1.000036	89277
1.000037	18027
1.000038	17839
