version	total
1.967013	22203
1.967015	67266
