version	total
0.042	53014
1.000000	21759
1.002001	456216
1.002002	233681
