version	total
1.302052	8347
1.302075	12250
1.302140	4776
1.302141	4078
1.302156	5015
1.302164	7830
1.302188	1735
1.302189	1509
1.302190	3950
