version	total
0.008	1766
0.006007	4814
0.008002	1651
0.008004	1528
0.008005	1164
0.008006	1146
0.008007	724
0.008008	329
