version	total
2.005001	14489
2.006003	66823
2.006006	423
