version	total
1.967013	22599
1.967015	72418
