version	total
1.94	160098
1.99	2505
2.000000	2266
2.001000	1856
2.002000	2948
2.002001	1742
2.003000	668
