version	total
1.999813	4109
1.999816	4259
1.999829	1516
1.999830	1423
1.999831	1347
1.999832	1337
1.999833	1338
1.999835	1335
1.999836	1272
1.999837	1271
1.999838	765
1.999839	550
1.999841	412
1.999842	405
2.000000	353
2.001000	317
2.001001	299
2.002000	281
2.002001	267
2.003001	216
2.003002	198
