version	total
0.094002	2053
0.094003	1457
