version	total
2.000001	22213
2.000006	19051
2.000008	48068
