version	total
0.004010	2889
0.004011	2437
