version	total
5.20180120	6029
5.20180626	4943
5.20180820	8423
5.20181130	4409
5.20181218	10732
5.20190420	4879
5.20190524	81391
5.20220120	2130
5.20220220	2199
5.20220313	2049
5.20220320	2804
5.20220420	3054
5.20220527	2795
5.20220620	21857
