version	total
1.100602	6232
1.100603	669
