version	total
0.103004	8566
0.103005	1372
0.103006	668
