version	total
0.100052	7782
0.100054	1984
0.100055	1356
