version	total
1.000019	5191
1.000033	13558
1.000036	77729
1.000037	15350
