version	total
0.042	69141
1.000000	22651
1.002001	494368
1.002002	293313
