version	total
4.161950	6283
4.201720	4729
