version	total
0.008	1574
0.006007	4599
0.008002	1457
0.008004	1333
0.008005	974
0.008006	954
0.008007	533
0.008008	114
