version	total
5.20180120	6342
5.20180626	5210
5.20180820	8693
5.20181130	4675
5.20181218	11043
5.20190420	5146
5.20190524	83307
5.20220120	2384
5.20220220	2451
5.20220313	2300
5.20220320	3061
5.20220420	3309
5.20220527	3045
5.20220620	24067
