version	total
2.000001	30029
2.000006	23585
2.000008	134013
2.002004	19383
