version	total
1.967013	30809
1.967015	138384
