version	total
0.002005	2419
0.002006	1980
