version	total
1.94	137999
1.99	1453
2.000000	1262
2.001000	894
2.002000	1813
2.002001	513
