version	total
0.103004	9115
0.103005	1790
0.103006	1096
