version	total
1.100602	6198
1.100603	640
