version	total
0.004010	4697
0.004011	4447
