version	total
0.000061	7038
0.000115	4865
0.000116	3651
0.000117	16171
0.000144	1251
0.000145	32330
