version	total
1.000019	5689
1.000033	14075
1.000036	82120
1.000037	17055
1.000038	3587
