version	total
1.302052	8765
1.302075	13111
1.302140	5136
1.302141	4438
1.302156	5376
1.302164	8500
1.302188	2097
1.302189	1866
1.302190	4960
