version	total
1.006900	18752
1.007002	70441
