version	total
1.003008	4674
1.004000	4870
1.004003	1197
