version	total
0.000061	7456
0.000115	5078
0.000116	3864
0.000117	16647
0.000144	1449
0.000145	45272
