version	total
4.161950	7168
4.201720	8959
