version	total
1.967013	22372
1.967015	68964
