version	total
0.094002	860
0.094003	261
