version	total
1.003008	4176
1.004000	4354
1.004003	754
