version	total
2.000002	4007
2.001000	27930
2.003004	107018
2.005004	10111
