version	total
1.967013	26855
1.967015	118188
