version	total
1.967013	21565
1.967015	57493
