version	total
0.100003	3532
0.100005	489
