version	total
1.999813	3926
1.999816	4065
1.999829	1335
1.999830	1243
1.999831	1168
1.999832	1157
1.999833	1158
1.999835	1155
1.999836	1092
1.999837	1091
1.999838	586
1.999839	368
1.999841	232
1.999842	223
2.000000	164
2.001000	125
2.001001	107
2.002000	91
2.002001	77
2.003001	36
2.003002	14
