version	total
1.100602	5891
1.100603	402
