version	total
2.000001	22546
2.000006	19344
2.000008	52468
