version	total
2.000024	5529
2.000028	748
2.000029	864
