version	total
0.17024	28328
0.17027	130578
0.17029	2961
