version	total
1.94	136545
1.99	1396
2.000000	1205
2.001000	841
2.002000	1752
2.002001	443
