version	total
1.006900	18460
1.007002	68011
