version	total
5.20180120	3715
5.20180626	2814
5.20180820	6295
5.20181130	2345
5.20181218	8048
5.20190420	2737
5.20190524	43413
