version	total
0.000061	8894
0.000115	5812
0.000116	4597
0.000117	18329
0.000144	2180
0.000145	141792
