version	total
1.967013	29962
1.967015	134604
