version	total
2.005001	18658
2.006003	150623
2.006006	26659
