version	total
0.001011	24384
0.001013	80036
