version	total
0.002005	2666
0.002006	2288
0.002009	42
