version	total
0.094002	1699
0.094003	1102
