version	total
0.100052	6448
0.100054	939
0.100055	273
