version	total
0.204001	96
0.204003	79
0.206003	80
