version	total
1.000005	22264
1.002002	7674
1.004002	6713
1.004003	4063
1.004004	118496
1.012004	1684
1.012005	1277
1.014000	1245
1.016002	1145
1.016006	1346
