version	total
1.000019	4308
1.000033	12463
1.000036	47525
