version	total
2.000002	4563
2.001000	30946
2.003004	142107
2.005004	14763
