version	total
0.004010	4604
0.004011	4352
