version	total
1.302052	6955
1.302075	10274
1.302140	3834
1.302141	3139
1.302156	4055
1.302164	5698
1.302188	785
1.302189	595
1.302190	1723
