version	total
0.204001	574
0.204003	556
0.206003	645
0.207001	215
0.207002	190
