version	total
0.001011	23357
0.001013	64998
