version	total
1.999813	2751
1.999816	2775
1.999829	186
1.999830	89
1.999831	3
