version	total
1.20141117	4934
1.20190531	2483
