version	total
1.302052	8442
1.302075	12447
1.302140	4856
1.302141	4158
1.302156	5096
1.302164	7997
1.302188	1814
1.302189	1588
1.302190	4159
