version	total
1.967013	22363
1.967015	68852
