version	total
1.999813	2520
1.999816	2503
