version	total
0.042	47789
1.000000	21376
1.002001	427864
1.002002	200358
