version	total
0.100003	5441
0.100005	2219
0.100006	1635
