version	total
0.001011	23386
0.001013	65215
