version	total
0.204001	195
0.204003	176
0.206003	195
