version	total
1.006900	28478
1.007002	134526
1.007003	70277
