version	total
1.20141117	3561
1.20190531	1202
