version	total
1.967013	30761
1.967015	138190
