version	total
1.006900	18895
1.007002	71914
