version	total
0.17024	28483
0.17027	131237
0.17029	3009
