version	total
0.002005	4108
0.002006	3997
0.002009	1514
