version	total
1.967013	30856
1.967015	138578
