version	total
1.000005	23843
1.002002	8079
1.004002	7119
1.004003	4469
1.004004	126783
1.012004	2087
1.012005	1679
1.014000	1648
1.016002	1544
1.016006	1800
