version	total
0.000061	6858
0.000115	4743
0.000116	3528
0.000117	15935
0.000144	1128
0.000145	23991
