version	total
0.100052	7944
0.100054	2124
0.100055	1502
