version	total
0.204001	1359
0.204003	1341
0.206003	1641
0.207001	1007
0.207002	982
