version	total
2.000001	31475
2.000006	24208
2.000008	141159
2.002004	24212
