version	total
2.005001	17197
2.006003	136443
2.006006	17883
