version	total
5.20180120	5326
5.20180626	4290
5.20180820	7769
5.20181130	3758
5.20181218	9941
5.20190420	4220
5.20190524	77370
5.20220120	1488
5.20220220	1556
5.20220313	1408
5.20220320	2160
5.20220420	2412
5.20220527	2150
5.20220620	15336
