version	total
0.103004	9691
0.103005	2270
0.103006	1583
