version	total
0.001011	24011
0.001013	73717
