version	total
1.302052	6952
1.302075	10271
1.302140	3832
1.302141	3137
1.302156	4053
1.302164	5692
1.302188	783
1.302189	593
1.302190	1721
