version	total
0.100003	3888
0.100005	809
0.100006	219
