version	total
0.008	1291
0.006007	4245
0.008002	1164
0.008004	1042
0.008005	706
0.008006	685
0.008007	258
