version	total
0.008	1697
0.006007	4741
0.008002	1580
0.008004	1457
0.008005	1095
0.008006	1076
0.008007	654
0.008008	248
