version	total
0.008	2536
0.006007	5646
0.008002	2424
0.008004	2299
0.008005	1910
0.008006	1887
0.008007	1472
0.008008	1099
0.008009	704
