version	total
0.204001	2100
0.204003	2078
0.206003	2839
0.207001	2064
0.207002	2036
0.207003	607
