version	total
0.100052	6830
0.100054	1200
0.100055	554
