version	total
0.103004	8792
0.103005	1533
0.103006	832
