version	total
0.094002	1139
0.094003	546
