version	total
1.100602	6756
1.100603	1145
