version	total
2.120921	7340
2.150010	28637
