version	total
0.103004	9408
0.103005	2037
0.103006	1349
