version	total
0.004010	2978
0.004011	2546
