version	total
0.000061	7011
0.000115	4849
0.000116	3635
0.000117	16132
0.000144	1233
0.000145	31655
