version	total
2.120921	8284
2.150010	52478
