version	total
2.000024	6440
2.000028	1313
2.000029	2222
