version	total
2.000002	4079
2.001000	28364
2.003004	111617
2.005004	10713
