version	total
1.003008	5696
1.004000	5929
1.004003	2159
