version	total
0.204001	257
0.204003	238
0.206003	284
