version	total
0.001011	30122
0.001013	177886
