version	total
0.094002	1434
0.094003	839
