version	total
1.302052	7601
1.302075	11163
1.302140	4245
1.302141	3549
1.302156	4480
1.302164	6722
1.302188	1191
1.302189	995
1.302190	2670
