version	total
2.005001	15668
2.006003	94432
2.006006	10533
