version	total
4.161950	7258
4.201720	9382
