version	total
1.003008	5036
1.004000	5250
1.004003	1547
