version	total
0.000061	8988
0.000115	5849
0.000116	4634
0.000117	18404
0.000144	2216
0.000145	144265
