version	total
0.008	552
0.006007	3228
0.008002	416
0.008004	272
