version	total
2.120921	8926
2.150010	79575
