version	total
2.000002	5818
2.001000	36536
2.003004	168377
2.005004	28150
