version	total
2.120921	9745
2.150010	89875
