version	total
2.000001	32653
2.000006	24707
2.000008	145495
2.002004	27428
