version	total
0.008	5051
0.006007	5826
0.008002	3836
0.008004	3690
0.008005	2070
0.008006	2048
0.008007	1634
0.008008	1258
0.008009	871
