version	total
0.000061	7616
0.000115	5165
0.000116	3953
0.000117	16825
0.000144	1546
0.000145	52692
