version	total
1.20141117	3401
1.20190531	1049
