version	total
0.042	48643
1.000000	21468
1.002001	434590
1.002002	205419
