version	total
1.000019	6865
1.000033	15343
1.000036	90438
1.000037	18184
1.000038	20538
