version	total
0.004010	4192
0.004011	3918
