version	total
1.000005	19669
1.002002	7026
1.004002	6059
1.004003	3411
1.004004	102641
1.012004	1063
1.012005	657
1.014000	623
1.016002	534
1.016006	678
