version	total
1.999813	2457
1.999816	2439
