version	total
1.999813	3640
1.999816	3765
1.999829	1062
1.999830	967
1.999831	894
1.999832	880
1.999833	884
1.999835	880
1.999836	815
1.999837	816
1.999838	310
1.999839	91
