version	total
1.302052	5346
1.302075	8696
1.302140	2774
1.302141	2080
1.302156	2972
1.302164	2957
