version	total
0.001011	31748
0.001013	190763
