version	total
0.204001	531
0.204003	512
0.206003	593
0.207001	168
0.207002	145
