version	total
1.100602	5504
1.100603	166
