version	total
2.005001	13688
2.006003	55404
