version	total
0.100052	7438
0.100054	1692
0.100055	1059
