version	total
1.967013	26329
1.967015	114504
