version	total
1.000019	6374
1.000033	14861
1.000036	87287
1.000037	17773
1.000038	13422
