version	total
0.204001	118
0.204003	101
0.206003	105
