version	total
2.000024	6914
2.000028	1680
2.000029	3144
