version	total
2.120921	7505
2.150010	30733
