version	total
0.004010	5232
0.004011	5014
