version	total
2.000024	6804
2.000028	1596
2.000029	2922
