version	total
0.103004	9637
0.103005	2226
0.103006	1543
