version	total
1.006900	28944
1.007002	136044
1.007003	74440
