version	total
1.006900	24163
1.007002	117634
1.007003	37368
