version	total
1.967013	24177
1.967015	99248
