version	total
0.103004	9867
0.103005	2400
0.103006	1755
