version	total
0.100052	6808
0.100054	1177
0.100055	532
