version	total
0.103004	9823
0.103005	2369
0.103006	1721
