version	total
0.001011	29944
0.001013	176685
