version	total
1.999813	2178
1.999816	2109
