version	total
2.000002	5374
2.001000	34489
2.003004	159978
2.005004	22801
