version	total
1.000005	16864
1.002002	6174
1.004002	5221
1.004003	2570
1.004004	65812
