version	total
2.120921	9437
2.150010	85340
