version	total
0.004010	5220
0.004011	4999
