version	total
0.004010	5302
0.004011	5088
