version	total
0.17024	27626
0.17027	127345
0.17029	2739
