version	total
1.967013	21733
1.967015	59836
