version	total
1.94	132194
1.99	1281
2.000000	1099
2.001000	737
2.002000	1639
2.002001	298
