version	total
0.100052	7898
0.100054	2085
0.100055	1461
