version	total
1.967013	26605
1.967015	116581
