version	total
4.161950	5768
4.201720	2923
