version	total
4.161950	5002
4.201720	1104
