version	total
1.967013	22353
1.967015	68785
