version	total
2.120921	7452
2.150010	29981
