version	total
0.004010	4799
0.004011	4550
