version	total
1.000019	5061
1.000033	13418
1.000036	68593
1.000037	13569
