version	total
1.999813	3592
1.999816	3709
1.999829	1013
1.999830	918
1.999831	845
1.999832	831
1.999833	835
1.999835	831
1.999836	766
1.999837	767
1.999838	262
1.999839	36
