version	total
2.000002	4873
2.001000	32549
2.003004	150173
2.005004	17041
