version	total
1.94	124342
1.99	1026
2.000000	869
2.001000	524
2.002000	1358
