version	total
2.005001	14135
2.006003	62347
