version	total
1.302052	8149
1.302075	11934
1.302140	4617
1.302141	3919
1.302156	4854
1.302164	7501
1.302188	1578
1.302189	1351
1.302190	3637
