version	total
1.006900	19089
1.007002	73080
