version	total
0.004010	4306
0.004011	4042
