version	total
0.204001	1898
0.204003	1880
0.206003	2363
0.207001	1623
0.207002	1596
0.207003	159
