version	total
2.120921	8680
2.150010	76822
