version	total
1.006900	24171
1.007002	117648
1.007003	37409
