version	total
1.967013	21677
1.967015	58926
