version	total
0.001011	24213
0.001013	76932
