version	total
1.999813	2448
1.999816	2430
