version	total
0.100052	6794
0.100054	1165
0.100055	520
