version	total
1.967013	30257
1.967015	136060
