version	total
1.000019	6201
1.000033	14670
1.000036	86011
1.000037	17598
1.000038	10037
