version	total
0.004010	4525
0.004011	4270
