version	total
1.302052	8791
1.302075	13159
1.302140	5155
1.302141	4457
1.302156	5397
1.302164	8535
1.302188	2116
1.302189	1885
1.302190	5031
