version	total
0.004010	5258
0.004011	5041
