version	total
0.100052	6116
0.100054	770
0.100055	95
