version	total
0.103004	7819
0.103005	925
0.103006	192
