version	total
1.003008	5301
1.004000	5521
1.004003	1801
