version	total
0.103004	8588
0.103005	1392
0.103006	687
