version	total
1.302052	8025
1.302075	11770
1.302140	4525
1.302141	3827
1.302156	4763
1.302164	7345
1.302188	1486
1.302189	1260
1.302190	3429
