version	total
0.103004	9462
0.103005	2085
0.103006	1398
