version	total
0.042	63661
1.000000	22195
1.002001	474899
1.002002	258137
