version	total
1.967013	21770
1.967015	60368
