version	total
0.002005	2632
0.002006	2234
