version	total
0.001011	31643
0.001013	189705
