version	total
1.006900	22278
1.007002	106628
1.007003	23010
