version	total
1.20141117	4520
1.20190531	2131
