version	total
0.002005	3593
0.002006	3460
0.002009	1011
