version	total
0.204001	979
0.204003	962
0.206003	1123
0.207001	627
0.207002	602
