version	total
0.000061	9466
0.000115	6050
0.000116	4835
0.000117	18765
0.000144	2417
0.000145	151215
0.000163	165
