version	total
1.006900	18362
1.007002	66905
