version	total
0.100052	8108
0.100054	2224
0.100055	1609
