version	total
0.002005	4126
0.002006	4015
0.002009	1532
