version	total
0.204001	1566
0.204003	1548
0.206003	1942
0.207001	1227
0.207002	1200
