version	total
1.006900	18950
1.007002	72268
