version	total
1.999813	4599
1.999816	4782
1.999829	1991
1.999830	1894
1.999831	1818
1.999832	1808
1.999833	1810
1.999835	1808
1.999836	1744
1.999837	1743
1.999838	1237
1.999839	1022
1.999841	884
1.999842	877
2.000000	840
2.001000	804
2.001001	786
2.002000	769
2.002001	754
2.003001	552
2.003002	535
2.003003	279
