version	total
0.100003	4031
0.100005	935
0.100006	345
