version	total
1.003008	3260
1.004000	3136
