version	total
0.17024	20870
0.17027	67642
