version	total
2.000002	3664
2.001000	25912
2.003004	85521
2.005004	2874
