version	total
2.000024	7793
2.000028	2297
2.000029	5490
