version	total
0.004010	4645
0.004011	4395
