version	total
1.999813	3297
1.999816	3386
1.999829	724
1.999830	629
1.999831	556
1.999832	542
1.999833	546
1.999835	542
1.999836	477
1.999837	478
