version	total
1.302052	6083
1.302075	9427
1.302140	3357
1.302141	2662
1.302156	3565
1.302164	4492
1.302188	305
1.302189	118
1.302190	136
