version	total
0.042	47221
1.000000	21312
1.002001	422903
1.002002	196689
