version	total
1.000005	24917
1.002002	8332
1.004002	7368
1.004003	4721
1.004004	131419
1.012004	2331
1.012005	1922
1.014000	1891
1.016002	1784
1.016006	2085
