version	total
1.999813	2459
1.999816	2441
