version	total
2.000024	7710
2.000028	2252
2.000029	5219
