version	total
0.000061	8308
0.000115	5521
0.000116	4306
0.000117	17633
0.000144	1887
0.000145	121200
