version	total
2.000002	5078
2.001000	33236
2.003004	153076
2.005004	18277
