version	total
1.302052	7594
1.302075	11157
1.302140	4241
1.302141	3546
1.302156	4477
1.302164	6717
1.302188	1187
1.302189	991
1.302190	2664
