version	total
2.000024	7580
2.000028	2176
2.000029	4950
