version	total
0.204001	1477
0.204003	1460
0.206003	1844
0.207001	1132
0.207002	1107
