version	total
1.302052	9012
1.302075	13571
1.302140	5324
1.302141	4619
1.302156	5563
1.302164	8854
1.302188	2281
1.302189	2046
1.302190	5636
