version	total
2.000001	26566
2.000006	21756
2.000008	114019
2.002004	13367
