version	total
2.005001	16298
2.006003	123282
2.006006	14186
