version	total
1.302052	7326
1.302075	10759
1.302140	4071
1.302141	3376
1.302156	4302
1.302164	6311
1.302188	1015
1.302189	823
1.302190	2242
