version	total
0.103004	8493
0.103005	1306
0.103006	601
