version	total
1.000019	5996
1.000033	14432
1.000036	84331
1.000037	17381
1.000038	6892
