version	total
0.204001	864
0.204003	847
0.206003	995
0.207001	513
0.207002	487
