version	total
2.005001	17966
2.006003	142481
2.006006	20854
