version	total
5.20180120	6234
5.20180626	5122
5.20180820	8604
5.20181130	4589
5.20181218	10941
5.20190420	5059
5.20190524	82655
5.20220120	2303
5.20220220	2371
5.20220313	2220
5.20220320	2979
5.20220420	3229
5.20220527	2964
5.20220620	23290
