version	total
0.17024	24473
0.17027	109429
0.17029	1776
