version	total
2.005001	18562
2.006003	149762
2.006006	26146
