version	total
1.999813	2296
1.999816	2240
