version	total
2.120921	7193
2.150010	27158
