version	total
0.103004	8372
0.103005	1214
0.103006	505
