version	total
2.120921	7361
2.150010	28838
