version	total
1.006900	18556
1.007002	68805
