version	total
2.000001	33628
2.000006	25010
2.000008	148712
2.002004	29325
