version	total
1.967013	29500
1.967015	132432
