version	total
1.967013	21826
1.967015	61200
