version	total
0.042	68418
1.000000	22584
1.002001	491927
1.002002	289151
