version	total
2.005001	18191
2.006003	145381
2.006006	22872
