version	total
0.17024	24865
0.17027	112431
0.17029	1880
