version	total
1.999813	3744
1.999816	3874
1.999829	1158
1.999830	1063
1.999831	990
1.999832	977
1.999833	979
1.999835	975
1.999836	912
1.999837	912
1.999838	406
1.999839	187
1.999841	53
1.999842	40
