version	total
0.100052	6892
0.100054	1248
0.100055	606
