version	total
2.000024	5801
2.000028	878
2.000029	1059
