version	total
0.004010	3676
0.004011	3347
