version	total
1.100602	6816
1.100603	1198
