version	total
0.042	44990
1.000000	21038
1.002001	384182
1.002002	177782
