version	total
1.94	134600
1.99	1344
2.000000	1156
2.001000	790
2.002000	1707
2.002001	384
