version	total
1.000005	22376
1.002002	7715
1.004002	6754
1.004003	4104
1.004004	119157
1.012004	1725
1.012005	1318
1.014000	1286
1.016002	1185
1.016006	1390
