version	total
1.20141117	4880
1.20190531	2441
