version	total
2.005001	15935
2.006003	108881
2.006006	12032
