version	total
2.000002	3333
2.001000	24435
2.003004	74457
