version	total
0.100003	4867
0.100005	1722
0.100006	1137
