version	total
0.004010	4710
0.004011	4460
