version	total
2.000001	33429
2.000006	24958
2.000008	148097
2.002004	28945
