version	total
2.000001	31821
2.000006	24372
2.000008	142437
2.002004	25219
