version	total
2.120921	9474
2.150010	85841
