version	total
0.002005	3941
0.002006	3826
0.002009	1350
