version	total
0.042	56445
1.000000	21965
1.002001	462613
1.002002	240563
