version	total
2.120921	8569
2.150010	75596
