version	total
2.005001	18904
2.006003	152911
2.006006	28042
