version	total
2.000024	7804
2.000028	2306
2.000029	5518
