version	total
1.94	147983
1.99	1932
2.000000	1735
2.001000	1350
2.002000	2326
2.002001	1126
