version	total
0.100052	7336
0.100054	1595
0.100055	959
