version	total
0.000061	8195
0.000115	5481
0.000116	4267
0.000117	17534
0.000144	1849
0.000145	117537
