version	total
0.001011	33777
0.001013	205255
