version	total
0.204001	2052
0.204003	2031
0.206003	2715
0.207001	1951
0.207002	1923
0.207003	489
