version	total
0.008	3832
0.006007	5778
0.008002	3163
0.008004	3029
0.008005	2025
0.008006	2003
0.008007	1588
0.008008	1213
0.008009	821
