version	total
5.20180120	3775
5.20180626	2872
5.20180820	6350
5.20181130	2381
5.20181218	8127
5.20190420	2794
5.20190524	44063
