version	total
1.100602	5802
1.100603	333
