version	total
0.094002	1534
0.094003	940
