version	total
1.967013	24833
1.967015	104296
