version	total
1.100602	6315
1.100603	733
