version	total
1.302052	6887
1.302075	10228
1.302140	3808
1.302141	3113
1.302156	4028
1.302164	5638
1.302188	759
1.302189	569
1.302190	1656
