version	total
0.17024	23907
0.17027	105773
0.17029	1634
