version	total
2.000002	3973
2.001000	27705
2.003004	105982
2.005004	9887
