version	total
1.999813	3528
1.999816	3641
1.999829	950
1.999830	855
1.999831	782
1.999832	768
1.999833	772
1.999835	768
1.999836	703
1.999837	704
1.999838	197
