version	total
1.967013	21824
1.967015	61127
