version	total
1.94	123940
1.99	1012
2.000000	857
2.001000	513
2.002000	1343
