version	total
2.120921	7651
2.150010	32725
