version	total
1.000019	4061
1.000033	12125
1.000036	43352
