version	total
0.008	1184
0.006007	4097
0.008002	1057
0.008004	933
0.008005	607
0.008006	585
0.008007	153
