version	total
0.17024	25557
0.17027	116999
0.17029	2067
