version	total
1.006900	28007
1.007002	133082
1.007003	66556
