version	total
1.000019	5262
1.000033	13630
1.000036	78327
1.000037	15965
