version	total
0.103004	9135
0.103005	1806
0.103006	1112
