version	total
0.004010	3080
0.004011	2664
