version	total
2.000024	5656
2.000028	783
2.000029	914
