version	total
2.005001	15913
2.006003	108513
2.006006	11961
