version	total
2.000001	22512
2.000006	19301
2.000008	51812
