version	total
0.008	1343
0.006007	4315
0.008002	1216
0.008004	1095
0.008005	754
0.008006	734
0.008007	307
