version	total
1.003008	5497
1.004000	5722
1.004003	1980
