version	total
0.042	41364
1.000000	20297
1.002001	232139
