version	total
0.000061	5370
0.000115	3653
0.000116	2433
0.000117	13251
