version	total
1.000019	6773
1.000033	15263
1.000036	89823
1.000037	18118
1.000038	19022
