version	total
1.000005	21315
1.002002	7416
1.004002	6457
1.004003	3806
1.004004	113882
1.012004	1436
1.012005	1030
1.014000	996
1.016002	896
1.016006	1074
