version	total
0.000061	8507
0.000115	5638
0.000116	4423
0.000117	17939
0.000144	2005
0.000145	126707
