version	total
5.20180120	3688
5.20180626	2789
5.20180820	6270
5.20181130	2323
5.20181218	8011
5.20190420	2712
5.20190524	42991
