version	total
1.302052	5689
1.302075	9039
1.302140	3061
1.302141	2365
1.302156	3261
1.302164	3545
