version	total
1.003008	4942
1.004000	5148
1.004003	1452
