version	total
2.005001	18836
2.006003	152206
2.006006	27587
