version	total
0.100003	3904
0.100005	826
0.100006	235
