version	total
0.004010	4066
0.004011	3781
