version	total
0.000061	9736
0.000115	6171
0.000116	4953
0.000117	19018
0.000144	2533
0.000145	155285
0.000163	285
