version	total
1.302052	6973
1.302075	10302
1.302140	3846
1.302141	3151
1.302156	4068
1.302164	5730
1.302188	797
1.302189	607
1.302190	1754
