version	total
2.005001	16954
2.006003	133611
2.006006	17008
