version	total
1.20141117	4758
1.20190531	2345
