version	total
0.001011	27770
0.001013	158095
