version	total
2.005001	13331
2.006003	51301
