version	total
0.204001	115
0.204003	98
0.206003	101
