version	total
0.100003	4579
0.100005	1442
0.100006	856
