version	total
5.20180120	4731
5.20180626	3742
5.20180820	7223
5.20181130	3224
5.20181218	9283
5.20190420	3670
5.20190524	73366
5.20220120	970
5.20220220	1034
5.20220313	891
5.20220320	1637
5.20220420	1890
5.20220527	1632
5.20220620	11645
