version	total
2.000002	5721
2.001000	35919
2.003004	165985
2.005004	26854
