version	total
0.204001	2082
0.204003	2061
0.206003	2789
0.207001	2020
0.207002	1991
0.207003	562
