version	total
2.000024	6407
2.000028	1292
2.000029	2167
