version	total
0.001011	31015
0.001013	183818
