version	total
1.967013	29176
1.967015	130634
