version	total
4.161950	5287
4.201720	1786
