version	total
1.302052	5930
1.302075	9278
1.302140	3250
1.302141	2552
1.302156	3452
1.302164	4305
1.302188	101
