version	total
2.120921	8309
2.150010	53043
