version	total
1.000019	5204
1.000033	13571
1.000036	77815
1.000037	15464
