version	total
1.967013	22348
1.967015	68727
