version	total
0.001011	28150
0.001013	161282
