version	total
0.103004	9172
0.103005	1842
0.103006	1149
