version	total
0.004010	2827
0.004011	2365
