version	total
4.161950	6493
4.201720	5753
