version	total
2.120921	9451
2.150010	85534
