version	total
0.100052	7959
0.100054	2135
0.100055	1513
