version	total
0.000061	8486
0.000115	5625
0.000116	4410
0.000117	17904
0.000144	1992
0.000145	125949
