version	total
0.002005	2572
0.002006	2136
