version	total
1.000005	24546
1.002002	8245
1.004002	7283
1.004003	4634
1.004004	129794
1.012004	2248
1.012005	1838
1.014000	1807
1.016002	1700
1.016006	1988
