version	total
0.001011	33091
0.001013	201346
