version	total
2.000024	5922
2.000028	947
2.000029	1167
