version	total
1.006900	25536
1.007002	123888
1.007003	48242
