version	total
1.100602	5514
1.100603	176
