version	total
2.000001	22006
2.000006	18876
2.000008	45942
