version	total
2.000024	6620
2.000028	1451
2.000029	2594
