version	total
1.100602	5624
1.100603	237
