version	total
0.000061	5531
0.000115	3794
0.000116	2576
0.000117	13540
