version	total
2.120921	9151
2.150010	82068
