version	total
2.000002	3286
2.001000	24317
2.003004	72625
