version	total
0.17024	20330
0.17027	59497
