version	total
1.999813	4492
1.999816	4665
1.999829	1888
1.999830	1793
1.999831	1716
1.999832	1707
1.999833	1708
1.999835	1706
1.999836	1642
1.999837	1642
1.999838	1135
1.999839	920
1.999841	782
1.999842	775
2.000000	731
2.001000	695
2.001001	677
2.002000	659
2.002001	645
2.003001	495
2.003002	478
2.003003	218
