version	total
0.000061	9614
0.000115	6119
0.000116	4901
0.000117	18900
0.000144	2484
0.000145	153768
0.000163	233
