version	total
1.000005	24491
1.002002	8232
1.004002	7271
1.004003	4620
1.004004	129550
1.012004	2236
1.012005	1826
1.014000	1795
1.016002	1689
1.016006	1971
