version	total
1.20141117	5042
1.20190531	2538
