version	total
1.000005	23037
1.002002	7883
1.004002	6921
1.004003	4272
1.004004	122311
1.012004	1894
1.012005	1486
1.014000	1455
1.016002	1353
1.016006	1581
