version	total
2.005001	16927
2.006003	133262
2.006006	16873
