version	total
4.161950	3729
4.201720	72
