version	total
2.000002	4613
2.001000	31225
2.003004	143925
2.005004	15238
