version	total
1.006900	19420
1.007002	75825
1.007003	1124
