version	total
2.000002	4638
2.001000	31367
2.003004	144567
2.005004	15392
