version	total
0.000061	7798
0.000115	5268
0.000116	4055
0.000117	17017
0.000144	1648
0.000145	61735
