version	total
1.999813	4688
1.999816	4887
1.999829	2069
1.999830	1973
1.999831	1895
1.999832	1886
1.999833	1888
1.999835	1885
1.999836	1821
1.999837	1823
1.999838	1314
1.999839	1099
1.999841	960
1.999842	955
2.000000	936
2.001000	902
2.001001	885
2.002000	865
2.002001	852
2.003001	597
2.003002	578
2.003003	323
2.003004	31
