version	total
0.204001	98
0.204003	81
0.206003	83
