version	total
2.000002	4475
2.001000	30501
2.003004	139248
2.005004	14142
