version	total
1.999813	3617
1.999816	3740
1.999829	1039
1.999830	944
1.999831	871
1.999832	857
1.999833	861
1.999835	857
1.999836	792
1.999837	793
1.999838	287
1.999839	67
