version	total
0.042	66026
1.000000	22387
1.002001	484005
1.002002	273235
