version	total
0.17024	20552
0.17027	63034
