version	total
2.005001	18584
2.006003	149909
2.006006	26252
