version	total
0.004010	4599
0.004011	4347
