version	total
0.17024	23420
0.17027	102643
0.17029	1517
