version	total
1.006900	18561
1.007002	68825
