version	total
0.100003	3849
0.100005	779
0.100006	187
