version	total
2.120921	9314
2.150010	83635
