version	total
1.000019	5837
1.000033	14254
1.000036	83407
1.000037	17219
1.000038	5481
