version	total
2.000002	5171
2.001000	33660
2.003004	155251
2.005004	19595
