version	total
0.000061	8341
0.000115	5538
0.000116	4323
0.000117	17686
0.000144	1905
0.000145	122253
