version	total
0.002005	2409
0.002006	1970
