version	total
1.000005	22191
1.002002	7656
1.004002	6695
1.004003	4044
1.004004	118208
1.012004	1663
1.012005	1256
1.014000	1226
1.016002	1127
1.016006	1325
