version	total
0.008	277
0.006007	2922
0.008002	125
