version	total
0.204001	1934
0.204003	1916
0.206003	2437
0.207001	1694
0.207002	1667
0.207003	231
