version	total
1.20141117	4239
1.20190531	1858
