version	total
1.006900	21135
1.007002	99442
1.007003	15408
