version	total
1.000019	6571
1.000033	15066
1.000036	88548
1.000037	17945
1.000038	16600
