version	total
0.103004	9775
0.103005	2332
0.103006	1678
