version	total
0.004010	4030
0.004011	3735
