version	total
2.000001	22346
2.000006	19162
2.000008	49263
