version	total
0.042	67470
1.000000	22501
1.002001	488934
1.002002	283861
