version	total
0.103004	7477
0.103005	707
