version	total
1.000019	6677
1.000033	15175
1.000036	89360
1.000037	18037
1.000038	18012
