version	total
2.000002	3189
2.001000	23995
2.003004	69679
