version	total
1.000019	6061
1.000033	14504
1.000036	84903
1.000037	17449
1.000038	7560
