version	total
0.17024	26824
0.17027	123018
0.17029	2482
