version	total
1.999813	2375
1.999816	2347
