version	total
5.20180120	6185
5.20180626	5081
5.20180820	8563
5.20181130	4546
5.20181218	10896
5.20190420	5018
5.20190524	82470
5.20220120	2264
5.20220220	2332
5.20220313	2181
5.20220320	2940
5.20220420	3188
5.20220527	2925
5.20220620	23077
