version	total
1.006900	26054
1.007002	125325
1.007003	50516
