version	total
0.103004	7783
0.103005	897
0.103006	166
