version	total
0.100003	4989
0.100005	1836
0.100006	1250
