version	total
0.008	911
0.006007	3757
0.008002	784
0.008004	658
0.008005	348
0.008006	303
