version	total
0.008	1085
0.006007	3967
0.008002	958
0.008004	833
0.008005	513
0.008006	490
0.008007	45
