version	total
1.94	129181
1.99	1187
2.000000	1011
2.001000	654
2.002000	1540
2.002001	103
