version	total
2.000024	7526
2.000028	2134
2.000029	4781
