version	total
4.161950	6661
4.201720	6503
