version	total
2.120921	9807
2.150010	90814
