version	total
2.000024	5339
2.000028	631
2.000029	683
