version	total
0.000061	8298
0.000115	5517
0.000116	4302
0.000117	17619
0.000144	1883
0.000145	120724
