version	total
1.003008	5326
1.004000	5547
1.004003	1824
