version	total
0.204001	1031
0.204003	1014
0.206003	1184
0.207001	681
0.207002	656
