version	total
0.008	1387
0.006007	4371
0.008002	1260
0.008004	1139
0.008005	795
0.008006	776
0.008007	353
