version	total
0.100003	5335
0.100005	2135
0.100006	1549
