version	total
0.204001	84
0.204003	66
0.206003	70
