version	total
0.100003	3162
0.100005	153
