version	total
0.001011	31774
0.001013	191087
