version	total
1.100602	7313
1.100603	1644
