version	total
2.005001	16565
2.006003	127637
2.006006	15365
