version	total
0.001011	23958
0.001013	72752
