version	total
2.005001	18150
2.006003	144974
2.006006	22545
