version	total
1.999813	4154
1.999816	4307
1.999829	1560
1.999830	1467
1.999831	1391
1.999832	1381
1.999833	1382
1.999835	1379
1.999836	1316
1.999837	1315
1.999838	809
1.999839	594
1.999841	456
1.999842	449
2.000000	397
2.001000	360
2.001001	342
2.002000	325
2.002001	311
2.003001	259
2.003002	242
