version	total
2.000024	7041
2.000028	1789
2.000029	3525
