version	total
1.302052	5944
1.302075	9293
1.302140	3261
1.302141	2563
1.302156	3463
1.302164	4323
1.302188	138
