version	total
1.94	98931
1.99	505
2.000000	388
2.001000	106
2.002000	278
