version	total
2.120921	8765
2.150010	77704
