version	total
0.042	40567
1.000000	20088
1.002001	173223
