version	total
1.94	121899
1.99	945
2.000000	797
2.001000	460
2.002000	1269
