version	total
5.20180120	6154
5.20180626	5055
5.20180820	8536
5.20181130	4520
5.20181218	10867
5.20190420	4991
5.20190524	82331
5.20220120	2239
5.20220220	2307
5.20220313	2158
5.20220320	2915
5.20220420	3164
5.20220527	2901
5.20220620	22883
