version	total
0.001011	33926
0.001013	206187
