version	total
1.000019	6468
1.000033	14967
1.000036	87906
1.000037	17858
1.000038	14905
