version	total
1.302052	8770
1.302075	13117
1.302140	5138
1.302141	4440
1.302156	5379
1.302164	8507
1.302188	2099
1.302189	1868
1.302190	4979
