version	total
0.000061	8581
0.000115	5673
0.000116	4458
0.000117	18023
0.000144	2040
0.000145	129456
