version	total
0.094002	1141
0.094003	548
