version	total
1.967013	21991
1.967015	64070
