version	total
1.967013	29210
1.967015	130781
