version	total
1.100602	6410
1.100603	825
