version	total
1.006900	25081
1.007002	122123
1.007003	45181
