version	total
1.100602	7189
1.100603	1541
