version	total
0.100052	6148
0.100054	790
0.100055	118
