version	total
1.006900	18547
1.007002	68775
