version	total
0.002005	2646
0.002006	2267
