version	total
0.008	4278
0.006007	5795
0.008002	3399
0.008004	3263
0.008005	2040
0.008006	2018
0.008007	1603
0.008008	1228
0.008009	836
