version	total
1.20141117	3498
1.20190531	1146
