version	total
0.000061	7625
0.000115	5167
0.000116	3955
0.000117	16831
0.000144	1548
0.000145	52769
