version	total
4.161950	7300
4.201720	9564
