version	total
0.100003	4530
0.100005	1397
0.100006	811
