version	total
0.008	1498
0.006007	4506
0.008002	1375
0.008004	1254
0.008005	900
0.008006	881
0.008007	460
0.008008	29
