version	total
2.000024	6229
2.000028	1151
2.000029	1818
