version	total
1.967013	24338
1.967015	100653
