version	total
1.100602	5534
1.100603	189
