version	total
0.100003	3572
0.100005	525
