version	total
1.100602	7033
1.100603	1403
