version	total
2.000002	4032
2.001000	28091
2.003004	108096
2.005004	10306
