version	total
0.001011	32403
0.001013	196197
