version	total
0.204001	2136
0.204003	2115
0.206003	2996
0.207001	2185
0.207002	2156
0.207003	728
