version	total
2.000001	22524
2.000006	19315
2.000008	52051
