version	total
0.17024	26026
0.17027	119738
0.17029	2197
