version	total
1.000005	16433
1.002002	5902
1.004002	4951
1.004003	2299
1.004004	59251
