version	total
1.999813	4431
1.999816	4600
1.999829	1831
1.999830	1737
1.999831	1661
1.999832	1651
1.999833	1652
1.999835	1650
1.999836	1586
1.999837	1586
1.999838	1079
1.999839	864
1.999841	726
1.999842	719
2.000000	671
2.001000	635
2.001001	617
2.002000	599
2.002001	585
2.003001	464
2.003002	447
2.003003	187
