version	total
1.006900	21682
1.007002	102572
1.007003	18607
