version	total
1.000005	21839
1.002002	7544
1.004002	6584
1.004003	3933
1.004004	116872
1.012004	1553
1.012005	1148
1.014000	1115
1.016002	1015
1.016006	1205
