version	total
0.042	44579
1.000000	20987
1.002001	380295
1.002002	174762
