version	total
2.120921	8233
2.150010	51255
