version	total
1.999813	3110
1.999816	3181
1.999829	542
1.999830	447
1.999831	374
1.999832	360
1.999833	364
1.999835	360
1.999836	295
1.999837	294
