version	total
0.001011	26732
0.001013	140307
