version	total
1.000005	16478
1.002002	5926
1.004002	4976
1.004003	2324
1.004004	60200
