version	total
1.000005	23605
1.002002	8031
1.004002	7070
1.004003	4420
1.004004	125297
1.012004	2039
1.012005	1631
1.014000	1600
1.016002	1496
1.016006	1744
