version	total
0.042	40606
1.000000	20097
1.002001	173794
