version	total
2.120921	9203
2.150010	82396
