version	total
1.967013	21604
1.967015	58006
