version	total
0.042	40264
1.000000	20013
1.002001	167445
