version	total
4.161950	6555
4.201720	6018
