version	total
2.000002	5546
2.001000	35217
2.003004	163171
2.005004	25229
