version	total
2.000001	32811
2.000006	24761
2.000008	145932
2.002004	27651
