version	total
1.006900	21446
1.007002	101122
1.007003	17359
