version	total
0.008	412
0.006007	3062
0.008002	270
0.008004	72
