version	total
5.20180120	6319
5.20180626	5190
5.20180820	8673
5.20181130	4655
5.20181218	11021
5.20190420	5126
5.20190524	83193
5.20220120	2364
5.20220220	2431
5.20220313	2280
5.20220320	3041
5.20220420	3289
5.20220527	3025
5.20220620	23913
