version	total
1.000019	6271
1.000033	14748
1.000036	86560
1.000037	17666
1.000038	11490
