version	total
0.100003	4585
0.100005	1448
0.100006	862
