version	total
0.042	47120
1.000000	21300
1.002001	422069
1.002002	196071
