version	total
1.302052	8656
1.302075	12856
1.302140	5042
1.302141	4343
1.302156	5283
1.302164	8326
1.302188	2004
1.302189	1773
1.302190	4644
