version	total
5.20180120	5869
5.20180626	4805
5.20180820	8287
5.20181130	4272
5.20181218	10556
5.20190420	4740
5.20190524	80492
5.20220120	1996
5.20220220	2066
5.20220313	1916
5.20220320	2672
5.20220420	2923
5.20220527	2663
5.20220620	20246
