version	total
2.000002	5346
2.001000	34335
2.003004	158920
2.005004	22217
