version	total
2.000024	7589
2.000028	2182
2.000029	4968
