version	total
0.17024	24941
0.17027	113089
0.17029	1898
