version	total
1.302052	7785
1.302075	11400
1.302140	4356
1.302141	3660
1.302156	4593
1.302164	6973
1.302188	1326
1.302189	1105
1.302190	2985
