version	total
1.967013	21602
1.967015	57986
