version	total
0.100052	7402
0.100054	1657
0.100055	1022
