version	total
0.094002	1114
0.094003	521
