version	total
0.000061	6146
0.000115	4277
0.000116	3063
0.000117	14690
0.000144	290
0.000145	232
