version	total
0.001011	32218
0.001013	194875
