version	total
0.204001	1517
0.204003	1499
0.206003	1891
0.207001	1177
0.207002	1150
