version	total
0.004010	4896
0.004011	4650
