version	total
0.000061	5835
0.000115	4065
0.000116	2849
0.000117	14128
