version	total
0.17024	29765
0.17027	136403
0.17029	3392
0.17030	62
