version	total
1.003008	5022
1.004000	5234
1.004003	1531
