version	total
1.003008	2949
1.004000	2664
