version	total
0.100003	3597
0.100005	549
