version	total
0.008	2533
0.006007	5642
0.008002	2421
0.008004	2296
0.008005	1908
0.008006	1885
0.008007	1469
0.008008	1097
0.008009	701
