version	total
1.100602	5984
1.100603	478
