version	total
0.103004	8031
0.103005	1023
0.103006	281
