version	total
2.000024	6546
2.000028	1390
2.000029	2450
