version	total
1.003008	5471
1.004000	5695
1.004003	1956
