version	total
0.094002	1479
0.094003	884
