version	total
0.204001	2030
0.204003	2009
0.206003	2657
0.207001	1901
0.207002	1874
0.207003	439
