version	total
2.000001	32956
2.000006	24821
2.000008	146479
2.002004	28017
