version	total
1.302052	8563
1.302075	12679
1.302140	4965
1.302141	4267
1.302156	5205
1.302164	8192
1.302188	1926
1.302189	1698
1.302190	4422
