version	total
1.20141117	5104
1.20190531	2577
