version	total
0.204001	1596
0.204003	1578
0.206003	1979
0.207001	1259
0.207002	1232
