version	total
2.000002	4057
2.001000	28284
2.003004	109613
2.005004	10526
