version	total
0.204001	287
0.204003	268
0.206003	315
