version	total
1.302052	7665
1.302075	11239
1.302140	4287
1.302141	3591
1.302156	4524
1.302164	6809
1.302188	1244
1.302189	1036
1.302190	2798
