version	total
0.002005	2946
0.002006	2627
0.002009	368
