version	total
2.120921	7471
2.150010	30185
