version	total
0.100052	6192
0.100054	817
0.100055	146
