version	total
0.17024	29386
0.17027	134856
0.17029	3305
