version	total
0.000061	5744
0.000115	3980
0.000116	2763
0.000117	13920
