version	total
0.001011	30378
0.001013	179344
