version	total
0.002005	3371
0.002006	3200
0.002009	791
