version	total
1.302052	8118
1.302075	11890
1.302140	4591
1.302141	3893
1.302156	4828
1.302164	7457
1.302188	1554
1.302189	1326
1.302190	3588
