version	total
1.967013	28051
1.967015	124384
