version	total
2.000001	22272
2.000006	19121
2.000008	48747
