version	total
5.20180120	6038
5.20180626	4950
5.20180820	8430
5.20181130	4416
5.20181218	10740
5.20190420	4886
5.20190524	81478
5.20220120	2138
5.20220220	2207
5.20220313	2057
5.20220320	2812
5.20220420	3063
5.20220527	2802
5.20220620	22007
