version	total
0.100003	4416
0.100005	1289
0.100006	701
