version	total
2.000002	5003
2.001000	32971
2.003004	151910
2.005004	17709
