version	total
0.004010	3109
0.004011	2692
