version	total
0.004010	2893
0.004011	2442
