version	total
4.161950	6657
4.201720	6481
