version	total
0.100052	7180
0.100054	1474
0.100055	838
