version	total
2.000024	5911
2.000028	939
2.000029	1154
