version	total
2.000002	5434
2.001000	34728
2.003004	161044
2.005004	23623
