version	total
0.17024	20384
0.17027	60383
