version	total
0.002005	4140
0.002006	4030
0.002009	1546
