version	total
1.967013	29271
1.967015	131037
