version	total
1.000005	23129
1.002002	7904
1.004002	6943
1.004003	4294
1.004004	122752
1.012004	1915
1.012005	1507
1.014000	1477
1.016002	1373
1.016006	1604
