version	total
3.2.0	6518
3.3.20170530	4940
3.3.20180621	4714
3.3.20190321	4765
3.3.20190908	3522
3.3.20190909	7729
3.3.20200621	4526
3.3.20211231	4381
3.3.20220408	1995
