version	total
3.2.0	7288
3.3.20170530	5483
3.3.20180621	5238
3.3.20190321	5328
3.3.20190908	3979
3.3.20190909	8396
3.3.20200621	5120
3.3.20211231	5096
3.3.20220408	3447
