version	total
3.2.0	4121
3.3.20170530	3162
3.3.20180621	2951
3.3.20190321	2861
3.3.20190908	1787
3.3.20190909	5010
3.3.20200621	2112
