version	total
3.2.0	7189
3.3.20170530	5422
3.3.20180621	5187
3.3.20190321	5271
3.3.20190908	3950
3.3.20190909	8339
3.3.20200621	5063
3.3.20211231	5008
3.3.20220408	3235
