version	total
3.2.0	5337
3.3.20170530	4037
3.3.20180621	3816
3.3.20190321	3814
3.3.20190908	2646
3.3.20190909	6403
3.3.20200621	3417
3.3.20211231	2441
