version	total
3.2.0	5375
3.3.20170530	4067
3.3.20180621	3844
3.3.20190321	3844
3.3.20190908	2674
3.3.20190909	6451
3.3.20200621	3450
3.3.20211231	2549
