version	total
3.2.0	6286
3.3.20170530	4753
3.3.20180621	4523
3.3.20190321	4575
3.3.20190908	3340
3.3.20190909	7487
3.3.20200621	4307
3.3.20211231	4166
3.3.20220408	1364
