version	total
3.2.0	5050
3.3.20170530	3826
3.3.20180621	3610
3.3.20190321	3588
3.3.20190908	2440
3.3.20190909	6079
3.3.20200621	3171
3.3.20211231	1859
