version	total
3.2.0	7318
3.3.20170530	5494
3.3.20180621	5249
3.3.20190321	5346
3.3.20190908	3986
3.3.20190909	8580
3.3.20200621	5302
3.3.20211231	5124
3.3.20220408	3527
