version	total
3.2.0	3774
3.3.20170530	2893
3.3.20180621	2671
3.3.20190321	2564
3.3.20190908	1513
3.3.20190909	4533
3.3.20200621	1544
