version	total
3.2.0	5238
3.3.20170530	3975
3.3.20180621	3757
3.3.20190321	3742
3.3.20190908	2587
3.3.20190909	6303
3.3.20200621	3338
3.3.20211231	2255
