version	total
3.2.0	6478
3.3.20170530	4906
3.3.20180621	4677
3.3.20190321	4729
3.3.20190908	3486
3.3.20190909	7686
3.3.20200621	4484
3.3.20211231	4343
3.3.20220408	1871
