version	total
3.2.0	3883
3.3.20170530	2979
3.3.20180621	2762
3.3.20190321	2660
3.3.20190908	1601
3.3.20190909	4686
3.3.20200621	1700
