version	total
3.2.0	5284
3.3.20170530	4001
3.3.20180621	3780
3.3.20190321	3773
3.3.20190908	2609
3.3.20190909	6344
3.3.20200621	3374
3.3.20211231	2324
