version	total
3.2.0	5138
3.3.20170530	3893
3.3.20180621	3678
3.3.20190321	3656
3.3.20190908	2505
3.3.20190909	6181
3.3.20200621	3245
3.3.20211231	2023
