version	total
3.2.0	6550
3.3.20170530	4972
3.3.20180621	4744
3.3.20190321	4795
3.3.20190908	3552
3.3.20190909	7766
3.3.20200621	4557
3.3.20211231	4412
3.3.20220408	2130
