version	total
3.2.0	4007
3.3.20170530	3066
3.3.20180621	2853
3.3.20190321	2758
3.3.20190908	1690
3.3.20190909	4853
3.3.20200621	1861
