version	total
3.2.0	7009
3.3.20170530	5299
3.3.20180621	5068
3.3.20190321	5145
3.3.20190908	3858
3.3.20190909	8184
3.3.20200621	4948
3.3.20211231	4823
3.3.20220408	2907
