version	total
3.2.0	4112
3.3.20170530	3150
3.3.20180621	2937
3.3.20190321	2850
3.3.20190908	1775
3.3.20190909	4998
3.3.20200621	2079
