version	total
3.2.0	5058
3.3.20170530	3832
3.3.20180621	3616
3.3.20190321	3595
3.3.20190908	2446
3.3.20190909	6092
3.3.20200621	3178
3.3.20211231	1877
