version	total
3.2.0	3760
3.3.20170530	2884
3.3.20180621	2663
3.3.20190321	2556
3.3.20190908	1506
3.3.20190909	4522
3.3.20200621	1530
