version	total
3.2.0	5195
3.3.20170530	3937
3.3.20180621	3721
3.3.20190321	3705
3.3.20190908	2550
3.3.20190909	6245
3.3.20200621	3295
3.3.20211231	2136
