version	total
3.2.0	6099
3.3.20170530	4611
3.3.20180621	4381
3.3.20190321	4429
3.3.20190908	3201
3.3.20190909	7283
3.3.20200621	4130
3.3.20211231	3995
3.3.20220408	1022
