version	total
3.2.0	6792
3.3.20170530	5154
3.3.20180621	4926
3.3.20190321	4985
3.3.20190908	3730
3.3.20190909	8003
3.3.20200621	4772
3.3.20211231	4631
3.3.20220408	2599
