version	total
3.2.0	6995
3.3.20170530	5291
3.3.20180621	5061
3.3.20190321	5138
3.3.20190908	3852
3.3.20190909	8175
3.3.20200621	4943
3.3.20211231	4814
3.3.20220408	2890
