version	total
3.2.0	3936
3.3.20170530	3016
3.3.20180621	2800
3.3.20190321	2703
3.3.20190908	1638
3.3.20190909	4773
3.3.20200621	1774
