version	total
3.2.0	6684
3.3.20170530	5076
3.3.20180621	4849
3.3.20190321	4905
3.3.20190908	3654
3.3.20190909	7905
3.3.20200621	4677
3.3.20211231	4538
3.3.20220408	2462
