version	total
3.2.0	5204
3.3.20170530	3945
3.3.20180621	3729
3.3.20190321	3713
3.3.20190908	2558
3.3.20190909	6261
3.3.20200621	3304
3.3.20211231	2153
