version	total
3.2.0	5735
3.3.20170530	4323
3.3.20180621	4095
3.3.20190321	4132
3.3.20190908	2927
3.3.20190909	6876
3.3.20200621	3779
3.3.20211231	3547
