version	total
3.2.0	7357
3.3.20170530	5522
3.3.20180621	5272
3.3.20190321	5371
3.3.20190908	3998
3.3.20190909	10039
3.3.20200621	6763
3.3.20211231	5162
3.3.20220408	3639
