version	total
3.2.0	4356
3.3.20170530	3342
3.3.20180621	3130
3.3.20190321	3049
3.3.20190908	1961
3.3.20190909	5272
3.3.20200621	2499
