version	total
3.2.0	6535
3.3.20170530	4958
3.3.20180621	4730
3.3.20190321	4781
3.3.20190908	3538
3.3.20190909	7750
3.3.20200621	4543
3.3.20211231	4397
3.3.20220408	2078
