version	total
3.2.0	5533
3.3.20170530	4171
3.3.20180621	3949
3.3.20190321	3962
3.3.20190908	2774
3.3.20190909	6628
3.3.20200621	3592
3.3.20211231	2893
