version	total
3.2.0	6589
3.3.20170530	5005
3.3.20180621	4777
3.3.20190321	4829
3.3.20190908	3583
3.3.20190909	7808
3.3.20200621	4590
3.3.20211231	4450
3.3.20220408	2227
