version	total
3.2.0	5789
3.3.20170530	4365
3.3.20180621	4134
3.3.20190321	4172
3.3.20190908	2962
3.3.20190909	6931
3.3.20200621	3822
3.3.20211231	3690
3.3.20220408	256
