version	total
3.2.0	5159
3.3.20170530	3911
3.3.20180621	3695
3.3.20190321	3675
3.3.20190908	2524
3.3.20190909	6205
3.3.20200621	3264
3.3.20211231	2059
