version	total
3.2.0	7210
3.3.20170530	5440
3.3.20180621	5201
3.3.20190321	5285
3.3.20190908	3959
3.3.20190909	8349
3.3.20200621	5070
3.3.20211231	5030
3.3.20220408	3276
