version	total
3.2.0	6195
3.3.20170530	4687
3.3.20180621	4456
3.3.20190321	4507
3.3.20190908	3277
3.3.20190909	7387
3.3.20200621	4217
3.3.20211231	4079
3.3.20220408	1195
