version	total
3.2.0	7078
3.3.20170530	5356
3.3.20180621	5122
3.3.20190321	5202
3.3.20190908	3904
3.3.20190909	8260
3.3.20200621	4998
3.3.20211231	4901
3.3.20220408	3032
