version	total
3.2.0	6165
3.3.20170530	4661
3.3.20180621	4430
3.3.20190321	4481
3.3.20190908	3251
3.3.20190909	7355
3.3.20200621	4190
3.3.20211231	4052
3.3.20220408	1132
