version	total
3.2.0	6950
3.3.20170530	5260
3.3.20180621	5028
3.3.20190321	5103
3.3.20190908	3825
3.3.20190909	8136
3.3.20200621	4905
3.3.20211231	4774
3.3.20220408	2812
