version	total
3.2.0	7199
3.3.20170530	5432
3.3.20180621	5193
3.3.20190321	5277
3.3.20190908	3954
3.3.20190909	8343
3.3.20200621	5065
3.3.20211231	5018
3.3.20220408	3259
