version	total
3.2.0	7301
3.3.20170530	5489
3.3.20180621	5244
3.3.20190321	5336
3.3.20190908	3982
3.3.20190909	8408
3.3.20200621	5128
3.3.20211231	5107
3.3.20220408	3496
