version	total
3.2.0	4114
3.3.20170530	3151
3.3.20180621	2939
3.3.20190321	2851
3.3.20190908	1776
3.3.20190909	4998
3.3.20200621	2084
