version	total
3.2.0	6267
3.3.20170530	4737
3.3.20180621	4508
3.3.20190321	4560
3.3.20190908	3325
3.3.20190909	7464
3.3.20200621	4290
3.3.20211231	4147
3.3.20220408	1324
