version	total
3.2.0	7247
3.3.20170530	5460
3.3.20180621	5219
3.3.20190321	5307
3.3.20190908	3967
3.3.20190909	8368
3.3.20200621	5102
3.3.20211231	5063
3.3.20220408	3354
