version	total
3.2.0	7427
3.3.20170530	5563
3.3.20180621	5309
3.3.20190321	5413
3.3.20190908	4021
3.3.20190909	11734
3.3.20200621	8396
3.3.20211231	5228
3.3.20220408	3853
