version	total
3.2.0	5824
3.3.20170530	4391
3.3.20180621	4155
3.3.20190321	4194
3.3.20190908	2982
3.3.20190909	6959
3.3.20200621	3849
3.3.20211231	3722
3.3.20220408	321
