version	total
3.2.0	5101
3.3.20170530	3863
3.3.20180621	3648
3.3.20190321	3626
3.3.20190908	2477
3.3.20190909	6140
3.3.20200621	3211
3.3.20211231	1963
