version	total
3.2.0	3823
3.3.20170530	2928
3.3.20180621	2710
3.3.20190321	2608
3.3.20190908	1550
3.3.20190909	4600
3.3.20200621	1621
