version	total
3.2.0	5307
3.3.20170530	4014
3.3.20180621	3793
3.3.20190321	3789
3.3.20190908	2623
3.3.20190909	6363
3.3.20200621	3390
3.3.20211231	2369
