version	total
3.2.0	6339
3.3.20170530	4795
3.3.20180621	4570
3.3.20190321	4620
3.3.20190908	3382
3.3.20190909	7544
3.3.20200621	4355
3.3.20211231	4219
3.3.20220408	1501
