version	total
3.2.0	4187
3.3.20170530	3210
3.3.20180621	2999
3.3.20190321	2914
3.3.20190908	1835
3.3.20190909	5081
3.3.20200621	2210
