version	total
3.2.0	5397
3.3.20170530	4085
3.3.20180621	3861
3.3.20190321	3862
3.3.20190908	2691
3.3.20190909	6475
3.3.20200621	3469
3.3.20211231	2609
