version	total
3.2.0	5537
3.3.20170530	4175
3.3.20180621	3953
3.3.20190321	3966
3.3.20190908	2778
3.3.20190909	6635
3.3.20200621	3597
3.3.20211231	2900
