version	total
3.2.0	7171
3.3.20170530	5411
3.3.20180621	5176
3.3.20190321	5258
3.3.20190908	3943
3.3.20190909	8327
3.3.20200621	5051
3.3.20211231	4992
3.3.20220408	3214
