version	total
3.2.0	3970
3.3.20170530	3041
3.3.20180621	2828
3.3.20190321	2730
3.3.20190908	1665
3.3.20190909	4814
3.3.20200621	1820
