version	total
3.2.0	3785
3.3.20170530	2901
3.3.20180621	2680
3.3.20190321	2575
3.3.20190908	1523
3.3.20190909	4550
3.3.20200621	1556
