version	total
3.2.0	5654
3.3.20170530	4263
3.3.20180621	4037
3.3.20190321	4066
3.3.20190908	2867
3.3.20190909	6787
3.3.20200621	3706
3.3.20211231	3359
