version	total
3.2.0	5261
3.3.20170530	3988
3.3.20180621	3768
3.3.20190321	3757
3.3.20190908	2597
3.3.20190909	6322
3.3.20200621	3356
3.3.20211231	2294
