version	total
3.2.0	6058
3.3.20170530	4575
3.3.20180621	4344
3.3.20190321	4393
3.3.20190908	3167
3.3.20190909	7227
3.3.20200621	4088
3.3.20211231	3956
3.3.20220408	917
