version	total
3.2.0	4215
3.3.20170530	3231
3.3.20180621	3020
3.3.20190321	2937
3.3.20190908	1856
3.3.20190909	5113
3.3.20200621	2256
