version	total
3.2.0	5206
3.3.20170530	3947
3.3.20180621	3731
3.3.20190321	3715
3.3.20190908	2560
3.3.20190909	6263
3.3.20200621	3306
3.3.20211231	2156
