version	total
3.2.0	5265
3.3.20170530	3990
3.3.20180621	3770
3.3.20190321	3759
3.3.20190908	2599
3.3.20190909	6325
3.3.20200621	3358
3.3.20211231	2301
