version	total
3.2.0	6666
3.3.20170530	5067
3.3.20180621	4840
3.3.20190321	4893
3.3.20190908	3645
3.3.20190909	7889
3.3.20200621	4661
3.3.20211231	4517
3.3.20220408	2434
