version	total
3.2.0	5969
3.3.20170530	4500
3.3.20180621	4266
3.3.20190321	4312
3.3.20190908	3091
3.3.20190909	7120
3.3.20200621	3984
3.3.20211231	3866
3.3.20220408	625
