version	total
3.2.0	6334
3.3.20170530	4791
3.3.20180621	4567
3.3.20190321	4617
3.3.20190908	3379
3.3.20190909	7540
3.3.20200621	4352
3.3.20211231	4215
3.3.20220408	1487
