version	total
3.2.0	7340
3.3.20170530	5508
3.3.20180621	5259
3.3.20190321	5356
3.3.20190908	3991
3.3.20190909	9537
3.3.20200621	6251
3.3.20211231	5143
3.3.20220408	3580
