version	total
3.2.0	6769
3.3.20170530	5137
3.3.20180621	4909
3.3.20190321	4967
3.3.20190908	3713
3.3.20190909	7983
3.3.20200621	4752
3.3.20211231	4611
3.3.20220408	2578
