version	total
3.2.0	6452
3.3.20170530	4887
3.3.20180621	4659
3.3.20190321	4711
3.3.20190908	3469
3.3.20190909	7656
3.3.20200621	4465
3.3.20211231	4321
3.3.20220408	1782
