version	total
3.2.0	6283
3.3.20170530	4751
3.3.20180621	4521
3.3.20190321	4573
3.3.20190908	3338
3.3.20190909	7484
3.3.20200621	4305
3.3.20211231	4163
3.3.20220408	1358
