version	total
3.2.0	6427
3.3.20170530	4868
3.3.20180621	4641
3.3.20190321	4692
3.3.20190908	3452
3.3.20190909	7635
3.3.20200621	4443
3.3.20211231	4296
3.3.20220408	1703
