version	total
3.2.0	5937
3.3.20170530	4474
3.3.20180621	4240
3.3.20190321	4284
3.3.20190908	3065
3.3.20190909	7083
3.3.20200621	3957
3.3.20211231	3839
3.3.20220408	561
