version	total
3.2.0	5634
3.3.20170530	4247
3.3.20180621	4024
3.3.20190321	4048
3.3.20190908	2850
3.3.20190909	6763
3.3.20200621	3691
3.3.20211231	3314
