version	total
3.2.0	7193
3.3.20170530	5426
3.3.20180621	5191
3.3.20190321	5275
3.3.20190908	3952
3.3.20190909	8341
3.3.20200621	5065
3.3.20211231	5012
3.3.20220408	3244
