version	total
3.2.0	3765
3.3.20170530	2888
3.3.20180621	2666
3.3.20190321	2558
3.3.20190908	1508
3.3.20190909	4525
3.3.20200621	1536
