version	total
3.2.0	5171
3.3.20170530	3921
3.3.20180621	3705
3.3.20190321	3685
3.3.20190908	2534
3.3.20190909	6221
3.3.20200621	3274
3.3.20211231	2087
