version	total
3.2.0	6524
3.3.20170530	4946
3.3.20180621	4720
3.3.20190321	4771
3.3.20190908	3528
3.3.20190909	7736
3.3.20200621	4533
3.3.20211231	4387
3.3.20220408	2027
