version	total
3.2.0	5189
3.3.20170530	3934
3.3.20180621	3718
3.3.20190321	3699
3.3.20190908	2547
3.3.20190909	6240
3.3.20200621	3290
3.3.20211231	2130
