version	total
3.2.0	6135
3.3.20170530	4638
3.3.20180621	4407
3.3.20190321	4457
3.3.20190908	3228
3.3.20190909	7320
3.3.20200621	4160
3.3.20211231	4024
3.3.20220408	1086
