version	total
3.2.0	6633
3.3.20170530	5039
3.3.20180621	4811
3.3.20190321	4865
3.3.20190908	3617
3.3.20190909	7854
3.3.20200621	4631
3.3.20211231	4489
3.3.20220408	2330
