version	total
3.2.0	5234
3.3.20170530	3971
3.3.20180621	3753
3.3.20190321	3738
3.3.20190908	2583
3.3.20190909	6295
3.3.20200621	3333
3.3.20211231	2244
