version	total
3.2.0	6657
3.3.20170530	5061
3.3.20180621	4833
3.3.20190321	4887
3.3.20190908	3639
3.3.20190909	7882
3.3.20200621	4655
3.3.20211231	4511
3.3.20220408	2426
