version	total
3.2.0	4531
3.3.20170530	3462
3.3.20180621	3248
3.3.20190321	3183
3.3.20190908	2083
3.3.20190909	5483
3.3.20200621	2663
3.3.20211231	444
