version	total
3.2.0	4981
3.3.20170530	3788
3.3.20180621	3569
3.3.20190321	3543
3.3.20190908	2403
3.3.20190909	6000
3.3.20200621	3108
3.3.20211231	1737
