version	total
3.2.0	4947
3.3.20170530	3770
3.3.20180621	3551
3.3.20190321	3517
3.3.20190908	2385
3.3.20190909	5969
3.3.20200621	3077
3.3.20211231	1686
