version	total
3.2.0	5116
3.3.20170530	3875
3.3.20180621	3659
3.3.20190321	3638
3.3.20190908	2488
3.3.20190909	6160
3.3.20200621	3224
3.3.20211231	1991
