version	total
3.2.0	6582
3.3.20170530	4999
3.3.20180621	4771
3.3.20190321	4823
3.3.20190908	3577
3.3.20190909	7800
3.3.20200621	4584
3.3.20211231	4443
3.3.20220408	2212
