version	total
3.2.0	4440
3.3.20170530	3396
3.3.20180621	3182
3.3.20190321	3114
3.3.20190908	2018
3.3.20190909	5364
3.3.20200621	2569
3.3.20211231	184
