version	total
3.2.0	5426
3.3.20170530	4105
3.3.20180621	3882
3.3.20190321	3884
3.3.20190908	2710
3.3.20190909	6503
3.3.20200621	3500
3.3.20211231	2667
