version	total
3.2.0	4689
3.3.20170530	3583
3.3.20180621	3365
3.3.20190321	3313
3.3.20190908	2199
3.3.20190909	5657
3.3.20200621	2820
3.3.20211231	879
