version	total
3.2.0	5494
3.3.20170530	4146
3.3.20180621	3925
3.3.20190321	3932
3.3.20190908	2750
3.3.20190909	6580
3.3.20200621	3556
3.3.20211231	2797
