version	total
3.2.0	7077
3.3.20170530	5354
3.3.20180621	5120
3.3.20190321	5200
3.3.20190908	3903
3.3.20190909	8259
3.3.20200621	4997
3.3.20211231	4899
3.3.20220408	3029
