version	total
3.2.0	3821
3.3.20170530	2926
3.3.20180621	2708
3.3.20190321	2606
3.3.20190908	1548
3.3.20190909	4597
3.3.20200621	1616
