version	total
3.2.0	6978
3.3.20170530	5279
3.3.20180621	5047
3.3.20190321	5126
3.3.20190908	3841
3.3.20190909	8163
3.3.20200621	4931
3.3.20211231	4800
3.3.20220408	2867
