version	total
3.2.0	6011
3.3.20170530	4533
3.3.20180621	4301
3.3.20190321	4347
3.3.20190908	3124
3.3.20190909	7162
3.3.20200621	4022
3.3.20211231	3912
3.3.20220408	763
