version	total
3.2.0	6249
3.3.20170530	4722
3.3.20180621	4496
3.3.20190321	4547
3.3.20190908	3313
3.3.20190909	7449
3.3.20200621	4275
3.3.20211231	4129
3.3.20220408	1303
