version	total
3.2.0	6376
3.3.20170530	4825
3.3.20180621	4600
3.3.20190321	4651
3.3.20190908	3412
3.3.20190909	7582
3.3.20200621	4392
3.3.20211231	4250
3.3.20220408	1580
