version	total
3.2.0	6466
3.3.20170530	4899
3.3.20180621	4669
3.3.20190321	4721
3.3.20190908	3479
3.3.20190909	7671
3.3.20200621	4475
3.3.20211231	4332
3.3.20220408	1834
