version	total
3.2.0	7331
3.3.20170530	5503
3.3.20180621	5254
3.3.20190321	5350
3.3.20190908	3988
3.3.20190909	9376
3.3.20200621	6088
3.3.20211231	5135
3.3.20220408	3562
