version	total
3.2.0	6147
3.3.20170530	4647
3.3.20180621	4416
3.3.20190321	4467
3.3.20190908	3237
3.3.20190909	7334
3.3.20200621	4171
3.3.20211231	4037
3.3.20220408	1101
