version	total
3.2.0	3877
3.3.20170530	2973
3.3.20180621	2756
3.3.20190321	2654
3.3.20190908	1595
3.3.20190909	4679
3.3.20200621	1693
