version	total
3.2.0	7046
3.3.20170530	5329
3.3.20180621	5093
3.3.20190321	5173
3.3.20190908	3880
3.3.20190909	8225
3.3.20200621	4977
3.3.20211231	4867
3.3.20220408	2978
