version	total
3.2.0	7042
3.3.20170530	5327
3.3.20180621	5091
3.3.20190321	5171
3.3.20190908	3879
3.3.20190909	8220
3.3.20200621	4976
3.3.20211231	4865
3.3.20220408	2971
