version	total
3.2.0	6203
3.3.20170530	4693
3.3.20180621	4463
3.3.20190321	4513
3.3.20190908	3283
3.3.20190909	7393
3.3.20200621	4223
3.3.20211231	4085
3.3.20220408	1206
