version	total
3.2.0	5751
3.3.20170530	4336
3.3.20180621	4108
3.3.20190321	4144
3.3.20190908	2938
3.3.20190909	6892
3.3.20200621	3791
3.3.20211231	3597
3.3.20220408	79
