version	total
3.2.0	6050
3.3.20170530	4569
3.3.20180621	4336
3.3.20190321	4385
3.3.20190908	3159
3.3.20190909	7217
3.3.20200621	4075
3.3.20211231	3948
3.3.20220408	883
