version	total
3.2.0	5639
3.3.20170530	4252
3.3.20180621	4027
3.3.20190321	4055
3.3.20190908	2857
3.3.20190909	6770
3.3.20200621	3694
3.3.20211231	3319
