version	total
3.2.0	6972
3.3.20170530	5275
3.3.20180621	5043
3.3.20190321	5121
3.3.20190908	3837
3.3.20190909	8157
3.3.20200621	4925
3.3.20211231	4796
3.3.20220408	2853
