version	total
3.2.0	7111
3.3.20170530	5378
3.3.20180621	5144
3.3.20190321	5221
3.3.20190908	3921
3.3.20190909	8290
3.3.20200621	5012
3.3.20211231	4927
3.3.20220408	3082
