version	total
3.2.0	6001
3.3.20170530	4527
3.3.20180621	4294
3.3.20190321	4339
3.3.20190908	3117
3.3.20190909	7151
3.3.20200621	4011
3.3.20211231	3893
3.3.20220408	723
