version	total
3.2.0	5955
3.3.20170530	4486
3.3.20180621	4252
3.3.20190321	4298
3.3.20190908	3077
3.3.20190909	7105
3.3.20200621	3969
3.3.20211231	3851
3.3.20220408	595
