version	total
3.2.0	5758
3.3.20170530	4342
3.3.20180621	4114
3.3.20190321	4150
3.3.20190908	2944
3.3.20190909	6902
3.3.20200621	3797
3.3.20211231	3611
3.3.20220408	140
