version	total
3.2.0	5643
3.3.20170530	4256
3.3.20180621	4030
3.3.20190321	4058
3.3.20190908	2860
3.3.20190909	6778
3.3.20200621	3697
3.3.20211231	3339
