version	total
3.2.0	6216
3.3.20170530	4705
3.3.20180621	4475
3.3.20190321	4525
3.3.20190908	3295
3.3.20190909	7411
3.3.20200621	4247
3.3.20211231	4097
3.3.20220408	1236
