version	total
3.2.0	4238
3.3.20170530	3251
3.3.20180621	3041
3.3.20190321	2957
3.3.20190908	1874
3.3.20190909	5136
3.3.20200621	2300
