version	total
3.2.0	5040
3.3.20170530	3822
3.3.20180621	3606
3.3.20190321	3582
3.3.20190908	2436
3.3.20190909	6071
3.3.20200621	3163
3.3.20211231	1849
