version	total
3.2.0	3913
3.3.20170530	2998
3.3.20180621	2782
3.3.20190321	2684
3.3.20190908	1620
3.3.20190909	4725
3.3.20200621	1737
