version	total
3.2.0	4983
3.3.20170530	3790
3.3.20180621	3571
3.3.20190321	3545
3.3.20190908	2405
3.3.20190909	6003
3.3.20200621	3111
3.3.20211231	1747
