version	total
3.2.0	6806
3.3.20170530	5166
3.3.20180621	4939
3.3.20190321	4998
3.3.20190908	3740
3.3.20190909	8018
3.3.20200621	4781
3.3.20211231	4645
3.3.20220408	2621
