version	total
3.2.0	3793
3.3.20170530	2907
3.3.20180621	2688
3.3.20190321	2582
3.3.20190908	1530
3.3.20190909	4562
3.3.20200621	1567
