version	total
3.2.0	3788
3.3.20170530	2903
3.3.20180621	2683
3.3.20190321	2578
3.3.20190908	1525
3.3.20190909	4553
3.3.20200621	1559
