version	total
3.2.0	7440
3.3.20170530	5569
3.3.20180621	5314
3.3.20190321	5421
3.3.20190908	4025
3.3.20190909	11934
3.3.20200621	8583
3.3.20211231	5240
3.3.20220408	3896
