version	total
3.2.0	5228
3.3.20170530	3965
3.3.20180621	3747
3.3.20190321	3731
3.3.20190908	2576
3.3.20190909	6287
3.3.20200621	3327
3.3.20211231	2225
