version	total
3.2.0	6813
3.3.20170530	5172
3.3.20180621	4945
3.3.20190321	5004
3.3.20190908	3746
3.3.20190909	8026
3.3.20200621	4789
3.3.20211231	4652
3.3.20220408	2628
