version	total
3.2.0	5300
3.3.20170530	4010
3.3.20180621	3789
3.3.20190321	3785
3.3.20190908	2618
3.3.20190909	6357
3.3.20200621	3386
3.3.20211231	2356
