version	total
3.2.0	5604
3.3.20170530	4228
3.3.20180621	4004
3.3.20190321	4023
3.3.20190908	2830
3.3.20190909	6729
3.3.20200621	3663
3.3.20211231	3220
