version	total
3.2.0	5725
3.3.20170530	4315
3.3.20180621	4088
3.3.20190321	4124
3.3.20190908	2920
3.3.20190909	6864
3.3.20200621	3770
3.3.20211231	3524
