version	total
3.2.0	5921
3.3.20170530	4460
3.3.20180621	4225
3.3.20190321	4270
3.3.20190908	3052
3.3.20190909	7062
3.3.20200621	3942
3.3.20211231	3822
3.3.20220408	531
