version	total
3.2.0	5563
3.3.20170530	4194
3.3.20180621	3971
3.3.20190321	3987
3.3.20190908	2796
3.3.20190909	6670
3.3.20200621	3621
3.3.20211231	3061
