version	total
3.2.0	5818
3.3.20170530	4385
3.3.20180621	4149
3.3.20190321	4188
3.3.20190908	2976
3.3.20190909	6953
3.3.20200621	3839
3.3.20211231	3716
3.3.20220408	307
