version	total
3.2.0	3973
3.3.20170530	3043
3.3.20180621	2830
3.3.20190321	2732
3.3.20190908	1667
3.3.20190909	4816
3.3.20200621	1823
