version	total
3.2.0	3934
3.3.20170530	3014
3.3.20180621	2798
3.3.20190321	2701
3.3.20190908	1636
3.3.20190909	4768
3.3.20200621	1772
