version	total
3.2.0	6323
3.3.20170530	4782
3.3.20180621	4557
3.3.20190321	4607
3.3.20190908	3369
3.3.20190909	7530
3.3.20200621	4342
3.3.20211231	4204
3.3.20220408	1458
