version	total
3.2.0	4116
3.3.20170530	3155
3.3.20180621	2942
3.3.20190321	2855
3.3.20190908	1780
3.3.20190909	5002
3.3.20200621	2092
