version	total
3.2.0	6932
3.3.20170530	5249
3.3.20180621	5017
3.3.20190321	5090
3.3.20190908	3817
3.3.20190909	8124
3.3.20200621	4894
3.3.20211231	4757
3.3.20220408	2772
