version	total
3.2.0	3866
3.3.20170530	2963
3.3.20180621	2745
3.3.20190321	2644
3.3.20190908	1585
3.3.20190909	4662
3.3.20200621	1673
