version	total
3.2.0	6765
3.3.20170530	5133
3.3.20180621	4905
3.3.20190321	4963
3.3.20190908	3709
3.3.20190909	7978
3.3.20200621	4747
3.3.20211231	4607
3.3.20220408	2572
