version	total
3.2.0	5279
3.3.20170530	3998
3.3.20180621	3777
3.3.20190321	3769
3.3.20190908	2606
3.3.20190909	6338
3.3.20200621	3369
3.3.20211231	2315
