version	total
3.2.0	5433
3.3.20170530	4108
3.3.20180621	3885
3.3.20190321	3888
3.3.20190908	2713
3.3.20190909	6512
3.3.20200621	3505
3.3.20211231	2680
