version	total
3.2.0	7151
3.3.20170530	5398
3.3.20180621	5165
3.3.20190321	5244
3.3.20190908	3936
3.3.20190909	8317
3.3.20200621	5040
3.3.20211231	4973
3.3.20220408	3187
