version	total
3.2.0	6746
3.3.20170530	5118
3.3.20180621	4892
3.3.20190321	4950
3.3.20190908	3696
3.3.20190909	7964
3.3.20200621	4725
3.3.20211231	4592
3.3.20220408	2556
