version	total
3.2.0	6503
3.3.20170530	4928
3.3.20180621	4700
3.3.20190321	4751
3.3.20190908	3508
3.3.20190909	7712
3.3.20200621	4507
3.3.20211231	4367
3.3.20220408	1945
