version	total
3.2.0	6128
3.3.20170530	4632
3.3.20180621	4401
3.3.20190321	4451
3.3.20190908	3222
3.3.20190909	7314
3.3.20200621	4154
3.3.20211231	4018
3.3.20220408	1067
