version	total
3.2.0	6767
3.3.20170530	5135
3.3.20180621	4907
3.3.20190321	4965
3.3.20190908	3711
3.3.20190909	7980
3.3.20200621	4750
3.3.20211231	4609
3.3.20220408	2573
