version	total
3.2.0	6882
3.3.20170530	5214
3.3.20180621	4984
3.3.20190321	5051
3.3.20190908	3784
3.3.20190909	8077
3.3.20200621	4847
3.3.20211231	4707
3.3.20220408	2694
