version	total
3.2.0	5329
3.3.20170530	4031
3.3.20180621	3810
3.3.20190321	3808
3.3.20190908	2640
3.3.20190909	6395
3.3.20200621	3410
3.3.20211231	2422
