version	total
3.2.0	6509
3.3.20170530	4934
3.3.20180621	4706
3.3.20190321	4757
3.3.20190908	3514
3.3.20190909	7721
3.3.20200621	4518
3.3.20211231	4373
3.3.20220408	1976
