version	total
3.2.0	4371
3.3.20170530	3354
3.3.20180621	3140
3.3.20190321	3066
3.3.20190908	1975
3.3.20190909	5289
3.3.20200621	2514
3.3.20211231	41
