version	total
3.2.0	4589
3.3.20170530	3507
3.3.20180621	3287
3.3.20190321	3226
3.3.20190908	2120
3.3.20190909	5547
3.3.20200621	2724
3.3.20211231	609
