version	total
3.2.0	6311
3.3.20170530	4770
3.3.20180621	4544
3.3.20190321	4595
3.3.20190908	3357
3.3.20190909	7513
3.3.20200621	4330
3.3.20211231	4191
3.3.20220408	1413
