version	total
3.2.0	5748
3.3.20170530	4334
3.3.20180621	4106
3.3.20190321	4142
3.3.20190908	2936
3.3.20190909	6889
3.3.20200621	3789
3.3.20211231	3593
3.3.20220408	70
