version	total
3.2.0	6013
3.3.20170530	4535
3.3.20180621	4303
3.3.20190321	4349
3.3.20190908	3126
3.3.20190909	7165
3.3.20200621	4025
3.3.20211231	3914
3.3.20220408	775
