version	total
3.2.0	6106
3.3.20170530	4617
3.3.20180621	4387
3.3.20190321	4435
3.3.20190908	3207
3.3.20190909	7290
3.3.20200621	4136
3.3.20211231	4001
3.3.20220408	1037
