version	total
3.2.0	7224
3.3.20170530	5449
3.3.20180621	5209
3.3.20190321	5296
3.3.20190908	3964
3.3.20190909	8360
3.3.20200621	5084
3.3.20211231	5046
3.3.20220408	3300
