version	total
3.2.0	6970
3.3.20170530	5273
3.3.20180621	5041
3.3.20190321	5119
3.3.20190908	3835
3.3.20190909	8154
3.3.20200621	4923
3.3.20211231	4794
3.3.20220408	2850
