version	total
3.2.0	5436
3.3.20170530	4110
3.3.20180621	3887
3.3.20190321	3890
3.3.20190908	2715
3.3.20190909	6514
3.3.20200621	3507
3.3.20211231	2686
