version	total
3.2.0	4057
3.3.20170530	3101
3.3.20180621	2889
3.3.20190321	2797
3.3.20190908	1728
3.3.20190909	4913
3.3.20200621	1948
