version	total
3.2.0	4202
3.3.20170530	3222
3.3.20180621	3011
3.3.20190321	2927
3.3.20190908	1847
3.3.20190909	5098
3.3.20200621	2243
