version	total
3.2.0	5444
3.3.20170530	4118
3.3.20180621	3896
3.3.20190321	3898
3.3.20190908	2723
3.3.20190909	6528
3.3.20200621	3516
3.3.20211231	2710
