version	total
3.2.0	7290
3.3.20170530	5485
3.3.20180621	5240
3.3.20190321	5330
3.3.20190908	3980
3.3.20190909	8398
3.3.20200621	5121
3.3.20211231	5098
3.3.20220408	3454
