version	total
3.2.0	5531
3.3.20170530	4169
3.3.20180621	3947
3.3.20190321	3960
3.3.20190908	2772
3.3.20190909	6626
3.3.20200621	3590
3.3.20211231	2887
