version	total
3.2.0	4126
3.3.20170530	3168
3.3.20180621	2957
3.3.20190321	2868
3.3.20190908	1791
3.3.20190909	5016
3.3.20200621	2127
