version	total
3.2.0	6778
3.3.20170530	5145
3.3.20180621	4917
3.3.20190321	4975
3.3.20190908	3721
3.3.20190909	7992
3.3.20200621	4762
3.3.20211231	4619
3.3.20220408	2589
