version	total
3.2.0	6331
3.3.20170530	4788
3.3.20180621	4563
3.3.20190321	4613
3.3.20190908	3375
3.3.20190909	7536
3.3.20200621	4348
3.3.20211231	4210
3.3.20220408	1479
