version	total
3.2.0	6090
3.3.20170530	4602
3.3.20180621	4369
3.3.20190321	4419
3.3.20190908	3192
3.3.20190909	7265
3.3.20200621	4121
3.3.20211231	3986
3.3.20220408	977
