version	total
3.2.0	5384
3.3.20170530	4074
3.3.20180621	3851
3.3.20190321	3852
3.3.20190908	2681
3.3.20190909	6459
3.3.20200621	3459
3.3.20211231	2571
