version	total
3.2.0	4391
3.3.20170530	3365
3.3.20180621	3153
3.3.20190321	3080
3.3.20190908	1988
3.3.20190909	5312
3.3.20200621	2533
3.3.20211231	83
