version	total
3.2.0	3856
3.3.20170530	2955
3.3.20180621	2737
3.3.20190321	2636
3.3.20190908	1577
3.3.20190909	4647
3.3.20200621	1663
