version	total
3.2.0	6269
3.3.20170530	4739
3.3.20180621	4509
3.3.20190321	4561
3.3.20190908	3326
3.3.20190909	7467
3.3.20200621	4291
3.3.20211231	4149
3.3.20220408	1330
