version	total
3.2.0	5880
3.3.20170530	4427
3.3.20180621	4194
3.3.20190321	4238
3.3.20190908	3020
3.3.20190909	7014
3.3.20200621	3903
3.3.20211231	3775
3.3.20220408	422
