version	total
3.2.0	5087
3.3.20170530	3850
3.3.20180621	3634
3.3.20190321	3613
3.3.20190908	2464
3.3.20190909	6120
3.3.20200621	3197
3.3.20211231	1930
