version	total
3.2.0	7174
3.3.20170530	5415
3.3.20180621	5180
3.3.20190321	5263
3.3.20190908	3945
3.3.20190909	8333
3.3.20200621	5057
3.3.20211231	4998
3.3.20220408	3224
