version	total
3.2.0	6528
3.3.20170530	4950
3.3.20180621	4724
3.3.20190321	4775
3.3.20190908	3532
3.3.20190909	7742
3.3.20200621	4537
3.3.20211231	4391
3.3.20220408	2042
