version	total
3.2.0	6786
3.3.20170530	5150
3.3.20180621	4922
3.3.20190321	4981
3.3.20190908	3726
3.3.20190909	7998
3.3.20200621	4769
3.3.20211231	4627
3.3.20220408	2595
