version	total
3.2.0	4989
3.3.20170530	3796
3.3.20180621	3577
3.3.20190321	3551
3.3.20190908	2411
3.3.20190909	6010
3.3.20200621	3117
3.3.20211231	1758
