version	total
3.2.0	6818
3.3.20170530	5176
3.3.20180621	4949
3.3.20190321	5008
3.3.20190908	3750
3.3.20190909	8032
3.3.20200621	4792
3.3.20211231	4656
3.3.20220408	2632
