version	total
3.2.0	6207
3.3.20170530	4697
3.3.20180621	4467
3.3.20190321	4517
3.3.20190908	3287
3.3.20190909	7399
3.3.20200621	4227
3.3.20211231	4089
3.3.20220408	1220
