version	total
3.2.0	6830
3.3.20170530	5181
3.3.20180621	4955
3.3.20190321	5015
3.3.20190908	3756
3.3.20190909	8038
3.3.20200621	4805
3.3.20211231	4662
3.3.20220408	2637
