version	total
3.2.0	5252
3.3.20170530	3984
3.3.20180621	3764
3.3.20190321	3751
3.3.20190908	2593
3.3.20190909	6314
3.3.20200621	3348
3.3.20211231	2284
