version	total
3.2.0	6278
3.3.20170530	4747
3.3.20180621	4517
3.3.20190321	4569
3.3.20190908	3334
3.3.20190909	7478
3.3.20200621	4299
3.3.20211231	4158
3.3.20220408	1348
