version	total
3.2.0	5315
3.3.20170530	4019
3.3.20180621	3798
3.3.20190321	3795
3.3.20190908	2628
3.3.20190909	6372
3.3.20200621	3398
3.3.20211231	2389
