version	total
3.2.0	6893
3.3.20170530	5222
3.3.20180621	4990
3.3.20190321	5057
3.3.20190908	3790
3.3.20190909	8085
3.3.20200621	4854
3.3.20211231	4715
3.3.20220408	2700
