version	total
3.2.0	5660
3.3.20170530	4269
3.3.20180621	4042
3.3.20190321	4071
3.3.20190908	2872
3.3.20190909	6794
3.3.20200621	3711
3.3.20211231	3372
