version	total
3.2.0	4206
3.3.20170530	3226
3.3.20180621	3015
3.3.20190321	2931
3.3.20190908	1851
3.3.20190909	5105
3.3.20200621	2249
