version	total
3.2.0	6537
3.3.20170530	4960
3.3.20180621	4732
3.3.20190321	4783
3.3.20190908	3540
3.3.20190909	7752
3.3.20200621	4545
3.3.20211231	4399
3.3.20220408	2088
