version	total
3.2.0	4055
3.3.20170530	3097
3.3.20180621	2887
3.3.20190321	2795
3.3.20190908	1726
3.3.20190909	4910
3.3.20200621	1944
