version	total
3.2.0	5976
3.3.20170530	4506
3.3.20180621	4272
3.3.20190321	4318
3.3.20190908	3097
3.3.20190909	7128
3.3.20200621	3991
3.3.20211231	3872
3.3.20220408	648
