version	total
3.2.0	5739
3.3.20170530	4328
3.3.20180621	4099
3.3.20190321	4136
3.3.20190908	2931
3.3.20190909	6881
3.3.20200621	3783
3.3.20211231	3572
