version	total
3.2.0	3999
3.3.20170530	3061
3.3.20180621	2848
3.3.20190321	2752
3.3.20190908	1685
3.3.20190909	4845
3.3.20200621	1854
