version	total
3.2.0	5144
3.3.20170530	3899
3.3.20180621	3684
3.3.20190321	3662
3.3.20190908	2511
3.3.20190909	6190
3.3.20200621	3253
3.3.20211231	2034
