version	total
3.2.0	6259
3.3.20170530	4732
3.3.20180621	4503
3.3.20190321	4554
3.3.20190908	3320
3.3.20190909	7458
3.3.20200621	4283
3.3.20211231	4138
3.3.20220408	1315
