version	total
3.2.0	7418
3.3.20170530	5558
3.3.20180621	5306
3.3.20190321	5408
3.3.20190908	4018
3.3.20190909	11555
3.3.20200621	8206
3.3.20211231	5218
3.3.20220408	3824
