version	total
3.2.0	7148
3.3.20170530	5396
3.3.20180621	5162
3.3.20190321	5241
3.3.20190908	3935
3.3.20190909	8314
3.3.20200621	5037
3.3.20211231	4970
3.3.20220408	3182
