version	total
3.2.0	5915
3.3.20170530	4456
3.3.20180621	4221
3.3.20190321	4266
3.3.20190908	3048
3.3.20190909	7053
3.3.20200621	3938
3.3.20211231	3817
3.3.20220408	502
