version	total
3.2.0	7021
3.3.20170530	5312
3.3.20180621	5077
3.3.20190321	5156
3.3.20190908	3866
3.3.20190909	8196
3.3.20200621	4956
3.3.20211231	4838
3.3.20220408	2933
