version	total
3.2.0	4253
3.3.20170530	3264
3.3.20180621	3052
3.3.20190321	2969
3.3.20190908	1886
3.3.20190909	5153
3.3.20200621	2336
