version	total
3.2.0	4109
3.3.20170530	3147
3.3.20180621	2934
3.3.20190321	2847
3.3.20190908	1771
3.3.20190909	4992
3.3.20200621	2070
