version	total
3.2.0	6429
3.3.20170530	4870
3.3.20180621	4643
3.3.20190321	4694
3.3.20190908	3454
3.3.20190909	7637
3.3.20200621	4445
3.3.20211231	4298
3.3.20220408	1706
