version	total
3.2.0	4335
3.3.20170530	3325
3.3.20180621	3112
3.3.20190321	3026
3.3.20190908	1943
3.3.20190909	5238
3.3.20200621	2461
