version	total
3.2.0	5464
3.3.20170530	4130
3.3.20180621	3908
3.3.20190321	3912
3.3.20190908	2735
3.3.20190909	6551
3.3.20200621	3533
3.3.20211231	2760
