version	total
3.2.0	3758
3.3.20170530	2882
3.3.20180621	2661
3.3.20190321	2554
3.3.20190908	1504
3.3.20190909	4519
3.3.20200621	1527
