version	total
3.2.0	7448
3.3.20170530	5572
3.3.20180621	5319
3.3.20190321	5427
3.3.20190908	4028
3.3.20190909	12069
3.3.20200621	8702
3.3.20211231	5248
3.3.20220408	3919
