version	total
3.2.0	6029
3.3.20170530	4551
3.3.20180621	4318
3.3.20190321	4365
3.3.20190908	3141
3.3.20190909	7199
3.3.20200621	4055
3.3.20211231	3930
3.3.20220408	842
