version	total
3.2.0	7237
3.3.20170530	5452
3.3.20180621	5213
3.3.20190321	5300
3.3.20190908	3966
3.3.20190909	8364
3.3.20200621	5090
3.3.20211231	5055
3.3.20220408	3316
