version	total
3.2.0	5096
3.3.20170530	3858
3.3.20180621	3643
3.3.20190321	3621
3.3.20190908	2472
3.3.20190909	6134
3.3.20200621	3205
3.3.20211231	1951
