version	total
3.2.0	3850
3.3.20170530	2949
3.3.20180621	2731
3.3.20190321	2630
3.3.20190908	1571
3.3.20190909	4637
3.3.20200621	1653
