version	total
3.2.0	7338
3.3.20170530	5506
3.3.20180621	5257
3.3.20190321	5354
3.3.20190908	3990
3.3.20190909	9452
3.3.20200621	6167
3.3.20211231	5141
3.3.20220408	3570
