version	total
3.2.0	6141
3.3.20170530	4644
3.3.20180621	4413
3.3.20190321	4463
3.3.20190908	3234
3.3.20190909	7330
3.3.20200621	4166
3.3.20211231	4031
3.3.20220408	1097
