version	total
3.2.0	5173
3.3.20170530	3923
3.3.20180621	3707
3.3.20190321	3687
3.3.20190908	2536
3.3.20190909	6225
3.3.20200621	3276
3.3.20211231	2094
