version	total
3.2.0	5988
3.3.20170530	4516
3.3.20180621	4282
3.3.20190321	4328
3.3.20190908	3106
3.3.20190909	7137
3.3.20200621	4000
3.3.20211231	3882
3.3.20220408	671
