version	total
3.2.0	3838
3.3.20170530	2939
3.3.20180621	2721
3.3.20190321	2620
3.3.20190908	1561
3.3.20190909	4625
3.3.20200621	1640
