version	total
3.2.0	4245
3.3.20170530	3257
3.3.20180621	3045
3.3.20190321	2963
3.3.20190908	1880
3.3.20190909	5145
3.3.20200621	2323
