version	total
3.2.0	7281
3.3.20170530	5478
3.3.20180621	5237
3.3.20190321	5327
3.3.20190908	3978
3.3.20190909	8394
3.3.20200621	5117
3.3.20211231	5092
3.3.20220408	3430
