version	total
3.2.0	6019
3.3.20170530	4541
3.3.20180621	4308
3.3.20190321	4354
3.3.20190908	3131
3.3.20190909	7180
3.3.20200621	4031
3.3.20211231	3919
3.3.20220408	809
