version	total
3.2.0	4661
3.3.20170530	3557
3.3.20180621	3339
3.3.20190321	3285
3.3.20190908	2172
3.3.20190909	5621
3.3.20200621	2792
3.3.20211231	791
