version	total
3.2.0	3659
3.3.20170530	2811
3.3.20180621	2592
3.3.20190321	2475
3.3.20190908	1433
3.3.20190909	4263
3.3.20200621	1370
