version	total
3.2.0	5684
3.3.20170530	4290
3.3.20180621	4063
3.3.20190321	4093
3.3.20190908	2894
3.3.20190909	6824
3.3.20200621	3735
3.3.20211231	3454
