version	total
3.2.0	5379
3.3.20170530	4071
3.3.20180621	3848
3.3.20190321	3848
3.3.20190908	2678
3.3.20190909	6455
3.3.20200621	3454
3.3.20211231	2565
