version	total
3.2.0	3916
3.3.20170530	3001
3.3.20180621	2785
3.3.20190321	2687
3.3.20190908	1623
3.3.20190909	4733
3.3.20200621	1742
