version	total
3.2.0	5359
3.3.20170530	4053
3.3.20180621	3831
3.3.20190321	3831
3.3.20190908	2661
3.3.20190909	6423
3.3.20200621	3437
3.3.20211231	2493
