version	total
3.2.0	6354
3.3.20170530	4807
3.3.20180621	4582
3.3.20190321	4632
3.3.20190908	3394
3.3.20190909	7558
3.3.20200621	4367
3.3.20211231	4231
3.3.20220408	1537
