version	total
3.2.0	7329
3.3.20170530	5501
3.3.20180621	5252
3.3.20190321	5348
3.3.20190908	3987
3.3.20190909	9281
3.3.20200621	6001
3.3.20211231	5132
3.3.20220408	3554
