version	total
3.2.0	6629
3.3.20170530	5035
3.3.20180621	4809
3.3.20190321	4863
3.3.20190908	3615
3.3.20190909	7851
3.3.20200621	4629
3.3.20211231	4487
3.3.20220408	2327
