version	total
3.2.0	6531
3.3.20170530	4954
3.3.20180621	4728
3.3.20190321	4779
3.3.20190908	3536
3.3.20190909	7747
3.3.20200621	4541
3.3.20211231	4395
3.3.20220408	2063
