version	total
3.2.0	5442
3.3.20170530	4116
3.3.20180621	3894
3.3.20190321	3896
3.3.20190908	2721
3.3.20190909	6526
3.3.20200621	3514
3.3.20211231	2706
