version	total
3.2.0	3870
3.3.20170530	2967
3.3.20180621	2749
3.3.20190321	2648
3.3.20190908	1589
3.3.20190909	4669
3.3.20200621	1681
