version	total
3.2.0	7362
3.3.20170530	5526
3.3.20180621	5276
3.3.20190321	5375
3.3.20190908	4000
3.3.20190909	10239
3.3.20200621	6941
3.3.20211231	5166
3.3.20220408	3678
