version	total
3.2.0	3852
3.3.20170530	2951
3.3.20180621	2733
3.3.20190321	2632
3.3.20190908	1573
3.3.20190909	4640
3.3.20200621	1658
