version	total
3.2.0	3955
3.3.20170530	3027
3.3.20180621	2814
3.3.20190321	2716
3.3.20190908	1651
3.3.20190909	4793
3.3.20200621	1790
