version	total
3.2.0	5036
3.3.20170530	3820
3.3.20180621	3602
3.3.20190321	3579
3.3.20190908	2434
3.3.20190909	6068
3.3.20200621	3161
3.3.20211231	1834
