version	total
3.2.0	5787
3.3.20170530	4363
3.3.20180621	4132
3.3.20190321	4170
3.3.20190908	2960
3.3.20190909	6928
3.3.20200621	3820
3.3.20211231	3686
3.3.20220408	251
