version	total
3.2.0	5895
3.3.20170530	4439
3.3.20180621	4205
3.3.20190321	4249
3.3.20190908	3031
3.3.20190909	7032
3.3.20200621	3920
3.3.20211231	3799
3.3.20220408	444
