version	total
3.2.0	4174
3.3.20170530	3202
3.3.20180621	2991
3.3.20190321	2906
3.3.20190908	1827
3.3.20190909	5067
3.3.20200621	2192
