version	total
3.2.0	7016
3.3.20170530	5307
3.3.20180621	5074
3.3.20190321	5152
3.3.20190908	3863
3.3.20190909	8193
3.3.20200621	4954
3.3.20211231	4834
3.3.20220408	2927
