version	total
3.2.0	3571
3.3.20170530	2744
3.3.20180621	2522
3.3.20190321	2401
3.3.20190908	1365
3.3.20190909	4153
3.3.20200621	1260
