version	total
3.2.0	3666
3.3.20170530	2817
3.3.20180621	2598
3.3.20190321	2482
3.3.20190908	1440
3.3.20190909	4276
3.3.20200621	1388
