version	total
3.2.0	6052
3.3.20170530	4571
3.3.20180621	4338
3.3.20190321	4387
3.3.20190908	3161
3.3.20190909	7220
3.3.20200621	4077
3.3.20211231	3950
3.3.20220408	893
