version	total
3.2.0	6085
3.3.20170530	4600
3.3.20180621	4367
3.3.20190321	4417
3.3.20190908	3190
3.3.20190909	7262
3.3.20200621	4119
3.3.20211231	3983
3.3.20220408	974
