version	total
3.2.0	5157
3.3.20170530	3909
3.3.20180621	3693
3.3.20190321	3673
3.3.20190908	2522
3.3.20190909	6201
3.3.20200621	3262
3.3.20211231	2054
