version	total
3.2.0	5181
3.3.20170530	3928
3.3.20180621	3712
3.3.20190321	3693
3.3.20190908	2541
3.3.20190909	6234
3.3.20200621	3284
3.3.20211231	2115
