version	total
3.2.0	4432
3.3.20170530	3391
3.3.20180621	3177
3.3.20190321	3109
3.3.20190908	2013
3.3.20190909	5354
3.3.20200621	2562
3.3.20211231	170
