version	total
3.2.0	6599
3.3.20170530	5015
3.3.20180621	4787
3.3.20190321	4839
3.3.20190908	3593
3.3.20190909	7820
3.3.20200621	4603
3.3.20211231	4460
3.3.20220408	2269
