version	total
3.2.0	3926
3.3.20170530	3008
3.3.20180621	2792
3.3.20190321	2695
3.3.20190908	1630
3.3.20190909	4758
3.3.20200621	1763
