version	total
3.2.0	6009
3.3.20170530	4532
3.3.20180621	4299
3.3.20190321	4345
3.3.20190908	3122
3.3.20190909	7160
3.3.20200621	4020
3.3.20211231	3910
3.3.20220408	749
