version	total
3.2.0	5984
3.3.20170530	4514
3.3.20180621	4280
3.3.20190321	4326
3.3.20190908	3104
3.3.20190909	7135
3.3.20200621	3998
3.3.20211231	3880
3.3.20220408	667
