version	total
3.2.0	6391
3.3.20170530	4835
3.3.20180621	4611
3.3.20190321	4662
3.3.20190908	3422
3.3.20190909	7595
3.3.20200621	4404
3.3.20211231	4262
3.3.20220408	1605
