version	total
3.2.0	6816
3.3.20170530	5174
3.3.20180621	4947
3.3.20190321	5006
3.3.20190908	3748
3.3.20190909	8029
3.3.20200621	4791
3.3.20211231	4654
3.3.20220408	2629
