version	total
3.2.0	3807
3.3.20170530	2916
3.3.20180621	2697
3.3.20190321	2593
3.3.20190908	1539
3.3.20190909	4578
3.3.20200621	1587
