version	total
3.2.0	3879
3.3.20170530	2975
3.3.20180621	2758
3.3.20190321	2656
3.3.20190908	1597
3.3.20190909	4681
3.3.20200621	1695
