version	total
3.2.0	3661
3.3.20170530	2813
3.3.20180621	2594
3.3.20190321	2477
3.3.20190908	1436
3.3.20190909	4268
3.3.20200621	1372
