version	total
3.2.0	6544
3.3.20170530	4966
3.3.20180621	4738
3.3.20190321	4789
3.3.20190908	3546
3.3.20190909	7758
3.3.20200621	4551
3.3.20211231	4405
3.3.20220408	2105
