version	total
3.2.0	4683
3.3.20170530	3577
3.3.20180621	3359
3.3.20190321	3306
3.3.20190908	2192
3.3.20190909	5645
3.3.20200621	2813
3.3.20211231	857
