version	total
3.2.0	5218
3.3.20170530	3957
3.3.20180621	3739
3.3.20190321	3723
3.3.20190908	2568
3.3.20190909	6277
3.3.20200621	3319
3.3.20211231	2193
