version	total
3.2.0	3989
3.3.20170530	3049
3.3.20180621	2838
3.3.20190321	2742
3.3.20190908	1675
3.3.20190909	4830
3.3.20200621	1840
