version	total
3.2.0	5803
3.3.20170530	4379
3.3.20180621	4143
3.3.20190321	4182
3.3.20190908	2971
3.3.20190909	6945
3.3.20200621	3833
3.3.20211231	3710
3.3.20220408	297
