version	total
3.2.0	4379
3.3.20170530	3360
3.3.20180621	3146
3.3.20190321	3074
3.3.20190908	1981
3.3.20190909	5297
3.3.20200621	2524
3.3.20211231	72
