version	total
3.2.0	3593
3.3.20170530	2761
3.3.20180621	2539
3.3.20190321	2420
3.3.20190908	1383
3.3.20190909	4179
3.3.20200621	1287
