version	total
3.2.0	6531
3.3.20170530	4952
3.3.20180621	4726
3.3.20190321	4777
3.3.20190908	3534
3.3.20190909	7744
3.3.20200621	4539
3.3.20211231	4393
3.3.20220408	2054
