version	total
3.2.0	7067
3.3.20170530	5347
3.3.20180621	5113
3.3.20190321	5192
3.3.20190908	3897
3.3.20190909	8250
3.3.20200621	4992
3.3.20211231	4889
3.3.20220408	3012
