version	total
3.2.0	5731
3.3.20170530	4319
3.3.20180621	4091
3.3.20190321	4128
3.3.20190908	2923
3.3.20190909	6871
3.3.20200621	3775
3.3.20211231	3534
