version	total
3.2.0	6627
3.3.20170530	5033
3.3.20180621	4805
3.3.20190321	4859
3.3.20190908	3611
3.3.20190909	7847
3.3.20200621	4625
3.3.20211231	4483
3.3.20220408	2320
