version	total
3.2.0	3655
3.3.20170530	2807
3.3.20180621	2588
3.3.20190321	2471
3.3.20190908	1429
3.3.20190909	4255
3.3.20200621	1366
