version	total
3.2.0	3922
3.3.20170530	3006
3.3.20180621	2790
3.3.20190321	2693
3.3.20190908	1628
3.3.20190909	4752
3.3.20200621	1756
