version	total
3.2.0	4070
3.3.20170530	3112
3.3.20180621	2899
3.3.20190321	2807
3.3.20190908	1736
3.3.20190909	4936
3.3.20200621	1961
