version	total
3.2.0	4236
3.3.20170530	3249
3.3.20180621	3039
3.3.20190321	2955
3.3.20190908	1872
3.3.20190909	5134
3.3.20200621	2291
