version	total
3.2.0	4351
3.3.20170530	3335
3.3.20180621	3124
3.3.20190321	3041
3.3.20190908	1955
3.3.20190909	5264
3.3.20200621	2492
