version	total
3.2.0	5179
3.3.20170530	3926
3.3.20180621	3710
3.3.20190321	3691
3.3.20190908	2539
3.3.20190909	6231
3.3.20200621	3282
3.3.20211231	2107
