version	total
3.2.0	5918
3.3.20170530	4458
3.3.20180621	4223
3.3.20190321	4268
3.3.20190908	3050
3.3.20190909	7059
3.3.20200621	3940
3.3.20211231	3819
3.3.20220408	510
