version	total
3.2.0	3951
3.3.20170530	3025
3.3.20180621	2812
3.3.20190321	2714
3.3.20190908	1649
3.3.20190909	4790
3.3.20200621	1786
