version	total
3.2.0	5991
3.3.20170530	4518
3.3.20180621	4285
3.3.20190321	4330
3.3.20190908	3108
3.3.20190909	7140
3.3.20200621	4002
3.3.20211231	3884
3.3.20220408	681
