version	total
3.2.0	3642
3.3.20170530	2797
3.3.20180621	2576
3.3.20190321	2459
3.3.20190908	1418
3.3.20190909	4242
3.3.20200621	1347
