version	total
3.2.0	4018
3.3.20170530	3074
3.3.20180621	2860
3.3.20190321	2768
3.3.20190908	1699
3.3.20190909	4865
3.3.20200621	1874
