version	total
3.2.0	7202
3.3.20170530	5435
3.3.20180621	5196
3.3.20190321	5279
3.3.20190908	3956
3.3.20190909	8345
3.3.20200621	5066
3.3.20211231	5020
3.3.20220408	3268
