version	total
3.2.0	4286
3.3.20170530	3285
3.3.20180621	3075
3.3.20190321	2991
3.3.20190908	1909
3.3.20190909	5181
3.3.20200621	2372
