version	total
3.2.0	5541
3.3.20170530	4179
3.3.20180621	3959
3.3.20190321	3972
3.3.20190908	2784
3.3.20190909	6648
3.3.20200621	3603
3.3.20211231	2919
