version	total
3.2.0	6185
3.3.20170530	4679
3.3.20180621	4448
3.3.20190321	4499
3.3.20190908	3269
3.3.20190909	7374
3.3.20200621	4208
3.3.20211231	4071
3.3.20220408	1172
