version	total
3.2.0	4345
3.3.20170530	3329
3.3.20180621	3117
3.3.20190321	3035
3.3.20190908	1949
3.3.20190909	5250
3.3.20200621	2476
