version	total
3.2.0	7267
3.3.20170530	5471
3.3.20180621	5229
3.3.20190321	5318
3.3.20190908	3973
3.3.20190909	8378
3.3.20200621	5110
3.3.20211231	5078
3.3.20220408	3392
