version	total
3.2.0	3722
3.3.20170530	2859
3.3.20180621	2639
3.3.20190321	2528
3.3.20190908	1482
3.3.20190909	4470
3.3.20200621	1475
