version	total
3.2.0	6585
3.3.20170530	5001
3.3.20180621	4773
3.3.20190321	4825
3.3.20190908	3579
3.3.20190909	7803
3.3.20200621	4586
3.3.20211231	4445
3.3.20220408	2217
