version	total
3.2.0	6496
3.3.20170530	4922
3.3.20180621	4693
3.3.20190321	4745
3.3.20190908	3502
3.3.20190909	7706
3.3.20200621	4501
3.3.20211231	4361
3.3.20220408	1925
