version	total
3.2.0	3625
3.3.20170530	2785
3.3.20180621	2563
3.3.20190321	2445
3.3.20190908	1406
3.3.20190909	4222
3.3.20200621	1329
