version	total
3.2.0	5339
3.3.20170530	4039
3.3.20180621	3817
3.3.20190321	3815
3.3.20190908	2647
3.3.20190909	6404
3.3.20200621	3418
3.3.20211231	2443
