version	total
3.2.0	6024
3.3.20170530	4547
3.3.20180621	4314
3.3.20190321	4360
3.3.20190908	3137
3.3.20190909	7186
3.3.20200621	4042
3.3.20211231	3926
3.3.20220408	822
