version	total
3.2.0	5448
3.3.20170530	4122
3.3.20180621	3900
3.3.20190321	3902
3.3.20190908	2727
3.3.20190909	6532
3.3.20200621	3521
3.3.20211231	2721
