version	total
3.2.0	4259
3.3.20170530	3266
3.3.20180621	3055
3.3.20190321	2971
3.3.20190908	1890
3.3.20190909	5159
3.3.20200621	2342
