version	total
3.2.0	5771
3.3.20170530	4354
3.3.20180621	4127
3.3.20190321	4162
3.3.20190908	2956
3.3.20190909	6917
3.3.20200621	3809
3.3.20211231	3660
3.3.20220408	220
