version	total
3.2.0	5290
3.3.20170530	4004
3.3.20180621	3783
3.3.20190321	3777
3.3.20190908	2612
3.3.20190909	6348
3.3.20200621	3379
3.3.20211231	2332
