version	total
3.2.0	5502
3.3.20170530	4154
3.3.20180621	3933
3.3.20190321	3940
3.3.20190908	2758
3.3.20190909	6591
3.3.20200621	3565
3.3.20211231	2819
