version	total
3.2.0	6397
3.3.20170530	4841
3.3.20180621	4617
3.3.20190321	4668
3.3.20190908	3428
3.3.20190909	7604
3.3.20200621	4412
3.3.20211231	4269
3.3.20220408	1622
