version	total
3.2.0	4142
3.3.20170530	3185
3.3.20180621	2974
3.3.20190321	2888
3.3.20190908	1806
3.3.20190909	5041
3.3.20200621	2165
