version	total
3.2.0	5553
3.3.20170530	4187
3.3.20180621	3964
3.3.20190321	3978
3.3.20190908	2789
3.3.20190909	6658
3.3.20200621	3610
3.3.20211231	2960
