version	total
3.2.0	3968
3.3.20170530	3039
3.3.20180621	2826
3.3.20190321	2728
3.3.20190908	1663
3.3.20190909	4811
3.3.20200621	1814
