version	total
3.2.0	5967
3.3.20170530	4498
3.3.20180621	4264
3.3.20190321	4310
3.3.20190908	3089
3.3.20190909	7117
3.3.20200621	3982
3.3.20211231	3864
3.3.20220408	622
