version	total
3.2.0	3997
3.3.20170530	3059
3.3.20180621	2846
3.3.20190321	2750
3.3.20190908	1683
3.3.20190909	4842
3.3.20200621	1849
