version	total
3.2.0	4209
3.3.20170530	3228
3.3.20180621	3017
3.3.20190321	2933
3.3.20190908	1853
3.3.20190909	5109
3.3.20200621	2253
