version	total
3.2.0	4323
3.3.20170530	3316
3.3.20180621	3104
3.3.20190321	3020
3.3.20190908	1935
3.3.20190909	5226
3.3.20200621	2431
