version	total
3.2.0	5555
3.3.20170530	4189
3.3.20180621	3966
3.3.20190321	3980
3.3.20190908	2791
3.3.20190909	6662
3.3.20200621	3612
3.3.20211231	2965
