version	total
3.2.0	7084
3.3.20170530	5359
3.3.20180621	5125
3.3.20190321	5204
3.3.20190908	3905
3.3.20190909	8262
3.3.20200621	4999
3.3.20211231	4903
3.3.20220408	3037
