version	total
3.2.0	6643
3.3.20170530	5049
3.3.20180621	4821
3.3.20190321	4875
3.3.20190908	3627
3.3.20190909	7866
3.3.20200621	4643
3.3.20211231	4499
3.3.20220408	2377
