version	total
3.2.0	3712
3.3.20170530	2848
3.3.20180621	2628
3.3.20190321	2517
3.3.20190908	1472
3.3.20190909	4452
3.3.20200621	1460
