version	total
3.2.0	6119
3.3.20170530	4626
3.3.20180621	4395
3.3.20190321	4445
3.3.20190908	3216
3.3.20190909	7308
3.3.20200621	4147
3.3.20211231	4012
3.3.20220408	1058
