version	total
3.2.0	4519
3.3.20170530	3455
3.3.20180621	3241
3.3.20190321	3175
3.3.20190908	2076
3.3.20190909	5463
3.3.20200621	2651
3.3.20211231	418
