version	total
3.2.0	7278
3.3.20170530	5478
3.3.20180621	5235
3.3.20190321	5325
3.3.20190908	3977
3.3.20190909	8383
3.3.20200621	5116
3.3.20211231	5088
3.3.20220408	3406
