version	total
3.2.0	5762
3.3.20170530	4346
3.3.20180621	4118
3.3.20190321	4154
3.3.20190908	2948
3.3.20190909	6906
3.3.20200621	3801
3.3.20211231	3619
3.3.20220408	165
