version	total
3.2.0	5625
3.3.20170530	4241
3.3.20180621	4017
3.3.20190321	4040
3.3.20190908	2843
3.3.20190909	6751
3.3.20200621	3682
3.3.20211231	3286
