version	total
3.2.0	7353
3.3.20170530	5518
3.3.20180621	5269
3.3.20190321	5368
3.3.20190908	3996
3.3.20190909	9869
3.3.20200621	6600
3.3.20211231	5157
3.3.20220408	3615
