version	total
3.2.0	6289
3.3.20170530	4755
3.3.20180621	4525
3.3.20190321	4577
3.3.20190908	3342
3.3.20190909	7490
3.3.20200621	4309
3.3.20211231	4168
3.3.20220408	1375
