version	total
3.2.0	3679
3.3.20170530	2825
3.3.20180621	2606
3.3.20190321	2490
3.3.20190908	1448
3.3.20190909	4289
3.3.20200621	1403
