version	total
3.2.0	5820
3.3.20170530	4387
3.3.20180621	4151
3.3.20190321	4190
3.3.20190908	2978
3.3.20190909	6955
3.3.20200621	3841
3.3.20211231	3718
3.3.20220408	312
