version	total
3.2.0	3979
3.3.20170530	3047
3.3.20180621	2834
3.3.20190321	2736
3.3.20190908	1671
3.3.20190909	4822
3.3.20200621	1834
