version	total
3.2.0	7100
3.3.20170530	5370
3.3.20180621	5136
3.3.20190321	5213
3.3.20190908	3914
3.3.20190909	8277
3.3.20200621	5006
3.3.20211231	4918
3.3.20220408	3057
