version	total
3.2.0	4308
3.3.20170530	3303
3.3.20180621	3091
3.3.20190321	3007
3.3.20190908	1923
3.3.20190909	5202
3.3.20200621	2407
