version	total
3.2.0	3725
3.3.20170530	2861
3.3.20180621	2641
3.3.20190321	2530
3.3.20190908	1484
3.3.20190909	4472
3.3.20200621	1478
