version	total
3.2.0	6363
3.3.20170530	4813
3.3.20180621	4588
3.3.20190321	4638
3.3.20190908	3400
3.3.20190909	7568
3.3.20200621	4373
3.3.20211231	4237
3.3.20220408	1555
