version	total
3.2.0	6365
3.3.20170530	4815
3.3.20180621	4590
3.3.20190321	4640
3.3.20190908	3402
3.3.20190909	7570
3.3.20200621	4374
3.3.20211231	4239
3.3.20220408	1558
