version	total
3.2.0	3962
3.3.20170530	3033
3.3.20180621	2820
3.3.20190321	2722
3.3.20190908	1657
3.3.20190909	4804
3.3.20200621	1804
