version	total
3.2.0	6507
3.3.20170530	4932
3.3.20180621	4704
3.3.20190321	4755
3.3.20190908	3512
3.3.20190909	7719
3.3.20200621	4516
3.3.20211231	4371
3.3.20220408	1969
