version	total
3.2.0	6664
3.3.20170530	5065
3.3.20180621	4838
3.3.20190321	4891
3.3.20190908	3643
3.3.20190909	7887
3.3.20200621	4659
3.3.20211231	4515
3.3.20220408	2432
