version	total
3.2.0	6576
3.3.20170530	4993
3.3.20180621	4765
3.3.20190321	4817
3.3.20190908	3571
3.3.20190909	7793
3.3.20200621	4578
3.3.20211231	4436
3.3.20220408	2201
