version	total
3.2.0	6878
3.3.20170530	5210
3.3.20180621	4981
3.3.20190321	5047
3.3.20190908	3781
3.3.20190909	8074
3.3.20200621	4839
3.3.20211231	4703
3.3.20220408	2688
