version	total
3.2.0	6272
3.3.20170530	4741
3.3.20180621	4511
3.3.20190321	4563
3.3.20190908	3328
3.3.20190909	7470
3.3.20200621	4293
3.3.20211231	4152
3.3.20220408	1337
