version	total
3.2.0	6751
3.3.20170530	5122
3.3.20180621	4895
3.3.20190321	4953
3.3.20190908	3699
3.3.20190909	7967
3.3.20200621	4728
3.3.20211231	4595
3.3.20220408	2558
