version	total
3.2.0	6213
3.3.20170530	4703
3.3.20180621	4473
3.3.20190321	4523
3.3.20190908	3293
3.3.20190909	7409
3.3.20200621	4240
3.3.20211231	4095
3.3.20220408	1234
