version	total
3.2.0	5742
3.3.20170530	4330
3.3.20180621	4102
3.3.20190321	4138
3.3.20190908	2932
3.3.20190909	6883
3.3.20200621	3784
3.3.20211231	3575
