version	total
3.2.0	6399
3.3.20170530	4843
3.3.20180621	4619
3.3.20190321	4670
3.3.20190908	3430
3.3.20190909	7606
3.3.20200621	4414
3.3.20211231	4271
3.3.20220408	1626
