version	total
3.2.0	4067
3.3.20170530	3108
3.3.20180621	2895
3.3.20190321	2804
3.3.20190908	1733
3.3.20190909	4928
3.3.20200621	1955
