version	total
3.2.0	4943
3.3.20170530	3766
3.3.20180621	3548
3.3.20190321	3514
3.3.20190908	2381
3.3.20190909	5961
3.3.20200621	3072
3.3.20211231	1674
