version	total
3.2.0	5098
3.3.20170530	3859
3.3.20180621	3645
3.3.20190321	3623
3.3.20190908	2474
3.3.20190909	6136
3.3.20200621	3207
3.3.20211231	1952
