version	total
3.2.0	3836
3.3.20170530	2937
3.3.20180621	2719
3.3.20190321	2618
3.3.20190908	1559
3.3.20190909	4620
3.3.20200621	1634
