version	total
3.2.0	6241
3.3.20170530	4721
3.3.20180621	4495
3.3.20190321	4544
3.3.20190908	3312
3.3.20190909	7444
3.3.20200621	4269
3.3.20211231	4125
3.3.20220408	1289
