version	total
3.2.0	6968
3.3.20170530	5271
3.3.20180621	5039
3.3.20190321	5116
3.3.20190908	3833
3.3.20190909	8152
3.3.20200621	4921
3.3.20211231	4789
3.3.20220408	2845
