version	total
3.2.0	7050
3.3.20170530	5333
3.3.20180621	5099
3.3.20190321	5178
3.3.20190908	3884
3.3.20190909	8230
3.3.20200621	4979
3.3.20211231	4873
3.3.20220408	2985
