version	total
3.2.0	4970
3.3.20170530	3782
3.3.20180621	3563
3.3.20190321	3533
3.3.20190908	2397
3.3.20190909	5988
3.3.20200621	3098
3.3.20211231	1715
