version	total
3.2.0	6402
3.3.20170530	4845
3.3.20180621	4621
3.3.20190321	4672
3.3.20190908	3432
3.3.20190909	7609
3.3.20200621	4416
3.3.20211231	4275
3.3.20220408	1635
