version	total
3.2.0	5498
3.3.20170530	4150
3.3.20180621	3929
3.3.20190321	3936
3.3.20190908	2754
3.3.20190909	6587
3.3.20200621	3561
3.3.20211231	2813
