version	total
3.2.0	4268
3.3.20170530	3274
3.3.20180621	3063
3.3.20190321	2979
3.3.20190908	1898
3.3.20190909	5169
3.3.20200621	2354
