version	total
3.2.0	6393
3.3.20170530	4837
3.3.20180621	4613
3.3.20190321	4664
3.3.20190908	3424
3.3.20190909	7599
3.3.20200621	4406
3.3.20211231	4265
3.3.20220408	1608
