version	total
3.2.0	5236
3.3.20170530	3973
3.3.20180621	3755
3.3.20190321	3740
3.3.20190908	2585
3.3.20190909	6299
3.3.20200621	3335
3.3.20211231	2249
