version	total
3.2.0	7371
3.3.20170530	5531
3.3.20180621	5281
3.3.20190321	5381
3.3.20190908	4003
3.3.20190909	10433
3.3.20200621	7120
3.3.20211231	5174
3.3.20220408	3692
