version	total
3.2.0	6520
3.3.20170530	4942
3.3.20180621	4716
3.3.20190321	4767
3.3.20190908	3524
3.3.20190909	7731
3.3.20200621	4529
3.3.20211231	4383
3.3.20220408	2007
