version	total
3.2.0	7029
3.3.20170530	5318
3.3.20180621	5083
3.3.20190321	5163
3.3.20190908	3872
3.3.20190909	8205
3.3.20200621	4966
3.3.20211231	4848
3.3.20220408	2953
