version	total
3.2.0	3909
3.3.20170530	2993
3.3.20180621	2777
3.3.20190321	2679
3.3.20190908	1615
3.3.20190909	4713
3.3.20200621	1722
