version	total
v1.3.190304ac	221
1.3.190304ac	179
