version	total
v1.3.190304ac	2371
1.3.190304ac	2630
