version	total
v1.3.190304ac	2099
1.3.190304ac	2311
