version	total
v1.3.190304ac	1193
1.3.190304ac	1295
