version	total
v1.3.190304ac	2135
1.3.190304ac	2348
