version	total
v1.3.190304ac	1574
1.3.190304ac	1728
