version	total
v1.3.190304ac	1466
1.3.190304ac	1606
