version	total
v1.3.190304ac	1402
1.3.190304ac	1539
