version	total
v1.3.190304ac	506
1.3.190304ac	518
