version	total
v1.3.190304ac	1021
1.3.190304ac	1121
