version	total
v1.3.190304ac	1570
1.3.190304ac	1725
