version	total
v1.3.190304ac	1733
1.3.190304ac	1910
