version	total
v1.3.190304ac	2579
1.3.190304ac	2872
