version	total
v1.3.190304ac	2229
1.3.190304ac	2463
