version	total
v1.3.190304ac	1951
1.3.190304ac	2151
