version	total
v1.3.190304ac	156
1.3.190304ac	110
