version	total
v1.3.190304ac	2197
1.3.190304ac	2425
