version	total
v1.3.190304ac	528
1.3.190304ac	547
