version	total
v1.3.190304ac	305
1.3.190304ac	273
