version	total
v1.3.190304ac	1302
1.3.190304ac	1423
