version	total
v1.3.190304ac	1826
1.3.190304ac	2008
