version	total
v1.3.190304ac	477
1.3.190304ac	487
