version	total
v1.3.190304ac	2047
1.3.190304ac	2253
