version	total
v1.3.190304ac	2103
1.3.190304ac	2316
