version	total
v1.3.190304ac	1071
1.3.190304ac	1171
