version	total
v1.3.190304ac	1025
1.3.190304ac	1125
