version	total
v1.3.190304ac	2704
1.3.190304ac	3007
