version	total
v1.3.190304ac	2609
1.3.190304ac	2904
