version	total
v1.3.190304ac	2589
1.3.190304ac	2882
