version	total
v1.3.190304ac	1566
1.3.190304ac	1720
