version	total
v1.3.190304ac	1419
1.3.190304ac	1554
