version	total
v1.3.190304ac	1741
1.3.190304ac	1919
