version	total
v1.3.190304ac	1899
1.3.190304ac	2092
