version	total
v1.3.190304ac	1294
1.3.190304ac	1414
