version	total
v1.3.190304ac	2067
1.3.190304ac	2274
