version	total
v1.3.190304ac	2039
1.3.190304ac	2243
