version	total
v1.3.190304ac	778
1.3.190304ac	836
