version	total
v1.3.190304ac	148
1.3.190304ac	103
