version	total
v1.3.190304ac	1222
1.3.190304ac	1329
