version	total
v1.3.190304ac	252
1.3.190304ac	209
