version	total
v1.3.190304ac	304
1.3.190304ac	272
