version	total
v1.3.190304ac	1917
1.3.190304ac	2115
