version	total
v1.3.190304ac	1646
1.3.190304ac	1808
