version	total
v1.3.190304ac	1431
1.3.190304ac	1567
