version	total
v1.3.190304ac	2668
1.3.190304ac	2971
