version	total
v1.3.190304ac	452
1.3.190304ac	461
