version	total
v1.3.190304ac	2478
1.3.190304ac	2753
