version	total
v1.3.190304ac	2037
1.3.190304ac	2241
