version	total
v1.3.190304ac	1436
1.3.190304ac	1574
