version	total
v1.3.190304ac	1043
1.3.190304ac	1143
