version	total
v1.3.190304ac	1957
1.3.190304ac	2157
