version	total
v1.3.190304ac	1996
1.3.190304ac	2199
