version	total
v1.3.190304ac	502
1.3.190304ac	510
