version	total
v1.3.190304ac	2283
1.3.190304ac	2529
