version	total
v1.3.190304ac	2822
1.3.190304ac	3145
