version	total
v1.3.190304ac	2153
1.3.190304ac	2374
