version	total
v1.3.190304ac	1671
1.3.190304ac	1840
