version	total
v1.3.190304ac	1300
1.3.190304ac	1421
