version	total
v1.3.190304ac	216
1.3.190304ac	174
