version	total
v1.3.190304ac	1819
1.3.190304ac	2000
