version	total
v1.3.190304ac	2615
1.3.190304ac	2911
