version	total
v1.3.190304ac	1482
1.3.190304ac	1625
