version	total
v1.3.190304ac	1622
1.3.190304ac	1779
