version	total
v1.3.190304ac	2688
1.3.190304ac	2991
