version	total
v1.3.190304ac	2323
1.3.190304ac	2576
