version	total
v1.3.190304ac	223
1.3.190304ac	180
