version	total
v1.3.190304ac	2814
1.3.190304ac	3137
