version	total
v1.3.190304ac	1521
1.3.190304ac	1665
