version	total
v1.3.190304ac	1069
1.3.190304ac	1169
