version	total
v1.3.190304ac	1278
1.3.190304ac	1394
