version	total
v1.3.190304ac	1961
1.3.190304ac	2163
