version	total
v1.3.190304ac	1216
1.3.190304ac	1325
