version	total
v1.3.190304ac	806
1.3.190304ac	865
