version	total
v1.3.190304ac	2742
1.3.190304ac	3047
