version	total
v1.3.190304ac	1352
1.3.190304ac	1478
