version	total
v1.3.190304ac	240
1.3.190304ac	196
