version	total
v1.3.190304ac	262
1.3.190304ac	218
