version	total
v1.3.190304ac	2203
1.3.190304ac	2431
