version	total
v1.3.190304ac	2402
1.3.190304ac	2666
