version	total
v1.3.190304ac	1051
1.3.190304ac	1151
