version	total
v1.3.190304ac	2137
1.3.190304ac	2354
