version	total
v1.3.190304ac	1683
1.3.190304ac	1853
