version	total
v1.3.190304ac	341
1.3.190304ac	336
