version	total
v1.3.190304ac	2626
1.3.190304ac	2921
