version	total
v1.3.190304ac	236
1.3.190304ac	192
