version	total
v1.3.190304ac	2026
1.3.190304ac	2229
