version	total
v1.3.190304ac	593
1.3.190304ac	621
