version	total
v1.3.190304ac	1901
1.3.190304ac	2094
