version	total
v1.3.190304ac	2804
1.3.190304ac	3122
