version	total
v1.3.190304ac	1766
1.3.190304ac	1944
