version	total
v1.3.190304ac	2390
1.3.190304ac	2653
