version	total
v1.3.190304ac	2049
1.3.190304ac	2256
