version	total
v1.3.190304ac	1549
1.3.190304ac	1704
