version	total
v1.3.190304ac	310
1.3.190304ac	291
