version	total
v1.3.190304ac	1229
1.3.190304ac	1339
