version	total
v1.3.190304ac	1224
1.3.190304ac	1331
