version	total
v1.3.190304ac	2061
1.3.190304ac	2268
