version	total
v1.3.190304ac	1783
1.3.190304ac	1962
