version	total
v1.3.190304ac	2714
1.3.190304ac	3017
