version	total
v1.3.190304ac	1559
1.3.190304ac	1714
