version	total
v1.3.190304ac	1450
1.3.190304ac	1588
