version	total
v1.3.190304ac	1288
1.3.190304ac	1407
