version	total
v1.3.190304ac	145
1.3.190304ac	99
