version	total
v1.3.190304ac	2311
1.3.190304ac	2563
