version	total
v1.3.190304ac	1125
1.3.190304ac	1227
