version	total
v1.3.190304ac	1093
1.3.190304ac	1194
