version	total
v1.3.190304ac	2125
1.3.190304ac	2336
