version	total
v1.3.190304ac	2097
1.3.190304ac	2307
