version	total
v1.3.190304ac	2690
1.3.190304ac	2993
