version	total
v1.3.190304ac	1539
1.3.190304ac	1692
