version	total
v1.3.190304ac	246
1.3.190304ac	203
