version	total
v1.3.190304ac	1484
1.3.190304ac	1627
