version	total
v1.3.190304ac	1226
1.3.190304ac	1334
