version	total
v1.3.190304ac	2252
1.3.190304ac	2495
