version	total
v1.3.190304ac	2430
1.3.190304ac	2700
