version	total
v1.3.190304ac	1847
1.3.190304ac	2031
