version	total
v1.3.190304ac	2744
1.3.190304ac	3049
