version	total
v1.3.190304ac	2569
1.3.190304ac	2860
