version	total
v1.3.190304ac	2014
1.3.190304ac	2216
