version	total
v1.3.190304ac	2065
1.3.190304ac	2272
