version	total
v1.3.190304ac	239
1.3.190304ac	195
