version	total
v1.3.190304ac	296
1.3.190304ac	262
