version	total
v1.3.190304ac	2016
1.3.190304ac	2218
