version	total
v1.3.190304ac	2680
1.3.190304ac	2983
