version	total
v1.3.190304ac	2528
1.3.190304ac	2816
