version	total
v1.3.190304ac	1945
1.3.190304ac	2145
