version	total
v1.3.190304ac	1116
1.3.190304ac	1219
