version	total
v1.3.190304ac	1205
1.3.190304ac	1307
