version	total
v1.3.190304ac	2279
1.3.190304ac	2525
