version	total
v1.3.190304ac	1867
1.3.190304ac	2054
