version	total
v1.3.190304ac	558
1.3.190304ac	579
