version	total
v1.3.190304ac	1701
1.3.190304ac	1875
