version	total
v1.3.190304ac	611
1.3.190304ac	647
