version	total
v1.3.190304ac	2169
1.3.190304ac	2391
