version	total
v1.3.190304ac	2472
1.3.190304ac	2746
