version	total
v1.3.190304ac	500
1.3.190304ac	508
