version	total
v1.3.190304ac	149
1.3.190304ac	104
