version	total
v1.3.190304ac	2458
1.3.190304ac	2733
