version	total
v1.3.190304ac	157
1.3.190304ac	111
