version	total
v1.3.190304ac	1266
1.3.190304ac	1380
