version	total
v1.3.190304ac	220
1.3.190304ac	178
