version	total
v1.3.190304ac	2215
1.3.190304ac	2446
