version	total
v1.3.190304ac	2756
1.3.190304ac	3066
