version	total
v1.3.190304ac	1709
1.3.190304ac	1886
