version	total
v1.3.190304ac	2147
1.3.190304ac	2367
