version	total
v1.3.190304ac	2113
1.3.190304ac	2326
