version	total
v1.3.190304ac	1612
1.3.190304ac	1771
