version	total
v1.3.190304ac	286
1.3.190304ac	248
