version	total
v1.3.190304ac	276
1.3.190304ac	237
