version	total
v1.3.190304ac	1978
1.3.190304ac	2180
