version	total
v1.3.190304ac	1743
1.3.190304ac	1921
