version	total
v1.3.190304ac	1251
1.3.190304ac	1366
