version	total
v1.3.190304ac	247
1.3.190304ac	204
