version	total
v1.3.190304ac	2331
1.3.190304ac	2584
