version	total
v1.3.190304ac	1568
1.3.190304ac	1722
