version	total
v1.3.190304ac	1055
1.3.190304ac	1155
