version	total
v1.3.190304ac	2329
1.3.190304ac	2582
