version	total
v1.3.190304ac	207
1.3.190304ac	166
