version	total
v1.3.190304ac	2163
1.3.190304ac	2385
