version	total
v1.3.190304ac	2794
1.3.190304ac	3109
