version	total
v1.3.190304ac	1582
1.3.190304ac	1739
