version	total
v1.3.190304ac	2086
1.3.190304ac	2295
