version	total
v1.3.190304ac	1391
1.3.190304ac	1523
