version	total
v1.3.190304ac	2133
1.3.190304ac	2345
