version	total
v1.3.190304ac	2219
1.3.190304ac	2454
