version	total
v1.3.190304ac	2585
1.3.190304ac	2878
