version	total
v1.3.190304ac	264
1.3.190304ac	220
