version	total
v1.3.190304ac	1023
1.3.190304ac	1123
