version	total
v1.3.190304ac	150
1.3.190304ac	105
