version	total
v1.3.190304ac	211
1.3.190304ac	170
