version	total
v1.3.190304ac	1984
1.3.190304ac	2186
