version	total
v1.3.190304ac	653
1.3.190304ac	690
