version	total
v1.3.190304ac	1270
1.3.190304ac	1385
