version	total
v1.3.190304ac	999
1.3.190304ac	1097
