version	total
v1.3.190304ac	2676
1.3.190304ac	2979
