version	total
v1.3.190304ac	2591
1.3.190304ac	2884
