version	total
v1.3.190304ac	312
1.3.190304ac	293
