version	total
v1.3.190304ac	250
1.3.190304ac	207
