version	total
v1.3.190304ac	2057
1.3.190304ac	2264
