version	total
v1.3.190304ac	2440
1.3.190304ac	2711
