version	total
v1.3.190304ac	2375
1.3.190304ac	2635
