version	total
v1.3.190304ac	2159
1.3.190304ac	2380
