version	total
v1.3.190304ac	2234
1.3.190304ac	2471
