version	total
v1.3.190304ac	244
1.3.190304ac	200
