version	total
v1.3.190304ac	2020
1.3.190304ac	2222
