version	total
v1.3.190304ac	1719
1.3.190304ac	1896
