version	total
v1.3.190304ac	680
1.3.190304ac	726
