version	total
v1.3.190304ac	2735
1.3.190304ac	3037
