version	total
v1.3.190304ac	1955
1.3.190304ac	2155
