version	total
v1.3.190304ac	2327
1.3.190304ac	2580
