version	total
v1.3.190304ac	1276
1.3.190304ac	1391
