version	total
v1.3.190304ac	1893
1.3.190304ac	2086
