version	total
v1.3.190304ac	1939
1.3.190304ac	2139
