version	total
v1.3.190304ac	1968
1.3.190304ac	2169
