version	total
v1.3.190304ac	363
1.3.190304ac	357
