version	total
v1.3.190304ac	177
1.3.190304ac	131
