version	total
v1.3.190304ac	170
1.3.190304ac	125
