version	total
v1.3.190304ac	2476
1.3.190304ac	2751
