version	total
v1.3.190304ac	1828
1.3.190304ac	2010
