version	total
v1.3.190304ac	297
1.3.190304ac	263
