version	total
v1.3.190304ac	1019
1.3.190304ac	1119
