version	total
v1.3.190304ac	151
1.3.190304ac	106
