version	total
v1.3.190304ac	2392
1.3.190304ac	2655
