version	total
v1.3.190304ac	1263
1.3.190304ac	1378
