version	total
v1.3.190304ac	1444
1.3.190304ac	1581
