version	total
v1.3.190304ac	1145
1.3.190304ac	1246
