version	total
v1.3.190304ac	392
1.3.190304ac	396
