version	total
v1.3.190304ac	2519
1.3.190304ac	2806
