version	total
v1.3.190304ac	316
1.3.190304ac	301
