version	total
v1.3.190304ac	1079
1.3.190304ac	1180
