version	total
v1.3.190304ac	1089
1.3.190304ac	1190
