version	total
v1.3.190304ac	2384
1.3.190304ac	2644
