version	total
v1.3.190304ac	1876
1.3.190304ac	2065
