version	total
v1.3.190304ac	1685
1.3.190304ac	1856
