version	total
v1.3.190304ac	2500
1.3.190304ac	2782
