version	total
v1.3.190304ac	2225
1.3.190304ac	2458
