version	total
v1.3.190304ac	573
1.3.190304ac	598
