version	total
v1.3.190304ac	1848
1.3.190304ac	2033
