version	total
v1.3.190304ac	1624
1.3.190304ac	1781
