version	total
v1.3.190304ac	1456
1.3.190304ac	1594
