version	total
v1.3.190304ac	385
1.3.190304ac	381
