version	total
v1.3.190304ac	1606
1.3.190304ac	1763
