version	total
v1.3.190304ac	414
1.3.190304ac	416
