version	total
v1.3.190304ac	2072
1.3.190304ac	2280
