version	total
v1.3.190304ac	1861
1.3.190304ac	2046
