version	total
v1.3.190304ac	1306
1.3.190304ac	1427
