version	total
v1.3.190304ac	1243
1.3.190304ac	1356
