version	total
v1.3.190304ac	1777
1.3.190304ac	1955
