version	total
v1.3.190304ac	2656
1.3.190304ac	2957
