version	total
v1.3.190304ac	1663
1.3.190304ac	1830
