version	total
v1.3.190304ac	1608
1.3.190304ac	1765
