version	total
v1.3.190304ac	2416
1.3.190304ac	2684
