version	total
v1.3.190304ac	340
1.3.190304ac	334
