version	total
v1.3.190304ac	2450
1.3.190304ac	2724
