version	total
v1.3.190304ac	1805
1.3.190304ac	1985
