version	total
v1.3.190304ac	1039
1.3.190304ac	1139
