version	total
v1.3.190304ac	206
1.3.190304ac	165
