version	total
v1.3.190304ac	2605
1.3.190304ac	2899
