version	total
v1.3.190304ac	266
1.3.190304ac	222
