version	total
v1.3.190304ac	179
1.3.190304ac	133
