version	total
v1.3.190304ac	1519
1.3.190304ac	1662
