version	total
v1.3.190304ac	1660
1.3.190304ac	1826
