version	total
v1.3.190304ac	1941
1.3.190304ac	2141
