version	total
v1.3.190304ac	1919
1.3.190304ac	2117
