version	total
v1.3.190304ac	2380
1.3.190304ac	2639
