version	total
v1.3.190304ac	1759
1.3.190304ac	1937
