version	total
v1.3.190304ac	1325
1.3.190304ac	1450
