version	total
v1.3.190304ac	1687
1.3.190304ac	1858
