version	total
v1.3.190304ac	1509
1.3.190304ac	1651
