version	total
v1.3.190304ac	1063
1.3.190304ac	1163
