version	total
v1.3.190304ac	155
1.3.190304ac	109
