version	total
v1.3.190304ac	1513
1.3.190304ac	1657
