version	total
v1.3.190304ac	259
1.3.190304ac	215
