version	total
v1.3.190304ac	2369
1.3.190304ac	2628
