version	total
v1.3.190304ac	1757
1.3.190304ac	1935
