version	total
v1.3.190304ac	1889
1.3.190304ac	2082
