version	total
v1.3.190304ac	1845
1.3.190304ac	2029
