version	total
v1.3.190304ac	2466
1.3.190304ac	2740
