version	total
v1.3.190304ac	2087
1.3.190304ac	2297
