version	total
v1.3.190304ac	487
1.3.190304ac	495
