version	total
v1.3.190304ac	1998
1.3.190304ac	2201
