version	total
v1.3.190304ac	2001
1.3.190304ac	2205
