version	total
v1.3.190304ac	1308
1.3.190304ac	1430
