version	total
v1.3.190304ac	2442
1.3.190304ac	2714
