version	total
v1.3.190304ac	2303
1.3.190304ac	2552
