version	total
v1.3.190304ac	2530
1.3.190304ac	2818
