version	total
v1.3.190304ac	1755
1.3.190304ac	1933
