version	total
v1.3.190304ac	2492
1.3.190304ac	2775
