version	total
v1.3.190304ac	1015
1.3.190304ac	1115
