version	total
1.7	5984
1.7.20160316203940	6615
1.14.20160708181155	9520
1.18.20160907135919	5362
1.18.20160930145650	4875
1.18.20161005190847	5016
1.20.20161122192122	4953
2.1.20161221160224	4525
2.1.20161227191302	5000
2.2.20170216125639	5156
2.5.20170328195758	5503
2.6.20170806163416	5773
2.6.20170927145003	5360
2.6.20171116190026	4527
2.6.20171201034858	5663
2.7.20180611133406	7217
2.7.20180809223002	2324
