version	total
1.7	5001
1.7.20160316203940	5939
1.14.20160708181155	7761
1.18.20160907135919	4425
1.18.20160930145650	3949
1.18.20161005190847	4123
1.20.20161122192122	4072
2.1.20161221160224	3857
2.1.20161227191302	4108
2.2.20170216125639	4243
2.5.20170328195758	4630
2.6.20170806163416	4845
2.6.20170927145003	4461
2.6.20171116190026	3981
2.6.20171201034858	4680
2.7.20180611133406	6016
2.7.20180809223002	1440
