version	total
1.7	5190
1.7.20160316203940	6110
1.14.20160708181155	8083
1.18.20160907135919	4596
1.18.20160930145650	4119
1.18.20161005190847	4287
1.20.20161122192122	4234
2.1.20161221160224	4013
2.1.20161227191302	4273
2.2.20170216125639	4415
2.5.20170328195758	4789
2.6.20170806163416	5018
2.6.20170927145003	4626
2.6.20171116190026	4129
2.6.20171201034858	4867
2.7.20180611133406	6242
2.7.20180809223002	1599
