version	total
1.7	4097
1.7.20160316203940	5044
1.14.20160708181155	6302
1.18.20160907135919	3590
1.18.20160930145650	3179
1.18.20161005190847	3366
1.20.20161122192122	3317
2.1.20161221160224	3104
2.1.20161227191302	3352
2.2.20170216125639	3475
2.5.20170328195758	3869
2.6.20170806163416	4017
2.6.20170927145003	3696
2.6.20171116190026	3229
2.6.20171201034858	3775
2.7.20180611133406	4977
2.7.20180809223002	690
