version	total
1.7	4338
1.7.20160316203940	5282
1.14.20160708181155	6696
1.18.20160907135919	3813
1.18.20160930145650	3385
1.18.20161005190847	3571
1.20.20161122192122	3524
2.1.20161221160224	3308
2.1.20161227191302	3558
2.2.20170216125639	3681
2.5.20170328195758	4076
2.6.20170806163416	4241
2.6.20170927145003	3902
2.6.20171116190026	3433
2.6.20171201034858	4011
2.7.20180611133406	5264
2.7.20180809223002	896
