version	total
1.7	3786
1.7.20160316203940	4752
1.14.20160708181155	5830
1.18.20160907135919	3303
1.18.20160930145650	2909
1.18.20161005190847	3097
1.20.20161122192122	3072
2.1.20161221160224	2860
2.1.20161227191302	3103
2.2.20170216125639	3206
2.5.20170328195758	3627
2.6.20170806163416	3728
2.6.20170927145003	3446
2.6.20171116190026	2983
2.6.20171201034858	3483
2.7.20180611133406	4657
2.7.20180809223002	447
