version	total
1.7	3296
1.7.20160316203940	4320
1.14.20160708181155	4974
1.18.20160907135919	2842
1.18.20160930145650	2455
1.18.20161005190847	2646
1.20.20161122192122	2634
2.1.20161221160224	2464
2.1.20161227191302	2663
2.2.20170216125639	2750
2.5.20170328195758	3185
2.6.20170806163416	3257
2.6.20170927145003	3011
2.6.20171116190026	2588
2.6.20171201034858	2999
2.7.20180611133406	4150
2.7.20180809223002	183
