version	total
1.7	4642
1.7.20160316203940	5583
1.14.20160708181155	7197
1.18.20160907135919	4097
1.18.20160930145650	3647
1.18.20161005190847	3828
1.20.20161122192122	3778
2.1.20161221160224	3564
2.1.20161227191302	3814
2.2.20170216125639	3943
2.5.20170328195758	4334
2.6.20170806163416	4521
2.6.20170927145003	4163
2.6.20171116190026	3689
2.6.20171201034858	4319
2.7.20180611133406	5606
2.7.20180809223002	1151
