version	total
1.7	5966
1.7.20160316203940	6602
1.14.20160708181155	9489
1.18.20160907135919	5344
1.18.20160930145650	4852
1.18.20161005190847	5000
1.20.20161122192122	4937
2.1.20161221160224	4518
2.1.20161227191302	4983
2.2.20170216125639	5140
2.5.20170328195758	5490
2.6.20170806163416	5756
2.6.20170927145003	5345
2.6.20171116190026	4520
2.6.20171201034858	5640
2.7.20180611133406	7190
2.7.20180809223002	2309
