version	total
1.7	5955
1.7.20160316203940	6598
1.14.20160708181155	9478
1.18.20160907135919	5337
1.18.20160930145650	4847
1.18.20161005190847	4995
1.20.20161122192122	4931
2.1.20161221160224	4514
2.1.20161227191302	4977
2.2.20170216125639	5134
2.5.20170328195758	5485
2.6.20170806163416	5749
2.6.20170927145003	5338
2.6.20171116190026	4519
2.6.20171201034858	5631
2.7.20180611133406	7180
2.7.20180809223002	2304
