version	total
1.7	6074
1.7.20160316203940	6657
1.14.20160708181155	9671
1.18.20160907135919	5443
1.18.20160930145650	4952
1.18.20161005190847	5094
1.20.20161122192122	5028
2.1.20161221160224	4560
2.1.20161227191302	5077
2.2.20170216125639	5235
2.5.20170328195758	5574
2.6.20170806163416	5860
2.6.20170927145003	5438
2.6.20171116190026	4554
2.6.20171201034858	5752
2.7.20180611133406	7340
2.7.20180809223002	2399
