version	total
1.7	4741
1.7.20160316203940	5681
1.14.20160708181155	7353
1.18.20160907135919	4186
1.18.20160930145650	3730
1.18.20161005190847	3911
1.20.20161122192122	3860
2.1.20161221160224	3645
2.1.20161227191302	3896
2.2.20170216125639	4026
2.5.20170328195758	4417
2.6.20170806163416	4609
2.6.20170927145003	4245
2.6.20171116190026	3770
2.6.20171201034858	4420
2.7.20180611133406	5715
2.7.20180809223002	1232
