version	total
1.7	5230
1.7.20160316203940	6150
1.14.20160708181155	8155
1.18.20160907135919	4637
1.18.20160930145650	4161
1.18.20161005190847	4325
1.20.20161122192122	4272
2.1.20161221160224	4051
2.1.20161227191302	4311
2.2.20170216125639	4455
2.5.20170328195758	4827
2.6.20170806163416	5057
2.6.20170927145003	4666
2.6.20171116190026	4165
2.6.20171201034858	4908
2.7.20180611133406	6295
2.7.20180809223002	1635
