version	total
1.7	3393
1.7.20160316203940	4410
1.14.20160708181155	5136
1.18.20160907135919	2930
1.18.20160930145650	2537
1.18.20161005190847	2729
1.20.20161122192122	2716
2.1.20161221160224	2547
2.1.20161227191302	2750
2.2.20170216125639	2836
2.5.20170328195758	3268
2.6.20170806163416	3347
2.6.20170927145003	3094
2.6.20171116190026	2669
2.6.20171201034858	3092
2.7.20180611133406	4247
2.7.20180809223002	231
