version	total
1.7	3555
1.7.20160316203940	4569
1.14.20160708181155	5417
1.18.20160907135919	3083
1.18.20160930145650	2686
1.18.20161005190847	2877
1.20.20161122192122	2864
2.1.20161221160224	2690
2.1.20161227191302	2893
2.2.20170216125639	2983
2.5.20170328195758	3414
2.6.20170806163416	3501
2.6.20170927145003	3238
2.6.20171116190026	2813
2.6.20171201034858	3262
2.7.20180611133406	4422
2.7.20180809223002	291
