version	total
1.7	3696
1.7.20160316203940	4667
1.14.20160708181155	5665
1.18.20160907135919	3215
1.18.20160930145650	2819
1.18.20161005190847	3011
1.20.20161122192122	2989
2.1.20161221160224	2780
2.1.20161227191302	3019
2.2.20170216125639	3118
2.5.20170328195758	3544
2.6.20170806163416	3638
2.6.20170927145003	3362
2.6.20171116190026	2903
2.6.20171201034858	3397
2.7.20180611133406	4566
2.7.20180809223002	366
