version	total
1.7	4517
1.7.20160316203940	5462
1.14.20160708181155	6986
1.18.20160907135919	3979
1.18.20160930145650	3538
1.18.20161005190847	3722
1.20.20161122192122	3674
2.1.20161221160224	3460
2.1.20161227191302	3708
2.2.20170216125639	3834
2.5.20170328195758	4228
2.6.20170806163416	4406
2.6.20170927145003	4054
2.6.20171116190026	3585
2.6.20171201034858	4193
2.7.20180611133406	5468
2.7.20180809223002	1046
