version	total
1.7	5098
1.7.20160316203940	6024
1.14.20160708181155	7924
1.18.20160907135919	4512
1.18.20160930145650	4036
1.18.20161005190847	4202
1.20.20161122192122	4149
2.1.20161221160224	3929
2.1.20161227191302	4187
2.2.20170216125639	4331
2.5.20170328195758	4704
2.6.20170806163416	4930
2.6.20170927145003	4543
2.6.20171116190026	4047
2.6.20171201034858	4780
2.7.20180611133406	6134
2.7.20180809223002	1522
