version	total
1.7	5176
1.7.20160316203940	6097
1.14.20160708181155	8059
1.18.20160907135919	4584
1.18.20160930145650	4107
1.18.20161005190847	4273
1.20.20161122192122	4220
2.1.20161221160224	4000
2.1.20161227191302	4259
2.2.20170216125639	4403
2.5.20170328195758	4776
2.6.20170806163416	5004
2.6.20170927145003	4614
2.6.20171116190026	4116
2.6.20171201034858	4855
2.7.20180611133406	6226
2.7.20180809223002	1587
