version	total
1.7	5835
1.7.20160316203940	6549
1.14.20160708181155	9281
1.18.20160907135919	5232
1.18.20160930145650	4749
1.18.20161005190847	4895
1.20.20161122192122	4835
2.1.20161221160224	4465
2.1.20161227191302	4879
2.2.20170216125639	5034
2.5.20170328195758	5386
2.6.20170806163416	5645
2.6.20170927145003	5238
2.6.20171116190026	4484
2.6.20171201034858	5524
2.7.20180611133406	7044
2.7.20180809223002	2204
