version	total
1.7	5571
1.7.20160316203940	6414
1.14.20160708181155	8798
1.18.20160907135919	4975
1.18.20160930145650	4494
1.18.20161005190847	4651
1.20.20161122192122	4591
2.1.20161221160224	4339
2.1.20161227191302	4636
2.2.20170216125639	4786
2.5.20170328195758	5146
2.6.20170806163416	5392
2.6.20170927145003	4992
2.6.20171116190026	4372
2.6.20171201034858	5256
2.7.20180611133406	6712
2.7.20180809223002	1961
