version	total
1.7	3207
1.7.20160316203940	4233
1.14.20160708181155	4812
1.18.20160907135919	2756
1.18.20160930145650	2372
1.18.20161005190847	2563
1.20.20161122192122	2551
2.1.20161221160224	2382
2.1.20161227191302	2581
2.2.20170216125639	2667
2.5.20170328195758	3102
2.6.20170806163416	3170
2.6.20170927145003	2929
2.6.20171116190026	2506
2.6.20171201034858	2910
2.7.20180611133406	4052
2.7.20180809223002	142
