version	total
1.7	4431
1.7.20160316203940	5375
1.14.20160708181155	6827
1.18.20160907135919	3895
1.18.20160930145650	3456
1.18.20161005190847	3642
1.20.20161122192122	3593
2.1.20161221160224	3379
2.1.20161227191302	3629
2.2.20170216125639	3752
2.5.20170328195758	4147
2.6.20170806163416	4323
2.6.20170927145003	3973
2.6.20171116190026	3504
2.6.20171201034858	4104
2.7.20180611133406	5364
2.7.20180809223002	962
