version	total
1.7	6139
1.7.20160316203940	6689
1.14.20160708181155	9779
1.18.20160907135919	5506
1.18.20160930145650	5007
1.18.20161005190847	5150
1.20.20161122192122	5083
2.1.20161221160224	4584
2.1.20161227191302	5133
2.2.20170216125639	5290
2.5.20170328195758	5621
2.6.20170806163416	5922
2.6.20170927145003	5492
2.6.20171116190026	4569
2.6.20171201034858	5815
2.7.20180611133406	7420
2.7.20180809223002	2451
