version	total
1.7	4386
1.7.20160316203940	5330
1.14.20160708181155	6762
1.18.20160907135919	3855
1.18.20160930145650	3421
1.18.20161005190847	3607
1.20.20161122192122	3558
2.1.20161221160224	3344
2.1.20161227191302	3594
2.2.20170216125639	3717
2.5.20170328195758	4112
2.6.20170806163416	4283
2.6.20170927145003	3938
2.6.20171116190026	3469
2.6.20171201034858	4059
2.7.20180611133406	5316
2.7.20180809223002	929
