version	total
1.7	6018
1.7.20160316203940	6635
1.14.20160708181155	9578
1.18.20160907135919	5394
1.18.20160930145650	4905
1.18.20161005190847	5046
1.20.20161122192122	4984
2.1.20161221160224	4541
2.1.20161227191302	5030
2.2.20170216125639	5186
2.5.20170328195758	5533
2.6.20170806163416	5807
2.6.20170927145003	5391
2.6.20171116190026	4539
2.6.20171201034858	5699
2.7.20180611133406	7265
2.7.20180809223002	2353
