version	total
1.7	4693
1.7.20160316203940	5634
1.14.20160708181155	7280
1.18.20160907135919	4144
1.18.20160930145650	3690
1.18.20161005190847	3871
1.20.20161122192122	3821
2.1.20161221160224	3606
2.1.20161227191302	3857
2.2.20170216125639	3987
2.5.20170328195758	4378
2.6.20170806163416	4566
2.6.20170927145003	4207
2.6.20171116190026	3731
2.6.20171201034858	4370
2.7.20180611133406	5662
2.7.20180809223002	1193
