version	total
1.7	5096
1.7.20160316203940	6022
1.14.20160708181155	7920
1.18.20160907135919	4510
1.18.20160930145650	4034
1.18.20161005190847	4200
1.20.20161122192122	4147
2.1.20161221160224	3927
2.1.20161227191302	4185
2.2.20170216125639	4329
2.5.20170328195758	4702
2.6.20170806163416	4928
2.6.20170927145003	4541
2.6.20171116190026	4045
2.6.20171201034858	4777
2.7.20180611133406	6131
2.7.20180809223002	1520
