version	total
1.7	5044
1.7.20160316203940	5976
1.14.20160708181155	7845
1.18.20160907135919	4469
1.18.20160930145650	3995
1.18.20161005190847	4163
1.20.20161122192122	4107
2.1.20161221160224	3890
2.1.20161227191302	4145
2.2.20170216125639	4289
2.5.20170328195758	4665
2.6.20170806163416	4887
2.6.20170927145003	4503
2.6.20171116190026	4011
2.6.20171201034858	4728
2.7.20180611133406	6078
2.7.20180809223002	1481
