version	total
1.7	3755
1.7.20160316203940	4724
1.14.20160708181155	5777
1.18.20160907135919	3273
1.18.20160930145650	2880
1.18.20161005190847	3068
1.20.20161122192122	3046
2.1.20161221160224	2834
2.1.20161227191302	3076
2.2.20170216125639	3177
2.5.20170328195758	3601
2.6.20170806163416	3697
2.6.20170927145003	3419
2.6.20171116190026	2957
2.6.20171201034858	3455
2.7.20180611133406	4627
2.7.20180809223002	421
