version	total
1.7	3461
1.7.20160316203940	4480
1.14.20160708181155	5257
1.18.20160907135919	2997
1.18.20160930145650	2600
1.18.20161005190847	2794
1.20.20161122192122	2779
2.1.20161221160224	2608
2.1.20161227191302	2812
2.2.20170216125639	2899
2.5.20170328195758	3331
2.6.20170806163416	3414
2.6.20170927145003	3156
2.6.20171116190026	2730
2.6.20171201034858	3167
2.7.20180611133406	4320
2.7.20180809223002	265
