version	total
1.7	4536
1.7.20160316203940	5481
1.14.20160708181155	7019
1.18.20160907135919	3997
1.18.20160930145650	3555
1.18.20161005190847	3739
1.20.20161122192122	3691
2.1.20161221160224	3477
2.1.20161227191302	3725
2.2.20170216125639	3851
2.5.20170328195758	4246
2.6.20170806163416	4424
2.6.20170927145003	4071
2.6.20171116190026	3602
2.6.20171201034858	4212
2.7.20180611133406	5490
2.7.20180809223002	1061
