version	total
1.7	5488
1.7.20160316203940	6370
1.14.20160708181155	8643
1.18.20160907135919	4894
1.18.20160930145650	4415
1.18.20161005190847	4572
1.20.20161122192122	4518
2.1.20161221160224	4283
2.1.20161227191302	4558
2.2.20170216125639	4707
2.5.20170328195758	5073
2.6.20170806163416	5311
2.6.20170927145003	4915
2.6.20171116190026	4337
2.6.20171201034858	5176
2.7.20180611133406	6611
2.7.20180809223002	1882
