version	total
1.7	4488
1.7.20160316203940	5432
1.14.20160708181155	6931
1.18.20160907135919	3950
1.18.20160930145650	3509
1.18.20161005190847	3695
1.20.20161122192122	3646
2.1.20161221160224	3432
2.1.20161227191302	3682
2.2.20170216125639	3805
2.5.20170328195758	4200
2.6.20170806163416	4378
2.6.20170927145003	4026
2.6.20171116190026	3557
2.6.20171201034858	4161
2.7.20180611133406	5430
2.7.20180809223002	1016
