version	total
1.7	5353
1.7.20160316203940	6265
1.14.20160708181155	8389
1.18.20160907135919	4758
1.18.20160930145650	4283
1.18.20161005190847	4443
1.20.20161122192122	4390
2.1.20161221160224	4168
2.1.20161227191302	4430
2.2.20170216125639	4576
2.5.20170328195758	4945
2.6.20170806163416	5177
2.6.20170927145003	4785
2.6.20171116190026	4264
2.6.20171201034858	5034
2.7.20180611133406	6443
2.7.20180809223002	1754
