version	total
1.7	5874
1.7.20160316203940	6565
1.14.20160708181155	9351
1.18.20160907135919	5268
1.18.20160930145650	4784
1.18.20161005190847	4930
1.20.20161122192122	4870
2.1.20161221160224	4482
2.1.20161227191302	4914
2.2.20170216125639	5070
2.5.20170328195758	5422
2.6.20170806163416	5681
2.6.20170927145003	5273
2.6.20171116190026	4498
2.6.20171201034858	5561
2.7.20180611133406	7091
2.7.20180809223002	2241
