version	total
1.7	4641
1.7.20160316203940	5582
1.14.20160708181155	7193
1.18.20160907135919	4095
1.18.20160930145650	3645
1.18.20161005190847	3827
1.20.20161122192122	3777
2.1.20161221160224	3563
2.1.20161227191302	3813
2.2.20170216125639	3941
2.5.20170328195758	4333
2.6.20170806163416	4520
2.6.20170927145003	4161
2.6.20171116190026	3688
2.6.20171201034858	4317
2.7.20180611133406	5604
2.7.20180809223002	1149
