version	total
1.7	3655
1.7.20160316203940	4632
1.14.20160708181155	5593
1.18.20160907135919	3177
1.18.20160930145650	2779
1.18.20161005190847	2971
1.20.20161122192122	2952
2.1.20161221160224	2745
2.1.20161227191302	2982
2.2.20170216125639	3077
2.5.20170328195758	3507
2.6.20170806163416	3597
2.6.20170927145003	3325
2.6.20171116190026	2868
2.6.20171201034858	3359
2.7.20180611133406	4527
2.7.20180809223002	328
