version	total
1.7	5285
1.7.20160316203940	6205
1.14.20160708181155	8259
1.18.20160907135919	4690
1.18.20160930145650	4217
1.18.20161005190847	4378
1.20.20161122192122	4325
2.1.20161221160224	4103
2.1.20161227191302	4365
2.2.20170216125639	4510
2.5.20170328195758	4880
2.6.20170806163416	5110
2.6.20170927145003	4719
2.6.20171116190026	4218
2.6.20171201034858	4964
2.7.20180611133406	6363
2.7.20180809223002	1688
