version	total
1.7	3381
1.7.20160316203940	4397
1.14.20160708181155	5111
1.18.20160907135919	2918
1.18.20160930145650	2525
1.18.20161005190847	2717
1.20.20161122192122	2703
2.1.20161221160224	2535
2.1.20161227191302	2737
2.2.20170216125639	2823
2.5.20170328195758	3256
2.6.20170806163416	3335
2.6.20170927145003	3082
2.6.20171116190026	2657
2.6.20171201034858	3079
2.7.20180611133406	4233
2.7.20180809223002	225
