version	total
1.7	4454
1.7.20160316203940	5398
1.14.20160708181155	6873
1.18.20160907135919	3918
1.18.20160930145650	3479
1.18.20161005190847	3665
1.20.20161122192122	3616
2.1.20161221160224	3402
2.1.20161227191302	3652
2.2.20170216125639	3775
2.5.20170328195758	4170
2.6.20170806163416	4346
2.6.20170927145003	3996
2.6.20171116190026	3527
2.6.20171201034858	4127
2.7.20180611133406	5395
2.7.20180809223002	985
