version	total
1.7	5941
1.7.20160316203940	6591
1.14.20160708181155	9452
1.18.20160907135919	5323
1.18.20160930145650	4835
1.18.20161005190847	4983
1.20.20161122192122	4918
2.1.20161221160224	4507
2.1.20161227191302	4964
2.2.20170216125639	5121
2.5.20170328195758	5471
2.6.20170806163416	5736
2.6.20170927145003	5325
2.6.20171116190026	4516
2.6.20171201034858	5619
2.7.20180611133406	7162
2.7.20180809223002	2291
