version	total
1.7	4569
1.7.20160316203940	5509
1.14.20160708181155	7079
1.18.20160907135919	4028
1.18.20160930145650	3585
1.18.20161005190847	3769
1.20.20161122192122	3719
2.1.20161221160224	3505
2.1.20161227191302	3755
2.2.20170216125639	3881
2.5.20170328195758	4274
2.6.20170806163416	4454
2.6.20170927145003	4101
2.6.20171116190026	3630
2.6.20171201034858	4242
2.7.20180611133406	5523
2.7.20180809223002	1093
