version	total
1.7	5270
1.7.20160316203940	6189
1.14.20160708181155	8229
1.18.20160907135919	4676
1.18.20160930145650	4201
1.18.20161005190847	4363
1.20.20161122192122	4309
2.1.20161221160224	4088
2.1.20161227191302	4349
2.2.20170216125639	4495
2.5.20170328195758	4865
2.6.20170806163416	5095
2.6.20170927145003	4704
2.6.20171116190026	4202
2.6.20171201034858	4949
2.7.20180611133406	6343
2.7.20180809223002	1673
