version	total
1.7	4774
1.7.20160316203940	5715
1.14.20160708181155	7404
1.18.20160907135919	4217
1.18.20160930145650	3757
1.18.20161005190847	3938
1.20.20161122192122	3887
2.1.20161221160224	3673
2.1.20161227191302	3923
2.2.20170216125639	4053
2.5.20170328195758	4444
2.6.20170806163416	4641
2.6.20170927145003	4273
2.6.20171116190026	3797
2.6.20171201034858	4454
2.7.20180611133406	5753
2.7.20180809223002	1259
