version	total
1.7	5839
1.7.20160316203940	6551
1.14.20160708181155	9289
1.18.20160907135919	5236
1.18.20160930145650	4753
1.18.20161005190847	4899
1.20.20161122192122	4839
2.1.20161221160224	4467
2.1.20161227191302	4883
2.2.20170216125639	5038
2.5.20170328195758	5390
2.6.20170806163416	5649
2.6.20170927145003	5242
2.6.20171116190026	4486
2.6.20171201034858	5528
2.7.20180611133406	7050
2.7.20180809223002	2208
