version	total
1.7	4618
1.7.20160316203940	5558
1.14.20160708181155	7151
1.18.20160907135919	4073
1.18.20160930145650	3624
1.18.20161005190847	3806
1.20.20161122192122	3756
2.1.20161221160224	3542
2.1.20161227191302	3792
2.2.20170216125639	3920
2.5.20170328195758	4311
2.6.20170806163416	4497
2.6.20170927145003	4140
2.6.20171116190026	3667
2.6.20171201034858	4293
2.7.20180611133406	5577
2.7.20180809223002	1127
