version	total
1.7	4800
1.7.20160316203940	5742
1.14.20160708181155	7429
1.18.20160907135919	4238
1.18.20160930145650	3773
1.18.20161005190847	3954
1.20.20161122192122	3903
2.1.20161221160224	3689
2.1.20161227191302	3939
2.2.20170216125639	4068
2.5.20170328195758	4460
2.6.20170806163416	4662
2.6.20170927145003	4288
2.6.20171116190026	3813
2.6.20171201034858	4478
2.7.20180611133406	5780
2.7.20180809223002	1270
