version	total
1.7	5781
1.7.20160316203940	6525
1.14.20160708181155	9181
1.18.20160907135919	5179
1.18.20160930145650	4692
1.18.20161005190847	4845
1.20.20161122192122	4785
2.1.20161221160224	4442
2.1.20161227191302	4829
2.2.20170216125639	4982
2.5.20170328195758	5337
2.6.20170806163416	5593
2.6.20170927145003	5187
2.6.20171116190026	4464
2.6.20171201034858	5469
2.7.20180611133406	6979
2.7.20180809223002	2153
