version	total
1.7	3766
1.7.20160316203940	4733
1.14.20160708181155	5794
1.18.20160907135919	3283
1.18.20160930145650	2889
1.18.20161005190847	3077
1.20.20161122192122	3055
2.1.20161221160224	2841
2.1.20161227191302	3085
2.2.20170216125639	3186
2.5.20170328195758	3608
2.6.20170806163416	3707
2.6.20170927145003	3428
2.6.20171116190026	2964
2.6.20171201034858	3464
2.7.20180611133406	4638
2.7.20180809223002	427
