version	total
1.7	4540
1.7.20160316203940	5485
1.14.20160708181155	7027
1.18.20160907135919	4001
1.18.20160930145650	3559
1.18.20161005190847	3743
1.20.20161122192122	3695
2.1.20161221160224	3481
2.1.20161227191302	3729
2.2.20170216125639	3855
2.5.20170328195758	4250
2.6.20170806163416	4428
2.6.20170927145003	4075
2.6.20171116190026	3606
2.6.20171201034858	4216
2.7.20180611133406	5495
2.7.20180809223002	1065
