version	total
1.7	3560
1.7.20160316203940	4575
1.14.20160708181155	5425
1.18.20160907135919	3088
1.18.20160930145650	2692
1.18.20161005190847	2882
1.20.20161122192122	2870
2.1.20161221160224	2694
2.1.20161227191302	2897
2.2.20170216125639	2988
2.5.20170328195758	3420
2.6.20170806163416	3506
2.6.20170927145003	3242
2.6.20171116190026	2817
2.6.20171201034858	3268
2.7.20180611133406	4431
2.7.20180809223002	292
