version	total
1.7	6141
1.7.20160316203940	6690
1.14.20160708181155	9783
1.18.20160907135919	5508
1.18.20160930145650	5009
1.18.20161005190847	5152
1.20.20161122192122	5085
2.1.20161221160224	4585
2.1.20161227191302	5135
2.2.20170216125639	5292
2.5.20170328195758	5623
2.6.20170806163416	5924
2.6.20170927145003	5494
2.6.20171116190026	4569
2.6.20171201034858	5817
2.7.20180611133406	7422
2.7.20180809223002	2453
