version	total
1.7	3434
1.7.20160316203940	4455
1.14.20160708181155	5213
1.18.20160907135919	2972
1.18.20160930145650	2577
1.18.20161005190847	2771
1.20.20161122192122	2756
2.1.20161221160224	2587
2.1.20161227191302	2790
2.2.20170216125639	2876
2.5.20170328195758	3308
2.6.20170806163416	3389
2.6.20170927145003	3134
2.6.20171116190026	2710
2.6.20171201034858	3138
2.7.20180611133406	4291
2.7.20180809223002	252
