version	total
1.7	5918
1.7.20160316203940	6582
1.14.20160708181155	9419
1.18.20160907135919	5305
1.18.20160930145650	4818
1.18.20161005190847	4966
1.20.20161122192122	4903
2.1.20161221160224	4499
2.1.20161227191302	4948
2.2.20170216125639	5104
2.5.20170328195758	5456
2.6.20170806163416	5718
2.6.20170927145003	5308
2.6.20171116190026	4510
2.6.20171201034858	5600
2.7.20180611133406	7139
2.7.20180809223002	2274
