version	total
1.7	6240
1.7.20160316203940	6727
1.14.20160708181155	9924
1.18.20160907135919	5603
1.18.20160930145650	5085
1.18.20161005190847	5228
1.20.20161122192122	5152
2.1.20161221160224	4607
2.1.20161227191302	5206
2.2.20170216125639	5368
2.5.20170328195758	5672
2.6.20170806163416	6008
2.6.20170927145003	5569
2.6.20171116190026	4583
2.6.20171201034858	5910
2.7.20180611133406	7545
2.7.20180809223002	2527
