version	total
1.7	5247
1.7.20160316203940	6166
1.14.20160708181155	8184
1.18.20160907135919	4652
1.18.20160930145650	4176
1.18.20161005190847	4342
1.20.20161122192122	4289
2.1.20161221160224	4067
2.1.20161227191302	4328
2.2.20170216125639	4470
2.5.20170328195758	4844
2.6.20170806163416	5074
2.6.20170927145003	4681
2.6.20171116190026	4181
2.6.20171201034858	4924
2.7.20180611133406	6315
2.7.20180809223002	1652
