version	total
1.7	5664
1.7.20160316203940	6461
1.14.20160708181155	8982
1.18.20160907135919	5069
1.18.20160930145650	4589
1.18.20161005190847	4742
1.20.20161122192122	4682
2.1.20161221160224	4388
2.1.20161227191302	4727
2.2.20170216125639	4879
2.5.20170328195758	5236
2.6.20170806163416	5484
2.6.20170927145003	5085
2.6.20171116190026	4415
2.6.20171201034858	5352
2.7.20180611133406	6835
2.7.20180809223002	2053
