version	total
1.7	3796
1.7.20160316203940	4762
1.14.20160708181155	5844
1.18.20160907135919	3313
1.18.20160930145650	2920
1.18.20161005190847	3108
1.20.20161122192122	3080
2.1.20161221160224	2869
2.1.20161227191302	3111
2.2.20170216125639	3217
2.5.20170328195758	3636
2.6.20170806163416	3740
2.6.20170927145003	3454
2.6.20171116190026	2991
2.6.20171201034858	3493
2.7.20180611133406	4669
2.7.20180809223002	456
