version	total
1.7	4828
1.7.20160316203940	5770
1.14.20160708181155	7484
1.18.20160907135919	4267
1.18.20160930145650	3804
1.18.20161005190847	3980
1.20.20161122192122	3928
2.1.20161221160224	3714
2.1.20161227191302	3964
2.2.20170216125639	4098
2.5.20170328195758	4486
2.6.20170806163416	4689
2.6.20170927145003	4316
2.6.20171116190026	3838
2.6.20171201034858	4509
2.7.20180611133406	5819
2.7.20180809223002	1299
