version	total
1.7	4734
1.7.20160316203940	5675
1.14.20160708181155	7341
1.18.20160907135919	4180
1.18.20160930145650	3723
1.18.20161005190847	3903
1.20.20161122192122	3854
2.1.20161221160224	3639
2.1.20161227191302	3890
2.2.20170216125639	4019
2.5.20170328195758	4410
2.6.20170806163416	4602
2.6.20170927145003	4239
2.6.20171116190026	3763
2.6.20171201034858	4413
2.7.20180611133406	5708
2.7.20180809223002	1226
