version	total
1.7	4919
1.7.20160316203940	5858
1.14.20160708181155	7627
1.18.20160907135919	4349
1.18.20160930145650	3879
1.18.20161005190847	4054
1.20.20161122192122	4002
2.1.20161221160224	3788
2.1.20161227191302	4038
2.2.20170216125639	4173
2.5.20170328195758	4560
2.6.20170806163416	4770
2.6.20170927145003	4391
2.6.20171116190026	3912
2.6.20171201034858	4598
2.7.20180611133406	5925
2.7.20180809223002	1370
