version	total
1.7	4521
1.7.20160316203940	5466
1.14.20160708181155	6994
1.18.20160907135919	3983
1.18.20160930145650	3542
1.18.20161005190847	3726
1.20.20161122192122	3678
2.1.20161221160224	3464
2.1.20161227191302	3712
2.2.20170216125639	3838
2.5.20170328195758	4232
2.6.20170806163416	4410
2.6.20170927145003	4058
2.6.20171116190026	3589
2.6.20171201034858	4197
2.7.20180611133406	5474
2.7.20180809223002	1050
