version	total
1.7	5245
1.7.20160316203940	6164
1.14.20160708181155	8184
1.18.20160907135919	4652
1.18.20160930145650	4176
1.18.20161005190847	4340
1.20.20161122192122	4287
2.1.20161221160224	4065
2.1.20161227191302	4326
2.2.20170216125639	4470
2.5.20170328195758	4842
2.6.20170806163416	5072
2.6.20170927145003	4681
2.6.20171116190026	4179
2.6.20171201034858	4924
2.7.20180611133406	6315
2.7.20180809223002	1650
