version	total
1.7	3484
1.7.20160316203940	4502
1.14.20160708181155	5299
1.18.20160907135919	3019
1.18.20160930145650	2623
1.18.20161005190847	2815
1.20.20161122192122	2800
2.1.20161221160224	2628
2.1.20161227191302	2833
2.2.20170216125639	2920
2.5.20170328195758	3352
2.6.20170806163416	3436
2.6.20170927145003	3177
2.6.20171116190026	2750
2.6.20171201034858	3190
2.7.20180611133406	4347
2.7.20180809223002	278
