version	total
1.7	5042
1.7.20160316203940	5974
1.14.20160708181155	7841
1.18.20160907135919	4467
1.18.20160930145650	3993
1.18.20161005190847	4161
1.20.20161122192122	4105
2.1.20161221160224	3888
2.1.20161227191302	4143
2.2.20170216125639	4287
2.5.20170328195758	4663
2.6.20170806163416	4885
2.6.20170927145003	4501
2.6.20171116190026	4009
2.6.20171201034858	4726
2.7.20180611133406	6075
2.7.20180809223002	1479
