version	total
1.7	4880
1.7.20160316203940	5819
1.14.20160708181155	7567
1.18.20160907135919	4313
1.18.20160930145650	3847
1.18.20161005190847	4023
1.20.20161122192122	3971
2.1.20161221160224	3757
2.1.20161227191302	4007
2.2.20170216125639	4141
2.5.20170328195758	4529
2.6.20170806163416	4735
2.6.20170927145003	4359
2.6.20171116190026	3881
2.6.20171201034858	4558
2.7.20180611133406	5877
2.7.20180809223002	1341
