version	total
1.7	5409
1.7.20160316203940	6307
1.14.20160708181155	8497
1.18.20160907135919	4815
1.18.20160930145650	4340
1.18.20161005190847	4498
1.20.20161122192122	4444
2.1.20161221160224	4216
2.1.20161227191302	4484
2.2.20170216125639	4632
2.5.20170328195758	4999
2.6.20170806163416	5233
2.6.20170927145003	4840
2.6.20171116190026	4291
2.6.20171201034858	5092
2.7.20180611133406	6514
2.7.20180809223002	1808
