version	total
1.7	5640
1.7.20160316203940	6449
1.14.20160708181155	8930
1.18.20160907135919	5043
1.18.20160930145650	4563
1.18.20161005190847	4718
1.20.20161122192122	4658
2.1.20161221160224	4375
2.1.20161227191302	4703
2.2.20170216125639	4853
2.5.20170328195758	5213
2.6.20170806163416	5460
2.6.20170927145003	5058
2.6.20171116190026	4403
2.6.20171201034858	5325
2.7.20180611133406	6795
2.7.20180809223002	2028
