version	total
1.7	4534
1.7.20160316203940	5479
1.14.20160708181155	7015
1.18.20160907135919	3995
1.18.20160930145650	3553
1.18.20161005190847	3737
1.20.20161122192122	3689
2.1.20161221160224	3475
2.1.20161227191302	3723
2.2.20170216125639	3849
2.5.20170328195758	4244
2.6.20170806163416	4422
2.6.20170927145003	4069
2.6.20171116190026	3600
2.6.20171201034858	4210
2.7.20180611133406	5488
2.7.20180809223002	1059
