version	total
1.7	5192
1.7.20160316203940	6112
1.14.20160708181155	8089
1.18.20160907135919	4599
1.18.20160930145650	4124
1.18.20161005190847	4289
1.20.20161122192122	4236
2.1.20161221160224	4015
2.1.20161227191302	4275
2.2.20170216125639	4418
2.5.20170328195758	4791
2.6.20170806163416	5020
2.6.20170927145003	4629
2.6.20171116190026	4131
2.6.20171201034858	4870
2.7.20180611133406	6247
2.7.20180809223002	1602
