version	total
1.7	5739
1.7.20160316203940	6501
1.14.20160708181155	9117
1.18.20160907135919	5141
1.18.20160930145650	4658
1.18.20161005190847	4811
1.20.20161122192122	4751
2.1.20161221160224	4425
2.1.20161227191302	4795
2.2.20170216125639	4948
2.5.20170328195758	5303
2.6.20170806163416	5555
2.6.20170927145003	5153
2.6.20171116190026	4448
2.6.20171201034858	5427
2.7.20180611133406	6921
2.7.20180809223002	2120
