version	total
1.7	3406
1.7.20160316203940	4426
1.14.20160708181155	5157
1.18.20160907135919	2944
1.18.20160930145650	2549
1.18.20161005190847	2741
1.20.20161122192122	2727
2.1.20161221160224	2559
2.1.20161227191302	2762
2.2.20170216125639	2848
2.5.20170328195758	3279
2.6.20170806163416	3361
2.6.20170927145003	3106
2.6.20171116190026	2681
2.6.20171201034858	3108
2.7.20180611133406	4261
2.7.20180809223002	236
