version	total
1.7	5407
1.7.20160316203940	6306
1.14.20160708181155	8493
1.18.20160907135919	4813
1.18.20160930145650	4338
1.18.20161005190847	4496
1.20.20161122192122	4442
2.1.20161221160224	4215
2.1.20161227191302	4482
2.2.20170216125639	4630
2.5.20170328195758	4997
2.6.20170806163416	5231
2.6.20170927145003	4838
2.6.20171116190026	4290
2.6.20171201034858	5091
2.7.20180611133406	6512
2.7.20180809223002	1806
