version	total
1.7	5585
1.7.20160316203940	6421
1.14.20160708181155	8826
1.18.20160907135919	4989
1.18.20160930145650	4508
1.18.20161005190847	4665
1.20.20161122192122	4605
2.1.20161221160224	4348
2.1.20161227191302	4650
2.2.20170216125639	4800
2.5.20170328195758	5160
2.6.20170806163416	5406
2.6.20170927145003	5006
2.6.20171116190026	4378
2.6.20171201034858	5270
2.7.20180611133406	6726
2.7.20180809223002	1975
