version	total
1.7	5345
1.7.20160316203940	6259
1.14.20160708181155	8373
1.18.20160907135919	4750
1.18.20160930145650	4275
1.18.20161005190847	4435
1.20.20161122192122	4382
2.1.20161221160224	4160
2.1.20161227191302	4422
2.2.20170216125639	4568
2.5.20170328195758	4937
2.6.20170806163416	5169
2.6.20170927145003	4777
2.6.20171116190026	4260
2.6.20171201034858	5026
2.7.20180611133406	6433
2.7.20180809223002	1747
