version	total
1.7	3241
1.7.20160316203940	4265
1.14.20160708181155	4877
1.18.20160907135919	2790
1.18.20160930145650	2405
1.18.20161005190847	2596
1.20.20161122192122	2584
2.1.20161221160224	2414
2.1.20161227191302	2613
2.2.20170216125639	2700
2.5.20170328195758	3135
2.6.20170806163416	3204
2.6.20170927145003	2961
2.6.20171116190026	2538
2.6.20171201034858	2945
2.7.20180611133406	4090
2.7.20180809223002	158
