version	total
1.7	5256
1.7.20160316203940	6175
1.14.20160708181155	8201
1.18.20160907135919	4662
1.18.20160930145650	4187
1.18.20161005190847	4349
1.20.20161122192122	4295
2.1.20161221160224	4074
2.1.20161227191302	4335
2.2.20170216125639	4481
2.5.20170328195758	4851
2.6.20170806163416	5081
2.6.20170927145003	4690
2.6.20171116190026	4188
2.6.20171201034858	4935
2.7.20180611133406	6326
2.7.20180809223002	1659
