version	total
1.7	6231
1.7.20160316203940	6725
1.14.20160708181155	9911
1.18.20160907135919	5595
1.18.20160930145650	5078
1.18.20161005190847	5221
1.20.20161122192122	5146
2.1.20161221160224	4605
2.1.20161227191302	5199
2.2.20170216125639	5361
2.5.20170328195758	5668
2.6.20170806163416	6000
2.6.20170927145003	5562
2.6.20171116190026	4582
2.6.20171201034858	5901
2.7.20180611133406	7536
2.7.20180809223002	2521
