version	total
1.7	5268
1.7.20160316203940	6187
1.14.20160708181155	8225
1.18.20160907135919	4674
1.18.20160930145650	4199
1.18.20161005190847	4361
1.20.20161122192122	4307
2.1.20161221160224	4086
2.1.20161227191302	4347
2.2.20170216125639	4493
2.5.20170328195758	4863
2.6.20170806163416	5093
2.6.20170927145003	4702
2.6.20171116190026	4200
2.6.20171201034858	4947
2.7.20180611133406	6340
2.7.20180809223002	1671
