version	total
1.7	3399
1.7.20160316203940	4415
1.14.20160708181155	5144
1.18.20160907135919	2935
1.18.20160930145650	2543
1.18.20161005190847	2734
1.20.20161122192122	2720
2.1.20161221160224	2552
2.1.20161227191302	2756
2.2.20170216125639	2841
2.5.20170328195758	3273
2.6.20170806163416	3352
2.6.20170927145003	3098
2.6.20171116190026	2675
2.6.20171201034858	3098
2.7.20180611133406	4253
2.7.20180809223002	233
