version	total
1.7	5849
1.7.20160316203940	6555
1.14.20160708181155	9309
1.18.20160907135919	5246
1.18.20160930145650	4763
1.18.20161005190847	4909
1.20.20161122192122	4849
2.1.20161221160224	4471
2.1.20161227191302	4893
2.2.20170216125639	5048
2.5.20170328195758	5400
2.6.20170806163416	5659
2.6.20170927145003	5252
2.6.20171116190026	4489
2.6.20171201034858	5538
2.7.20180611133406	7061
2.7.20180809223002	2218
