version	total
1.7	5666
1.7.20160316203940	6462
1.14.20160708181155	8986
1.18.20160907135919	5071
1.18.20160930145650	4591
1.18.20161005190847	4744
1.20.20161122192122	4684
2.1.20161221160224	4389
2.1.20161227191302	4729
2.2.20170216125639	4881
2.5.20170328195758	5238
2.6.20170806163416	5486
2.6.20170927145003	5087
2.6.20171116190026	4416
2.6.20171201034858	5354
2.7.20180611133406	6838
2.7.20180809223002	2055
