version	total
1.7	6225
1.7.20160316203940	6725
1.14.20160708181155	9899
1.18.20160907135919	5589
1.18.20160930145650	5072
1.18.20161005190847	5215
1.20.20161122192122	5140
2.1.20161221160224	4603
2.1.20161227191302	5193
2.2.20170216125639	5355
2.5.20170328195758	5663
2.6.20170806163416	5994
2.6.20170927145003	5556
2.6.20171116190026	4582
2.6.20171201034858	5895
2.7.20180611133406	7527
2.7.20180809223002	2515
