version	total
1.7	4478
1.7.20160316203940	5422
1.14.20160708181155	6911
1.18.20160907135919	3940
1.18.20160930145650	3499
1.18.20161005190847	3685
1.20.20161122192122	3636
2.1.20161221160224	3422
2.1.20161227191302	3672
2.2.20170216125639	3795
2.5.20170328195758	4190
2.6.20170806163416	4368
2.6.20170927145003	4016
2.6.20171116190026	3547
2.6.20171201034858	4151
2.7.20180611133406	5419
2.7.20180809223002	1006
