version	total
1.7	3224
1.7.20160316203940	4249
1.14.20160708181155	4845
1.18.20160907135919	2773
1.18.20160930145650	2389
1.18.20161005190847	2580
1.20.20161122192122	2568
2.1.20161221160224	2398
2.1.20161227191302	2597
2.2.20170216125639	2684
2.5.20170328195758	3119
2.6.20170806163416	3187
2.6.20170927145003	2945
2.6.20171116190026	2522
2.6.20171201034858	2927
2.7.20180611133406	4071
2.7.20180809223002	148
