version	total
1.7	6099
1.7.20160316203940	6671
1.14.20160708181155	9714
1.18.20160907135919	5468
1.18.20160930145650	4973
1.18.20161005190847	5116
1.20.20161122192122	5051
2.1.20161221160224	4570
2.1.20161227191302	5100
2.2.20170216125639	5257
2.5.20170328195758	5594
2.6.20170806163416	5884
2.6.20170927145003	5460
2.6.20171116190026	4561
2.6.20171201034858	5775
2.7.20180611133406	7372
2.7.20180809223002	2420
