version	total
1.7	5420
1.7.20160316203940	6315
1.14.20160708181155	8518
1.18.20160907135919	4827
1.18.20160930145650	4351
1.18.20161005190847	4508
1.20.20161122192122	4454
2.1.20161221160224	4224
2.1.20161227191302	4494
2.2.20170216125639	4643
2.5.20170328195758	5009
2.6.20170806163416	5244
2.6.20170927145003	4851
2.6.20171116190026	4297
2.6.20171201034858	5106
2.7.20180611133406	6528
2.7.20180809223002	1819
