version	total
1.7	5416
1.7.20160316203940	6313
1.14.20160708181155	8510
1.18.20160907135919	4823
1.18.20160930145650	4347
1.18.20161005190847	4504
1.20.20161122192122	4450
2.1.20161221160224	4220
2.1.20161227191302	4490
2.2.20170216125639	4639
2.5.20170328195758	5005
2.6.20170806163416	5240
2.6.20170927145003	4847
2.6.20171116190026	4295
2.6.20171201034858	5102
2.7.20180611133406	6524
2.7.20180809223002	1815
