version	total
1.7	5735
1.7.20160316203940	6499
1.14.20160708181155	9109
1.18.20160907135919	5137
1.18.20160930145650	4654
1.18.20161005190847	4807
1.20.20161122192122	4747
2.1.20161221160224	4423
2.1.20161227191302	4791
2.2.20170216125639	4944
2.5.20170328195758	5299
2.6.20170806163416	5551
2.6.20170927145003	5149
2.6.20171116190026	4446
2.6.20171201034858	5423
2.7.20180611133406	6916
2.7.20180809223002	2117
