version	total
1.7	5377
1.7.20160316203940	6285
1.14.20160708181155	8437
1.18.20160907135919	4782
1.18.20160930145650	4307
1.18.20161005190847	4467
1.20.20161122192122	4414
2.1.20161221160224	4191
2.1.20161227191302	4454
2.2.20170216125639	4600
2.5.20170328195758	4970
2.6.20170806163416	5201
2.6.20170927145003	4809
2.6.20171116190026	4276
2.6.20171201034858	5058
2.7.20180611133406	6475
2.7.20180809223002	1778
