version	total
1.7	3553
1.7.20160316203940	4567
1.14.20160708181155	5413
1.18.20160907135919	3081
1.18.20160930145650	2684
1.18.20161005190847	2875
1.20.20161122192122	2862
2.1.20161221160224	2688
2.1.20161227191302	2891
2.2.20170216125639	2981
2.5.20170328195758	3412
2.6.20170806163416	3499
2.6.20170927145003	3236
2.6.20171116190026	2811
2.6.20171201034858	3260
2.7.20180611133406	4420
2.7.20180809223002	291
