version	total
1.7	3326
1.7.20160316203940	4350
1.14.20160708181155	5028
1.18.20160907135919	2870
1.18.20160930145650	2482
1.18.20161005190847	2674
1.20.20161122192122	2661
2.1.20161221160224	2491
2.1.20161227191302	2690
2.2.20170216125639	2777
2.5.20170328195758	3213
2.6.20170806163416	3286
2.6.20170927145003	3039
2.6.20171116190026	2615
2.6.20171201034858	3028
2.7.20180611133406	4181
2.7.20180809223002	200
