version	total
1.7	5753
1.7.20160316203940	6507
1.14.20160708181155	9145
1.18.20160907135919	5155
1.18.20160930145650	4672
1.18.20161005190847	4825
1.20.20161122192122	4765
2.1.20161221160224	4431
2.1.20161227191302	4809
2.2.20170216125639	4962
2.5.20170328195758	5317
2.6.20170806163416	5569
2.6.20170927145003	5167
2.6.20171116190026	4454
2.6.20171201034858	5441
2.7.20180611133406	6940
2.7.20180809223002	2135
