version	total
1.7	4964
1.7.20160316203940	5903
1.14.20160708181155	7692
1.18.20160907135919	4389
1.18.20160930145650	3914
1.18.20161005190847	4089
1.20.20161122192122	4037
2.1.20161221160224	3823
2.1.20161227191302	4073
2.2.20170216125639	4208
2.5.20170328195758	4595
2.6.20170806163416	4810
2.6.20170927145003	4426
2.6.20171116190026	3947
2.6.20171201034858	4643
2.7.20180611133406	5973
2.7.20180809223002	1405
