version	total
1.7	5369
1.7.20160316203940	6279
1.14.20160708181155	8421
1.18.20160907135919	4774
1.18.20160930145650	4299
1.18.20161005190847	4459
1.20.20161122192122	4406
2.1.20161221160224	4184
2.1.20161227191302	4446
2.2.20170216125639	4592
2.5.20170328195758	4962
2.6.20170806163416	5193
2.6.20170927145003	4801
2.6.20171116190026	4272
2.6.20171201034858	5050
2.7.20180611133406	6464
2.7.20180809223002	1770
