version	total
1.7	6090
1.7.20160316203940	6669
1.14.20160708181155	9697
1.18.20160907135919	5460
1.18.20160930145650	4965
1.18.20161005190847	5108
1.20.20161122192122	5043
2.1.20161221160224	4566
2.1.20161227191302	5090
2.2.20170216125639	5248
2.5.20170328195758	5588
2.6.20170806163416	5876
2.6.20170927145003	5452
2.6.20171116190026	4560
2.6.20171201034858	5767
2.7.20180611133406	7364
2.7.20180809223002	2411
