version	total
1.7	4911
1.7.20160316203940	5850
1.14.20160708181155	7611
1.18.20160907135919	4341
1.18.20160930145650	3871
1.18.20161005190847	4046
1.20.20161122192122	3994
2.1.20161221160224	3780
2.1.20161227191302	4030
2.2.20170216125639	4165
2.5.20170328195758	4552
2.6.20170806163416	4762
2.6.20170927145003	4383
2.6.20171116190026	3904
2.6.20171201034858	4590
2.7.20180611133406	5915
2.7.20180809223002	1362
