version	total
1.7	5986
1.7.20160316203940	6616
1.14.20160708181155	9524
1.18.20160907135919	5364
1.18.20160930145650	4877
1.18.20161005190847	5018
1.20.20161122192122	4955
2.1.20161221160224	4526
2.1.20161227191302	5002
2.2.20170216125639	5158
2.5.20170328195758	5505
2.6.20170806163416	5775
2.6.20170927145003	5362
2.6.20171116190026	4528
2.6.20171201034858	5665
2.7.20180611133406	7219
2.7.20180809223002	2326
