version	total
1.7	5480
1.7.20160316203940	6365
1.14.20160708181155	8627
1.18.20160907135919	4886
1.18.20160930145650	4407
1.18.20161005190847	4564
1.20.20161122192122	4510
2.1.20161221160224	4275
2.1.20161227191302	4550
2.2.20170216125639	4699
2.5.20170328195758	5065
2.6.20170806163416	5303
2.6.20170927145003	4907
2.6.20171116190026	4333
2.6.20171201034858	5168
2.7.20180611133406	6602
2.7.20180809223002	1874
