version	total
1.7	3573
1.7.20160316203940	4585
1.14.20160708181155	5445
1.18.20160907135919	3101
1.18.20160930145650	2703
1.18.20161005190847	2895
1.20.20161122192122	2881
2.1.20161221160224	2705
2.1.20161227191302	2907
2.2.20170216125639	3001
2.5.20170328195758	3433
2.6.20170806163416	3519
2.6.20170927145003	3252
2.6.20171116190026	2827
2.6.20171201034858	3281
2.7.20180611133406	4444
2.7.20180809223002	293
