version	total
1.7	3276
1.7.20160316203940	4300
1.14.20160708181155	4945
1.18.20160907135919	2824
1.18.20160930145650	2439
1.18.20161005190847	2630
1.20.20161122192122	2618
2.1.20161221160224	2448
2.1.20161227191302	2647
2.2.20170216125639	2734
2.5.20170328195758	3169
2.6.20170806163416	3239
2.6.20170927145003	2995
2.6.20171116190026	2572
2.6.20171201034858	2979
2.7.20180611133406	4129
2.7.20180809223002	175
