version	total
1.7	4780
1.7.20160316203940	5722
1.14.20160708181155	7414
1.18.20160907135919	4223
1.18.20160930145650	3762
1.18.20161005190847	3944
1.20.20161122192122	3893
2.1.20161221160224	3679
2.1.20161227191302	3929
2.2.20170216125639	4058
2.5.20170328195758	4450
2.6.20170806163416	4647
2.6.20170927145003	4278
2.6.20171116190026	3803
2.6.20171201034858	4459
2.7.20180611133406	5759
2.7.20180809223002	1264
