version	total
1.7	5620
1.7.20160316203940	6439
1.14.20160708181155	8894
1.18.20160907135919	5025
1.18.20160930145650	4543
1.18.20161005190847	4698
1.20.20161122192122	4638
2.1.20161221160224	4365
2.1.20161227191302	4683
2.2.20170216125639	4835
2.5.20170328195758	5193
2.6.20170806163416	5440
2.6.20170927145003	5041
2.6.20171116190026	4394
2.6.20171201034858	5307
2.7.20180611133406	6771
2.7.20180809223002	2009
