version	total
1.7	4567
1.7.20160316203940	5507
1.14.20160708181155	7075
1.18.20160907135919	4026
1.18.20160930145650	3583
1.18.20161005190847	3767
1.20.20161122192122	3717
2.1.20161221160224	3503
2.1.20161227191302	3753
2.2.20170216125639	3879
2.5.20170328195758	4272
2.6.20170806163416	4452
2.6.20170927145003	4099
2.6.20171116190026	3628
2.6.20171201034858	4240
2.7.20180611133406	5521
2.7.20180809223002	1091
