version	total
1.7	3721
1.7.20160316203940	4690
1.14.20160708181155	5709
1.18.20160907135919	3239
1.18.20160930145650	2844
1.18.20161005190847	3034
1.20.20161122192122	3012
2.1.20161221160224	2800
2.1.20161227191302	3042
2.2.20170216125639	3143
2.5.20170328195758	3565
2.6.20170806163416	3663
2.6.20170927145003	3385
2.6.20171116190026	2923
2.6.20171201034858	3419
2.7.20180611133406	4592
2.7.20180809223002	386
