version	total
1.7	4439
1.7.20160316203940	5383
1.14.20160708181155	6843
1.18.20160907135919	3903
1.18.20160930145650	3464
1.18.20161005190847	3650
1.20.20161122192122	3601
2.1.20161221160224	3387
2.1.20161227191302	3637
2.2.20170216125639	3760
2.5.20170328195758	4155
2.6.20170806163416	4331
2.6.20170927145003	3981
2.6.20171116190026	3512
2.6.20171201034858	4112
2.7.20180611133406	5376
2.7.20180809223002	970
