version	total
1.7	4685
1.7.20160316203940	5626
1.14.20160708181155	7264
1.18.20160907135919	4135
1.18.20160930145650	3682
1.18.20161005190847	3863
1.20.20161122192122	3813
2.1.20161221160224	3598
2.1.20161227191302	3849
2.2.20170216125639	3979
2.5.20170328195758	4369
2.6.20170806163416	4558
2.6.20170927145003	4199
2.6.20171116190026	3723
2.6.20171201034858	4361
2.7.20180611133406	5654
2.7.20180809223002	1185
