version	total
1.7	6210
1.7.20160316203940	6721
1.14.20160708181155	9878
1.18.20160907135919	5577
1.18.20160930145650	5061
1.18.20161005190847	5204
1.20.20161122192122	5130
2.1.20161221160224	4601
2.1.20161227191302	5182
2.2.20170216125639	5344
2.5.20170328195758	5657
2.6.20170806163416	5982
2.6.20170927145003	5545
2.6.20171116190026	4581
2.6.20171201034858	5881
2.7.20180611133406	7506
2.7.20180809223002	2504
