version	total
1.7	4492
1.7.20160316203940	5436
1.14.20160708181155	6937
1.18.20160907135919	3953
1.18.20160930145650	3513
1.18.20161005190847	3699
1.20.20161122192122	3650
2.1.20161221160224	3436
2.1.20161227191302	3685
2.2.20170216125639	3809
2.5.20170328195758	4204
2.6.20170806163416	4382
2.6.20170927145003	4029
2.6.20171116190026	3561
2.6.20171201034858	4165
2.7.20180611133406	5434
2.7.20180809223002	1020
