version	total
1.7	4743
1.7.20160316203940	5683
1.14.20160708181155	7357
1.18.20160907135919	4188
1.18.20160930145650	3732
1.18.20161005190847	3912
1.20.20161122192122	3862
2.1.20161221160224	3647
2.1.20161227191302	3898
2.2.20170216125639	4028
2.5.20170328195758	4419
2.6.20170806163416	4610
2.6.20170927145003	4247
2.6.20171116190026	3772
2.6.20171201034858	4422
2.7.20180611133406	5717
2.7.20180809223002	1234
