version	total
1.7	3205
1.7.20160316203940	4231
1.14.20160708181155	4808
1.18.20160907135919	2754
1.18.20160930145650	2370
1.18.20161005190847	2561
1.20.20161122192122	2549
2.1.20161221160224	2380
2.1.20161227191302	2579
2.2.20170216125639	2665
2.5.20170328195758	3100
2.6.20170806163416	3168
2.6.20170927145003	2927
2.6.20171116190026	2504
2.6.20171201034858	2908
2.7.20180611133406	4050
2.7.20180809223002	142
