version	total
1.7	6248
1.7.20160316203940	6731
1.14.20160708181155	9938
1.18.20160907135919	5613
1.18.20160930145650	5095
1.18.20161005190847	5236
1.20.20161122192122	5158
2.1.20161221160224	4609
2.1.20161227191302	5212
2.2.20170216125639	5378
2.5.20170328195758	5677
2.6.20170806163416	6017
2.6.20170927145003	5576
2.6.20171116190026	4584
2.6.20171201034858	5919
2.7.20180611133406	7556
2.7.20180809223002	2536
