version	total
1.7	5373
1.7.20160316203940	6282
1.14.20160708181155	8429
1.18.20160907135919	4778
1.18.20160930145650	4303
1.18.20161005190847	4463
1.20.20161122192122	4410
2.1.20161221160224	4187
2.1.20161227191302	4450
2.2.20170216125639	4596
2.5.20170328195758	4966
2.6.20170806163416	5197
2.6.20170927145003	4805
2.6.20171116190026	4274
2.6.20171201034858	5054
2.7.20180611133406	6469
2.7.20180809223002	1774
