version	total
1.7	5121
1.7.20160316203940	6042
1.14.20160708181155	7960
1.18.20160907135919	4530
1.18.20160930145650	4054
1.18.20161005190847	4220
1.20.20161122192122	4167
2.1.20161221160224	3947
2.1.20161227191302	4206
2.2.20170216125639	4350
2.5.20170328195758	4722
2.6.20170806163416	4950
2.6.20170927145003	4561
2.6.20171116190026	4064
2.6.20171201034858	4800
2.7.20180611133406	6161
2.7.20180809223002	1540
