version	total
1.7	4968
1.7.20160316203940	5907
1.14.20160708181155	7700
1.18.20160907135919	4393
1.18.20160930145650	3918
1.18.20161005190847	4092
1.20.20161122192122	4041
2.1.20161221160224	3827
2.1.20161227191302	4077
2.2.20170216125639	4212
2.5.20170328195758	4599
2.6.20170806163416	4814
2.6.20170927145003	4430
2.6.20171116190026	3951
2.6.20171201034858	4647
2.7.20180611133406	5977
2.7.20180809223002	1409
