version	total
1.7	5397
1.7.20160316203940	6297
1.14.20160708181155	8472
1.18.20160907135919	4801
1.18.20160930145650	4325
1.18.20161005190847	4486
1.20.20161122192122	4433
2.1.20161221160224	4207
2.1.20161227191302	4473
2.2.20170216125639	4618
2.5.20170328195758	4988
2.6.20170806163416	5220
2.6.20170927145003	4827
2.6.20171116190026	4285
2.6.20171201034858	5077
2.7.20180611133406	6498
2.7.20180809223002	1796
