version	total
1.7	5644
1.7.20160316203940	6451
1.14.20160708181155	8942
1.18.20160907135919	5049
1.18.20160930145650	4569
1.18.20161005190847	4722
1.20.20161122192122	4662
2.1.20161221160224	4377
2.1.20161227191302	4707
2.2.20170216125639	4859
2.5.20170328195758	5217
2.6.20170806163416	5464
2.6.20170927145003	5065
2.6.20171116190026	4405
2.6.20171201034858	5332
2.7.20180611133406	6806
2.7.20180809223002	2033
