version	total
1.7	6258
1.7.20160316203940	6735
1.14.20160708181155	9943
1.18.20160907135919	5617
1.18.20160930145650	5098
1.18.20161005190847	5241
1.20.20161122192122	5161
2.1.20161221160224	4611
2.1.20161227191302	5217
2.2.20170216125639	5381
2.5.20170328195758	5680
2.6.20170806163416	6023
2.6.20170927145003	5580
2.6.20171116190026	4586
2.6.20171201034858	5926
2.7.20180611133406	7568
2.7.20180809223002	2541
