version	total
1.7	5170
1.7.20160316203940	6091
1.14.20160708181155	8047
1.18.20160907135919	4578
1.18.20160930145650	4101
1.18.20161005190847	4267
1.20.20161122192122	4214
2.1.20161221160224	3994
2.1.20161227191302	4253
2.2.20170216125639	4397
2.5.20170328195758	4770
2.6.20170806163416	4998
2.6.20170927145003	4608
2.6.20171116190026	4110
2.6.20171201034858	4849
2.7.20180611133406	6218
2.7.20180809223002	1581
