version	total
1.7	5777
1.7.20160316203940	6525
1.14.20160708181155	9173
1.18.20160907135919	5175
1.18.20160930145650	4688
1.18.20161005190847	4841
1.20.20161122192122	4781
2.1.20161221160224	4441
2.1.20161227191302	4825
2.2.20170216125639	4978
2.5.20170328195758	5333
2.6.20170806163416	5589
2.6.20170927145003	5183
2.6.20171116190026	4464
2.6.20171201034858	5465
2.7.20180611133406	6970
2.7.20180809223002	2148
