version	total
1.7	5375
1.7.20160316203940	6283
1.14.20160708181155	8433
1.18.20160907135919	4780
1.18.20160930145650	4305
1.18.20161005190847	4465
1.20.20161122192122	4412
2.1.20161221160224	4189
2.1.20161227191302	4452
2.2.20170216125639	4598
2.5.20170328195758	4968
2.6.20170806163416	5199
2.6.20170927145003	4807
2.6.20171116190026	4275
2.6.20171201034858	5056
2.7.20180611133406	6473
2.7.20180809223002	1776
