version	total
1.7	3465
1.7.20160316203940	4484
1.14.20160708181155	5265
1.18.20160907135919	3001
1.18.20160930145650	2605
1.18.20161005190847	2798
1.20.20161122192122	2783
2.1.20161221160224	2612
2.1.20161227191302	2816
2.2.20170216125639	2903
2.5.20170328195758	3335
2.6.20170806163416	3418
2.6.20170927145003	3160
2.6.20171116190026	2734
2.6.20171201034858	3171
2.7.20180611133406	4325
2.7.20180809223002	269
