version	total
1.7	6153
1.7.20160316203940	6696
1.14.20160708181155	9794
1.18.20160907135919	5519
1.18.20160930145650	5016
1.18.20161005190847	5158
1.20.20161122192122	5091
2.1.20161221160224	4590
2.1.20161227191302	5140
2.2.20170216125639	5297
2.5.20170328195758	5628
2.6.20170806163416	5933
2.6.20170927145003	5500
2.6.20171116190026	4571
2.6.20171201034858	5825
2.7.20180611133406	7433
2.7.20180809223002	2459
