version	total
1.7	3226
1.7.20160316203940	4251
1.14.20160708181155	4849
1.18.20160907135919	2775
1.18.20160930145650	2391
1.18.20161005190847	2582
1.20.20161122192122	2570
2.1.20161221160224	2400
2.1.20161227191302	2599
2.2.20170216125639	2686
2.5.20170328195758	3121
2.6.20170806163416	3189
2.6.20170927145003	2947
2.6.20171116190026	2524
2.6.20171201034858	2929
2.7.20180611133406	4073
2.7.20180809223002	149
