version	total
1.7	4601
1.7.20160316203940	5541
1.14.20160708181155	7122
1.18.20160907135919	4057
1.18.20160930145650	3609
1.18.20161005190847	3791
1.20.20161122192122	3741
2.1.20161221160224	3527
2.1.20161227191302	3777
2.2.20170216125639	3905
2.5.20170328195758	4296
2.6.20170806163416	4481
2.6.20170927145003	4125
2.6.20171116190026	3652
2.6.20171201034858	4276
2.7.20180611133406	5559
2.7.20180809223002	1112
