version	total
1.7	5968
1.7.20160316203940	6603
1.14.20160708181155	9493
1.18.20160907135919	5346
1.18.20160930145650	4856
1.18.20161005190847	5003
1.20.20161122192122	4939
2.1.20161221160224	4519
2.1.20161227191302	4985
2.2.20170216125639	5142
2.5.20170328195758	5492
2.6.20170806163416	5759
2.6.20170927145003	5347
2.6.20171116190026	4521
2.6.20171201034858	5642
2.7.20180611133406	7195
2.7.20180809223002	2311
