version	total
1.7	4407
1.7.20160316203940	5351
1.14.20160708181155	6789
1.18.20160907135919	3873
1.18.20160930145650	3436
1.18.20161005190847	3622
1.20.20161122192122	3573
2.1.20161221160224	3359
2.1.20161227191302	3609
2.2.20170216125639	3732
2.5.20170328195758	4127
2.6.20170806163416	4301
2.6.20170927145003	3953
2.6.20171116190026	3484
2.6.20171201034858	4080
2.7.20180611133406	5337
2.7.20180809223002	943
