version	total
1.7	3304
1.7.20160316203940	4328
1.14.20160708181155	4990
1.18.20160907135919	2850
1.18.20160930145650	2463
1.18.20161005190847	2654
1.20.20161122192122	2642
2.1.20161221160224	2472
2.1.20161227191302	2671
2.2.20170216125639	2758
2.5.20170328195758	3193
2.6.20170806163416	3265
2.6.20170927145003	3019
2.6.20171116190026	2596
2.6.20171201034858	3007
2.7.20180611133406	4158
2.7.20180809223002	189
