version	total
1.7	5243
1.7.20160316203940	6162
1.14.20160708181155	8180
1.18.20160907135919	4650
1.18.20160930145650	4174
1.18.20161005190847	4338
1.20.20161122192122	4285
2.1.20161221160224	4063
2.1.20161227191302	4324
2.2.20170216125639	4468
2.5.20170328195758	4840
2.6.20170806163416	5070
2.6.20170927145003	4679
2.6.20171116190026	4177
2.6.20171201034858	4922
2.7.20180611133406	6313
2.7.20180809223002	1648
