version	total
1.7	6318
1.7.20160316203940	6770
1.14.20160708181155	10027
1.18.20160907135919	5677
1.18.20160930145650	5146
1.18.20161005190847	5287
1.20.20161122192122	5201
2.1.20161221160224	4628
2.1.20161227191302	5259
2.2.20170216125639	5428
2.5.20170328195758	5712
2.6.20170806163416	6077
2.6.20170927145003	5626
2.6.20171116190026	4596
2.6.20171201034858	5992
2.7.20180611133406	7668
2.7.20180809223002	2584
