version	total
1.7	3747
1.7.20160316203940	4716
1.14.20160708181155	5761
1.18.20160907135919	3265
1.18.20160930145650	2870
1.18.20161005190847	3060
1.20.20161122192122	3038
2.1.20161221160224	2826
2.1.20161227191302	3068
2.2.20170216125639	3169
2.5.20170328195758	3591
2.6.20170806163416	3689
2.6.20170927145003	3411
2.6.20171116190026	2949
2.6.20171201034858	3445
2.7.20180611133406	4619
2.7.20180809223002	413
