version	total
1.7	6061
1.7.20160316203940	6653
1.14.20160708181155	9654
1.18.20160907135919	5434
1.18.20160930145650	4943
1.18.20161005190847	5085
1.20.20161122192122	5020
2.1.20161221160224	4555
2.1.20161227191302	5067
2.2.20170216125639	5226
2.5.20170328195758	5565
2.6.20170806163416	5850
2.6.20170927145003	5429
2.6.20171116190026	4551
2.6.20171201034858	5740
2.7.20180611133406	7325
2.7.20180809223002	2391
