version	total
1.7	3501
1.7.20160316203940	4517
1.14.20160708181155	5327
1.18.20160907135919	3033
1.18.20160930145650	2639
1.18.20161005190847	2831
1.20.20161122192122	2816
2.1.20161221160224	2643
2.1.20161227191302	2847
2.2.20170216125639	2936
2.5.20170328195758	3367
2.6.20170806163416	3452
2.6.20170927145003	3191
2.6.20171116190026	2765
2.6.20171201034858	3205
2.7.20180611133406	4363
2.7.20180809223002	284
