version	total
1.7	5335
1.7.20160316203940	6253
1.14.20160708181155	8353
1.18.20160907135919	4740
1.18.20160930145650	4265
1.18.20161005190847	4425
1.20.20161122192122	4372
2.1.20161221160224	4150
2.1.20161227191302	4412
2.2.20170216125639	4558
2.5.20170328195758	4927
2.6.20170806163416	5159
2.6.20170927145003	4767
2.6.20171116190026	4255
2.6.20171201034858	5016
2.7.20180611133406	6422
2.7.20180809223002	1736
