version	total
1.7	3322
1.7.20160316203940	4346
1.14.20160708181155	5020
1.18.20160907135919	2866
1.18.20160930145650	2478
1.18.20161005190847	2670
1.20.20161122192122	2657
2.1.20161221160224	2487
2.1.20161227191302	2686
2.2.20170216125639	2773
2.5.20170328195758	3209
2.6.20170806163416	3282
2.6.20170927145003	3035
2.6.20171116190026	2611
2.6.20171201034858	3024
2.7.20180611133406	4177
2.7.20180809223002	198
