version	total
1.7	4893
1.7.20160316203940	5832
1.14.20160708181155	7588
1.18.20160907135919	4325
1.18.20160930145650	3858
1.18.20161005190847	4034
1.20.20161122192122	3982
2.1.20161221160224	3768
2.1.20161227191302	4018
2.2.20170216125639	4152
2.5.20170328195758	4540
2.6.20170806163416	4747
2.6.20170927145003	4370
2.6.20171116190026	3892
2.6.20171201034858	4571
2.7.20180611133406	5895
2.7.20180809223002	1352
