version	total
1.7	5291
1.7.20160316203940	6211
1.14.20160708181155	8271
1.18.20160907135919	4696
1.18.20160930145650	4223
1.18.20161005190847	4383
1.20.20161122192122	4331
2.1.20161221160224	4109
2.1.20161227191302	4371
2.2.20170216125639	4516
2.5.20170328195758	4886
2.6.20170806163416	5115
2.6.20170927145003	4725
2.6.20171116190026	4224
2.6.20171201034858	4970
2.7.20180611133406	6369
2.7.20180809223002	1694
