version	total
1.7	4802
1.7.20160316203940	5744
1.14.20160708181155	7437
1.18.20160907135919	4242
1.18.20160930145650	3777
1.18.20161005190847	3957
1.20.20161122192122	3905
2.1.20161221160224	3691
2.1.20161227191302	3941
2.2.20170216125639	4072
2.5.20170328195758	4462
2.6.20170806163416	4665
2.6.20170927145003	4292
2.6.20171116190026	3815
2.6.20171201034858	4483
2.7.20180611133406	5786
2.7.20180809223002	1275
