version	total
1.7	5871
1.7.20160316203940	6564
1.14.20160708181155	9347
1.18.20160907135919	5266
1.18.20160930145650	4782
1.18.20161005190847	4928
1.20.20161122192122	4868
2.1.20161221160224	4481
2.1.20161227191302	4912
2.2.20170216125639	5068
2.5.20170328195758	5420
2.6.20170806163416	5679
2.6.20170927145003	5271
2.6.20171116190026	4497
2.6.20171201034858	5559
2.7.20180611133406	7089
2.7.20180809223002	2239
