version	total
1.7	3371
1.7.20160316203940	4390
1.14.20160708181155	5098
1.18.20160907135919	2909
1.18.20160930145650	2518
1.18.20161005190847	2710
1.20.20161122192122	2697
2.1.20161221160224	2528
2.1.20161227191302	2730
2.2.20170216125639	2817
2.5.20170328195758	3249
2.6.20170806163416	3325
2.6.20170927145003	3075
2.6.20171116190026	2651
2.6.20171201034858	3068
2.7.20180611133406	4224
2.7.20180809223002	221
