version	total
1.7	4530
1.7.20160316203940	5475
1.14.20160708181155	7007
1.18.20160907135919	3991
1.18.20160930145650	3549
1.18.20161005190847	3733
1.20.20161122192122	3685
2.1.20161221160224	3471
2.1.20161227191302	3719
2.2.20170216125639	3845
2.5.20170328195758	4240
2.6.20170806163416	4418
2.6.20170927145003	4065
2.6.20171116190026	3596
2.6.20171201034858	4206
2.7.20180611133406	5484
2.7.20180809223002	1057
