version	total
1.7	5743
1.7.20160316203940	6502
1.14.20160708181155	9125
1.18.20160907135919	5145
1.18.20160930145650	4662
1.18.20161005190847	4815
1.20.20161122192122	4755
2.1.20161221160224	4426
2.1.20161227191302	4799
2.2.20170216125639	4952
2.5.20170328195758	5307
2.6.20170806163416	5559
2.6.20170927145003	5157
2.6.20171116190026	4449
2.6.20171201034858	5431
2.7.20180611133406	6925
2.7.20180809223002	2125
