version	total
1.7	5469
1.7.20160316203940	6355
1.14.20160708181155	8605
1.18.20160907135919	4875
1.18.20160930145650	4396
1.18.20161005190847	4553
1.20.20161122192122	4499
2.1.20161221160224	4265
2.1.20161227191302	4539
2.2.20170216125639	4688
2.5.20170328195758	5054
2.6.20170806163416	5292
2.6.20170927145003	4896
2.6.20171116190026	4325
2.6.20171201034858	5157
2.7.20180611133406	6588
2.7.20180809223002	1863
