version	total
1.7	5449
1.7.20160316203940	6336
1.14.20160708181155	8565
1.18.20160907135919	4855
1.18.20160930145650	4376
1.18.20161005190847	4533
1.20.20161122192122	4479
2.1.20161221160224	4246
2.1.20161227191302	4519
2.2.20170216125639	4668
2.5.20170328195758	5034
2.6.20170806163416	5272
2.6.20170927145003	4876
2.6.20171116190026	4311
2.6.20171201034858	5137
2.7.20180611133406	6566
2.7.20180809223002	1843
