version	total
1.7	4921
1.7.20160316203940	5860
1.14.20160708181155	7631
1.18.20160907135919	4351
1.18.20160930145650	3881
1.18.20161005190847	4056
1.20.20161122192122	4004
2.1.20161221160224	3790
2.1.20161227191302	4040
2.2.20170216125639	4175
2.5.20170328195758	4562
2.6.20170806163416	4772
2.6.20170927145003	4393
2.6.20171116190026	3914
2.6.20171201034858	4600
2.7.20180611133406	5928
2.7.20180809223002	1372
