version	total
1.7	3452
1.7.20160316203940	4472
1.14.20160708181155	5239
1.18.20160907135919	2988
1.18.20160930145650	2591
1.18.20161005190847	2785
1.20.20161122192122	2770
2.1.20161221160224	2600
2.1.20161227191302	2804
2.2.20170216125639	2890
2.5.20170328195758	3322
2.6.20170806163416	3405
2.6.20170927145003	3148
2.6.20171116190026	2723
2.6.20171201034858	3156
2.7.20180611133406	4310
2.7.20180809223002	260
