version	total
1.7	6040
1.7.20160316203940	6644
1.14.20160708181155	9620
1.18.20160907135919	5415
1.18.20160930145650	4925
1.18.20161005190847	5067
1.20.20161122192122	5002
2.1.20161221160224	4549
2.1.20161227191302	5049
2.2.20170216125639	5209
2.5.20170328195758	5550
2.6.20170806163416	5830
2.6.20170927145003	5411
2.6.20171116190026	4546
2.6.20171201034858	5720
2.7.20180611133406	7296
2.7.20180809223002	2373
