version	total
1.7	4995
1.7.20160316203940	5933
1.14.20160708181155	7749
1.18.20160907135919	4419
1.18.20160930145650	3943
1.18.20161005190847	4117
1.20.20161122192122	4066
2.1.20161221160224	3851
2.1.20161227191302	4102
2.2.20170216125639	4237
2.5.20170328195758	4624
2.6.20170806163416	4839
2.6.20170927145003	4455
2.6.20171116190026	3975
2.6.20171201034858	4674
2.7.20180611133406	6009
2.7.20180809223002	1434
