version	total
1.7	3986
1.7.20160316203940	4933
1.14.20160708181155	6134
1.18.20160907135919	3488
1.18.20160930145650	3085
1.18.20161005190847	3275
1.20.20161122192122	3229
2.1.20161221160224	3016
2.1.20161227191302	3263
2.2.20170216125639	3383
2.5.20170328195758	3782
2.6.20170806163416	3915
2.6.20170927145003	3605
2.6.20171116190026	3140
2.6.20171201034858	3664
2.7.20180611133406	4857
2.7.20180809223002	602
