version	total
1.7	5347
1.7.20160316203940	6261
1.14.20160708181155	8377
1.18.20160907135919	4752
1.18.20160930145650	4277
1.18.20161005190847	4437
1.20.20161122192122	4384
2.1.20161221160224	4162
2.1.20161227191302	4424
2.2.20170216125639	4570
2.5.20170328195758	4939
2.6.20170806163416	5171
2.6.20170927145003	4779
2.6.20171116190026	4261
2.6.20171201034858	5028
2.7.20180611133406	6436
2.7.20180809223002	1748
