version	total
1.7	4427
1.7.20160316203940	5371
1.14.20160708181155	6819
1.18.20160907135919	3891
1.18.20160930145650	3452
1.18.20161005190847	3638
1.20.20161122192122	3589
2.1.20161221160224	3375
2.1.20161227191302	3625
2.2.20170216125639	3748
2.5.20170328195758	4143
2.6.20170806163416	4319
2.6.20170927145003	3969
2.6.20171116190026	3500
2.6.20171201034858	4100
2.7.20180611133406	5359
2.7.20180809223002	958
