version	total
1.7	4695
1.7.20160316203940	5635
1.14.20160708181155	7284
1.18.20160907135919	4146
1.18.20160930145650	3692
1.18.20161005190847	3873
1.20.20161122192122	3823
2.1.20161221160224	3608
2.1.20161227191302	3859
2.2.20170216125639	3989
2.5.20170328195758	4380
2.6.20170806163416	4568
2.6.20170927145003	4209
2.6.20171116190026	3732
2.6.20171201034858	4372
2.7.20180611133406	5665
2.7.20180809223002	1195
