version	total
1.7	6223
1.7.20160316203940	6725
1.14.20160708181155	9895
1.18.20160907135919	5587
1.18.20160930145650	5070
1.18.20161005190847	5213
1.20.20161122192122	5138
2.1.20161221160224	4603
2.1.20161227191302	5191
2.2.20170216125639	5353
2.5.20170328195758	5662
2.6.20170806163416	5992
2.6.20170927145003	5554
2.6.20171116190026	4582
2.6.20171201034858	5893
2.7.20180611133406	7525
2.7.20180809223002	2512
