version	total
1.7	5249
1.7.20160316203940	6168
1.14.20160708181155	8192
1.18.20160907135919	4656
1.18.20160930145650	4182
1.18.20161005190847	4344
1.20.20161122192122	4291
2.1.20161221160224	4069
2.1.20161227191302	4330
2.2.20170216125639	4476
2.5.20170328195758	4846
2.6.20170806163416	5076
2.6.20170927145003	4685
2.6.20171116190026	4183
2.6.20171201034858	4928
2.7.20180611133406	6319
2.7.20180809223002	1654
