version	total
1.7	5327
1.7.20160316203940	6246
1.14.20160708181155	8336
1.18.20160907135919	4732
1.18.20160930145650	4257
1.18.20161005190847	4417
1.20.20161122192122	4364
2.1.20161221160224	4142
2.1.20161227191302	4404
2.2.20170216125639	4550
2.5.20170328195758	4919
2.6.20170806163416	5151
2.6.20170927145003	4759
2.6.20171116190026	4251
2.6.20171201034858	5008
2.7.20180611133406	6411
2.7.20180809223002	1728
