version	total
1.7	5723
1.7.20160316203940	6494
1.14.20160708181155	9085
1.18.20160907135919	5125
1.18.20160930145650	4642
1.18.20161005190847	4795
1.20.20161122192122	4735
2.1.20161221160224	4417
2.1.20161227191302	4779
2.2.20170216125639	4932
2.5.20170328195758	5287
2.6.20170806163416	5539
2.6.20170927145003	5137
2.6.20171116190026	4441
2.6.20171201034858	5411
2.7.20180611133406	6904
2.7.20180809223002	2105
