version	total
1.7	3248
1.7.20160316203940	4272
1.14.20160708181155	4889
1.18.20160907135919	2796
1.18.20160930145650	2411
1.18.20161005190847	2602
1.20.20161122192122	2590
2.1.20161221160224	2420
2.1.20161227191302	2619
2.2.20170216125639	2706
2.5.20170328195758	3141
2.6.20170806163416	3211
2.6.20170927145003	2967
2.6.20171116190026	2544
2.6.20171201034858	2951
2.7.20180611133406	4097
2.7.20180809223002	161
