version	total
1.7	5217
1.7.20160316203940	6137
1.14.20160708181155	8136
1.18.20160907135919	4624
1.18.20160930145650	4148
1.18.20161005190847	4312
1.20.20161122192122	4259
2.1.20161221160224	4038
2.1.20161227191302	4298
2.2.20170216125639	4442
2.5.20170328195758	4814
2.6.20170806163416	5044
2.6.20170927145003	4653
2.6.20171116190026	4153
2.6.20171201034858	4896
2.7.20180611133406	6280
2.7.20180809223002	1625
