version	total
1.7	3739
1.7.20160316203940	4708
1.14.20160708181155	5745
1.18.20160907135919	3257
1.18.20160930145650	2862
1.18.20161005190847	3052
1.20.20161122192122	3029
2.1.20161221160224	2818
2.1.20161227191302	3060
2.2.20170216125639	3161
2.5.20170328195758	3583
2.6.20170806163416	3681
2.6.20170927145003	3403
2.6.20171116190026	2941
2.6.20171201034858	3437
2.7.20180611133406	4609
2.7.20180809223002	404
