version	total
1.7	5401
1.7.20160316203940	6302
1.14.20160708181155	8481
1.18.20160907135919	4807
1.18.20160930145650	4332
1.18.20161005190847	4490
1.20.20161122192122	4436
2.1.20161221160224	4210
2.1.20161227191302	4476
2.2.20170216125639	4624
2.5.20170328195758	4991
2.6.20170806163416	5225
2.6.20170927145003	4832
2.6.20171116190026	4287
2.6.20171201034858	5085
2.7.20180611133406	6505
2.7.20180809223002	1800
