version	total
1.7	4806
1.7.20160316203940	5748
1.14.20160708181155	7445
1.18.20160907135919	4246
1.18.20160930145650	3781
1.18.20161005190847	3960
1.20.20161122192122	3909
2.1.20161221160224	3695
2.1.20161227191302	3945
2.2.20170216125639	4076
2.5.20170328195758	4466
2.6.20170806163416	4668
2.6.20170927145003	4296
2.6.20171116190026	3819
2.6.20171201034858	4487
2.7.20180611133406	5790
2.7.20180809223002	1279
