version	total
1.7	5829
1.7.20160316203940	6547
1.14.20160708181155	9263
1.18.20160907135919	5223
1.18.20160930145650	4739
1.18.20161005190847	4889
1.20.20161122192122	4829
2.1.20161221160224	4462
2.1.20161227191302	4873
2.2.20170216125639	5025
2.5.20170328195758	5380
2.6.20170806163416	5639
2.6.20170927145003	5229
2.6.20171116190026	4482
2.6.20171201034858	5515
2.7.20180611133406	7035
2.7.20180809223002	2196
