version	total
1.7	4687
1.7.20160316203940	5628
1.14.20160708181155	7268
1.18.20160907135919	4137
1.18.20160930145650	3684
1.18.20161005190847	3865
1.20.20161122192122	3815
2.1.20161221160224	3600
2.1.20161227191302	3851
2.2.20170216125639	3981
2.5.20170328195758	4371
2.6.20170806163416	4560
2.6.20170927145003	4201
2.6.20171116190026	3725
2.6.20171201034858	4364
2.7.20180611133406	5656
2.7.20180809223002	1187
