version	total
1.7	5787
1.7.20160316203940	6527
1.14.20160708181155	9193
1.18.20160907135919	5185
1.18.20160930145650	4698
1.18.20161005190847	4851
1.20.20161122192122	4791
2.1.20161221160224	4445
2.1.20161227191302	4835
2.2.20170216125639	4988
2.5.20170328195758	5343
2.6.20170806163416	5599
2.6.20170927145003	5193
2.6.20171116190026	4466
2.6.20171201034858	5475
2.7.20180611133406	6987
2.7.20180809223002	2159
