version	total
1.7	3677
1.7.20160316203940	4649
1.14.20160708181155	5633
1.18.20160907135919	3199
1.18.20160930145650	2801
1.18.20161005190847	2993
1.20.20161122192122	2973
2.1.20161221160224	2762
2.1.20161227191302	3003
2.2.20170216125639	3100
2.5.20170328195758	3526
2.6.20170806163416	3620
2.6.20170927145003	3346
2.6.20171116190026	2885
2.6.20171201034858	3379
2.7.20180611133406	4550
2.7.20180809223002	346
