version	total
1.7	3731
1.7.20160316203940	4702
1.14.20160708181155	5729
1.18.20160907135919	3249
1.18.20160930145650	2854
1.18.20161005190847	3044
1.20.20161122192122	3022
2.1.20161221160224	2812
2.1.20161227191302	3052
2.2.20170216125639	3153
2.5.20170328195758	3577
2.6.20170806163416	3673
2.6.20170927145003	3395
2.6.20171116190026	2935
2.6.20171201034858	3431
2.7.20180611133406	4602
2.7.20180809223002	398
