version	total
1.7	4804
1.7.20160316203940	5746
1.14.20160708181155	7441
1.18.20160907135919	4244
1.18.20160930145650	3779
1.18.20161005190847	3958
1.20.20161122192122	3907
2.1.20161221160224	3693
2.1.20161227191302	3943
2.2.20170216125639	4074
2.5.20170328195758	4464
2.6.20170806163416	4666
2.6.20170927145003	4294
2.6.20171116190026	3817
2.6.20171201034858	4485
2.7.20180611133406	5788
2.7.20180809223002	1277
