version	total
1.7	5882
1.7.20160316203940	6569
1.14.20160708181155	9367
1.18.20160907135919	5276
1.18.20160930145650	4792
1.18.20161005190847	4939
1.20.20161122192122	4878
2.1.20161221160224	4486
2.1.20161227191302	4922
2.2.20170216125639	5078
2.5.20170328195758	5431
2.6.20170806163416	5689
2.6.20170927145003	5281
2.6.20171116190026	4500
2.6.20171201034858	5569
2.7.20180611133406	7102
2.7.20180809223002	2249
