version	total
1.7	5182
1.7.20160316203940	6102
1.14.20160708181155	8071
1.18.20160907135919	4590
1.18.20160930145650	4113
1.18.20161005190847	4279
1.20.20161122192122	4226
2.1.20161221160224	4005
2.1.20161227191302	4265
2.2.20170216125639	4409
2.5.20170328195758	4781
2.6.20170806163416	5010
2.6.20170927145003	4620
2.6.20171116190026	4121
2.6.20171201034858	4861
2.7.20180611133406	6232
2.7.20180809223002	1593
