version	total
1.7	5186
1.7.20160316203940	6106
1.14.20160708181155	8079
1.18.20160907135919	4594
1.18.20160930145650	4117
1.18.20161005190847	4283
1.20.20161122192122	4230
2.1.20161221160224	4009
2.1.20161227191302	4269
2.2.20170216125639	4413
2.5.20170328195758	4785
2.6.20170806163416	5014
2.6.20170927145003	4624
2.6.20171116190026	4125
2.6.20171201034858	4865
2.7.20180611133406	6238
2.7.20180809223002	1597
