version	total
1.7	3698
1.7.20160316203940	4667
1.14.20160708181155	5669
1.18.20160907135919	3217
1.18.20160930145650	2821
1.18.20161005190847	3013
1.20.20161122192122	2991
2.1.20161221160224	2780
2.1.20161227191302	3021
2.2.20170216125639	3120
2.5.20170328195758	3544
2.6.20170806163416	3640
2.6.20170927145003	3364
2.6.20171116190026	2903
2.6.20171201034858	3397
2.7.20180611133406	4568
2.7.20180809223002	366
