version	total
1.7	5528
1.7.20160316203940	6392
1.14.20160708181155	8720
1.18.20160907135919	4935
1.18.20160930145650	4455
1.18.20161005190847	4610
1.20.20161122192122	4553
2.1.20161221160224	4314
2.1.20161227191302	4596
2.2.20170216125639	4747
2.5.20170328195758	5108
2.6.20170806163416	5350
2.6.20170927145003	4953
2.6.20171116190026	4354
2.6.20171201034858	5215
2.7.20180611133406	6661
2.7.20180809223002	1920
