version	total
1.7	6113
1.7.20160316203940	6676
1.14.20160708181155	9739
1.18.20160907135919	5483
1.18.20160930145650	4986
1.18.20161005190847	5129
1.20.20161122192122	5063
2.1.20161221160224	4574
2.1.20161227191302	5112
2.2.20170216125639	5269
2.5.20170328195758	5605
2.6.20170806163416	5896
2.6.20170927145003	5472
2.6.20171116190026	4564
2.6.20171201034858	5787
2.7.20180611133406	7390
2.7.20180809223002	2432
