version	total
1.7	4635
1.7.20160316203940	5575
1.14.20160708181155	7181
1.18.20160907135919	4089
1.18.20160930145650	3639
1.18.20161005190847	3821
1.20.20161122192122	3771
2.1.20161221160224	3557
2.1.20161227191302	3807
2.2.20170216125639	3935
2.5.20170328195758	4326
2.6.20170806163416	4514
2.6.20170927145003	4155
2.6.20171116190026	3682
2.6.20171201034858	4311
2.7.20180611133406	5595
2.7.20180809223002	1142
