version	total
1.7	5626
1.7.20160316203940	6442
1.14.20160708181155	8902
1.18.20160907135919	5029
1.18.20160930145650	4549
1.18.20161005190847	4704
1.20.20161122192122	4644
2.1.20161221160224	4368
2.1.20161227191302	4689
2.2.20170216125639	4839
2.5.20170328195758	5199
2.6.20170806163416	5446
2.6.20170927145003	5045
2.6.20171116190026	4397
2.6.20171201034858	5313
2.7.20180611133406	6777
2.7.20180809223002	2015
