version	total
1.7	4614
1.7.20160316203940	5554
1.14.20160708181155	7143
1.18.20160907135919	4069
1.18.20160930145650	3620
1.18.20161005190847	3802
1.20.20161122192122	3752
2.1.20161221160224	3538
2.1.20161227191302	3788
2.2.20170216125639	3916
2.5.20170328195758	4307
2.6.20170806163416	4493
2.6.20170927145003	4136
2.6.20171116190026	3663
2.6.20171201034858	4289
2.7.20180611133406	5572
2.7.20180809223002	1123
