version	total
1.7	3595
1.7.20160316203940	4599
1.14.20160708181155	5482
1.18.20160907135919	3120
1.18.20160930145650	2722
1.18.20161005190847	2914
1.20.20161122192122	2898
2.1.20161221160224	2716
2.1.20161227191302	2926
2.2.20170216125639	3020
2.5.20170328195758	3450
2.6.20170806163416	3539
2.6.20170927145003	3270
2.6.20171116190026	2838
2.6.20171201034858	3299
2.7.20180611133406	4465
2.7.20180809223002	299
