version	total
1.7	3611
1.7.20160316203940	4611
1.14.20160708181155	5511
1.18.20160907135919	3136
1.18.20160930145650	2737
1.18.20161005190847	2929
1.20.20161122192122	2913
2.1.20161221160224	2726
2.1.20161227191302	2941
2.2.20170216125639	3035
2.5.20170328195758	3465
2.6.20170806163416	3554
2.6.20170927145003	3285
2.6.20171116190026	2848
2.6.20171201034858	3316
2.7.20180611133406	4483
2.7.20180809223002	309
