version	total
1.7	5202
1.7.20160316203940	6122
1.14.20160708181155	8106
1.18.20160907135919	4609
1.18.20160930145650	4133
1.18.20161005190847	4297
1.20.20161122192122	4244
2.1.20161221160224	4023
2.1.20161227191302	4283
2.2.20170216125639	4427
2.5.20170328195758	4799
2.6.20170806163416	5029
2.6.20170927145003	4638
2.6.20171116190026	4139
2.6.20171201034858	4881
2.7.20180611133406	6259
2.7.20180809223002	1612
