version	total
1.7	6196
1.7.20160316203940	6714
1.14.20160708181155	9857
1.18.20160907135919	5564
1.18.20160930145650	5049
1.18.20161005190847	5192
1.20.20161122192122	5121
2.1.20161221160224	4600
2.1.20161227191302	5171
2.2.20170216125639	5332
2.5.20170328195758	5651
2.6.20170806163416	5970
2.6.20170927145003	5533
2.6.20171116190026	4574
2.6.20171201034858	5867
2.7.20180611133406	7485
2.7.20180809223002	2493
