version	total
1.7	5866
1.7.20160316203940	6561
1.14.20160708181155	9338
1.18.20160907135919	5262
1.18.20160930145650	4778
1.18.20161005190847	4924
1.20.20161122192122	4864
2.1.20161221160224	4479
2.1.20161227191302	4908
2.2.20170216125639	5063
2.5.20170328195758	5415
2.6.20170806163416	5675
2.6.20170927145003	5267
2.6.20171116190026	4493
2.6.20171201034858	5555
2.7.20180611133406	7083
2.7.20180809223002	2234
