version	total
1.7	5534
1.7.20160316203940	6395
1.14.20160708181155	8732
1.18.20160907135919	4941
1.18.20160930145650	4461
1.18.20161005190847	4616
1.20.20161122192122	4559
2.1.20161221160224	4318
2.1.20161227191302	4602
2.2.20170216125639	4753
2.5.20170328195758	5114
2.6.20170806163416	5356
2.6.20170927145003	4959
2.6.20171116190026	4357
2.6.20171201034858	5221
2.7.20180611133406	6669
2.7.20180809223002	1926
