version	total
1.7	4610
1.7.20160316203940	5550
1.14.20160708181155	7135
1.18.20160907135919	4065
1.18.20160930145650	3616
1.18.20161005190847	3798
1.20.20161122192122	3748
2.1.20161221160224	3534
2.1.20161227191302	3784
2.2.20170216125639	3912
2.5.20170328195758	4303
2.6.20170806163416	4489
2.6.20170927145003	4132
2.6.20171116190026	3659
2.6.20171201034858	4285
2.7.20180611133406	5568
2.7.20180809223002	1119
