version	total
1.7	3410
1.7.20160316203940	4430
1.14.20160708181155	5165
1.18.20160907135919	2948
1.18.20160930145650	2553
1.18.20161005190847	2746
1.20.20161122192122	2731
2.1.20161221160224	2563
2.1.20161227191302	2766
2.2.20170216125639	2852
2.5.20170328195758	3284
2.6.20170806163416	3365
2.6.20170927145003	3110
2.6.20171116190026	2685
2.6.20171201034858	3114
2.7.20180611133406	4266
2.7.20180809223002	240
