version	total
1.7	4502
1.7.20160316203940	5447
1.14.20160708181155	6961
1.18.20160907135919	3965
1.18.20160930145650	3525
1.18.20161005190847	3709
1.20.20161122192122	3661
2.1.20161221160224	3447
2.1.20161227191302	3695
2.2.20170216125639	3821
2.5.20170328195758	4215
2.6.20170806163416	4392
2.6.20170927145003	4041
2.6.20171116190026	3572
2.6.20171201034858	4178
2.7.20180611133406	5450
2.7.20180809223002	1033
