version	total
1.7	3629
1.7.20160316203940	4621
1.14.20160708181155	5543
1.18.20160907135919	3152
1.18.20160930145650	2754
1.18.20161005190847	2946
1.20.20161122192122	2929
2.1.20161221160224	2734
2.1.20161227191302	2958
2.2.20170216125639	3052
2.5.20170328195758	3483
2.6.20170806163416	3572
2.6.20170927145003	3301
2.6.20171116190026	2857
2.6.20171201034858	3335
2.7.20180611133406	4504
2.7.20180809223002	317
