version	total
1.7	6212
1.7.20160316203940	6721
1.14.20160708181155	9882
1.18.20160907135919	5579
1.18.20160930145650	5063
1.18.20161005190847	5206
1.20.20161122192122	5132
2.1.20161221160224	4601
2.1.20161227191302	5184
2.2.20170216125639	5346
2.5.20170328195758	5658
2.6.20170806163416	5984
2.6.20170927145003	5547
2.6.20171116190026	4581
2.6.20171201034858	5883
2.7.20180611133406	7510
2.7.20180809223002	2506
