version	total
1.7	5792
1.7.20160316203940	6531
1.14.20160708181155	9198
1.18.20160907135919	5189
1.18.20160930145650	4701
1.18.20161005190847	4854
1.20.20161122192122	4794
2.1.20161221160224	4447
2.1.20161227191302	4838
2.2.20170216125639	4991
2.5.20170328195758	5346
2.6.20170806163416	5603
2.6.20170927145003	5196
2.6.20171116190026	4468
2.6.20171201034858	5480
2.7.20180611133406	6992
2.7.20180809223002	2161
