version	total
1.7	4631
1.7.20160316203940	5571
1.14.20160708181155	7173
1.18.20160907135919	4085
1.18.20160930145650	3635
1.18.20161005190847	3817
1.20.20161122192122	3767
2.1.20161221160224	3553
2.1.20161227191302	3803
2.2.20170216125639	3931
2.5.20170328195758	4322
2.6.20170806163416	4510
2.6.20170927145003	4151
2.6.20171116190026	3678
2.6.20171201034858	4307
2.7.20180611133406	5591
2.7.20180809223002	1138
