version	total
1.7	5559
1.7.20160316203940	6410
1.14.20160708181155	8773
1.18.20160907135919	4963
1.18.20160930145650	4482
1.18.20161005190847	4639
1.20.20161122192122	4582
2.1.20161221160224	4335
2.1.20161227191302	4625
2.2.20170216125639	4774
2.5.20170328195758	5137
2.6.20170806163416	5380
2.6.20170927145003	4980
2.6.20171116190026	4369
2.6.20171201034858	5244
2.7.20180611133406	6696
2.7.20180809223002	1949
