version	total
1.7	3426
1.7.20160316203940	4446
1.14.20160708181155	5197
1.18.20160907135919	2964
1.18.20160930145650	2569
1.18.20161005190847	2762
1.20.20161122192122	2748
2.1.20161221160224	2579
2.1.20161227191302	2782
2.2.20170216125639	2868
2.5.20170328195758	3300
2.6.20170806163416	3381
2.6.20170927145003	3126
2.6.20171116190026	2701
2.6.20171201034858	3130
2.7.20180611133406	4283
2.7.20180809223002	248
