version	total
1.7	6320
1.7.20160316203940	6770
1.14.20160708181155	10031
1.18.20160907135919	5679
1.18.20160930145650	5148
1.18.20161005190847	5289
1.20.20161122192122	5203
2.1.20161221160224	4628
2.1.20161227191302	5261
2.2.20170216125639	5430
2.5.20170328195758	5713
2.6.20170806163416	6079
2.6.20170927145003	5628
2.6.20171116190026	4596
2.6.20171201034858	5995
2.7.20180611133406	7671
2.7.20180809223002	2586
