version	total
1.7	4736
1.7.20160316203940	5677
1.14.20160708181155	7345
1.18.20160907135919	4182
1.18.20160930145650	3725
1.18.20161005190847	3905
1.20.20161122192122	3856
2.1.20161221160224	3641
2.1.20161227191302	3892
2.2.20170216125639	4021
2.5.20170328195758	4412
2.6.20170806163416	4604
2.6.20170927145003	4241
2.6.20171116190026	3765
2.6.20171201034858	4415
2.7.20180611133406	5710
2.7.20180809223002	1228
