version	total
1.7	6011
1.7.20160316203940	6629
1.14.20160708181155	9569
1.18.20160907135919	5388
1.18.20160930145650	4900
1.18.20161005190847	5041
1.20.20161122192122	4978
2.1.20161221160224	4538
2.1.20161227191302	5025
2.2.20170216125639	5181
2.5.20170328195758	5528
2.6.20170806163416	5799
2.6.20170927145003	5385
2.6.20171116190026	4537
2.6.20171201034858	5690
2.7.20180611133406	7255
2.7.20180809223002	2348
