version	total
1.7	5869
1.7.20160316203940	6563
1.14.20160708181155	9343
1.18.20160907135919	5264
1.18.20160930145650	4780
1.18.20161005190847	4926
1.20.20161122192122	4866
2.1.20161221160224	4480
2.1.20161227191302	4910
2.2.20170216125639	5066
2.5.20170328195758	5419
2.6.20170806163416	5677
2.6.20170927145003	5269
2.6.20171116190026	4495
2.6.20171201034858	5557
2.7.20180611133406	7087
2.7.20180809223002	2236
