version	total
1.7	3836
1.7.20160316203940	4789
1.14.20160708181155	5898
1.18.20160907135919	3348
1.18.20160930145650	2953
1.18.20161005190847	3140
1.20.20161122192122	3106
2.1.20161221160224	2892
2.1.20161227191302	3140
2.2.20170216125639	3248
2.5.20170328195758	3659
2.6.20170806163416	3775
2.6.20170927145003	3479
2.6.20171116190026	3016
2.6.20171201034858	3520
2.7.20180611133406	4703
2.7.20180809223002	480
