version	total
1.7	5221
1.7.20160316203940	6141
1.14.20160708181155	8144
1.18.20160907135919	4628
1.18.20160930145650	4152
1.18.20161005190847	4316
1.20.20161122192122	4263
2.1.20161221160224	4042
2.1.20161227191302	4302
2.2.20170216125639	4446
2.5.20170328195758	4818
2.6.20170806163416	5048
2.6.20170927145003	4657
2.6.20171116190026	4156
2.6.20171201034858	4900
2.7.20180611133406	6285
2.7.20180809223002	1629
