version	total
1.7	6093
1.7.20160316203940	6669
1.14.20160708181155	9701
1.18.20160907135919	5462
1.18.20160930145650	4967
1.18.20161005190847	5110
1.20.20161122192122	5045
2.1.20161221160224	4566
2.1.20161227191302	5092
2.2.20170216125639	5250
2.5.20170328195758	5589
2.6.20170806163416	5878
2.6.20170927145003	5454
2.6.20171116190026	4560
2.6.20171201034858	5769
2.7.20180611133406	7366
2.7.20180809223002	2414
