version	total
1.7	6330
1.7.20160316203940	6773
1.14.20160708181155	10041
1.18.20160907135919	5686
1.18.20160930145650	5153
1.18.20161005190847	5294
1.20.20161122192122	5208
2.1.20161221160224	4629
2.1.20161227191302	5266
2.2.20170216125639	5435
2.5.20170328195758	5717
2.6.20170806163416	6085
2.6.20170927145003	5633
2.6.20171116190026	4597
2.6.20171201034858	6002
2.7.20180611133406	7683
2.7.20180809223002	2590
