version	total
1.7	4358
1.7.20160316203940	5302
1.14.20160708181155	6716
1.18.20160907135919	3829
1.18.20160930145650	3397
1.18.20161005190847	3583
1.20.20161122192122	3534
2.1.20161221160224	3320
2.1.20161227191302	3570
2.2.20170216125639	3693
2.5.20170328195758	4088
2.6.20170806163416	4257
2.6.20170927145003	3914
2.6.20171116190026	3445
2.6.20171201034858	4031
2.7.20180611133406	5283
2.7.20180809223002	906
