version	total
1.7	4904
1.7.20160316203940	5843
1.14.20160708181155	7605
1.18.20160907135919	4335
1.18.20160930145650	3867
1.18.20161005190847	4042
1.20.20161122192122	3991
2.1.20161221160224	3777
2.1.20161227191302	4027
2.2.20170216125639	4161
2.5.20170328195758	4549
2.6.20170806163416	4756
2.6.20170927145003	4379
2.6.20171116190026	3901
2.6.20171201034858	4582
2.7.20180611133406	5907
2.7.20180809223002	1360
