version	total
1.7	3214
1.7.20160316203940	4239
1.14.20160708181155	4826
1.18.20160907135919	2763
1.18.20160930145650	2379
1.18.20161005190847	2570
1.20.20161122192122	2558
2.1.20161221160224	2388
2.1.20161227191302	2587
2.2.20170216125639	2674
2.5.20170328195758	3109
2.6.20170806163416	3177
2.6.20170927145003	2935
2.6.20171116190026	2512
2.6.20171201034858	2917
2.7.20180611133406	4060
2.7.20180809223002	143
