version	total
1.7	5193
1.7.20160316203940	6113
1.14.20160708181155	8093
1.18.20160907135919	4601
1.18.20160930145650	4126
1.18.20161005190847	4290
1.20.20161122192122	4237
2.1.20161221160224	4016
2.1.20161227191302	4276
2.2.20170216125639	4420
2.5.20170328195758	4792
2.6.20170806163416	5021
2.6.20170927145003	4631
2.6.20171116190026	4132
2.6.20171201034858	4872
2.7.20180611133406	6249
2.7.20180809223002	1604
