version	total
1.7	3551
1.7.20160316203940	4565
1.14.20160708181155	5409
1.18.20160907135919	3079
1.18.20160930145650	2682
1.18.20161005190847	2873
1.20.20161122192122	2860
2.1.20161221160224	2686
2.1.20161227191302	2889
2.2.20170216125639	2979
2.5.20170328195758	3410
2.6.20170806163416	3497
2.6.20170927145003	3234
2.6.20171116190026	2809
2.6.20171201034858	3258
2.7.20180611133406	4418
2.7.20180809223002	291
