version	total
1.7	5333
1.7.20160316203940	6251
1.14.20160708181155	8349
1.18.20160907135919	4738
1.18.20160930145650	4263
1.18.20161005190847	4423
1.20.20161122192122	4370
2.1.20161221160224	4148
2.1.20161227191302	4410
2.2.20170216125639	4556
2.5.20170328195758	4925
2.6.20170806163416	5157
2.6.20170927145003	4765
2.6.20171116190026	4254
2.6.20171201034858	5014
2.7.20180611133406	6420
2.7.20180809223002	1734
