version	total
1.7	5990
1.7.20160316203940	6617
1.14.20160708181155	9532
1.18.20160907135919	5368
1.18.20160930145650	4881
1.18.20161005190847	5022
1.20.20161122192122	4959
2.1.20161221160224	4528
2.1.20161227191302	5006
2.2.20170216125639	5162
2.5.20170328195758	5509
2.6.20170806163416	5779
2.6.20170927145003	5366
2.6.20171116190026	4528
2.6.20171201034858	5669
2.7.20180611133406	7223
2.7.20180809223002	2330
