version	total
1.7	3268
1.7.20160316203940	4292
1.14.20160708181155	4929
1.18.20160907135919	2816
1.18.20160930145650	2431
1.18.20161005190847	2622
1.20.20161122192122	2610
2.1.20161221160224	2440
2.1.20161227191302	2639
2.2.20170216125639	2726
2.5.20170328195758	3161
2.6.20170806163416	3231
2.6.20170927145003	2987
2.6.20171116190026	2564
2.6.20171201034858	2971
2.7.20180611133406	4119
2.7.20180809223002	171
