version	total
1.7	5069
1.7.20160316203940	5999
1.14.20160708181155	7885
1.18.20160907135919	4490
1.18.20160930145650	4015
1.18.20161005190847	4183
1.20.20161122192122	4127
2.1.20161221160224	3910
2.1.20161227191302	4165
2.2.20170216125639	4311
2.5.20170328195758	4685
2.6.20170806163416	4908
2.6.20170927145003	4523
2.6.20171116190026	4027
2.6.20171201034858	4751
2.7.20180611133406	6105
2.7.20180809223002	1501
