version	total
1.7	3385
1.7.20160316203940	4401
1.14.20160708181155	5119
1.18.20160907135919	2922
1.18.20160930145650	2529
1.18.20161005190847	2721
1.20.20161122192122	2707
2.1.20161221160224	2539
2.1.20161227191302	2741
2.2.20170216125639	2827
2.5.20170328195758	3260
2.6.20170806163416	3339
2.6.20170927145003	3086
2.6.20171116190026	2661
2.6.20171201034858	3083
2.7.20180611133406	4237
2.7.20180809223002	227
