version	total
1.7	5912
1.7.20160316203940	6579
1.14.20160708181155	9407
1.18.20160907135919	5299
1.18.20160930145650	4812
1.18.20161005190847	4960
1.20.20161122192122	4897
2.1.20161221160224	4496
2.1.20161227191302	4942
2.2.20170216125639	5098
2.5.20170328195758	5450
2.6.20170806163416	5712
2.6.20170927145003	5302
2.6.20171116190026	4508
2.6.20171201034858	5594
2.7.20180611133406	7130
2.7.20180809223002	2268
