version	total
1.7	3396
1.7.20160316203940	4412
1.14.20160708181155	5140
1.18.20160907135919	2932
1.18.20160930145650	2540
1.18.20161005190847	2731
1.20.20161122192122	2718
2.1.20161221160224	2550
2.1.20161227191302	2752
2.2.20170216125639	2838
2.5.20170328195758	3270
2.6.20170806163416	3349
2.6.20170927145003	3096
2.6.20171116190026	2671
2.6.20171201034858	3094
2.7.20180611133406	4249
2.7.20180809223002	232
