version	total
1.7	4627
1.7.20160316203940	5567
1.14.20160708181155	7164
1.18.20160907135919	4081
1.18.20160930145650	3631
1.18.20161005190847	3813
1.20.20161122192122	3763
2.1.20161221160224	3549
2.1.20161227191302	3799
2.2.20170216125639	3927
2.5.20170328195758	4318
2.6.20170806163416	4505
2.6.20170927145003	4147
2.6.20171116190026	3674
2.6.20171201034858	4303
2.7.20180611133406	5587
2.7.20180809223002	1134
