version	total
1.7	5235
1.7.20160316203940	6154
1.14.20160708181155	8164
1.18.20160907135919	4642
1.18.20160930145650	4166
1.18.20161005190847	4330
1.20.20161122192122	4277
2.1.20161221160224	4055
2.1.20161227191302	4316
2.2.20170216125639	4460
2.5.20170328195758	4832
2.6.20170806163416	5062
2.6.20170927145003	4671
2.6.20171116190026	4169
2.6.20171201034858	4914
2.7.20180611133406	6303
2.7.20180809223002	1640
