version	total
1.7	4985
1.7.20160316203940	5923
1.14.20160708181155	7729
1.18.20160907135919	4409
1.18.20160930145650	3933
1.18.20161005190847	4108
1.20.20161122192122	4056
2.1.20161221160224	3841
2.1.20161227191302	4092
2.2.20170216125639	4227
2.5.20170328195758	4614
2.6.20170806163416	4830
2.6.20170927145003	4445
2.6.20171116190026	3965
2.6.20171201034858	4664
2.7.20180611133406	5997
2.7.20180809223002	1424
