version	total
1.7	3642
1.7.20160316203940	4628
1.14.20160708181155	5569
1.18.20160907135919	3165
1.18.20160930145650	2766
1.18.20161005190847	2958
1.20.20161122192122	2941
2.1.20161221160224	2741
2.1.20161227191302	2970
2.2.20170216125639	3064
2.5.20170328195758	3496
2.6.20170806163416	3584
2.6.20170927145003	3313
2.6.20171116190026	2864
2.6.20171201034858	3348
2.7.20180611133406	4516
2.7.20180809223002	323
