version	total
1.7	4931
1.7.20160316203940	5870
1.14.20160708181155	7641
1.18.20160907135919	4359
1.18.20160930145650	3887
1.18.20161005190847	4062
1.20.20161122192122	4010
2.1.20161221160224	3796
2.1.20161227191302	4046
2.2.20170216125639	4181
2.5.20170328195758	4568
2.6.20170806163416	4780
2.6.20170927145003	4399
2.6.20171116190026	3920
2.6.20171201034858	4610
2.7.20180611133406	5938
2.7.20180809223002	1378
