version	total
1.7	6183
1.7.20160316203940	6708
1.14.20160708181155	9844
1.18.20160907135919	5554
1.18.20160930145650	5042
1.18.20161005190847	5185
1.20.20161122192122	5114
2.1.20161221160224	4596
2.1.20161227191302	5164
2.2.20170216125639	5324
2.5.20170328195758	5646
2.6.20170806163416	5962
2.6.20170927145003	5526
2.6.20171116190026	4573
2.6.20171201034858	5857
2.7.20180611133406	7472
2.7.20180809223002	2486
