version	total
1.7	4808
1.7.20160316203940	5750
1.14.20160708181155	7449
1.18.20160907135919	4248
1.18.20160930145650	3783
1.18.20161005190847	3962
1.20.20161122192122	3911
2.1.20161221160224	3697
2.1.20161227191302	3947
2.2.20170216125639	4078
2.5.20170328195758	4468
2.6.20170806163416	4670
2.6.20170927145003	4298
2.6.20171116190026	3821
2.6.20171201034858	4489
2.7.20180611133406	5792
2.7.20180809223002	1281
