version	total
1.7	3770
1.7.20160316203940	4739
1.14.20160708181155	5802
1.18.20160907135919	3287
1.18.20160930145650	2893
1.18.20161005190847	3081
1.20.20161122192122	3059
2.1.20161221160224	2847
2.1.20161227191302	3089
2.2.20170216125639	3190
2.5.20170328195758	3614
2.6.20170806163416	3711
2.6.20170927145003	3432
2.6.20171116190026	2970
2.6.20171201034858	3470
2.7.20180611133406	4642
2.7.20180809223002	434
