version	total
1.7	5233
1.7.20160316203940	6152
1.14.20160708181155	8160
1.18.20160907135919	4640
1.18.20160930145650	4164
1.18.20161005190847	4328
1.20.20161122192122	4275
2.1.20161221160224	4053
2.1.20161227191302	4314
2.2.20170216125639	4458
2.5.20170328195758	4830
2.6.20170806163416	5060
2.6.20170927145003	4669
2.6.20171116190026	4167
2.6.20171201034858	4912
2.7.20180611133406	6301
2.7.20180809223002	1638
