version	total
1.7	5548
1.7.20160316203940	6403
1.14.20160708181155	8760
1.18.20160907135919	4955
1.18.20160930145650	4475
1.18.20161005190847	4631
1.20.20161122192122	4573
2.1.20161221160224	4330
2.1.20161227191302	4616
2.2.20170216125639	4767
2.5.20170328195758	5128
2.6.20170806163416	5371
2.6.20170927145003	4973
2.6.20171116190026	4364
2.6.20171201034858	5235
2.7.20180611133406	6684
2.7.20180809223002	1942
