version	total
1.7	5557
1.7.20160316203940	6409
1.14.20160708181155	8769
1.18.20160907135919	4961
1.18.20160930145650	4480
1.18.20161005190847	4637
1.20.20161122192122	4580
2.1.20161221160224	4334
2.1.20161227191302	4623
2.2.20170216125639	4772
2.5.20170328195758	5135
2.6.20170806163416	5378
2.6.20170927145003	4978
2.6.20171116190026	4368
2.6.20171201034858	5242
2.7.20180611133406	6692
2.7.20180809223002	1947
