version	total
1.7	5496
1.7.20160316203940	6376
1.14.20160708181155	8659
1.18.20160907135919	4902
1.18.20160930145650	4423
1.18.20161005190847	4580
1.20.20161122192122	4526
2.1.20161221160224	4289
2.1.20161227191302	4566
2.2.20170216125639	4715
2.5.20170328195758	5081
2.6.20170806163416	5319
2.6.20170927145003	4923
2.6.20171116190026	4341
2.6.20171201034858	5184
2.7.20180611133406	6620
2.7.20180809223002	1890
