version	total
1.7	6165
1.7.20160316203940	6704
1.14.20160708181155	9814
1.18.20160907135919	5535
1.18.20160930145650	5026
1.18.20161005190847	5169
1.20.20161122192122	5102
2.1.20161221160224	4594
2.1.20161227191302	5151
2.2.20170216125639	5308
2.5.20170328195758	5639
2.6.20170806163416	5945
2.6.20170927145003	5511
2.6.20171116190026	4572
2.6.20171201034858	5840
2.7.20180611133406	7452
2.7.20180809223002	2471
