version	total
1.7	4935
1.7.20160316203940	5874
1.14.20160708181155	7649
1.18.20160907135919	4363
1.18.20160930145650	3891
1.18.20161005190847	4066
1.20.20161122192122	4014
2.1.20161221160224	3800
2.1.20161227191302	4050
2.2.20170216125639	4185
2.5.20170328195758	4572
2.6.20170806163416	4784
2.6.20170927145003	4403
2.6.20171116190026	3924
2.6.20171201034858	4614
2.7.20180611133406	5942
2.7.20180809223002	1382
