version	total
1.7	3886
1.7.20160316203940	4838
1.14.20160708181155	5972
1.18.20160907135919	3395
1.18.20160930145650	2996
1.18.20161005190847	3186
1.20.20161122192122	3145
2.1.20161221160224	2932
2.1.20161227191302	3179
2.2.20170216125639	3293
2.5.20170328195758	3698
2.6.20170806163416	3823
2.6.20170927145003	3521
2.6.20171116190026	3057
2.6.20171201034858	3571
2.7.20180611133406	4756
2.7.20180809223002	519
