version	total
1.7	3191
1.7.20160316203940	4216
1.14.20160708181155	4782
1.18.20160907135919	2740
1.18.20160930145650	2355
1.18.20161005190847	2547
1.20.20161122192122	2535
2.1.20161221160224	2365
2.1.20161227191302	2564
2.2.20170216125639	2651
2.5.20170328195758	3086
2.6.20170806163416	3154
2.6.20170927145003	2913
2.6.20171116190026	2490
2.6.20171201034858	2894
2.7.20180611133406	4034
2.7.20180809223002	142
