version	total
1.7	6309
1.7.20160316203940	6767
1.14.20160708181155	10014
1.18.20160907135919	5669
1.18.20160930145650	5139
1.18.20161005190847	5280
1.20.20161122192122	5195
2.1.20161221160224	4627
2.1.20161227191302	5252
2.2.20170216125639	5421
2.5.20170328195758	5708
2.6.20170806163416	6069
2.6.20170927145003	5619
2.6.20171116190026	4595
2.6.20171201034858	5983
2.7.20180611133406	7654
2.7.20180809223002	2576
