version	total
1.7	3250
1.7.20160316203940	4274
1.14.20160708181155	4893
1.18.20160907135919	2798
1.18.20160930145650	2413
1.18.20161005190847	2604
1.20.20161122192122	2592
2.1.20161221160224	2422
2.1.20161227191302	2621
2.2.20170216125639	2708
2.5.20170328195758	3143
2.6.20170806163416	3213
2.6.20170927145003	2969
2.6.20171116190026	2546
2.6.20171201034858	2953
2.7.20180611133406	4099
2.7.20180809223002	162
