version	total
1.7	3220
1.7.20160316203940	4245
1.14.20160708181155	4837
1.18.20160907135919	2769
1.18.20160930145650	2385
1.18.20161005190847	2576
1.20.20161122192122	2564
2.1.20161221160224	2394
2.1.20161227191302	2593
2.2.20170216125639	2680
2.5.20170328195758	3115
2.6.20170806163416	3183
2.6.20170927145003	2941
2.6.20171116190026	2518
2.6.20171201034858	2923
2.7.20180611133406	4067
2.7.20180809223002	146
