version	total
1.7	5837
1.7.20160316203940	6550
1.14.20160708181155	9285
1.18.20160907135919	5234
1.18.20160930145650	4751
1.18.20161005190847	4897
1.20.20161122192122	4837
2.1.20161221160224	4466
2.1.20161227191302	4881
2.2.20170216125639	5036
2.5.20170328195758	5388
2.6.20170806163416	5647
2.6.20170927145003	5240
2.6.20171116190026	4485
2.6.20171201034858	5526
2.7.20180611133406	7048
2.7.20180809223002	2206
