version	total
1.7	6057
1.7.20160316203940	6651
1.14.20160708181155	9646
1.18.20160907135919	5430
1.18.20160930145650	4939
1.18.20161005190847	5081
1.20.20161122192122	5016
2.1.20161221160224	4553
2.1.20161227191302	5063
2.2.20170216125639	5222
2.5.20170328195758	5561
2.6.20170806163416	5846
2.6.20170927145003	5425
2.6.20171116190026	4549
2.6.20171201034858	5736
2.7.20180611133406	7317
2.7.20180809223002	2387
