version	total
1.7	4639
1.7.20160316203940	5580
1.14.20160708181155	7189
1.18.20160907135919	4093
1.18.20160930145650	3643
1.18.20161005190847	3825
1.20.20161122192122	3775
2.1.20161221160224	3561
2.1.20161227191302	3811
2.2.20170216125639	3939
2.5.20170328195758	4331
2.6.20170806163416	4518
2.6.20170927145003	4159
2.6.20171116190026	3686
2.6.20171201034858	4315
2.7.20180611133406	5601
2.7.20180809223002	1149
