version	total
1.7	3759
1.7.20160316203940	4726
1.14.20160708181155	5785
1.18.20160907135919	3277
1.18.20160930145650	2884
1.18.20161005190847	3072
1.20.20161122192122	3049
2.1.20161221160224	2836
2.1.20161227191302	3080
2.2.20170216125639	3181
2.5.20170328195758	3603
2.6.20170806163416	3701
2.6.20170927145003	3423
2.6.20171116190026	2959
2.6.20171201034858	3457
2.7.20180611133406	4631
2.7.20180809223002	423
