version	total
1.7	4336
1.7.20160316203940	5280
1.14.20160708181155	6692
1.18.20160907135919	3811
1.18.20160930145650	3383
1.18.20161005190847	3569
1.20.20161122192122	3521
2.1.20161221160224	3306
2.1.20161227191302	3556
2.2.20170216125639	3679
2.5.20170328195758	4074
2.6.20170806163416	4239
2.6.20170927145003	3900
2.6.20171116190026	3431
2.6.20171201034858	4009
2.7.20180611133406	5262
2.7.20180809223002	894
