version	total
1.7	4366
1.7.20160316203940	5310
1.14.20160708181155	6732
1.18.20160907135919	3837
1.18.20160930145650	3405
1.18.20161005190847	3591
1.20.20161122192122	3543
2.1.20161221160224	3328
2.1.20161227191302	3578
2.2.20170216125639	3701
2.5.20170328195758	4096
2.6.20170806163416	4265
2.6.20170927145003	3922
2.6.20171116190026	3453
2.6.20171201034858	4039
2.7.20180611133406	5294
2.7.20180809223002	914
