version	total
1.7	5115
1.7.20160316203940	6036
1.14.20160708181155	7948
1.18.20160907135919	4524
1.18.20160930145650	4048
1.18.20161005190847	4214
1.20.20161122192122	4161
2.1.20161221160224	3941
2.1.20161227191302	4200
2.2.20170216125639	4344
2.5.20170328195758	4716
2.6.20170806163416	4944
2.6.20170927145003	4555
2.6.20171116190026	4058
2.6.20171201034858	4794
2.7.20180611133406	6154
2.7.20180809223002	1534
