version	total
1.7	5017
1.7.20160316203940	5954
1.14.20160708181155	7783
1.18.20160907135919	4439
1.18.20160930145650	3965
1.18.20161005190847	4135
1.20.20161122192122	4084
2.1.20161221160224	3868
2.1.20161227191302	4120
2.2.20170216125639	4258
2.5.20170328195758	4642
2.6.20170806163416	4859
2.6.20170927145003	4473
2.6.20171116190026	3991
2.6.20171201034858	4695
2.7.20180611133406	6039
2.7.20180809223002	1451
