version	total
1.7	6036
1.7.20160316203940	6642
1.14.20160708181155	9612
1.18.20160907135919	5411
1.18.20160930145650	4921
1.18.20161005190847	5063
1.20.20161122192122	4999
2.1.20161221160224	4547
2.1.20161227191302	5045
2.2.20170216125639	5204
2.5.20170328195758	5547
2.6.20170806163416	5826
2.6.20170927145003	5407
2.6.20171116190026	4544
2.6.20171201034858	5715
2.7.20180611133406	7289
2.7.20180809223002	2369
