version	total
1.7	5975
1.7.20160316203940	6608
1.14.20160708181155	9507
1.18.20160907135919	5354
1.18.20160930145650	4863
1.18.20161005190847	5009
1.20.20161122192122	4945
2.1.20161221160224	4522
2.1.20161227191302	4992
2.2.20170216125639	5148
2.5.20170328195758	5498
2.6.20170806163416	5764
2.6.20170927145003	5353
2.6.20171116190026	4524
2.6.20171201034858	5651
2.7.20180611133406	7206
2.7.20180809223002	2316
