version	total
1.7	5749
1.7.20160316203940	6505
1.14.20160708181155	9137
1.18.20160907135919	5151
1.18.20160930145650	4668
1.18.20161005190847	4821
1.20.20161122192122	4761
2.1.20161221160224	4429
2.1.20161227191302	4805
2.2.20170216125639	4958
2.5.20170328195758	5313
2.6.20170806163416	5565
2.6.20170927145003	5163
2.6.20171116190026	4452
2.6.20171201034858	5437
2.7.20180611133406	6936
2.7.20180809223002	2131
