version	total
1.7	4917
1.7.20160316203940	5856
1.14.20160708181155	7623
1.18.20160907135919	4347
1.18.20160930145650	3877
1.18.20161005190847	4052
1.20.20161122192122	4000
2.1.20161221160224	3786
2.1.20161227191302	4036
2.2.20170216125639	4171
2.5.20170328195758	4558
2.6.20170806163416	4768
2.6.20170927145003	4389
2.6.20171116190026	3910
2.6.20171201034858	4596
2.7.20180611133406	5922
2.7.20180809223002	1368
