version	total
1.7	3625
1.7.20160316203940	4619
1.14.20160708181155	5541
1.18.20160907135919	3151
1.18.20160930145650	2751
1.18.20161005190847	2943
1.20.20161122192122	2928
2.1.20161221160224	2734
2.1.20161227191302	2956
2.2.20170216125639	3049
2.5.20170328195758	3482
2.6.20170806163416	3568
2.6.20170927145003	3300
2.6.20171116190026	2856
2.6.20171201034858	3332
2.7.20180611133406	4500
2.7.20180809223002	317
