version	total
1.7	6250
1.7.20160316203940	6731
1.14.20160708181155	9942
1.18.20160907135919	5615
1.18.20160930145650	5097
1.18.20161005190847	5238
1.20.20161122192122	5158
2.1.20161221160224	4609
2.1.20161227191302	5214
2.2.20170216125639	5380
2.5.20170328195758	5677
2.6.20170806163416	6019
2.6.20170927145003	5579
2.6.20171116190026	4584
2.6.20171201034858	5923
2.7.20180611133406	7560
2.7.20180809223002	2538
