version	total
1.7	5860
1.7.20160316203940	6560
1.14.20160708181155	9326
1.18.20160907135919	5256
1.18.20160930145650	4772
1.18.20161005190847	4918
1.20.20161122192122	4858
2.1.20161221160224	4476
2.1.20161227191302	4902
2.2.20170216125639	5057
2.5.20170328195758	5409
2.6.20170806163416	5669
2.6.20170927145003	5261
2.6.20171116190026	4492
2.6.20171201034858	5549
2.7.20180611133406	7077
2.7.20180809223002	2228
