version	total
1.7	3634
1.7.20160316203940	4624
1.14.20160708181155	5551
1.18.20160907135919	3156
1.18.20160930145650	2758
1.18.20161005190847	2950
1.20.20161122192122	2933
2.1.20161221160224	2737
2.1.20161227191302	2962
2.2.20170216125639	3056
2.5.20170328195758	3487
2.6.20170806163416	3576
2.6.20170927145003	3305
2.6.20171116190026	2860
2.6.20171201034858	3339
2.7.20180611133406	4508
2.7.20180809223002	319
