version	total
1.7	3525
1.7.20160316203940	4541
1.14.20160708181155	5365
1.18.20160907135919	3055
1.18.20160930145650	2659
1.18.20161005190847	2851
1.20.20161122192122	2836
2.1.20161221160224	2663
2.1.20161227191302	2865
2.2.20170216125639	2956
2.5.20170328195758	3387
2.6.20170806163416	3474
2.6.20170927145003	3209
2.6.20171116190026	2785
2.6.20171201034858	3230
2.7.20180611133406	4387
2.7.20180809223002	287
