version	total
1.7	4832
1.7.20160316203940	5774
1.14.20160708181155	7492
1.18.20160907135919	4271
1.18.20160930145650	3808
1.18.20161005190847	3983
1.20.20161122192122	3932
2.1.20161221160224	3718
2.1.20161227191302	3968
2.2.20170216125639	4102
2.5.20170328195758	4490
2.6.20170806163416	4692
2.6.20170927145003	4320
2.6.20171116190026	3842
2.6.20171201034858	4513
2.7.20180611133406	5823
2.7.20180809223002	1303
