version	total
1.7	5133
1.7.20160316203940	6054
1.14.20160708181155	7984
1.18.20160907135919	4542
1.18.20160930145650	4066
1.18.20161005190847	4232
1.20.20161122192122	4179
2.1.20161221160224	3959
2.1.20161227191302	4218
2.2.20170216125639	4362
2.5.20170328195758	4734
2.6.20170806163416	4962
2.6.20170927145003	4573
2.6.20171116190026	4076
2.6.20171201034858	4812
2.7.20180611133406	6176
2.7.20180809223002	1552
