version	total
1.7	4494
1.7.20160316203940	5437
1.14.20160708181155	6941
1.18.20160907135919	3955
1.18.20160930145650	3515
1.18.20161005190847	3701
1.20.20161122192122	3651
2.1.20161221160224	3437
2.1.20161227191302	3687
2.2.20170216125639	3811
2.5.20170328195758	4205
2.6.20170806163416	4384
2.6.20170927145003	4031
2.6.20171116190026	3562
2.6.20171201034858	4166
2.7.20180611133406	5435
2.7.20180809223002	1021
