version	total
1.7	3607
1.7.20160316203940	4609
1.14.20160708181155	5503
1.18.20160907135919	3132
1.18.20160930145650	2733
1.18.20161005190847	2925
1.20.20161122192122	2909
2.1.20161221160224	2724
2.1.20161227191302	2937
2.2.20170216125639	3031
2.5.20170328195758	3461
2.6.20170806163416	3550
2.6.20170927145003	3281
2.6.20171116190026	2846
2.6.20171201034858	3312
2.7.20180611133406	4478
2.7.20180809223002	307
