version	total
1.7	3209
1.7.20160316203940	4235
1.14.20160708181155	4818
1.18.20160907135919	2758
1.18.20160930145650	2374
1.18.20161005190847	2565
1.20.20161122192122	2553
2.1.20161221160224	2384
2.1.20161227191302	2583
2.2.20170216125639	2669
2.5.20170328195758	3104
2.6.20170806163416	3172
2.6.20170927145003	2931
2.6.20171116190026	2508
2.6.20171201034858	2912
2.7.20180611133406	4054
2.7.20180809223002	142
