version	total
1.7	3454
1.7.20160316203940	4474
1.14.20160708181155	5243
1.18.20160907135919	2990
1.18.20160930145650	2593
1.18.20161005190847	2787
1.20.20161122192122	2772
2.1.20161221160224	2602
2.1.20161227191302	2806
2.2.20170216125639	2892
2.5.20170328195758	3324
2.6.20170806163416	3407
2.6.20170927145003	3150
2.6.20171116190026	2725
2.6.20171201034858	3158
2.7.20180611133406	4312
2.7.20180809223002	261
