version	total
1.7	3358
1.7.20160316203940	4379
1.14.20160708181155	5081
1.18.20160907135919	2899
1.18.20160930145650	2509
1.18.20161005190847	2701
1.20.20161122192122	2688
2.1.20161221160224	2519
2.1.20161227191302	2721
2.2.20170216125639	2808
2.5.20170328195758	3240
2.6.20170806163416	3315
2.6.20170927145003	3066
2.6.20171116190026	2642
2.6.20171201034858	3057
2.7.20180611133406	4213
2.7.20180809223002	215
