version	total
1.7	5630
1.7.20160316203940	6444
1.14.20160708181155	8910
1.18.20160907135919	5033
1.18.20160930145650	4553
1.18.20161005190847	4708
1.20.20161122192122	4648
2.1.20161221160224	4370
2.1.20161227191302	4693
2.2.20170216125639	4843
2.5.20170328195758	5203
2.6.20170806163416	5450
2.6.20170927145003	5049
2.6.20171116190026	4398
2.6.20171201034858	5317
2.7.20180611133406	6781
2.7.20180809223002	2019
