version	total
1.7	6127
1.7.20160316203940	6685
1.14.20160708181155	9757
1.18.20160907135919	5496
1.18.20160930145650	4996
1.18.20161005190847	5140
1.20.20161122192122	5073
2.1.20161221160224	4579
2.1.20161227191302	5122
2.2.20170216125639	5279
2.5.20170328195758	5614
2.6.20170806163416	5908
2.6.20170927145003	5482
2.6.20171116190026	4569
2.6.20171201034858	5801
2.7.20180611133406	7405
2.7.20180809223002	2441
