version	total
1.7	5854
1.7.20160316203940	6559
1.14.20160708181155	9314
1.18.20160907135919	5250
1.18.20160930145650	4766
1.18.20161005190847	4912
1.20.20161122192122	4852
2.1.20161221160224	4473
2.1.20161227191302	4896
2.2.20170216125639	5051
2.5.20170328195758	5403
2.6.20170806163416	5663
2.6.20170927145003	5255
2.6.20171116190026	4491
2.6.20171201034858	5543
2.7.20180611133406	7067
2.7.20180809223002	2220
