version	total
1.7	4950
1.7.20160316203940	5889
1.14.20160708181155	7674
1.18.20160907135919	4377
1.18.20160930145650	3904
1.18.20161005190847	4079
1.20.20161122192122	4027
2.1.20161221160224	3813
2.1.20161227191302	4063
2.2.20170216125639	4198
2.5.20170328195758	4585
2.6.20170806163416	4798
2.6.20170927145003	4416
2.6.20171116190026	3937
2.6.20171201034858	4629
2.7.20180611133406	5959
2.7.20180809223002	1395
