version	total
1.7	5713
1.7.20160316203940	6489
1.14.20160708181155	9065
1.18.20160907135919	5115
1.18.20160930145650	4632
1.18.20161005190847	4785
1.20.20161122192122	4725
2.1.20161221160224	4412
2.1.20161227191302	4769
2.2.20170216125639	4922
2.5.20170328195758	5277
2.6.20170806163416	5529
2.6.20170927145003	5127
2.6.20171116190026	4436
2.6.20171201034858	5401
2.7.20180611133406	6893
2.7.20180809223002	2095
