version	total
1.7	4461
1.7.20160316203940	5405
1.14.20160708181155	6882
1.18.20160907135919	3924
1.18.20160930145650	3484
1.18.20161005190847	3670
1.20.20161122192122	3621
2.1.20161221160224	3407
2.1.20161227191302	3657
2.2.20170216125639	3780
2.5.20170328195758	4175
2.6.20170806163416	4352
2.6.20170927145003	4001
2.6.20171116190026	3532
2.6.20171201034858	4134
2.7.20180611133406	5402
2.7.20180809223002	990
