version	total
1.7	3577
1.7.20160316203940	4589
1.14.20160708181155	5453
1.18.20160907135919	3105
1.18.20160930145650	2707
1.18.20161005190847	2899
1.20.20161122192122	2885
2.1.20161221160224	2709
2.1.20161227191302	2911
2.2.20170216125639	3005
2.5.20170328195758	3438
2.6.20170806163416	3523
2.6.20170927145003	3256
2.6.20171116190026	2831
2.6.20171201034858	3285
2.7.20180611133406	4449
2.7.20180809223002	293
