version	total
1.7	3467
1.7.20160316203940	4486
1.14.20160708181155	5269
1.18.20160907135919	3003
1.18.20160930145650	2608
1.18.20161005190847	2800
1.20.20161122192122	2785
2.1.20161221160224	2614
2.1.20161227191302	2818
2.2.20170216125639	2905
2.5.20170328195758	3337
2.6.20170806163416	3420
2.6.20170927145003	3162
2.6.20171116190026	2736
2.6.20171201034858	3173
2.7.20180611133406	4329
2.7.20180809223002	270
