version	total
1.7	4121
1.7.20160316203940	5068
1.14.20160708181155	6350
1.18.20160907135919	3614
1.18.20160930145650	3203
1.18.20161005190847	3390
1.20.20161122192122	3341
2.1.20161221160224	3128
2.1.20161227191302	3376
2.2.20170216125639	3499
2.5.20170328195758	3893
2.6.20170806163416	4041
2.6.20170927145003	3720
2.6.20171116190026	3253
2.6.20171201034858	3799
2.7.20180611133406	5007
2.7.20180809223002	715
