version	total
1.7	4854
1.7.20160316203940	5794
1.14.20160708181155	7532
1.18.20160907135919	4291
1.18.20160930145650	3828
1.18.20161005190847	4004
1.20.20161122192122	3952
2.1.20161221160224	3738
2.1.20161227191302	3988
2.2.20170216125639	4122
2.5.20170328195758	4510
2.6.20170806163416	4713
2.6.20170927145003	4340
2.6.20171116190026	3862
2.6.20171201034858	4533
2.7.20180611133406	5848
2.7.20180809223002	1323
