version	total
1.7	3187
1.7.20160316203940	4212
1.14.20160708181155	4774
1.18.20160907135919	2736
1.18.20160930145650	2351
1.18.20161005190847	2543
1.20.20161122192122	2531
2.1.20161221160224	2361
2.1.20161227191302	2560
2.2.20170216125639	2647
2.5.20170328195758	3082
2.6.20170806163416	3150
2.6.20170927145003	2909
2.6.20171116190026	2486
2.6.20171201034858	2890
2.7.20180611133406	4030
2.7.20180809223002	142
