version	total
1.7	3862
1.7.20160316203940	4816
1.14.20160708181155	5935
1.18.20160907135919	3374
1.18.20160930145650	2977
1.18.20161005190847	3166
1.20.20161122192122	3126
2.1.20161221160224	2913
2.1.20161227191302	3159
2.2.20170216125639	3274
2.5.20170328195758	3680
2.6.20170806163416	3801
2.6.20170927145003	3501
2.6.20171116190026	3037
2.6.20171201034858	3547
2.7.20180611133406	4732
2.7.20180809223002	501
