version	total
1.7	4334
1.7.20160316203940	5280
1.14.20160708181155	6688
1.18.20160907135919	3809
1.18.20160930145650	3381
1.18.20161005190847	3567
1.20.20161122192122	3520
2.1.20161221160224	3306
2.1.20161227191302	3554
2.2.20170216125639	3677
2.5.20170328195758	4074
2.6.20170806163416	4237
2.6.20170927145003	3898
2.6.20171116190026	3431
2.6.20171201034858	4009
2.7.20180611133406	5260
2.7.20180809223002	894
