version	total
1.7	3270
1.7.20160316203940	4294
1.14.20160708181155	4933
1.18.20160907135919	2818
1.18.20160930145650	2433
1.18.20161005190847	2624
1.20.20161122192122	2612
2.1.20161221160224	2442
2.1.20161227191302	2641
2.2.20170216125639	2728
2.5.20170328195758	3163
2.6.20170806163416	3233
2.6.20170927145003	2989
2.6.20171116190026	2566
2.6.20171201034858	2973
2.7.20180611133406	4123
2.7.20180809223002	172
