version	total
1.7	4490
1.7.20160316203940	5434
1.14.20160708181155	6935
1.18.20160907135919	3952
1.18.20160930145650	3511
1.18.20161005190847	3697
1.20.20161122192122	3648
2.1.20161221160224	3434
2.1.20161227191302	3684
2.2.20170216125639	3807
2.5.20170328195758	4202
2.6.20170806163416	4380
2.6.20170927145003	4028
2.6.20171116190026	3559
2.6.20171201034858	4163
2.7.20180611133406	5432
2.7.20180809223002	1018
