version	total
1.7	5995
1.7.20160316203940	6621
1.14.20160708181155	9537
1.18.20160907135919	5372
1.18.20160930145650	4884
1.18.20161005190847	5025
1.20.20161122192122	4962
2.1.20161221160224	4530
2.1.20161227191302	5009
2.2.20170216125639	5165
2.5.20170328195758	5512
2.6.20170806163416	5783
2.6.20170927145003	5369
2.6.20171116190026	4530
2.6.20171201034858	5674
2.7.20180611133406	7231
2.7.20180809223002	2333
