version	total
1.7	4419
1.7.20160316203940	5363
1.14.20160708181155	6803
1.18.20160907135919	3883
1.18.20160930145650	3444
1.18.20161005190847	3630
1.20.20161122192122	3581
2.1.20161221160224	3367
2.1.20161227191302	3617
2.2.20170216125639	3740
2.5.20170328195758	4135
2.6.20170806163416	4311
2.6.20170927145003	3961
2.6.20171116190026	3492
2.6.20171201034858	4092
2.7.20180611133406	5350
2.7.20180809223002	950
