version	total
1.7	6101
1.7.20160316203940	6672
1.14.20160708181155	9718
1.18.20160907135919	5470
1.18.20160930145650	4975
1.18.20161005190847	5118
1.20.20161122192122	5053
2.1.20161221160224	4571
2.1.20161227191302	5102
2.2.20170216125639	5259
2.5.20170328195758	5596
2.6.20170806163416	5886
2.6.20170927145003	5462
2.6.20171116190026	4562
2.6.20171201034858	5777
2.7.20180611133406	7375
2.7.20180809223002	2422
