version	total
1.7	4989
1.7.20160316203940	5927
1.14.20160708181155	7737
1.18.20160907135919	4413
1.18.20160930145650	3937
1.18.20161005190847	4111
1.20.20161122192122	4060
2.1.20161221160224	3845
2.1.20161227191302	4096
2.2.20170216125639	4231
2.5.20170328195758	4618
2.6.20170806163416	4833
2.6.20170927145003	4449
2.6.20171116190026	3969
2.6.20171201034858	4668
2.7.20180611133406	6001
2.7.20180809223002	1428
