version	total
1.7	5928
1.7.20160316203940	6586
1.14.20160708181155	9439
1.18.20160907135919	5315
1.18.20160930145650	4828
1.18.20161005190847	4976
1.20.20161122192122	4912
2.1.20161221160224	4503
2.1.20161227191302	4958
2.2.20170216125639	5114
2.5.20170328195758	5465
2.6.20170806163416	5728
2.6.20170927145003	5318
2.6.20171116190026	4513
2.6.20171201034858	5610
2.7.20180611133406	7150
2.7.20180809223002	2284
