version	total
1.7	6261
1.7.20160316203940	6744
1.14.20160708181155	9947
1.18.20160907135919	5625
1.18.20160930145650	5102
1.18.20161005190847	5245
1.20.20161122192122	5165
2.1.20161221160224	4614
2.1.20161227191302	5220
2.2.20170216125639	5384
2.5.20170328195758	5683
2.6.20170806163416	6029
2.6.20170927145003	5583
2.6.20171116190026	4589
2.6.20171201034858	5935
2.7.20180611133406	7583
2.7.20180809223002	2542
