version	total
1.7	4653
1.7.20160316203940	5594
1.14.20160708181155	7214
1.18.20160907135919	4107
1.18.20160930145650	3656
1.18.20161005190847	3837
1.20.20161122192122	3787
2.1.20161221160224	3573
2.1.20161227191302	3823
2.2.20170216125639	3952
2.5.20170328195758	4344
2.6.20170806163416	4531
2.6.20170927145003	4173
2.6.20171116190026	3698
2.6.20171201034858	4330
2.7.20180611133406	5618
2.7.20180809223002	1159
