version	total
1.7	6286
1.7.20160316203940	6763
1.14.20160708181155	9973
1.18.20160907135919	5647
1.18.20160930145650	5118
1.18.20161005190847	5259
1.20.20161122192122	5175
2.1.20161221160224	4620
2.1.20161227191302	5231
2.2.20170216125639	5400
2.5.20170328195758	5691
2.6.20170806163416	6047
2.6.20170927145003	5598
2.6.20171116190026	4594
2.6.20171201034858	5960
2.7.20180611133406	7618
2.7.20180809223002	2555
