version	total
1.7	3710
1.7.20160316203940	4681
1.14.20160708181155	5693
1.18.20160907135919	3229
1.18.20160930145650	2835
1.18.20161005190847	3026
1.20.20161122192122	3003
2.1.20161221160224	2794
2.1.20161227191302	3033
2.2.20170216125639	3134
2.5.20170328195758	3558
2.6.20170806163416	3654
2.6.20170927145003	3376
2.6.20171116190026	2917
2.6.20171201034858	3411
2.7.20180611133406	4581
2.7.20180809223002	380
