version	total
1.7	6273
1.7.20160316203940	6757
1.14.20160708181155	9950
1.18.20160907135919	5631
1.18.20160930145650	5105
1.18.20161005190847	5248
1.20.20161122192122	5168
2.1.20161221160224	4617
2.1.20161227191302	5223
2.2.20170216125639	5388
2.5.20170328195758	5686
2.6.20170806163416	6035
2.6.20170927145003	5586
2.6.20171116190026	4592
2.6.20171201034858	5945
2.7.20180611133406	7595
2.7.20180809223002	2544
