version	total
1.7	5561
1.7.20160316203940	6410
1.14.20160708181155	8777
1.18.20160907135919	4965
1.18.20160930145650	4484
1.18.20161005190847	4641
1.20.20161122192122	4582
2.1.20161221160224	4335
2.1.20161227191302	4627
2.2.20170216125639	4776
2.5.20170328195758	5137
2.6.20170806163416	5382
2.6.20170927145003	4982
2.6.20171116190026	4369
2.6.20171201034858	5246
2.7.20180611133406	6698
2.7.20180809223002	1951
