version	total
1.7	5064
1.7.20160316203940	5994
1.14.20160708181155	7874
1.18.20160907135919	4485
1.18.20160930145650	4010
1.18.20161005190847	4179
1.20.20161122192122	4122
2.1.20161221160224	3906
2.1.20161227191302	4161
2.2.20170216125639	4306
2.5.20170328195758	4680
2.6.20170806163416	4903
2.6.20170927145003	4519
2.6.20171116190026	4023
2.6.20171201034858	4746
2.7.20180611133406	6098
2.7.20180809223002	1498
