version	total
1.7	4415
1.7.20160316203940	5359
1.14.20160708181155	6795
1.18.20160907135919	3879
1.18.20160930145650	3440
1.18.20161005190847	3626
1.20.20161122192122	3577
2.1.20161221160224	3363
2.1.20161227191302	3613
2.2.20170216125639	3736
2.5.20170328195758	4131
2.6.20170806163416	4307
2.6.20170927145003	3957
2.6.20171116190026	3488
2.6.20171201034858	4088
2.7.20180611133406	5345
2.7.20180809223002	946
