version	total
1.7	3389
1.7.20160316203940	4405
1.14.20160708181155	5127
1.18.20160907135919	2926
1.18.20160930145650	2533
1.18.20161005190847	2725
1.20.20161122192122	2711
2.1.20161221160224	2543
2.1.20161227191302	2746
2.2.20170216125639	2832
2.5.20170328195758	3264
2.6.20170806163416	3343
2.6.20170927145003	3090
2.6.20171116190026	2665
2.6.20171201034858	3088
2.7.20180611133406	4241
2.7.20180809223002	229
