version	total
1.7	4571
1.7.20160316203940	5511
1.14.20160708181155	7083
1.18.20160907135919	4030
1.18.20160930145650	3587
1.18.20161005190847	3771
1.20.20161122192122	3721
2.1.20161221160224	3507
2.1.20161227191302	3757
2.2.20170216125639	3883
2.5.20170328195758	4276
2.6.20170806163416	4456
2.6.20170927145003	4103
2.6.20171116190026	3632
2.6.20171201034858	4244
2.7.20180611133406	5525
2.7.20180809223002	1095
