version	total
1.7	4573
1.7.20160316203940	5513
1.14.20160708181155	7087
1.18.20160907135919	4032
1.18.20160930145650	3589
1.18.20161005190847	3773
1.20.20161122192122	3723
2.1.20161221160224	3509
2.1.20161227191302	3759
2.2.20170216125639	3885
2.5.20170328195758	4278
2.6.20170806163416	4458
2.6.20170927145003	4105
2.6.20171116190026	3634
2.6.20171201034858	4246
2.7.20180611133406	5527
2.7.20180809223002	1097
