version	total
1.7	3745
1.7.20160316203940	4714
1.14.20160708181155	5757
1.18.20160907135919	3263
1.18.20160930145650	2868
1.18.20161005190847	3058
1.20.20161122192122	3036
2.1.20161221160224	2824
2.1.20161227191302	3066
2.2.20170216125639	3167
2.5.20170328195758	3589
2.6.20170806163416	3687
2.6.20170927145003	3409
2.6.20171116190026	2947
2.6.20171201034858	3443
2.7.20180611133406	4617
2.7.20180809223002	410
