version	total
1.7	3569
1.7.20160316203940	4581
1.14.20160708181155	5437
1.18.20160907135919	3097
1.18.20160930145650	2699
1.18.20161005190847	2891
1.20.20161122192122	2877
2.1.20161221160224	2701
2.1.20161227191302	2903
2.2.20170216125639	2997
2.5.20170328195758	3429
2.6.20170806163416	3515
2.6.20170927145003	3248
2.6.20171116190026	2823
2.6.20171201034858	3277
2.7.20180611133406	4440
2.7.20180809223002	293
