version	total
1.7	4892
1.7.20160316203940	5831
1.14.20160708181155	7584
1.18.20160907135919	4323
1.18.20160930145650	3856
1.18.20161005190847	4032
1.20.20161122192122	3981
2.1.20161221160224	3767
2.1.20161227191302	4017
2.2.20170216125639	4150
2.5.20170328195758	4539
2.6.20170806163416	4745
2.6.20170927145003	4368
2.6.20171116190026	3891
2.6.20171201034858	4569
2.7.20180611133406	5892
2.7.20180809223002	1349
