version	total
1.7	5287
1.7.20160316203940	6207
1.14.20160708181155	8263
1.18.20160907135919	4692
1.18.20160930145650	4219
1.18.20161005190847	4380
1.20.20161122192122	4327
2.1.20161221160224	4105
2.1.20161227191302	4367
2.2.20170216125639	4512
2.5.20170328195758	4882
2.6.20170806163416	5112
2.6.20170927145003	4721
2.6.20171116190026	4220
2.6.20171201034858	4966
2.7.20180611133406	6365
2.7.20180809223002	1690
