version	total
1.7	3686
1.7.20160316203940	4657
1.14.20160708181155	5649
1.18.20160907135919	3207
1.18.20160930145650	2809
1.18.20161005190847	3001
1.20.20161122192122	2981
2.1.20161221160224	2770
2.1.20161227191302	3011
2.2.20170216125639	3108
2.5.20170328195758	3534
2.6.20170806163416	3628
2.6.20170927145003	3354
2.6.20171116190026	2893
2.6.20171201034858	3387
2.7.20180611133406	4558
2.7.20180809223002	355
