version	total
1.7	5305
1.7.20160316203940	6225
1.14.20160708181155	8295
1.18.20160907135919	4710
1.18.20160930145650	4236
1.18.20161005190847	4396
1.20.20161122192122	4343
2.1.20161221160224	4122
2.1.20161227191302	4383
2.2.20170216125639	4529
2.5.20170328195758	4898
2.6.20170806163416	5129
2.6.20170927145003	4738
2.6.20171116190026	4237
2.6.20171201034858	4985
2.7.20180611133406	6383
2.7.20180809223002	1707
