version	total
1.7	6078
1.7.20160316203940	6659
1.14.20160708181155	9679
1.18.20160907135919	5447
1.18.20160930145650	4956
1.18.20161005190847	5098
1.20.20161122192122	5032
2.1.20161221160224	4562
2.1.20161227191302	5081
2.2.20170216125639	5239
2.5.20170328195758	5578
2.6.20170806163416	5864
2.6.20170927145003	5442
2.6.20171116190026	4556
2.6.20171201034858	5756
2.7.20180611133406	7348
2.7.20180809223002	2403
