version	total
1.7	5030
1.7.20160316203940	5966
1.14.20160708181155	7816
1.18.20160907135919	4455
1.18.20160930145650	3981
1.18.20161005190847	4149
1.20.20161122192122	4095
2.1.20161221160224	3879
2.1.20161227191302	4131
2.2.20170216125639	4275
2.5.20170328195758	4653
2.6.20170806163416	4873
2.6.20170927145003	4489
2.6.20171116190026	4002
2.6.20171201034858	4714
2.7.20180611133406	6063
2.7.20180809223002	1465
