version	total
1.7	4891
1.7.20160316203940	5829
1.14.20160708181155	7580
1.18.20160907135919	4321
1.18.20160930145650	3854
1.18.20161005190847	4031
1.20.20161122192122	3980
2.1.20161221160224	3765
2.1.20161227191302	4016
2.2.20170216125639	4148
2.5.20170328195758	4538
2.6.20170806163416	4744
2.6.20170927145003	4366
2.6.20171116190026	3889
2.6.20171201034858	4567
2.7.20180611133406	5889
2.7.20180809223002	1347
