version	total
1.7	5833
1.7.20160316203940	6548
1.14.20160708181155	9277
1.18.20160907135919	5230
1.18.20160930145650	4747
1.18.20161005190847	4893
1.20.20161122192122	4833
2.1.20161221160224	4464
2.1.20161227191302	4877
2.2.20170216125639	5032
2.5.20170328195758	5384
2.6.20170806163416	5643
2.6.20170927145003	5236
2.6.20171116190026	4483
2.6.20171201034858	5522
2.7.20180611133406	7042
2.7.20180809223002	2202
