version	total
1.7	5061
1.7.20160316203940	5991
1.14.20160708181155	7870
1.18.20160907135919	4483
1.18.20160930145650	4008
1.18.20161005190847	4176
1.20.20161122192122	4120
2.1.20161221160224	3903
2.1.20161227191302	4158
2.2.20170216125639	4302
2.5.20170328195758	4678
2.6.20170806163416	4901
2.6.20170927145003	4516
2.6.20171116190026	4022
2.6.20171201034858	4743
2.7.20180611133406	6096
2.7.20180809223002	1495
