version	total
1.7	6198
1.7.20160316203940	6714
1.14.20160708181155	9861
1.18.20160907135919	5566
1.18.20160930145650	5051
1.18.20161005190847	5194
1.20.20161122192122	5122
2.1.20161221160224	4600
2.1.20161227191302	5173
2.2.20170216125639	5334
2.5.20170328195758	5652
2.6.20170806163416	5972
2.6.20170927145003	5535
2.6.20171116190026	4574
2.6.20171201034858	5869
2.7.20180611133406	7488
2.7.20180809223002	2495
