version	total
1.7	5486
1.7.20160316203940	6368
1.14.20160708181155	8639
1.18.20160907135919	4892
1.18.20160930145650	4413
1.18.20161005190847	4570
1.20.20161122192122	4516
2.1.20161221160224	4281
2.1.20161227191302	4556
2.2.20170216125639	4705
2.5.20170328195758	5071
2.6.20170806163416	5309
2.6.20170927145003	4913
2.6.20171116190026	4336
2.6.20171201034858	5174
2.7.20180611133406	6609
2.7.20180809223002	1880
