version	total
1.7	5540
1.7.20160316203940	6398
1.14.20160708181155	8740
1.18.20160907135919	4945
1.18.20160930145650	4465
1.18.20161005190847	4622
1.20.20161122192122	4565
2.1.20161221160224	4323
2.1.20161227191302	4608
2.2.20170216125639	4757
2.5.20170328195758	5120
2.6.20170806163416	5362
2.6.20170927145003	4963
2.6.20171116190026	4360
2.6.20171201034858	5225
2.7.20180611133406	6673
2.7.20180809223002	1932
