version	total
1.7	3681
1.7.20160316203940	4655
1.14.20160708181155	5641
1.18.20160907135919	3203
1.18.20160930145650	2805
1.18.20161005190847	2997
1.20.20161122192122	2977
2.1.20161221160224	2768
2.1.20161227191302	3007
2.2.20170216125639	3104
2.5.20170328195758	3532
2.6.20170806163416	3624
2.6.20170927145003	3350
2.6.20171116190026	2891
2.6.20171201034858	3385
2.7.20180611133406	4554
2.7.20180809223002	353
