version	total
1.7	3911
1.7.20160316203940	4863
1.14.20160708181155	6011
1.18.20160907135919	3420
1.18.20160930145650	3018
1.18.20161005190847	3208
1.20.20161122192122	3167
2.1.20161221160224	2951
2.1.20161227191302	3200
2.2.20170216125639	3316
2.5.20170328195758	3719
2.6.20170806163416	3847
2.6.20170927145003	3543
2.6.20171116190026	3076
2.6.20171201034858	3597
2.7.20180611133406	4781
2.7.20180809223002	538
