version	total
1.7	5614
1.7.20160316203940	6436
1.14.20160708181155	8882
1.18.20160907135919	5019
1.18.20160930145650	4537
1.18.20161005190847	4692
1.20.20161122192122	4632
2.1.20161221160224	4362
2.1.20161227191302	4677
2.2.20170216125639	4829
2.5.20170328195758	5187
2.6.20170806163416	5434
2.6.20170927145003	5035
2.6.20171116190026	4391
2.6.20171201034858	5301
2.7.20180611133406	6762
2.7.20180809223002	2002
