version	total
1.7	6001
1.7.20160316203940	6624
1.14.20160708181155	9549
1.18.20160907135919	5378
1.18.20160930145650	4890
1.18.20161005190847	5031
1.20.20161122192122	4968
2.1.20161221160224	4533
2.1.20161227191302	5015
2.2.20170216125639	5171
2.5.20170328195758	5518
2.6.20170806163416	5789
2.6.20170927145003	5375
2.6.20171116190026	4532
2.6.20171201034858	5680
2.7.20180611133406	7237
2.7.20180809223002	2340
