version	total
1.7	6303
1.7.20160316203940	6766
1.14.20160708181155	10002
1.18.20160907135919	5663
1.18.20160930145650	5133
1.18.20161005190847	5274
1.20.20161122192122	5189
2.1.20161221160224	4625
2.1.20161227191302	5246
2.2.20170216125639	5415
2.5.20170328195758	5703
2.6.20170806163416	6063
2.6.20170927145003	5613
2.6.20171116190026	4595
2.6.20171201034858	5978
2.7.20180611133406	7641
2.7.20180809223002	2570
