version	total
1.7	4496
1.7.20160316203940	5441
1.14.20160708181155	6949
1.18.20160907135919	3959
1.18.20160930145650	3519
1.18.20161005190847	3703
1.20.20161122192122	3655
2.1.20161221160224	3441
2.1.20161227191302	3689
2.2.20170216125639	3815
2.5.20170328195758	4209
2.6.20170806163416	4386
2.6.20170927145003	4035
2.6.20171116190026	3566
2.6.20171201034858	4172
2.7.20180611133406	5441
2.7.20180809223002	1027
