version	total
1.7	5858
1.7.20160316203940	6559
1.14.20160708181155	9322
1.18.20160907135919	5254
1.18.20160930145650	4770
1.18.20161005190847	4916
1.20.20161122192122	4856
2.1.20161221160224	4475
2.1.20161227191302	4900
2.2.20170216125639	5055
2.5.20170328195758	5407
2.6.20170806163416	5667
2.6.20170927145003	5259
2.6.20171116190026	4491
2.6.20171201034858	5547
2.7.20180611133406	7074
2.7.20180809223002	2226
