version	total
1.7	6229
1.7.20160316203940	6725
1.14.20160708181155	9907
1.18.20160907135919	5593
1.18.20160930145650	5076
1.18.20161005190847	5219
1.20.20161122192122	5144
2.1.20161221160224	4604
2.1.20161227191302	5197
2.2.20170216125639	5359
2.5.20170328195758	5666
2.6.20170806163416	5998
2.6.20170927145003	5560
2.6.20171116190026	4582
2.6.20171201034858	5899
2.7.20180611133406	7533
2.7.20180809223002	2519
