version	total
1.7	4897
1.7.20160316203940	5836
1.14.20160708181155	7596
1.18.20160907135919	4329
1.18.20160930145650	3862
1.18.20161005190847	4037
1.20.20161122192122	3986
2.1.20161221160224	3772
2.1.20161227191302	4022
2.2.20170216125639	4156
2.5.20170328195758	4544
2.6.20170806163416	4750
2.6.20170927145003	4374
2.6.20171116190026	3896
2.6.20171201034858	4575
2.7.20180611133406	5900
2.7.20180809223002	1356
