version	total
1.7	4915
1.7.20160316203940	5854
1.14.20160708181155	7619
1.18.20160907135919	4345
1.18.20160930145650	3875
1.18.20161005190847	4049
1.20.20161122192122	3998
2.1.20161221160224	3784
2.1.20161227191302	4034
2.2.20170216125639	4169
2.5.20170328195758	4556
2.6.20170806163416	4765
2.6.20170927145003	4387
2.6.20171116190026	3908
2.6.20171201034858	4594
2.7.20180611133406	5920
2.7.20180809223002	1366
