version	total
1.7	3300
1.7.20160316203940	4324
1.14.20160708181155	4982
1.18.20160907135919	2846
1.18.20160930145650	2459
1.18.20161005190847	2650
1.20.20161122192122	2638
2.1.20161221160224	2468
2.1.20161227191302	2667
2.2.20170216125639	2754
2.5.20170328195758	3189
2.6.20170806163416	3261
2.6.20170927145003	3015
2.6.20171116190026	2592
2.6.20171201034858	3003
2.7.20180611133406	4154
2.7.20180809223002	186
