version	total
1.7	3547
1.7.20160316203940	4561
1.14.20160708181155	5401
1.18.20160907135919	3075
1.18.20160930145650	2678
1.18.20161005190847	2869
1.20.20161122192122	2856
2.1.20161221160224	2682
2.1.20161227191302	2885
2.2.20170216125639	2975
2.5.20170328195758	3406
2.6.20170806163416	3493
2.6.20170927145003	3230
2.6.20171116190026	2805
2.6.20171201034858	3253
2.7.20180611133406	4412
2.7.20180809223002	291
