version	total
1.7	3864
1.7.20160316203940	4816
1.14.20160708181155	5939
1.18.20160907135919	3376
1.18.20160930145650	2979
1.18.20161005190847	3168
1.20.20161122192122	3127
2.1.20161221160224	2913
2.1.20161227191302	3161
2.2.20170216125639	3276
2.5.20170328195758	3680
2.6.20170806163416	3803
2.6.20170927145003	3503
2.6.20171116190026	3037
2.6.20171201034858	3547
2.7.20180611133406	4733
2.7.20180809223002	501
