version	total
1.7	5293
1.7.20160316203940	6213
1.14.20160708181155	8275
1.18.20160907135919	4698
1.18.20160930145650	4225
1.18.20161005190847	4385
1.20.20161122192122	4333
2.1.20161221160224	4111
2.1.20161227191302	4373
2.2.20170216125639	4518
2.5.20170328195758	4888
2.6.20170806163416	5117
2.6.20170927145003	4727
2.6.20171116190026	4226
2.6.20171201034858	4972
2.7.20180611133406	6371
2.7.20180809223002	1696
