version	total
1.7	3401
1.7.20160316203940	4419
1.14.20160708181155	5148
1.18.20160907135919	2938
1.18.20160930145650	2545
1.18.20161005190847	2737
1.20.20161122192122	2723
2.1.20161221160224	2554
2.1.20161227191302	2758
2.2.20170216125639	2844
2.5.20170328195758	3275
2.6.20170806163416	3355
2.6.20170927145003	3101
2.6.20171116190026	2677
2.6.20171201034858	3103
2.7.20180611133406	4256
2.7.20180809223002	234
