version	total
1.7	3743
1.7.20160316203940	4714
1.14.20160708181155	5753
1.18.20160907135919	3261
1.18.20160930145650	2866
1.18.20161005190847	3056
1.20.20161122192122	3034
2.1.20161221160224	2824
2.1.20161227191302	3064
2.2.20170216125639	3165
2.5.20170328195758	3589
2.6.20170806163416	3685
2.6.20170927145003	3407
2.6.20171116190026	2947
2.6.20171201034858	3443
2.7.20180611133406	4614
2.7.20180809223002	410
