version	total
1.7	3420
1.7.20160316203940	4440
1.14.20160708181155	5185
1.18.20160907135919	2958
1.18.20160930145650	2563
1.18.20161005190847	2756
1.20.20161122192122	2742
2.1.20161221160224	2573
2.1.20161227191302	2776
2.2.20170216125639	2862
2.5.20170328195758	3294
2.6.20170806163416	3375
2.6.20170927145003	3120
2.6.20171116190026	2695
2.6.20171201034858	3124
2.7.20180611133406	4277
2.7.20180809223002	245
