version	total
1.7	3282
1.7.20160316203940	4306
1.14.20160708181155	4957
1.18.20160907135919	2830
1.18.20160930145650	2445
1.18.20161005190847	2636
1.20.20161122192122	2624
2.1.20161221160224	2454
2.1.20161227191302	2653
2.2.20170216125639	2740
2.5.20170328195758	3175
2.6.20170806163416	3245
2.6.20170927145003	3001
2.6.20171116190026	2578
2.6.20171201034858	2985
2.7.20180611133406	4135
2.7.20180809223002	178
