version	total
1.7	4992
1.7.20160316203940	5929
1.14.20160708181155	7741
1.18.20160907135919	4415
1.18.20160930145650	3939
1.18.20161005190847	4115
1.20.20161122192122	4062
2.1.20161221160224	3847
2.1.20161227191302	4098
2.2.20170216125639	4233
2.5.20170328195758	4620
2.6.20170806163416	4837
2.6.20170927145003	4451
2.6.20171116190026	3971
2.6.20171201034858	4670
2.7.20180611133406	6003
2.7.20180809223002	1430
