version	total
1.7	6097
1.7.20160316203940	6670
1.14.20160708181155	9710
1.18.20160907135919	5466
1.18.20160930145650	4971
1.18.20161005190847	5114
1.20.20161122192122	5049
2.1.20161221160224	4569
2.1.20161227191302	5098
2.2.20170216125639	5255
2.5.20170328195758	5592
2.6.20170806163416	5882
2.6.20170927145003	5458
2.6.20171116190026	4560
2.6.20171201034858	5773
2.7.20180611133406	7370
2.7.20180809223002	2418
