version	total
1.7	4817
1.7.20160316203940	5759
1.14.20160708181155	7467
1.18.20160907135919	4257
1.18.20160930145650	3793
1.18.20161005190847	3970
1.20.20161122192122	3919
2.1.20161221160224	3705
2.1.20161227191302	3955
2.2.20170216125639	4087
2.5.20170328195758	4477
2.6.20170806163416	4678
2.6.20170927145003	4307
2.6.20171116190026	3829
2.6.20171201034858	4498
2.7.20180611133406	5802
2.7.20180809223002	1290
