version	total
1.7	5654
1.7.20160316203940	6456
1.14.20160708181155	8962
1.18.20160907135919	5059
1.18.20160930145650	4579
1.18.20161005190847	4732
1.20.20161122192122	4672
2.1.20161221160224	4382
2.1.20161227191302	4717
2.2.20170216125639	4869
2.5.20170328195758	5227
2.6.20170806163416	5474
2.6.20170927145003	5075
2.6.20171116190026	4410
2.6.20171201034858	5342
2.7.20180611133406	6820
2.7.20180809223002	2043
