version	total
1.7	4714
1.7.20160316203940	5654
1.14.20160708181155	7310
1.18.20160907135919	4162
1.18.20160930145650	3707
1.18.20161005190847	3887
1.20.20161122192122	3838
2.1.20161221160224	3623
2.1.20161227191302	3874
2.2.20170216125639	4003
2.5.20170328195758	4394
2.6.20170806163416	4584
2.6.20170927145003	4223
2.6.20171116190026	3746
2.6.20171201034858	4390
2.7.20180611133406	5685
2.7.20180809223002	1210
