version	total
1.7	5670
1.7.20160316203940	6464
1.14.20160708181155	8994
1.18.20160907135919	5075
1.18.20160930145650	4595
1.18.20161005190847	4748
1.20.20161122192122	4688
2.1.20161221160224	4391
2.1.20161227191302	4733
2.2.20170216125639	4885
2.5.20170328195758	5241
2.6.20170806163416	5490
2.6.20170927145003	5091
2.6.20171116190026	4418
2.6.20171201034858	5358
2.7.20180611133406	6844
2.7.20180809223002	2059
